Paciente,Filtro,Lookback,Modelo,Experimento,n_train,n_test,formulacion,R2,MSE,RMSE,MAE,DTW,Latencia_ms,R2_train,t_fit_s
100,F_SIN,3,LinReg,B_latidos,1814,454,one-beat-ahead,0.0892,1.087856,1.043004,0.362332,11.9972,0.0287,0.8325,2.308
100,F_SIN,3,DT,B_latidos,1814,454,one-beat-ahead,0.4727,0.629879,0.793649,0.337667,10.956,0.0026,0.7886,8.729
100,F_SIN,3,RF,B_latidos,1814,454,one-beat-ahead,0.6229,0.450464,0.671166,0.292061,10.1634,0.0774,0.8328,7.38
100,F_SIN,3,SVR_rbf,B_latidos,1814,454,one-beat-ahead,0.8254,0.018524,0.136101,0.076615,2.6775,1.222,0.9728,1.296
100,F_SIN,3,MLP,B_latidos,1814,454,one-beat-ahead,0.6194,0.454571,0.674218,0.285461,9.4671,0.0107,0.7484,3.81
100,F_SIN,5,LinReg,B_latidos,1812,454,one-beat-ahead,-0.536,1.834854,1.354568,0.500122,15.1414,0.0533,0.9246,5.402
100,F_SIN,5,DT,B_latidos,1812,454,one-beat-ahead,0.4841,0.616254,0.785018,0.335815,11.2227,0.0041,0.8162,15.719
100,F_SIN,5,RF,B_latidos,1812,454,one-beat-ahead,0.6246,0.448472,0.66968,0.29463,10.354,0.0583,0.8447,6.397
100,F_SIN,5,SVR_rbf,B_latidos,1812,454,one-beat-ahead,0.6697,0.035048,0.18721,0.118921,3.5786,0.122,0.973,0.441
100,F_SIN,5,MLP,B_latidos,1812,454,one-beat-ahead,0.6232,0.450148,0.670931,0.313158,10.5721,0.0044,0.7697,1.935
100,F_SIN,10,LinReg,B_latidos,1808,453,one-beat-ahead,-1.2121,2.642116,1.625459,0.583011,24.725,0.044,1.0,7.108
100,F_SIN,10,DT,B_latidos,1808,453,one-beat-ahead,0.4451,0.662771,0.814107,0.360456,9.911,0.0054,0.8288,31.479
100,F_SIN,10,RF,B_latidos,1808,453,one-beat-ahead,0.6213,0.45231,0.67254,0.305778,11.3399,0.0587,0.8559,11.428
100,F_SIN,10,SVR_rbf,B_latidos,1808,453,one-beat-ahead,0.5463,0.048203,0.219551,0.152755,4.0208,0.1176,0.9795,0.376
100,F_SIN,10,MLP,B_latidos,1808,453,one-beat-ahead,0.5872,0.493017,0.702152,0.341921,10.8237,0.0042,0.7986,1.979
100,F_N,3,LinReg,B_latidos,1814,454,one-beat-ahead,0.0332,1.155027,1.074722,0.36253,11.9456,0.0266,0.8335,0.553
100,F_N,3,DT,B_latidos,1814,454,one-beat-ahead,0.5137,0.58093,0.762188,0.322577,9.7404,0.0023,0.7838,10.032
100,F_N,3,RF,B_latidos,1814,454,one-beat-ahead,0.6277,0.444729,0.66688,0.289107,10.6779,0.0544,0.8333,5.077
100,F_N,3,SVR_rbf,B_latidos,1814,454,one-beat-ahead,0.8397,0.016915,0.130059,0.068871,2.5679,1.5536,0.9794,1.306
100,F_N,3,MLP,B_latidos,1814,454,one-beat-ahead,0.6045,0.472478,0.687371,0.28734,10.3053,0.0108,0.76,8.298
100,F_N,5,LinReg,B_latidos,1812,454,one-beat-ahead,-0.7095,2.042484,1.429155,0.500022,15.7388,0.0505,0.9253,1.919
100,F_N,5,DT,B_latidos,1812,454,one-beat-ahead,0.4752,0.626981,0.791822,0.343691,10.7298,0.0035,0.8084,16.011
100,F_N,5,RF,B_latidos,1812,454,one-beat-ahead,0.6281,0.444289,0.66655,0.291223,10.2388,0.057,0.8468,8.871
100,F_N,5,SVR_rbf,B_latidos,1812,454,one-beat-ahead,0.6809,0.033676,0.183511,0.115482,3.5127,0.1115,0.9781,0.444
100,F_N,5,MLP,B_latidos,1812,454,one-beat-ahead,0.6232,0.450246,0.671004,0.31202,10.5709,0.0042,0.7708,1.779
100,F_N,10,LinReg,B_latidos,1808,453,one-beat-ahead,-0.958,2.339117,1.529417,0.576208,17.5833,0.1032,1.0,7.104
100,F_N,10,DT,B_latidos,1808,453,one-beat-ahead,0.4449,0.663144,0.814337,0.358345,10.9939,0.0061,0.8287,32.203
100,F_N,10,RF,B_latidos,1808,453,one-beat-ahead,0.6238,0.449405,0.670377,0.301829,11.0103,0.0718,0.8555,9.064
100,F_N,10,SVR_rbf,B_latidos,1808,453,one-beat-ahead,0.5499,0.047579,0.218127,0.151255,4.022,0.2235,0.9816,0.381
100,F_N,10,MLP,B_latidos,1808,453,one-beat-ahead,0.5884,0.491691,0.701207,0.340529,10.7199,0.0042,0.8005,6.5
100,F_PB,3,LinReg,B_latidos,1814,454,one-beat-ahead,-38278.0997,44723.495287,211.479302,8.404492,230.2586,0.0389,0.8447,0.525
100,F_PB,3,DT,B_latidos,1814,454,one-beat-ahead,0.5294,0.549815,0.741495,0.247655,9.6096,0.003,0.7936,9.262
100,F_PB,3,RF,B_latidos,1814,454,one-beat-ahead,0.6476,0.411727,0.64166,0.22685,9.9792,0.0564,0.8353,8.011
100,F_PB,3,SVR_rbf,B_latidos,1814,454,one-beat-ahead,0.6481,0.004496,0.067051,0.042329,1.2602,1.1284,0.8961,1.359
100,F_PB,3,MLP,B_latidos,1814,454,one-beat-ahead,0.6123,0.452958,0.673022,0.247421,10.1817,0.0212,0.7708,7.865
100,F_PB,5,LinReg,B_latidos,1812,454,one-beat-ahead,-148816.2016,173863.619602,416.969567,19.031715,1096.6743,0.0434,0.9355,1.761
100,F_PB,5,DT,B_latidos,1812,454,one-beat-ahead,0.5211,0.559522,0.748012,0.247745,10.4626,0.0034,0.8316,15.82
100,F_PB,5,RF,B_latidos,1812,454,one-beat-ahead,0.6568,0.400922,0.633184,0.226472,9.2174,0.1055,0.8602,6.543
100,F_PB,5,SVR_rbf,B_latidos,1812,454,one-beat-ahead,0.273,0.009287,0.09637,0.065337,1.6338,0.21,0.8777,0.69
100,F_PB,5,MLP,B_latidos,1812,454,one-beat-ahead,0.4532,0.638826,0.799266,0.262993,12.0973,0.0046,0.8973,12.804
100,F_PB,10,LinReg,B_latidos,1808,453,one-beat-ahead,-27.5027,33.296041,5.770272,1.554358,54.5849,0.0406,1.0,7.02
100,F_PB,10,DT,B_latidos,1808,453,one-beat-ahead,0.5087,0.573902,0.757563,0.253594,9.7029,0.0055,0.8615,31.276
100,F_PB,10,RF,B_latidos,1808,453,one-beat-ahead,0.6724,0.382642,0.618581,0.222105,10.0972,0.0565,0.8768,11.623
100,F_PB,10,SVR_rbf,B_latidos,1808,453,one-beat-ahead,0.0113,0.012205,0.110477,0.071908,1.7503,0.108,0.9259,0.428
100,F_PB,10,MLP,B_latidos,1808,453,one-beat-ahead,0.5657,0.507392,0.712315,0.256427,9.8718,0.0041,0.8996,5.237
100,F_MED,3,LinReg,B_latidos,1814,454,one-beat-ahead,0.6329,0.483829,0.695578,0.396497,11.9027,0.0253,0.9416,0.527
100,F_MED,3,DT,B_latidos,1814,454,one-beat-ahead,0.631,0.486324,0.69737,0.417356,11.2267,0.0028,0.9229,9.91
100,F_MED,3,RF,B_latidos,1814,454,one-beat-ahead,0.7008,0.394372,0.62799,0.357574,10.3892,0.0544,0.9453,4.743
100,F_MED,3,SVR_rbf,B_latidos,1814,454,one-beat-ahead,0.8429,0.109725,0.331248,0.112184,6.195,1.7486,0.9853,1.165
100,F_MED,3,MLP,B_latidos,1814,454,one-beat-ahead,0.6441,0.469116,0.68492,0.344343,13.8786,0.0107,0.9056,5.282
100,F_MED,5,LinReg,B_latidos,1812,454,one-beat-ahead,0.3807,0.816673,0.9037,0.54175,17.8818,0.0435,0.9719,1.861
100,F_MED,5,DT,B_latidos,1812,454,one-beat-ahead,0.6149,0.507798,0.712599,0.432376,11.6867,0.0034,0.9237,15.731
100,F_MED,5,RF,B_latidos,1812,454,one-beat-ahead,0.6873,0.412349,0.642144,0.37064,10.6396,0.0807,0.9454,8.753
100,F_MED,5,SVR_rbf,B_latidos,1812,454,one-beat-ahead,0.7266,0.191011,0.437048,0.177813,8.043,0.1259,0.9811,0.389
100,F_MED,5,MLP,B_latidos,1812,454,one-beat-ahead,0.5636,0.575494,0.758613,0.38458,12.0908,0.0043,0.9293,2.505
100,F_MED,10,LinReg,B_latidos,1808,453,one-beat-ahead,0.0912,1.197753,1.094419,0.632002,15.8589,0.0416,1.0,9.651
100,F_MED,10,DT,B_latidos,1808,453,one-beat-ahead,0.6151,0.507307,0.712255,0.439708,12.0815,0.0059,0.9246,31.489
100,F_MED,10,RF,B_latidos,1808,453,one-beat-ahead,0.6618,0.445814,0.667693,0.393782,10.8011,0.0605,0.9435,9.438
100,F_MED,10,SVR_rbf,B_latidos,1808,453,one-beat-ahead,0.653,0.242872,0.492821,0.251481,9.0295,0.243,0.9811,0.609
100,F_MED,10,MLP,B_latidos,1808,453,one-beat-ahead,0.5231,0.628583,0.792832,0.450845,11.1151,0.0051,0.914,4.13
100,F_N+PB,3,LinReg,B_latidos,1814,454,one-beat-ahead,-41189.3248,48121.06351,219.365137,7.801864,143.4015,0.0447,0.8434,0.496
100,F_N+PB,3,DT,B_latidos,1814,454,one-beat-ahead,0.5321,0.546672,0.739373,0.246559,9.673,0.0031,0.7909,9.712
100,F_N+PB,3,RF,B_latidos,1814,454,one-beat-ahead,0.6508,0.407986,0.638738,0.226664,9.494,0.0535,0.8366,6.192
100,F_N+PB,3,SVR_rbf,B_latidos,1814,454,one-beat-ahead,0.6472,0.004496,0.067054,0.042381,1.2603,1.0091,0.8962,1.164
100,F_N+PB,3,MLP,B_latidos,1814,454,one-beat-ahead,0.6364,0.424772,0.651746,0.244507,9.8139,0.0243,0.7433,5.089
100,F_N+PB,5,LinReg,B_latidos,1812,454,one-beat-ahead,-142448.9759,166411.726753,407.935935,19.521881,1384.9785,0.047,0.9354,2.412
100,F_N+PB,5,DT,B_latidos,1812,454,one-beat-ahead,0.5426,0.534283,0.730947,0.243776,10.5472,0.0034,0.8313,16.174
100,F_N+PB,5,RF,B_latidos,1812,454,one-beat-ahead,0.6597,0.397557,0.630521,0.224716,8.6319,0.0559,0.8585,6.562
100,F_N+PB,5,SVR_rbf,B_latidos,1812,454,one-beat-ahead,0.2739,0.009254,0.096199,0.065215,1.6304,0.2043,0.8779,0.5
100,F_N+PB,5,MLP,B_latidos,1812,454,one-beat-ahead,0.4984,0.58598,0.765493,0.255436,12.3759,0.0044,0.8975,12.376
100,F_N+PB,10,LinReg,B_latidos,1808,453,one-beat-ahead,-17.9377,22.120695,4.703264,1.418991,48.8649,0.0412,1.0,8.555
100,F_N+PB,10,DT,B_latidos,1808,453,one-beat-ahead,0.4978,0.586611,0.765906,0.255922,10.3102,0.0064,0.8578,31.294
100,F_N+PB,10,RF,B_latidos,1808,453,one-beat-ahead,0.6728,0.382169,0.618198,0.222381,9.5377,0.0828,0.8774,11.336
100,F_N+PB,10,SVR_rbf,B_latidos,1808,453,one-beat-ahead,0.0113,0.012178,0.110356,0.071874,1.7479,0.1083,0.9259,0.48
100,F_N+PB,10,MLP,B_latidos,1808,453,one-beat-ahead,0.6044,0.462112,0.679788,0.248559,10.8603,0.0045,0.8808,3.732
100,F_N+MED,3,LinReg,B_latidos,1814,454,one-beat-ahead,0.4054,0.782704,0.884706,0.429393,14.6093,0.0435,0.9439,0.521
100,F_N+MED,3,DT,B_latidos,1814,454,one-beat-ahead,0.6347,0.480917,0.693482,0.419625,11.5332,0.0027,0.9205,9.911
100,F_N+MED,3,RF,B_latidos,1814,454,one-beat-ahead,0.6902,0.407836,0.638621,0.366137,10.3988,0.0557,0.9443,4.75
100,F_N+MED,3,SVR_rbf,B_latidos,1814,454,one-beat-ahead,0.8446,0.108109,0.3288,0.110121,6.0852,1.1148,0.9853,1.422
100,F_N+MED,3,MLP,B_latidos,1814,454,one-beat-ahead,0.6593,0.448529,0.669723,0.340371,12.9888,0.0108,0.9032,8.409
100,F_N+MED,5,LinReg,B_latidos,1812,454,one-beat-ahead,0.3342,0.876906,0.936433,0.538921,14.5627,0.0441,0.9732,2.34
100,F_N+MED,5,DT,B_latidos,1812,454,one-beat-ahead,0.6253,0.493544,0.702527,0.429284,11.8023,0.0041,0.9269,15.484
100,F_N+MED,5,RF,B_latidos,1812,454,one-beat-ahead,0.6842,0.415905,0.644907,0.372424,10.6502,0.0556,0.9447,8.491
100,F_N+MED,5,SVR_rbf,B_latidos,1812,454,one-beat-ahead,0.7312,0.187055,0.432499,0.176311,7.8958,0.1054,0.9808,0.378
100,F_N+MED,5,MLP,B_latidos,1812,454,one-beat-ahead,0.6194,0.50123,0.707976,0.379484,12.4881,0.0152,0.9312,2.356
100,F_N+MED,10,LinReg,B_latidos,1808,453,one-beat-ahead,-0.2402,1.632552,1.277714,0.698524,20.3678,0.114,1.0,7.113
100,F_N+MED,10,DT,B_latidos,1808,453,one-beat-ahead,0.6133,0.509028,0.713462,0.432686,11.6542,0.0068,0.929,31.277
100,F_N+MED,10,RF,B_latidos,1808,453,one-beat-ahead,0.6631,0.443509,0.665965,0.390596,10.8618,0.0604,0.9433,8.849
100,F_N+MED,10,SVR_rbf,B_latidos,1808,453,one-beat-ahead,0.6549,0.24054,0.490449,0.25269,8.9565,0.1117,0.9819,0.374
100,F_N+MED,10,MLP,B_latidos,1808,453,one-beat-ahead,0.5809,0.551739,0.742792,0.435477,10.5831,0.0115,0.9195,6.154
100,F_N+PB+MED,3,LinReg,B_latidos,1814,454,one-beat-ahead,0.5192,0.530728,0.728511,0.334076,14.2528,0.0236,0.9627,0.513
100,F_N+PB+MED,3,DT,B_latidos,1814,454,one-beat-ahead,0.6559,0.379862,0.616329,0.289438,7.9192,0.0026,0.9389,8.754
100,F_N+PB+MED,3,RF,B_latidos,1814,454,one-beat-ahead,0.6935,0.338317,0.58165,0.260396,7.7146,0.0544,0.9568,7.583
100,F_N+PB+MED,3,SVR_rbf,B_latidos,1814,454,one-beat-ahead,0.7796,0.025723,0.160385,0.063412,3.0324,1.0316,0.9508,1.353
100,F_N+PB+MED,3,MLP,B_latidos,1814,454,one-beat-ahead,0.4755,0.578888,0.760847,0.269943,12.8656,0.0111,0.9396,14.411
100,F_N+PB+MED,5,LinReg,B_latidos,1812,454,one-beat-ahead,0.2454,0.832677,0.912512,0.455968,18.0212,0.0483,0.9833,1.862
100,F_N+PB+MED,5,DT,B_latidos,1812,454,one-beat-ahead,0.6522,0.383737,0.619465,0.293631,8.351,0.0033,0.9397,16.346
100,F_N+PB+MED,5,RF,B_latidos,1812,454,one-beat-ahead,0.6932,0.338566,0.581864,0.259307,7.4587,0.0814,0.9584,9.517
100,F_N+PB+MED,5,SVR_rbf,B_latidos,1812,454,one-beat-ahead,0.4288,0.066659,0.258185,0.129951,4.6497,0.1262,0.9505,0.495
100,F_N+PB+MED,5,MLP,B_latidos,1812,454,one-beat-ahead,-0.0375,1.144807,1.069957,0.357165,15.3236,0.0045,0.9511,3.363
100,F_N+PB+MED,10,LinReg,B_latidos,1808,453,one-beat-ahead,-0.2827,1.414664,1.189397,0.597174,16.4204,0.041,1.0,9.374
100,F_N+PB+MED,10,DT,B_latidos,1808,453,one-beat-ahead,0.6517,0.38411,0.619766,0.293259,7.9496,0.0069,0.9414,33.417
100,F_N+PB+MED,10,RF,B_latidos,1808,453,one-beat-ahead,0.6917,0.340023,0.583115,0.260274,7.2074,0.0574,0.9574,14.248
100,F_N+PB+MED,10,SVR_rbf,B_latidos,1808,453,one-beat-ahead,0.374,0.070263,0.265071,0.154439,4.8487,0.1271,0.9437,0.406
100,F_N+PB+MED,10,MLP,B_latidos,1808,453,one-beat-ahead,0.1972,0.885437,0.940977,0.378321,11.0947,0.0042,0.9513,3.022
101,F_SIN,3,LinReg,B_latidos,1486,372,one-beat-ahead,0.2574,0.553435,0.743932,0.33245,9.9319,0.0506,0.8833,0.486
101,F_SIN,3,DT,B_latidos,1486,372,one-beat-ahead,0.5889,0.306374,0.553511,0.242179,12.8195,0.003,0.7999,8.704
101,F_SIN,3,RF,B_latidos,1486,372,one-beat-ahead,0.7042,0.22041,0.469479,0.217494,7.8779,0.0702,0.8274,4.379
101,F_SIN,3,SVR_rbf,B_latidos,1486,372,one-beat-ahead,0.9446,0.003563,0.059693,0.044202,1.1325,0.8662,0.7057,0.941
101,F_SIN,3,MLP,B_latidos,1486,372,one-beat-ahead,0.709,0.216887,0.465712,0.222148,7.4008,0.0118,0.7504,8.381
101,F_SIN,5,LinReg,B_latidos,1484,372,one-beat-ahead,-2.378,2.516193,1.586251,0.66165,17.9185,0.0721,0.9724,1.594
101,F_SIN,5,DT,B_latidos,1484,372,one-beat-ahead,0.6266,0.278143,0.527393,0.245997,8.6903,0.0036,0.8052,13.155
101,F_SIN,5,RF,B_latidos,1484,372,one-beat-ahead,0.691,0.230142,0.479731,0.220227,8.5931,0.0686,0.83,5.414
101,F_SIN,5,SVR_rbf,B_latidos,1484,372,one-beat-ahead,0.9124,0.005634,0.075057,0.057467,1.3871,0.1392,0.6794,0.269
101,F_SIN,5,MLP,B_latidos,1484,372,one-beat-ahead,0.6809,0.237721,0.487566,0.26089,8.3357,0.005,0.6773,0.916
101,F_SIN,10,LinReg,B_latidos,1480,371,one-beat-ahead,-0.4263,1.062004,1.030536,0.427481,30.2593,0.0439,1.0,5.73
101,F_SIN,10,DT,B_latidos,1480,371,one-beat-ahead,0.6319,0.274104,0.523549,0.24318,9.965,0.0068,0.817,25.781
101,F_SIN,10,RF,B_latidos,1480,371,one-beat-ahead,0.7206,0.208043,0.456117,0.215738,7.6794,0.0751,0.8354,8.741
101,F_SIN,10,SVR_rbf,B_latidos,1480,371,one-beat-ahead,0.8553,0.009323,0.096558,0.073734,1.7431,0.0957,0.6762,0.308
101,F_SIN,10,MLP,B_latidos,1480,371,one-beat-ahead,0.691,0.230077,0.479663,0.26432,8.6218,0.0045,0.7485,1.646
101,F_N,3,LinReg,B_latidos,1486,372,one-beat-ahead,0.2434,0.563688,0.750792,0.336361,9.4794,0.0254,0.8856,0.527
101,F_N,3,DT,B_latidos,1486,372,one-beat-ahead,0.6382,0.269594,0.519225,0.240671,9.1497,0.0027,0.8057,8.571
101,F_N,3,RF,B_latidos,1486,372,one-beat-ahead,0.7014,0.222475,0.471673,0.214887,8.2644,0.0677,0.8244,4.212
101,F_N,3,SVR_rbf,B_latidos,1486,372,one-beat-ahead,0.9506,0.003174,0.056336,0.039778,1.0694,1.3701,0.7067,0.798
101,F_N,3,MLP,B_latidos,1486,372,one-beat-ahead,0.7112,0.215153,0.463846,0.217298,7.3636,0.0112,0.7546,7.369
101,F_N,5,LinReg,B_latidos,1484,372,one-beat-ahead,-2.0052,2.237905,1.495963,0.677808,19.6671,0.0382,0.9718,1.584
101,F_N,5,DT,B_latidos,1484,372,one-beat-ahead,0.6418,0.266739,0.516468,0.244195,7.9536,0.0039,0.8031,13.527
101,F_N,5,RF,B_latidos,1484,372,one-beat-ahead,0.6929,0.228695,0.478221,0.218059,8.2763,0.067,0.8306,5.337
101,F_N,5,SVR_rbf,B_latidos,1484,372,one-beat-ahead,0.9219,0.005011,0.070786,0.053348,1.3053,0.0892,0.6791,0.283
101,F_N,5,MLP,B_latidos,1484,372,one-beat-ahead,0.6795,0.238666,0.488535,0.260979,8.2401,0.0044,0.6767,5.063
101,F_N,10,LinReg,B_latidos,1480,371,one-beat-ahead,-0.3827,1.029264,1.014526,0.415192,33.3975,0.0424,1.0,2.844
101,F_N,10,DT,B_latidos,1480,371,one-beat-ahead,0.6464,0.263249,0.513078,0.240225,8.7926,0.0054,0.8189,26.235
101,F_N,10,RF,B_latidos,1480,371,one-beat-ahead,0.7172,0.210503,0.458806,0.217148,6.8696,0.0782,0.8351,7.511
101,F_N,10,SVR_rbf,B_latidos,1480,371,one-beat-ahead,0.8575,0.009157,0.095692,0.0731,1.7383,0.0922,0.6745,0.254
101,F_N,10,MLP,B_latidos,1480,371,one-beat-ahead,0.695,0.227021,0.476467,0.260844,8.695,0.0104,0.7476,5.225
101,F_PB,3,LinReg,B_latidos,1486,372,one-beat-ahead,0.2138,0.730167,0.854498,0.28875,11.4398,0.0248,0.8804,0.477
101,F_PB,3,DT,B_latidos,1486,372,one-beat-ahead,0.6523,0.322896,0.568239,0.20188,7.9507,0.0028,0.8299,7.306
101,F_PB,3,RF,B_latidos,1486,372,one-beat-ahead,0.7462,0.235708,0.485498,0.175096,7.599,0.0679,0.8569,5.993
101,F_PB,3,SVR_rbf,B_latidos,1486,372,one-beat-ahead,0.7925,0.001358,0.036853,0.022436,0.6776,0.8447,0.5427,1.155
101,F_PB,3,MLP,B_latidos,1486,372,one-beat-ahead,0.739,0.242345,0.492286,0.179489,6.9035,0.0111,0.7613,4.155
101,F_PB,5,LinReg,B_latidos,1484,372,one-beat-ahead,-2.0167,2.800942,1.673601,0.614835,24.2831,0.0609,0.9698,1.497
101,F_PB,5,DT,B_latidos,1484,372,one-beat-ahead,0.6433,0.331227,0.575524,0.20416,8.1,0.0036,0.8321,13.276
101,F_PB,5,RF,B_latidos,1484,372,one-beat-ahead,0.7463,0.235548,0.485333,0.176838,7.5005,0.0679,0.8718,7.3
101,F_PB,5,SVR_rbf,B_latidos,1484,372,one-beat-ahead,0.6408,0.00235,0.048477,0.034282,0.8267,0.1058,0.5245,0.491
101,F_PB,5,MLP,B_latidos,1484,372,one-beat-ahead,0.7407,0.240737,0.49065,0.178943,8.4873,0.0045,0.8599,3.856
101,F_PB,10,LinReg,B_latidos,1480,371,one-beat-ahead,-10.6332,10.797702,3.285986,1.028581,56.7858,0.0431,1.0,2.628
101,F_PB,10,DT,B_latidos,1480,371,one-beat-ahead,0.689,0.288622,0.537236,0.186408,9.986,0.0052,0.833,26.172
101,F_PB,10,RF,B_latidos,1480,371,one-beat-ahead,0.7631,0.21987,0.468903,0.173438,7.3526,0.1018,0.8807,9.244
101,F_PB,10,SVR_rbf,B_latidos,1480,371,one-beat-ahead,0.2396,0.004982,0.070586,0.049747,1.0663,0.1502,0.4359,0.444
101,F_PB,10,MLP,B_latidos,1480,371,one-beat-ahead,0.731,0.249676,0.499676,0.19029,9.3825,0.0046,0.8781,3.735
101,F_MED,3,LinReg,B_latidos,1486,372,one-beat-ahead,0.3111,0.25588,0.505846,0.350066,8.3819,0.0249,0.9176,0.529
101,F_MED,3,DT,B_latidos,1486,372,one-beat-ahead,0.6498,0.130072,0.360655,0.24227,6.1819,0.0056,0.8861,8.431
101,F_MED,3,RF,B_latidos,1486,372,one-beat-ahead,0.7459,0.094364,0.307188,0.209786,5.223,0.0669,0.8341,4.656
101,F_MED,3,SVR_rbf,B_latidos,1486,372,one-beat-ahead,0.9761,0.004114,0.064137,0.047565,1.2164,0.9099,0.6185,0.757
101,F_MED,3,MLP,B_latidos,1486,372,one-beat-ahead,0.7258,0.101847,0.319135,0.227402,5.6148,0.0113,0.7728,3.187
101,F_MED,5,LinReg,B_latidos,1484,372,one-beat-ahead,-1.6629,0.988089,0.994027,0.679571,14.535,0.0931,0.9758,4.051
101,F_MED,5,DT,B_latidos,1484,372,one-beat-ahead,0.6765,0.120028,0.346451,0.240163,5.9823,0.0044,0.886,12.68
101,F_MED,5,RF,B_latidos,1484,372,one-beat-ahead,0.7389,0.096886,0.311265,0.212701,5.3123,0.0677,0.8319,6.356
101,F_MED,5,SVR_rbf,B_latidos,1484,372,one-beat-ahead,0.9711,0.004969,0.070493,0.053161,1.336,0.0905,0.6041,0.2
101,F_MED,5,MLP,B_latidos,1484,372,one-beat-ahead,0.6919,0.114311,0.338099,0.242269,6.0047,0.0046,0.7256,1.195
101,F_MED,10,LinReg,B_latidos,1480,371,one-beat-ahead,-0.4688,0.545082,0.738296,0.506541,12.2584,0.0716,1.0,2.76
101,F_MED,10,DT,B_latidos,1480,371,one-beat-ahead,0.6837,0.117391,0.342624,0.238056,6.0702,0.008,0.8895,27.016
101,F_MED,10,RF,B_latidos,1480,371,one-beat-ahead,0.7273,0.101184,0.318095,0.219313,5.8864,0.0697,0.8308,10.37
101,F_MED,10,SVR_rbf,B_latidos,1480,371,one-beat-ahead,0.9514,0.008371,0.091493,0.067255,1.7216,0.1945,0.5842,0.235
101,F_MED,10,MLP,B_latidos,1480,371,one-beat-ahead,0.6904,0.114901,0.338971,0.241826,6.0974,0.0046,0.8701,4.212
101,F_N+PB,3,LinReg,B_latidos,1486,372,one-beat-ahead,0.1136,0.823174,0.907289,0.297207,10.0887,0.0502,0.8822,0.464
101,F_N+PB,3,DT,B_latidos,1486,372,one-beat-ahead,0.6203,0.35259,0.593793,0.208838,8.4159,0.0053,0.8243,9.25
101,F_N+PB,3,RF,B_latidos,1486,372,one-beat-ahead,0.7399,0.241529,0.491456,0.176779,7.2519,0.0688,0.8567,4.445
101,F_N+PB,3,SVR_rbf,B_latidos,1486,372,one-beat-ahead,0.7928,0.001357,0.036836,0.02244,0.6768,0.738,0.5425,0.799
101,F_N+PB,3,MLP,B_latidos,1486,372,one-beat-ahead,0.735,0.246067,0.496052,0.184728,7.0184,0.0213,0.7608,8.578
101,F_N+PB,5,LinReg,B_latidos,1484,372,one-beat-ahead,-2.2941,3.05845,1.748842,0.606675,19.5759,0.0412,0.9696,1.485
101,F_N+PB,5,DT,B_latidos,1484,372,one-beat-ahead,0.6477,0.327088,0.571916,0.201566,8.4984,0.0036,0.8296,13.333
101,F_N+PB,5,RF,B_latidos,1484,372,one-beat-ahead,0.739,0.242313,0.492253,0.178293,7.6696,0.0667,0.8702,5.438
101,F_N+PB,5,SVR_rbf,B_latidos,1484,372,one-beat-ahead,0.6412,0.00235,0.048472,0.034274,0.8264,0.087,0.5244,0.372
101,F_N+PB,5,MLP,B_latidos,1484,372,one-beat-ahead,0.752,0.230302,0.479898,0.181498,7.6885,0.01,0.8286,6.678
101,F_N+PB,10,LinReg,B_latidos,1480,371,one-beat-ahead,-8.5831,8.894861,2.982425,0.91553,44.0968,0.0799,1.0,2.803
101,F_N+PB,10,DT,B_latidos,1480,371,one-beat-ahead,0.6877,0.289859,0.538385,0.187643,8.6801,0.0058,0.8324,26.736
101,F_N+PB,10,RF,B_latidos,1480,371,one-beat-ahead,0.7664,0.216784,0.465601,0.172237,7.2668,0.068,0.8817,7.433
101,F_N+PB,10,SVR_rbf,B_latidos,1480,371,one-beat-ahead,0.2397,0.004986,0.070609,0.049732,1.0664,0.0861,0.4357,0.282
101,F_N+PB,10,MLP,B_latidos,1480,371,one-beat-ahead,0.7503,0.231799,0.481455,0.209533,8.0942,0.0061,0.7333,3.736
101,F_N+MED,3,LinReg,B_latidos,1486,372,one-beat-ahead,0.3212,0.25132,0.501318,0.333847,8.6063,0.0411,0.9234,1.247
101,F_N+MED,3,DT,B_latidos,1486,372,one-beat-ahead,0.7007,0.110807,0.332877,0.23402,5.955,0.0025,0.8943,7.148
101,F_N+MED,3,RF,B_latidos,1486,372,one-beat-ahead,0.7439,0.094809,0.307911,0.210524,5.1204,0.0686,0.8363,5.32
101,F_N+MED,3,SVR_rbf,B_latidos,1486,372,one-beat-ahead,0.9769,0.004031,0.06349,0.046981,1.2056,0.8922,0.6179,1.316
101,F_N+MED,3,MLP,B_latidos,1486,372,one-beat-ahead,0.7275,0.100871,0.317602,0.224868,5.6065,0.0122,0.7729,3.062
101,F_N+MED,5,LinReg,B_latidos,1484,372,one-beat-ahead,-1.5319,0.936415,0.967686,0.658019,14.1218,0.0445,0.983,1.543
101,F_N+MED,5,DT,B_latidos,1484,372,one-beat-ahead,0.7014,0.110441,0.332327,0.23263,5.8389,0.0036,0.895,13.201
101,F_N+MED,5,RF,B_latidos,1484,372,one-beat-ahead,0.7373,0.097149,0.311688,0.213461,5.3065,0.1013,0.8406,6.359
101,F_N+MED,5,SVR_rbf,B_latidos,1484,372,one-beat-ahead,0.9715,0.004967,0.070476,0.053391,1.3434,0.1767,0.6044,0.326
101,F_N+MED,5,MLP,B_latidos,1484,372,one-beat-ahead,0.6982,0.111623,0.3341,0.239695,5.9299,0.007,0.7409,3.434
101,F_N+MED,10,LinReg,B_latidos,1480,371,one-beat-ahead,-0.7348,0.641705,0.801065,0.543255,12.8379,0.0538,1.0,2.836
101,F_N+MED,10,DT,B_latidos,1480,371,one-beat-ahead,0.7032,0.109787,0.331341,0.232297,6.0056,0.005,0.8943,26.141
101,F_N+MED,10,RF,B_latidos,1480,371,one-beat-ahead,0.7279,0.100648,0.317251,0.219435,5.8499,0.0699,0.8262,7.661
101,F_N+MED,10,SVR_rbf,B_latidos,1480,371,one-beat-ahead,0.9517,0.008409,0.091699,0.067607,1.7178,0.1847,0.5841,0.257
101,F_N+MED,10,MLP,B_latidos,1480,371,one-beat-ahead,0.6915,0.11413,0.337831,0.24495,6.2401,0.0045,0.8105,6.411
101,F_N+PB+MED,3,LinReg,B_latidos,1486,372,one-beat-ahead,0.6775,0.227899,0.477387,0.299762,7.7975,0.0409,0.9375,0.475
101,F_N+PB+MED,3,DT,B_latidos,1486,372,one-beat-ahead,0.7402,0.183612,0.428499,0.228165,6.5654,0.0033,0.8807,7.471
101,F_N+PB+MED,3,RF,B_latidos,1486,372,one-beat-ahead,0.8666,0.094285,0.307059,0.196549,5.9342,0.0663,0.7957,6.592
101,F_N+PB+MED,3,SVR_rbf,B_latidos,1486,372,one-beat-ahead,0.9187,0.003129,0.055942,0.035525,1.0484,0.8166,0.3386,0.726
101,F_N+PB+MED,3,MLP,B_latidos,1486,372,one-beat-ahead,0.8468,0.108266,0.329038,0.217867,6.323,0.0111,0.7446,1.933
101,F_N+PB+MED,5,LinReg,B_latidos,1484,372,one-beat-ahead,-0.3074,0.923353,0.960913,0.583026,13.906,0.0713,0.9838,1.501
101,F_N+PB+MED,5,DT,B_latidos,1484,372,one-beat-ahead,0.7097,0.204995,0.452763,0.2323,7.0579,0.0038,0.8812,13.961
101,F_N+PB+MED,5,RF,B_latidos,1484,372,one-beat-ahead,0.8596,0.099124,0.31484,0.200088,6.0262,0.0667,0.7971,9.18
101,F_N+PB+MED,5,SVR_rbf,B_latidos,1484,372,one-beat-ahead,0.8801,0.004616,0.067938,0.044236,1.2528,0.1234,0.3273,0.296
101,F_N+PB+MED,5,MLP,B_latidos,1484,372,one-beat-ahead,0.8575,0.100661,0.317272,0.204213,6.0895,0.0047,0.8351,3.719
101,F_N+PB+MED,10,LinReg,B_latidos,1480,371,one-beat-ahead,0.1086,0.629044,0.793123,0.483973,15.7457,0.0435,1.0,2.81
101,F_N+PB+MED,10,DT,B_latidos,1480,371,one-beat-ahead,0.7661,0.165064,0.406281,0.227032,11.3009,0.0052,0.8824,28.722
101,F_N+PB+MED,10,RF,B_latidos,1480,371,one-beat-ahead,0.8661,0.094483,0.30738,0.20027,6.2437,0.0729,0.7935,10.359
101,F_N+PB+MED,10,SVR_rbf,B_latidos,1480,371,one-beat-ahead,0.7978,0.00779,0.088261,0.058659,1.6311,0.0931,0.3491,0.244
101,F_N+PB+MED,10,MLP,B_latidos,1480,371,one-beat-ahead,0.3304,0.472548,0.687421,0.517899,13.5173,0.0044,0.1033,0.505
102,F_SIN,3,LinReg,B_latidos,1745,437,one-beat-ahead,0.6437,0.348191,0.590077,0.337116,10.3459,0.0278,0.9011,0.604
102,F_SIN,3,DT,B_latidos,1745,437,one-beat-ahead,0.6888,0.304097,0.55145,0.301414,10.2449,0.0027,0.8398,9.971
102,F_SIN,3,RF,B_latidos,1745,437,one-beat-ahead,0.7695,0.225288,0.474645,0.259383,9.1182,0.0576,0.8892,4.782
102,F_SIN,3,SVR_rbf,B_latidos,1745,437,one-beat-ahead,0.9298,0.005822,0.076305,0.058248,1.5228,1.0694,0.9721,1.05
102,F_SIN,3,MLP,B_latidos,1745,437,one-beat-ahead,0.7843,0.210773,0.459101,0.256459,8.9029,0.0111,0.8393,8.846
102,F_SIN,5,LinReg,B_latidos,1744,436,one-beat-ahead,0.3285,0.656175,0.810046,0.47591,17.2845,0.0442,0.9573,1.83
102,F_SIN,5,DT,B_latidos,1744,436,one-beat-ahead,0.695,0.298011,0.545903,0.301392,11.5505,0.004,0.8428,15.484
102,F_SIN,5,RF,B_latidos,1744,436,one-beat-ahead,0.7675,0.227145,0.476597,0.259611,10.4224,0.0817,0.8934,8.332
102,F_SIN,5,SVR_rbf,B_latidos,1744,436,one-beat-ahead,0.7807,0.018103,0.134548,0.106175,2.5328,0.1159,0.9828,0.383
102,F_SIN,5,MLP,B_latidos,1744,436,one-beat-ahead,0.7846,0.210486,0.458788,0.269627,10.9327,0.0042,0.8573,2.099
102,F_SIN,10,LinReg,B_latidos,1740,435,one-beat-ahead,0.38,0.605487,0.778131,0.47274,15.6078,0.1062,1.0,5.607
102,F_SIN,10,DT,B_latidos,1740,435,one-beat-ahead,0.716,0.277338,0.526629,0.29551,9.1378,0.0064,0.87,30.058
102,F_SIN,10,RF,B_latidos,1740,435,one-beat-ahead,0.7876,0.207398,0.455409,0.253726,9.4284,0.0616,0.9065,10.349
102,F_SIN,10,SVR_rbf,B_latidos,1740,435,one-beat-ahead,0.7207,0.023024,0.151738,0.121215,2.8155,0.1113,0.9821,0.337
102,F_SIN,10,MLP,B_latidos,1740,435,one-beat-ahead,0.7941,0.201055,0.448392,0.273815,8.4104,0.0044,0.8694,2.122
102,F_N,3,LinReg,B_latidos,1745,437,one-beat-ahead,0.6684,0.32388,0.569105,0.325849,10.1825,0.0241,0.9058,0.543
102,F_N,3,DT,B_latidos,1745,437,one-beat-ahead,0.7051,0.288112,0.536761,0.293554,10.9993,0.0024,0.847,9.565
102,F_N,3,RF,B_latidos,1745,437,one-beat-ahead,0.7701,0.224565,0.473883,0.257468,9.0109,0.0608,0.8967,4.717
102,F_N,3,SVR_rbf,B_latidos,1745,437,one-beat-ahead,0.9444,0.004643,0.068139,0.049676,1.3747,1.1319,0.9763,1.694
102,F_N,3,MLP,B_latidos,1745,437,one-beat-ahead,0.7835,0.211529,0.459923,0.259831,8.8364,0.0109,0.8256,3.425
102,F_N,5,LinReg,B_latidos,1744,436,one-beat-ahead,0.3566,0.62838,0.792704,0.467613,15.5588,0.0418,0.9594,1.79
102,F_N,5,DT,B_latidos,1744,436,one-beat-ahead,0.7033,0.289767,0.5383,0.296869,10.3782,0.0032,0.8472,15.134
102,F_N,5,RF,B_latidos,1744,436,one-beat-ahead,0.7695,0.225146,0.474495,0.257863,10.2311,0.0579,0.8949,8.518
102,F_N,5,SVR_rbf,B_latidos,1744,436,one-beat-ahead,0.7897,0.017458,0.13213,0.104142,2.5105,0.1121,0.9826,0.367
102,F_N,5,MLP,B_latidos,1744,436,one-beat-ahead,0.7839,0.211111,0.459468,0.272072,10.7202,0.0043,0.8638,2.104
102,F_N,10,LinReg,B_latidos,1740,435,one-beat-ahead,0.4355,0.55101,0.742301,0.454944,13.6161,0.0994,1.0,6.983
102,F_N,10,DT,B_latidos,1740,435,one-beat-ahead,0.7103,0.282735,0.531729,0.297504,9.7684,0.0066,0.88,31.298
102,F_N,10,RF,B_latidos,1740,435,one-beat-ahead,0.7929,0.202186,0.449651,0.253075,8.7948,0.0859,0.9087,9.487
102,F_N,10,SVR_rbf,B_latidos,1740,435,one-beat-ahead,0.7302,0.02235,0.1495,0.119386,2.7654,0.1096,0.9831,0.34
102,F_N,10,MLP,B_latidos,1740,435,one-beat-ahead,0.7941,0.200976,0.448304,0.27543,8.2618,0.0592,0.8728,4.195
102,F_PB,3,LinReg,B_latidos,1745,437,one-beat-ahead,-35838398.6119,35262571.083913,5938.229625,339.57353,44094.6732,0.0429,0.9266,0.989
102,F_PB,3,DT,B_latidos,1745,437,one-beat-ahead,0.7438,0.252055,0.502051,0.250222,8.3205,0.003,0.8953,8.649
102,F_PB,3,RF,B_latidos,1745,437,one-beat-ahead,0.8236,0.173517,0.416554,0.216969,7.3944,0.0587,0.9177,7.165
102,F_PB,3,SVR_rbf,B_latidos,1745,437,one-beat-ahead,0.884,0.002229,0.04721,0.035275,0.9351,0.8938,0.9337,1.305
102,F_PB,3,MLP,B_latidos,1745,437,one-beat-ahead,0.8252,0.171993,0.41472,0.217049,7.9863,0.0138,0.9109,15.224
102,F_PB,5,LinReg,B_latidos,1744,436,one-beat-ahead,-84684676.558,83337413.45454,9128.932766,659.624203,58399.7637,0.0458,0.9693,2.172
102,F_PB,5,DT,B_latidos,1744,436,one-beat-ahead,0.7469,0.249093,0.499092,0.248689,9.9446,0.0032,0.9003,16.725
102,F_PB,5,RF,B_latidos,1744,436,one-beat-ahead,0.8232,0.173946,0.417068,0.219319,8.4792,0.0576,0.9168,8.806
102,F_PB,5,SVR_rbf,B_latidos,1744,436,one-beat-ahead,0.5201,0.009203,0.095931,0.074984,1.7008,0.112,0.9514,0.402
102,F_PB,5,MLP,B_latidos,1744,436,one-beat-ahead,0.8122,0.184812,0.429897,0.232195,9.2998,0.0044,0.9345,4.665
102,F_PB,10,LinReg,B_latidos,1740,435,one-beat-ahead,-7.3761,8.239978,2.870536,1.130086,45.3875,0.0413,1.0,8.963
102,F_PB,10,DT,B_latidos,1740,435,one-beat-ahead,0.7893,0.207319,0.455323,0.234888,8.896,0.0052,0.916,30.346
102,F_PB,10,RF,B_latidos,1740,435,one-beat-ahead,0.8463,0.151188,0.38883,0.209861,7.3768,0.0613,0.9348,8.904
102,F_PB,10,SVR_rbf,B_latidos,1740,435,one-beat-ahead,0.3438,0.012608,0.112285,0.088286,1.835,0.2168,0.9503,0.597
102,F_PB,10,MLP,B_latidos,1740,435,one-beat-ahead,0.8434,0.154102,0.392558,0.221495,7.4935,0.0044,0.926,5.693
102,F_MED,3,LinReg,B_latidos,1745,437,one-beat-ahead,0.7461,0.234044,0.483781,0.303774,8.2444,0.0273,0.9382,0.518
102,F_MED,3,DT,B_latidos,1745,437,one-beat-ahead,0.7695,0.212455,0.460928,0.280248,8.2956,0.0032,0.8923,9.076
102,F_MED,3,RF,B_latidos,1745,437,one-beat-ahead,0.8432,0.144508,0.380143,0.234322,7.1094,0.0567,0.9287,5.706
102,F_MED,3,SVR_rbf,B_latidos,1745,437,one-beat-ahead,0.9677,0.004069,0.063791,0.045756,1.3255,1.0462,0.9838,1.082
102,F_MED,3,MLP,B_latidos,1745,437,one-beat-ahead,0.8495,0.138781,0.372534,0.236499,6.5294,0.0258,0.8956,6.85
102,F_MED,5,LinReg,B_latidos,1744,436,one-beat-ahead,0.4601,0.497574,0.705389,0.448234,11.0741,0.0486,0.9739,1.831
102,F_MED,5,DT,B_latidos,1744,436,one-beat-ahead,0.7839,0.19913,0.446239,0.279258,8.4682,0.0033,0.8935,15.239
102,F_MED,5,RF,B_latidos,1744,436,one-beat-ahead,0.8442,0.143581,0.378921,0.234917,7.3581,0.0582,0.9315,6.158
102,F_MED,5,SVR_rbf,B_latidos,1744,436,one-beat-ahead,0.8849,0.014405,0.120019,0.091915,2.3425,0.1169,0.9873,0.39
102,F_MED,5,MLP,B_latidos,1744,436,one-beat-ahead,0.8343,0.152755,0.390839,0.249627,7.7052,0.0049,0.9006,6.646
102,F_MED,10,LinReg,B_latidos,1740,435,one-beat-ahead,0.4588,0.498414,0.705985,0.466111,13.506,0.0419,1.0,5.68
102,F_MED,10,DT,B_latidos,1740,435,one-beat-ahead,0.79,0.193361,0.439728,0.273238,7.7037,0.0055,0.9008,31.442
102,F_MED,10,RF,B_latidos,1740,435,one-beat-ahead,0.8439,0.143798,0.379207,0.234603,7.4059,0.0616,0.9341,11.212
102,F_MED,10,SVR_rbf,B_latidos,1740,435,one-beat-ahead,0.8162,0.022884,0.151274,0.117783,2.8974,0.1299,0.9812,0.386
102,F_MED,10,MLP,B_latidos,1740,435,one-beat-ahead,0.8243,0.161792,0.402234,0.26653,7.2348,0.0047,0.8927,1.807
102,F_N+PB,3,LinReg,B_latidos,1745,437,one-beat-ahead,-32937104.7988,32407651.207136,5692.771839,336.126854,45962.1074,0.0359,0.9294,0.514
102,F_N+PB,3,DT,B_latidos,1745,437,one-beat-ahead,0.7387,0.257052,0.507003,0.248928,7.8015,0.0029,0.8876,9.839
102,F_N+PB,3,RF,B_latidos,1745,437,one-beat-ahead,0.8202,0.176884,0.420576,0.219553,7.6443,0.0566,0.9156,4.907
102,F_N+PB,3,SVR_rbf,B_latidos,1745,437,one-beat-ahead,0.8846,0.00222,0.047114,0.035235,0.9336,1.5433,0.9338,1.057
102,F_N+PB,3,MLP,B_latidos,1745,437,one-beat-ahead,0.8249,0.17228,0.415066,0.223058,8.2079,0.0114,0.8933,7.524
102,F_N+PB,5,LinReg,B_latidos,1744,436,one-beat-ahead,-82407405.7158,81095763.725115,9005.318635,625.625201,61598.7423,0.0483,0.9706,1.711
102,F_N+PB,5,DT,B_latidos,1744,436,one-beat-ahead,0.7438,0.252131,0.502126,0.251011,9.9899,0.0033,0.8936,15.572
102,F_N+PB,5,RF,B_latidos,1744,436,one-beat-ahead,0.823,0.174214,0.41739,0.219023,8.511,0.0577,0.9168,8.935
102,F_N+PB,5,SVR_rbf,B_latidos,1744,436,one-beat-ahead,0.5205,0.009204,0.095936,0.075024,1.702,0.1122,0.9514,0.402
102,F_N+PB,5,MLP,B_latidos,1744,436,one-beat-ahead,0.8054,0.191485,0.43759,0.235586,9.2021,0.0049,0.9367,5.125
102,F_N+PB,10,LinReg,B_latidos,1740,435,one-beat-ahead,-8.8617,9.701344,3.114698,1.180848,39.8194,0.0438,1.0,6.888
102,F_N+PB,10,DT,B_latidos,1740,435,one-beat-ahead,0.7942,0.202461,0.449957,0.234904,8.9096,0.0073,0.9161,30.896
102,F_N+PB,10,RF,B_latidos,1740,435,one-beat-ahead,0.8463,0.151153,0.388784,0.210695,7.4745,0.0604,0.934,11.211
102,F_N+PB,10,SVR_rbf,B_latidos,1740,435,one-beat-ahead,0.3451,0.012596,0.112232,0.088237,1.8353,0.1133,0.9503,0.378
102,F_N+PB,10,MLP,B_latidos,1740,435,one-beat-ahead,0.8446,0.152886,0.391006,0.22255,7.6641,0.0043,0.9306,3.209
102,F_N+MED,3,LinReg,B_latidos,1745,437,one-beat-ahead,0.7343,0.245337,0.495315,0.297884,8.3703,0.028,0.9401,0.509
102,F_N+MED,3,DT,B_latidos,1745,437,one-beat-ahead,0.7836,0.199857,0.447054,0.273235,7.909,0.0026,0.8921,9.631
102,F_N+MED,3,RF,B_latidos,1745,437,one-beat-ahead,0.8423,0.145609,0.381587,0.234298,7.1058,0.0565,0.9283,4.663
102,F_N+MED,3,SVR_rbf,B_latidos,1745,437,one-beat-ahead,0.9706,0.003684,0.060695,0.043444,1.2573,1.235,0.9847,1.141
102,F_N+MED,3,MLP,B_latidos,1745,437,one-beat-ahead,0.8496,0.138831,0.3726,0.236148,6.5956,0.0121,0.8939,8.7
102,F_N+MED,5,LinReg,B_latidos,1744,436,one-beat-ahead,0.4417,0.515377,0.717897,0.454297,13.3867,0.0481,0.9735,2.145
102,F_N+MED,5,DT,B_latidos,1744,436,one-beat-ahead,0.7867,0.196875,0.443706,0.271365,8.8039,0.0034,0.8925,15.253
102,F_N+MED,5,RF,B_latidos,1744,436,one-beat-ahead,0.8439,0.144044,0.379531,0.234783,7.1269,0.0859,0.9304,7.811
102,F_N+MED,5,SVR_rbf,B_latidos,1744,436,one-beat-ahead,0.888,0.013934,0.118044,0.090564,2.3,0.1071,0.9867,0.614
102,F_N+MED,5,MLP,B_latidos,1744,436,one-beat-ahead,0.8358,0.15157,0.389321,0.248887,7.6496,0.0045,0.9017,1.94
102,F_N+MED,10,LinReg,B_latidos,1740,435,one-beat-ahead,0.3284,0.619457,0.787056,0.500441,15.5487,0.0416,1.0,5.558
102,F_N+MED,10,DT,B_latidos,1740,435,one-beat-ahead,0.7843,0.198938,0.446024,0.270196,7.6528,0.0068,0.9,31.099
102,F_N+MED,10,RF,B_latidos,1740,435,one-beat-ahead,0.8438,0.144047,0.379535,0.233756,7.6921,0.0847,0.9345,10.135
102,F_N+MED,10,SVR_rbf,B_latidos,1740,435,one-beat-ahead,0.8149,0.022921,0.151396,0.117953,2.8917,0.1131,0.9805,0.38
102,F_N+MED,10,MLP,B_latidos,1740,435,one-beat-ahead,0.8237,0.162649,0.403298,0.265724,7.396,0.0054,0.9048,2.102
102,F_N+PB+MED,3,LinReg,B_latidos,1745,437,one-beat-ahead,0.7522,0.229889,0.479467,0.263035,7.9615,0.0608,0.9475,1.075
102,F_N+PB+MED,3,DT,B_latidos,1745,437,one-beat-ahead,0.8101,0.176209,0.419773,0.22071,6.9125,0.0024,0.9188,9.63
102,F_N+PB+MED,3,RF,B_latidos,1745,437,one-beat-ahead,0.8676,0.122874,0.350534,0.19174,6.3885,0.0591,0.9392,5.644
102,F_N+PB+MED,3,SVR_rbf,B_latidos,1745,437,one-beat-ahead,0.9126,0.002424,0.049234,0.036693,1.0108,1.0692,0.9518,1.509
102,F_N+PB+MED,3,MLP,B_latidos,1745,437,one-beat-ahead,0.8643,0.125911,0.354839,0.198114,6.2519,0.0113,0.925,7.079
102,F_N+PB+MED,5,LinReg,B_latidos,1744,436,one-beat-ahead,0.5415,0.425445,0.652261,0.376876,10.5067,0.0408,0.977,5.283
102,F_N+PB+MED,5,DT,B_latidos,1744,436,one-beat-ahead,0.8096,0.17667,0.420321,0.219363,7.2684,0.0033,0.919,15.74
102,F_N+PB+MED,5,RF,B_latidos,1744,436,one-beat-ahead,0.8673,0.123109,0.350869,0.193168,6.5913,0.0594,0.9418,6.253
102,F_N+PB+MED,5,SVR_rbf,B_latidos,1744,436,one-beat-ahead,0.6185,0.010554,0.102734,0.07729,1.8874,0.1085,0.9555,0.393
102,F_N+PB+MED,5,MLP,B_latidos,1744,436,one-beat-ahead,0.8544,0.135141,0.367616,0.208908,6.7071,0.0043,0.9448,8.133
102,F_N+PB+MED,10,LinReg,B_latidos,1740,435,one-beat-ahead,0.3123,0.637901,0.798687,0.466168,17.4,0.0418,1.0,5.504
102,F_N+PB+MED,10,DT,B_latidos,1740,435,one-beat-ahead,0.7931,0.19194,0.43811,0.22895,7.6883,0.0049,0.9363,30.47
102,F_N+PB+MED,10,RF,B_latidos,1740,435,one-beat-ahead,0.871,0.119661,0.345921,0.192539,6.8373,0.0602,0.9477,11.282
102,F_N+PB+MED,10,SVR_rbf,B_latidos,1740,435,one-beat-ahead,0.4819,0.014345,0.119769,0.091813,2.1074,0.1074,0.9529,0.362
102,F_N+PB+MED,10,MLP,B_latidos,1740,435,one-beat-ahead,0.8606,0.129348,0.359649,0.213754,7.0265,0.0043,0.9428,3.185
103,F_SIN,3,LinReg,B_latidos,1663,416,one-beat-ahead,0.4977,0.35664,0.597194,0.249268,8.438,0.048,0.8716,0.642
103,F_SIN,3,DT,B_latidos,1663,416,one-beat-ahead,0.5934,0.288696,0.537304,0.204631,8.359,0.0028,0.8048,9.639
103,F_SIN,3,RF,B_latidos,1663,416,one-beat-ahead,0.6651,0.237788,0.487635,0.180338,8.6639,0.0676,0.843,4.725
103,F_SIN,3,SVR_rbf,B_latidos,1663,416,one-beat-ahead,0.943,0.001264,0.035554,0.028623,0.7118,1.1049,0.8323,1.634
103,F_SIN,3,MLP,B_latidos,1663,416,one-beat-ahead,0.6759,0.230093,0.47968,0.197065,9.0278,0.0108,0.7273,2.517
103,F_SIN,5,LinReg,B_latidos,1661,416,one-beat-ahead,0.026,0.691327,0.831461,0.364073,12.6835,0.0565,0.959,1.824
103,F_SIN,5,DT,B_latidos,1661,416,one-beat-ahead,0.6034,0.281473,0.53054,0.208914,8.9691,0.003,0.8088,15.102
103,F_SIN,5,RF,B_latidos,1661,416,one-beat-ahead,0.6761,0.229857,0.479434,0.180025,8.2814,0.0612,0.8506,8.226
103,F_SIN,5,SVR_rbf,B_latidos,1661,416,one-beat-ahead,0.8797,0.002668,0.051653,0.04054,1.0101,0.1005,0.7916,0.528
103,F_SIN,5,MLP,B_latidos,1661,416,one-beat-ahead,0.7333,0.189302,0.435089,0.200679,8.3792,0.0044,0.8024,1.772
103,F_SIN,10,LinReg,B_latidos,1657,415,one-beat-ahead,0.4437,0.394824,0.62835,0.287525,11.2198,0.0416,1.0,5.257
103,F_SIN,10,DT,B_latidos,1657,415,one-beat-ahead,0.6766,0.229523,0.479086,0.205818,7.3147,0.0052,0.8494,29.682
103,F_SIN,10,RF,B_latidos,1657,415,one-beat-ahead,0.7624,0.168641,0.410659,0.16877,5.9921,0.0632,0.8862,11.304
103,F_SIN,10,SVR_rbf,B_latidos,1657,415,one-beat-ahead,0.7821,0.004836,0.069541,0.054194,1.2984,0.1036,0.7735,0.393
103,F_SIN,10,MLP,B_latidos,1657,415,one-beat-ahead,0.7769,0.158326,0.397902,0.202125,6.9366,0.0044,0.8231,1.787
103,F_N,3,LinReg,B_latidos,1663,416,one-beat-ahead,0.4837,0.366441,0.605344,0.250787,8.1957,0.0386,0.8721,0.523
103,F_N,3,DT,B_latidos,1663,416,one-beat-ahead,0.6014,0.282891,0.531875,0.209346,8.0079,0.0025,0.7964,9.514
103,F_N,3,RF,B_latidos,1663,416,one-beat-ahead,0.658,0.242713,0.492659,0.17985,8.6558,0.0592,0.8435,4.724
103,F_N,3,SVR_rbf,B_latidos,1663,416,one-beat-ahead,0.9567,0.000939,0.030645,0.024166,0.6182,1.3104,0.8339,0.922
103,F_N,3,MLP,B_latidos,1663,416,one-beat-ahead,0.6779,0.228626,0.478148,0.193513,9.0422,0.0123,0.7266,5.258
103,F_N,5,LinReg,B_latidos,1661,416,one-beat-ahead,-0.0265,0.728316,0.853414,0.369867,13.9213,0.0382,0.9573,1.701
103,F_N,5,DT,B_latidos,1661,416,one-beat-ahead,0.5791,0.298596,0.546439,0.209395,9.0415,0.0035,0.8111,14.863
103,F_N,5,RF,B_latidos,1661,416,one-beat-ahead,0.6727,0.232221,0.481894,0.179961,8.5983,0.0627,0.8513,6.485
103,F_N,5,SVR_rbf,B_latidos,1661,416,one-beat-ahead,0.8889,0.002412,0.049108,0.038762,0.9703,0.1803,0.7935,0.605
103,F_N,5,MLP,B_latidos,1661,416,one-beat-ahead,0.7468,0.179614,0.423809,0.193867,8.407,0.0043,0.823,4.761
103,F_N,10,LinReg,B_latidos,1657,415,one-beat-ahead,0.438,0.398715,0.631439,0.276257,9.8766,0.041,1.0,5.103
103,F_N,10,DT,B_latidos,1657,415,one-beat-ahead,0.6941,0.217029,0.465864,0.195363,6.2763,0.0051,0.8579,29.043
103,F_N,10,RF,B_latidos,1657,415,one-beat-ahead,0.7671,0.165245,0.406504,0.166087,5.7902,0.0613,0.8872,10.846
103,F_N,10,SVR_rbf,B_latidos,1657,415,one-beat-ahead,0.8026,0.004288,0.065482,0.051019,1.2302,0.1446,0.775,0.352
103,F_N,10,MLP,B_latidos,1657,415,one-beat-ahead,0.7786,0.157065,0.396314,0.200691,6.9688,0.0052,0.8238,1.684
103,F_PB,3,LinReg,B_latidos,1663,416,one-beat-ahead,0.2867,0.581689,0.762685,0.240368,10.3251,0.0299,0.87,0.508
103,F_PB,3,DT,B_latidos,1663,416,one-beat-ahead,0.5439,0.371918,0.609851,0.189447,11.0643,0.0035,0.8717,9.359
103,F_PB,3,RF,B_latidos,1663,416,one-beat-ahead,0.6972,0.246921,0.496912,0.161806,8.6369,0.0605,0.8986,4.56
103,F_PB,3,SVR_rbf,B_latidos,1663,416,one-beat-ahead,0.7875,0.00037,0.019235,0.015366,0.3595,0.597,0.9533,1.02
103,F_PB,3,MLP,B_latidos,1663,416,one-beat-ahead,0.716,0.231586,0.481234,0.168612,8.9157,0.0108,0.7674,8.546
103,F_PB,5,LinReg,B_latidos,1661,416,one-beat-ahead,-0.8828,1.535157,1.239014,0.402065,15.4931,0.0633,0.9615,1.849
103,F_PB,5,DT,B_latidos,1661,416,one-beat-ahead,0.5096,0.399824,0.632316,0.198388,10.7687,0.0035,0.896,15.038
103,F_PB,5,RF,B_latidos,1661,416,one-beat-ahead,0.7023,0.242759,0.492706,0.160738,8.9868,0.0885,0.9156,6.683
103,F_PB,5,SVR_rbf,B_latidos,1661,416,one-beat-ahead,0.2714,0.001268,0.035615,0.027987,0.5523,0.1789,0.9631,0.648
103,F_PB,5,MLP,B_latidos,1661,416,one-beat-ahead,0.7398,0.212144,0.460591,0.159271,8.6249,0.0048,0.9157,8.047
103,F_PB,10,LinReg,B_latidos,1657,415,one-beat-ahead,-5.2064,5.061788,2.249842,0.757823,40.6854,0.041,1.0,8.768
103,F_PB,10,DT,B_latidos,1657,415,one-beat-ahead,0.6939,0.249615,0.499615,0.165688,8.6609,0.0055,0.9317,29.256
103,F_PB,10,RF,B_latidos,1657,415,one-beat-ahead,0.8038,0.160054,0.400067,0.138195,6.5904,0.062,0.9435,7.84
103,F_PB,10,SVR_rbf,B_latidos,1657,415,one-beat-ahead,-0.249,0.002179,0.046682,0.037642,0.6187,0.097,0.9251,0.359
103,F_PB,10,MLP,B_latidos,1657,415,one-beat-ahead,0.8342,0.135215,0.367716,0.146041,7.8343,0.0043,0.9122,8.558
103,F_MED,3,LinReg,B_latidos,1663,416,one-beat-ahead,0.6867,0.150003,0.387302,0.274445,7.0932,0.0389,0.9462,0.515
103,F_MED,3,DT,B_latidos,1663,416,one-beat-ahead,0.8946,0.050457,0.224626,0.160923,4.264,0.0035,0.9446,8.711
103,F_MED,3,RF,B_latidos,1663,416,one-beat-ahead,0.9174,0.039552,0.198876,0.142746,3.8655,0.0583,0.9054,6.174
103,F_MED,3,SVR_rbf,B_latidos,1663,416,one-beat-ahead,0.9844,0.001132,0.033643,0.025758,0.6803,1.0152,0.6877,1.129
103,F_MED,3,MLP,B_latidos,1663,416,one-beat-ahead,0.9094,0.043404,0.208337,0.151136,4.2939,0.0113,0.8236,2.651
103,F_MED,5,LinReg,B_latidos,1661,416,one-beat-ahead,0.3358,0.317824,0.563759,0.398567,9.266,0.0427,0.981,5.165
103,F_MED,5,DT,B_latidos,1661,416,one-beat-ahead,0.8759,0.059404,0.24373,0.165601,4.3788,0.0034,0.9447,15.007
103,F_MED,5,RF,B_latidos,1661,416,one-beat-ahead,0.9151,0.040638,0.201589,0.144656,3.8821,0.0605,0.9006,6.088
103,F_MED,5,SVR_rbf,B_latidos,1661,416,one-beat-ahead,0.9807,0.001398,0.037396,0.028688,0.7538,0.0925,0.6387,0.233
103,F_MED,5,MLP,B_latidos,1661,416,one-beat-ahead,0.8949,0.050285,0.224242,0.166364,4.695,0.0044,0.8686,1.824
103,F_MED,10,LinReg,B_latidos,1657,415,one-beat-ahead,0.4584,0.258899,0.508821,0.360121,9.4713,0.042,1.0,6.646
103,F_MED,10,DT,B_latidos,1657,415,one-beat-ahead,0.8949,0.050259,0.224186,0.160002,5.1647,0.0051,0.9434,29.859
103,F_MED,10,RF,B_latidos,1657,415,one-beat-ahead,0.9147,0.040773,0.201923,0.145418,4.5263,0.0628,0.9137,9.896
103,F_MED,10,SVR_rbf,B_latidos,1657,415,one-beat-ahead,0.9477,0.003789,0.061552,0.047465,1.2313,0.1843,0.6062,0.402
103,F_MED,10,MLP,B_latidos,1657,415,one-beat-ahead,0.8676,0.063306,0.251607,0.185957,5.6185,0.0044,0.8147,2.56
103,F_N+PB,3,LinReg,B_latidos,1663,416,one-beat-ahead,0.3315,0.545167,0.738354,0.237105,10.5884,0.039,0.87,0.509
103,F_N+PB,3,DT,B_latidos,1663,416,one-beat-ahead,0.5271,0.385672,0.621025,0.192693,10.2542,0.0032,0.8735,8.009
103,F_N+PB,3,RF,B_latidos,1663,416,one-beat-ahead,0.6861,0.255947,0.505912,0.163436,8.5858,0.0605,0.8997,6.776
103,F_N+PB,3,SVR_rbf,B_latidos,1663,416,one-beat-ahead,0.7891,0.000367,0.019145,0.015267,0.3578,0.7387,0.9535,0.994
103,F_N+PB,3,MLP,B_latidos,1663,416,one-beat-ahead,0.7174,0.230448,0.48005,0.169356,8.8395,0.0109,0.7674,4.501
103,F_N+PB,5,LinReg,B_latidos,1661,416,one-beat-ahead,-0.7992,1.466966,1.211184,0.394431,16.8951,0.0621,0.9605,4.993
103,F_N+PB,5,DT,B_latidos,1661,416,one-beat-ahead,0.515,0.395424,0.628828,0.19563,10.681,0.0047,0.8981,14.036
103,F_N+PB,5,RF,B_latidos,1661,416,one-beat-ahead,0.7016,0.243304,0.493259,0.160425,8.887,0.0596,0.9171,6.057
103,F_N+PB,5,SVR_rbf,B_latidos,1661,416,one-beat-ahead,0.2709,0.001267,0.035597,0.027972,0.552,0.0867,0.9632,0.406
103,F_N+PB,5,MLP,B_latidos,1661,416,one-beat-ahead,0.7626,0.193589,0.439988,0.158292,8.4204,0.0045,0.9054,7.71
103,F_N+PB,10,LinReg,B_latidos,1657,415,one-beat-ahead,-4.5868,4.556329,2.134556,0.740589,36.8115,0.042,1.0,5.05
103,F_N+PB,10,DT,B_latidos,1657,415,one-beat-ahead,0.7008,0.244026,0.49399,0.16671,8.636,0.0053,0.9295,28.817
103,F_N+PB,10,RF,B_latidos,1657,415,one-beat-ahead,0.8067,0.157661,0.397066,0.137786,6.2035,0.0928,0.9431,9.739
103,F_N+PB,10,SVR_rbf,B_latidos,1657,415,one-beat-ahead,-0.2466,0.002171,0.046598,0.037574,0.6167,0.1237,0.9251,0.557
103,F_N+PB,10,MLP,B_latidos,1657,415,one-beat-ahead,0.8339,0.13546,0.368049,0.144479,7.7005,0.0046,0.9193,3.951
103,F_N+MED,3,LinReg,B_latidos,1663,416,one-beat-ahead,0.7297,0.129456,0.3598,0.256352,6.5416,0.0391,0.9535,0.548
103,F_N+MED,3,DT,B_latidos,1663,416,one-beat-ahead,0.8078,0.092037,0.303376,0.171342,4.9441,0.0026,0.9437,9.639
103,F_N+MED,3,RF,B_latidos,1663,416,one-beat-ahead,0.9164,0.04002,0.200049,0.143741,3.8883,0.06,0.9022,4.812
103,F_N+MED,3,SVR_rbf,B_latidos,1663,416,one-beat-ahead,0.9848,0.001107,0.033276,0.025389,0.6773,0.7123,0.6875,1.051
103,F_N+MED,3,MLP,B_latidos,1663,416,one-beat-ahead,0.8806,0.057181,0.239125,0.179242,4.8132,0.0105,0.7772,1.475
103,F_N+MED,5,LinReg,B_latidos,1661,416,one-beat-ahead,0.4703,0.253541,0.503529,0.361201,9.3798,0.0397,0.982,3.987
103,F_N+MED,5,DT,B_latidos,1661,416,one-beat-ahead,0.8964,0.049598,0.222706,0.160645,4.2542,0.0036,0.9435,15.048
103,F_N+MED,5,RF,B_latidos,1661,416,one-beat-ahead,0.9173,0.039584,0.198958,0.143016,3.849,0.0879,0.9022,6.117
103,F_N+MED,5,SVR_rbf,B_latidos,1661,416,one-beat-ahead,0.9807,0.001404,0.037476,0.028711,0.7587,0.0888,0.6392,0.271
103,F_N+MED,5,MLP,B_latidos,1661,416,one-beat-ahead,0.8926,0.051391,0.226695,0.16871,4.7233,0.0043,0.8753,1.801
103,F_N+MED,10,LinReg,B_latidos,1657,415,one-beat-ahead,0.48,0.248622,0.49862,0.357461,9.7192,0.0415,1.0,6.13
103,F_N+MED,10,DT,B_latidos,1657,415,one-beat-ahead,0.8991,0.048244,0.219644,0.156477,5.2344,0.0048,0.9428,29.91
103,F_N+MED,10,RF,B_latidos,1657,415,one-beat-ahead,0.9147,0.040764,0.201901,0.145307,4.5261,0.0661,0.9148,10.885
103,F_N+MED,10,SVR_rbf,B_latidos,1657,415,one-beat-ahead,0.9464,0.003903,0.062477,0.048479,1.2513,0.1041,0.6067,0.383
103,F_N+MED,10,MLP,B_latidos,1657,415,one-beat-ahead,0.858,0.067879,0.260535,0.19207,5.795,0.0045,0.8023,1.485
103,F_N+PB+MED,3,LinReg,B_latidos,1663,416,one-beat-ahead,0.9294,0.065289,0.255517,0.169275,5.6394,0.0249,0.9797,0.516
103,F_N+PB+MED,3,DT,B_latidos,1663,416,one-beat-ahead,0.9424,0.053313,0.230896,0.154377,4.7643,0.003,0.9595,9.076
103,F_N+PB+MED,3,RF,B_latidos,1663,416,one-beat-ahead,0.9584,0.038483,0.19617,0.131651,4.2259,0.0585,0.9574,6.097
103,F_N+PB+MED,3,SVR_rbf,B_latidos,1663,416,one-beat-ahead,0.9046,0.000843,0.029038,0.022151,0.5643,0.8727,0.8559,0.825
103,F_N+PB+MED,3,MLP,B_latidos,1663,416,one-beat-ahead,0.9441,0.051716,0.227412,0.161163,4.7132,0.0109,0.9014,1.688
103,F_N+PB+MED,5,LinReg,B_latidos,1661,416,one-beat-ahead,0.8605,0.129043,0.359226,0.242292,6.9991,0.0808,0.9936,3.213
103,F_N+PB+MED,5,DT,B_latidos,1661,416,one-beat-ahead,0.9428,0.052902,0.230005,0.15098,4.7237,0.0041,0.9595,15.585
103,F_N+PB+MED,5,RF,B_latidos,1661,416,one-beat-ahead,0.9591,0.037887,0.194647,0.129228,4.1856,0.0604,0.9563,6.962
103,F_N+PB+MED,5,SVR_rbf,B_latidos,1661,416,one-beat-ahead,0.7429,0.002271,0.047658,0.037611,0.8724,0.0939,0.7408,0.328
103,F_N+PB+MED,5,MLP,B_latidos,1661,416,one-beat-ahead,0.9623,0.034848,0.186676,0.124395,3.9227,0.0043,0.9657,4.441
103,F_N+PB+MED,10,LinReg,B_latidos,1657,415,one-beat-ahead,0.8535,0.135635,0.368287,0.261915,8.0476,0.0419,1.0,6.031
103,F_N+PB+MED,10,DT,B_latidos,1657,415,one-beat-ahead,0.9515,0.044848,0.211773,0.142631,4.8197,0.0051,0.963,29.973
103,F_N+PB+MED,10,RF,B_latidos,1657,415,one-beat-ahead,0.9606,0.03645,0.190919,0.129356,4.6094,0.0681,0.9593,10.562
103,F_N+PB+MED,10,SVR_rbf,B_latidos,1657,415,one-beat-ahead,0.5088,0.004352,0.065968,0.052526,1.1068,0.0968,0.7521,0.557
103,F_N+PB+MED,10,MLP,B_latidos,1657,415,one-beat-ahead,0.9556,0.041124,0.20279,0.142486,4.6819,0.0042,0.9378,2.116
104,F_SIN,3,LinReg,B_latidos,1764,442,one-beat-ahead,0.5267,0.398647,0.631385,0.365529,13.5056,0.0277,0.8438,0.546
104,F_SIN,3,DT,B_latidos,1764,442,one-beat-ahead,0.5783,0.355159,0.595952,0.333415,12.0424,0.0029,0.7683,9.411
104,F_SIN,3,RF,B_latidos,1764,442,one-beat-ahead,0.6667,0.280726,0.529836,0.293941,11.643,0.0566,0.8199,5.429
104,F_SIN,3,SVR_rbf,B_latidos,1764,442,one-beat-ahead,0.9715,0.005795,0.076125,0.060278,1.583,1.3127,0.9572,1.244
104,F_SIN,3,MLP,B_latidos,1764,442,one-beat-ahead,0.698,0.254336,0.504317,0.274822,11.5394,0.0204,0.7407,2.898
104,F_SIN,5,LinReg,B_latidos,1763,441,one-beat-ahead,0.1097,0.748794,0.865329,0.507356,13.4815,0.0546,0.9295,3.747
104,F_SIN,5,DT,B_latidos,1763,441,one-beat-ahead,0.5693,0.362274,0.601892,0.332682,12.2429,0.0036,0.7688,15.924
104,F_SIN,5,RF,B_latidos,1763,441,one-beat-ahead,0.6691,0.278296,0.527538,0.292147,10.2802,0.0566,0.8266,6.241
104,F_SIN,5,SVR_rbf,B_latidos,1763,441,one-beat-ahead,0.9292,0.014353,0.119802,0.094769,2.4339,0.1096,0.9437,0.33
104,F_SIN,5,MLP,B_latidos,1763,441,one-beat-ahead,0.6744,0.273835,0.523293,0.301638,9.7009,0.0101,0.7422,5.684
104,F_SIN,10,LinReg,B_latidos,1759,440,one-beat-ahead,0.1245,0.737034,0.858507,0.500636,16.5347,0.0813,1.0,5.887
104,F_SIN,10,DT,B_latidos,1759,440,one-beat-ahead,0.574,0.358614,0.598844,0.326207,8.745,0.0054,0.7796,30.7
104,F_SIN,10,RF,B_latidos,1759,440,one-beat-ahead,0.6884,0.262291,0.512144,0.284303,8.6601,0.0596,0.8321,11.271
104,F_SIN,10,SVR_rbf,B_latidos,1759,440,one-beat-ahead,0.916,0.017005,0.130403,0.100816,2.609,0.1205,0.9478,0.354
104,F_SIN,10,MLP,B_latidos,1759,440,one-beat-ahead,0.6806,0.268882,0.518538,0.306372,8.9339,0.005,0.763,2.229
104,F_N,3,LinReg,B_latidos,1764,442,one-beat-ahead,0.5323,0.393833,0.627561,0.365527,13.8325,0.0258,0.8451,0.553
104,F_N,3,DT,B_latidos,1764,442,one-beat-ahead,0.5226,0.401992,0.634029,0.353138,13.4363,0.0026,0.7872,9.902
104,F_N,3,RF,B_latidos,1764,442,one-beat-ahead,0.6693,0.27851,0.52774,0.290136,11.703,0.0554,0.8245,4.863
104,F_N,3,SVR_rbf,B_latidos,1764,442,one-beat-ahead,0.9731,0.005522,0.07431,0.059112,1.5474,1.7656,0.9585,1.302
104,F_N,3,MLP,B_latidos,1764,442,one-beat-ahead,0.6968,0.255284,0.505256,0.279874,11.6145,0.0125,0.7326,4.019
104,F_N,5,LinReg,B_latidos,1763,441,one-beat-ahead,0.1096,0.7488,0.865332,0.5068,13.6834,0.0579,0.9311,1.773
104,F_N,5,DT,B_latidos,1763,441,one-beat-ahead,0.5331,0.3926,0.626578,0.351241,11.1603,0.0033,0.779,15.201
104,F_N,5,RF,B_latidos,1763,441,one-beat-ahead,0.672,0.275799,0.525165,0.289863,10.0091,0.0882,0.8291,7.874
104,F_N,5,SVR_rbf,B_latidos,1763,441,one-beat-ahead,0.9342,0.013447,0.115959,0.093316,2.3737,0.234,0.9433,0.533
104,F_N,5,MLP,B_latidos,1763,441,one-beat-ahead,0.6796,0.269411,0.519048,0.298375,9.4117,0.0045,0.7409,1.954
104,F_N,10,LinReg,B_latidos,1759,440,one-beat-ahead,0.1364,0.726927,0.8526,0.494083,17.5471,0.0429,1.0,5.63
104,F_N,10,DT,B_latidos,1759,440,one-beat-ahead,0.5348,0.39161,0.625788,0.341142,11.1959,0.0063,0.7949,31.28
104,F_N,10,RF,B_latidos,1759,440,one-beat-ahead,0.6864,0.264016,0.513825,0.286523,8.8406,0.0591,0.8339,10.214
104,F_N,10,SVR_rbf,B_latidos,1759,440,one-beat-ahead,0.9191,0.016514,0.128509,0.099459,2.5799,0.1099,0.9476,0.35
104,F_N,10,MLP,B_latidos,1759,440,one-beat-ahead,0.6794,0.269866,0.519486,0.308159,9.2045,0.0045,0.7563,2.113
104,F_PB,3,LinReg,B_latidos,1764,442,one-beat-ahead,0.6317,0.320778,0.566372,0.301564,12.6627,0.05,0.8812,3.085
104,F_PB,3,DT,B_latidos,1764,442,one-beat-ahead,0.6496,0.3052,0.552449,0.258962,9.904,0.0024,0.8442,8.813
104,F_PB,3,RF,B_latidos,1764,442,one-beat-ahead,0.7553,0.213115,0.461644,0.230044,9.6447,0.0801,0.8817,6.733
104,F_PB,3,SVR_rbf,B_latidos,1764,442,one-beat-ahead,0.9826,0.002859,0.053471,0.042437,1.1023,1.1902,0.9594,1.523
104,F_PB,3,MLP,B_latidos,1764,442,one-beat-ahead,0.7768,0.194381,0.440887,0.226102,10.3685,0.0112,0.8054,4.091
104,F_PB,5,LinReg,B_latidos,1763,441,one-beat-ahead,0.2094,0.687419,0.829107,0.434158,14.8417,0.0521,0.9475,5.041
104,F_PB,5,DT,B_latidos,1763,441,one-beat-ahead,0.6547,0.300255,0.547955,0.25683,9.0718,0.0034,0.8445,15.838
104,F_PB,5,RF,B_latidos,1763,441,one-beat-ahead,0.7557,0.212405,0.460874,0.22998,7.7192,0.0588,0.8831,6.176
104,F_PB,5,SVR_rbf,B_latidos,1763,441,one-beat-ahead,0.9406,0.00972,0.098588,0.075758,1.8973,0.1074,0.944,0.326
104,F_PB,5,MLP,B_latidos,1763,441,one-beat-ahead,0.7397,0.226331,0.475743,0.258044,8.2599,0.0045,0.7691,1.831
104,F_PB,10,LinReg,B_latidos,1759,440,one-beat-ahead,-3.3482,3.785302,1.945585,1.048276,35.2947,0.0469,1.0,7.156
104,F_PB,10,DT,B_latidos,1759,440,one-beat-ahead,0.6808,0.277873,0.527137,0.24815,9.4904,0.0074,0.8416,31.562
104,F_PB,10,RF,B_latidos,1759,440,one-beat-ahead,0.7725,0.198082,0.445065,0.220587,7.9108,0.0831,0.8886,11.311
104,F_PB,10,SVR_rbf,B_latidos,1759,440,one-beat-ahead,0.9358,0.010484,0.102389,0.076159,1.991,0.1235,0.9483,0.364
104,F_PB,10,MLP,B_latidos,1759,440,one-beat-ahead,0.7476,0.219743,0.468767,0.241941,8.3148,0.0044,0.8342,3.133
104,F_MED,3,LinReg,B_latidos,1764,442,one-beat-ahead,0.6028,0.324986,0.570076,0.394132,10.8951,0.0346,0.8832,0.558
104,F_MED,3,DT,B_latidos,1764,442,one-beat-ahead,0.6661,0.273205,0.52269,0.335093,8.6524,0.0025,0.8248,9.885
104,F_MED,3,RF,B_latidos,1764,442,one-beat-ahead,0.7509,0.203759,0.451397,0.295542,8.4019,0.0642,0.8819,4.88
104,F_MED,3,SVR_rbf,B_latidos,1764,442,one-beat-ahead,0.9899,0.003794,0.061599,0.047519,1.2932,1.7562,0.974,1.279
104,F_MED,3,MLP,B_latidos,1764,442,one-beat-ahead,0.8221,0.14555,0.38151,0.257488,7.6905,0.0112,0.839,8.01
104,F_MED,5,LinReg,B_latidos,1763,441,one-beat-ahead,0.3192,0.556578,0.746042,0.518874,12.6741,0.0531,0.9474,1.899
104,F_MED,5,DT,B_latidos,1763,441,one-beat-ahead,0.6331,0.299993,0.547716,0.353129,10.5049,0.0037,0.8259,15.662
104,F_MED,5,RF,B_latidos,1763,441,one-beat-ahead,0.7608,0.195592,0.442257,0.292881,9.5887,0.0601,0.8895,8.927
104,F_MED,5,SVR_rbf,B_latidos,1763,441,one-beat-ahead,0.9699,0.011205,0.105853,0.083723,2.1662,0.1149,0.9563,0.339
104,F_MED,5,MLP,B_latidos,1763,441,one-beat-ahead,0.8,0.16355,0.404414,0.276979,8.481,0.0045,0.8612,2.965
104,F_MED,10,LinReg,B_latidos,1759,440,one-beat-ahead,0.1918,0.661671,0.813432,0.565355,14.3648,0.0467,1.0,10.344
104,F_MED,10,DT,B_latidos,1759,440,one-beat-ahead,0.6359,0.298085,0.545972,0.354616,10.0659,0.0084,0.8282,31.731
104,F_MED,10,RF,B_latidos,1759,440,one-beat-ahead,0.7724,0.186344,0.431675,0.288492,8.4695,0.0898,0.8883,10.405
104,F_MED,10,SVR_rbf,B_latidos,1759,440,one-beat-ahead,0.9566,0.016134,0.127018,0.102201,2.6024,0.2121,0.9562,0.538
104,F_MED,10,MLP,B_latidos,1759,440,one-beat-ahead,0.7847,0.176299,0.419879,0.292176,8.2664,0.0071,0.8461,3.853
104,F_N+PB,3,LinReg,B_latidos,1764,442,one-beat-ahead,0.6282,0.323816,0.569048,0.304309,12.4833,0.0377,0.8806,0.543
104,F_N+PB,3,DT,B_latidos,1764,442,one-beat-ahead,0.6409,0.312807,0.559291,0.263702,10.0501,0.0026,0.843,9.901
104,F_N+PB,3,RF,B_latidos,1764,442,one-beat-ahead,0.7505,0.217347,0.466205,0.231892,9.6898,0.0614,0.882,5.234
104,F_N+PB,3,SVR_rbf,B_latidos,1764,442,one-beat-ahead,0.9826,0.002869,0.053564,0.042481,1.1042,1.2423,0.9594,1.188
104,F_N+PB,3,MLP,B_latidos,1764,442,one-beat-ahead,0.7781,0.193292,0.439649,0.223404,10.3134,0.0111,0.8152,8.516
104,F_N+PB,5,LinReg,B_latidos,1763,441,one-beat-ahead,0.2078,0.688819,0.829951,0.434489,13.3052,0.0417,0.9494,1.816
104,F_N+PB,5,DT,B_latidos,1763,441,one-beat-ahead,0.634,0.318254,0.56414,0.264033,8.6804,0.0033,0.8438,15.924
104,F_N+PB,5,RF,B_latidos,1763,441,one-beat-ahead,0.759,0.209521,0.457735,0.228969,7.8062,0.0869,0.8854,7.219
104,F_N+PB,5,SVR_rbf,B_latidos,1763,441,one-beat-ahead,0.9406,0.009718,0.098578,0.07574,1.8972,0.2369,0.944,0.545
104,F_N+PB,5,MLP,B_latidos,1763,441,one-beat-ahead,0.7404,0.225761,0.475143,0.25777,8.249,0.0045,0.7692,3.482
104,F_N+PB,10,LinReg,B_latidos,1759,440,one-beat-ahead,-3.5002,3.917642,1.979303,1.0643,33.3704,0.0443,1.0,5.751
104,F_N+PB,10,DT,B_latidos,1759,440,one-beat-ahead,0.6803,0.278322,0.527562,0.249727,9.8809,0.0078,0.8416,32.296
104,F_N+PB,10,RF,B_latidos,1759,440,one-beat-ahead,0.7714,0.199049,0.446149,0.220536,7.6848,0.0607,0.8885,10.394
104,F_N+PB,10,SVR_rbf,B_latidos,1759,440,one-beat-ahead,0.9358,0.010478,0.10236,0.076167,1.9912,0.1104,0.9483,0.364
104,F_N+PB,10,MLP,B_latidos,1759,440,one-beat-ahead,0.7468,0.220432,0.469502,0.242988,8.2949,0.0516,0.838,3.45
104,F_N+MED,3,LinReg,B_latidos,1764,442,one-beat-ahead,0.6421,0.292998,0.541293,0.368718,10.9819,0.0488,0.8867,2.314
104,F_N+MED,3,DT,B_latidos,1764,442,one-beat-ahead,0.6486,0.287613,0.536296,0.344617,9.2678,0.0025,0.8268,8.769
104,F_N+MED,3,RF,B_latidos,1764,442,one-beat-ahead,0.7527,0.202413,0.449903,0.293646,8.4795,0.0591,0.8816,6.871
104,F_N+MED,3,SVR_rbf,B_latidos,1764,442,one-beat-ahead,0.9896,0.003907,0.062509,0.047668,1.313,1.2128,0.9739,1.719
104,F_N+MED,3,MLP,B_latidos,1764,442,one-beat-ahead,0.7983,0.165118,0.406348,0.272754,8.0691,0.0115,0.7991,2.742
104,F_N+MED,5,LinReg,B_latidos,1763,441,one-beat-ahead,0.3705,0.514926,0.717584,0.497335,13.0773,0.0608,0.9503,2.191
104,F_N+MED,5,DT,B_latidos,1763,441,one-beat-ahead,0.6663,0.272988,0.522482,0.342591,10.3359,0.004,0.8339,16.062
104,F_N+MED,5,RF,B_latidos,1763,441,one-beat-ahead,0.7552,0.200216,0.447455,0.294272,9.4322,0.0587,0.8872,7.641
104,F_N+MED,5,SVR_rbf,B_latidos,1763,441,one-beat-ahead,0.9698,0.011263,0.106128,0.084437,2.1741,0.1111,0.9566,0.33
104,F_N+MED,5,MLP,B_latidos,1763,441,one-beat-ahead,0.8021,0.161876,0.402338,0.27861,8.5769,0.0044,0.8232,1.674
104,F_N+MED,10,LinReg,B_latidos,1759,440,one-beat-ahead,0.121,0.720034,0.848548,0.5901,14.7993,0.0435,1.0,8.99
104,F_N+MED,10,DT,B_latidos,1759,440,one-beat-ahead,0.6746,0.266543,0.516278,0.335414,8.9825,0.0067,0.8352,31.776
104,F_N+MED,10,RF,B_latidos,1759,440,one-beat-ahead,0.7742,0.184951,0.430059,0.289245,8.4197,0.0908,0.8866,11.844
104,F_N+MED,10,SVR_rbf,B_latidos,1759,440,one-beat-ahead,0.9565,0.016199,0.127275,0.101135,2.6067,0.1186,0.9563,0.348
104,F_N+MED,10,MLP,B_latidos,1759,440,one-beat-ahead,0.7785,0.18142,0.425934,0.295195,8.4289,0.0052,0.8356,2.13
104,F_N+PB+MED,3,LinReg,B_latidos,1764,442,one-beat-ahead,0.7297,0.236647,0.486464,0.318662,9.3953,0.0342,0.903,0.546
104,F_N+PB+MED,3,DT,B_latidos,1764,442,one-beat-ahead,0.7482,0.220399,0.469466,0.250687,8.6463,0.0035,0.9096,9.851
104,F_N+PB+MED,3,RF,B_latidos,1764,442,one-beat-ahead,0.8476,0.133419,0.365266,0.219134,7.3497,0.081,0.9254,5.0
104,F_N+PB+MED,3,SVR_rbf,B_latidos,1764,442,one-beat-ahead,0.9916,0.002727,0.052219,0.040922,1.0817,1.2775,0.9893,1.218
104,F_N+PB+MED,3,MLP,B_latidos,1764,442,one-beat-ahead,0.8748,0.109617,0.331084,0.210155,6.9285,0.0119,0.8788,8.663
104,F_N+PB+MED,5,LinReg,B_latidos,1763,441,one-beat-ahead,0.494,0.442313,0.665066,0.439186,12.2938,0.045,0.9574,2.077
104,F_N+PB+MED,5,DT,B_latidos,1763,441,one-beat-ahead,0.7291,0.236801,0.486622,0.260253,10.4245,0.0032,0.9153,15.776
104,F_N+PB+MED,5,RF,B_latidos,1763,441,one-beat-ahead,0.8508,0.130415,0.36113,0.219624,7.8843,0.0598,0.9302,7.764
104,F_N+PB+MED,5,SVR_rbf,B_latidos,1763,441,one-beat-ahead,0.9703,0.0096,0.097981,0.075566,1.9783,0.2048,0.9783,0.5
104,F_N+PB+MED,5,MLP,B_latidos,1763,441,one-beat-ahead,0.8524,0.129005,0.359173,0.223752,7.8877,0.0043,0.9177,4.456
104,F_N+PB+MED,10,LinReg,B_latidos,1759,440,one-beat-ahead,0.0964,0.791369,0.889589,0.587691,15.5302,0.0425,1.0,9.687
104,F_N+PB+MED,10,DT,B_latidos,1759,440,one-beat-ahead,0.7135,0.250887,0.500886,0.267522,7.8868,0.0052,0.919,31.508
104,F_N+PB+MED,10,RF,B_latidos,1759,440,one-beat-ahead,0.8558,0.12631,0.355402,0.215909,6.9576,0.0614,0.9291,8.989
104,F_N+PB+MED,10,SVR_rbf,B_latidos,1759,440,one-beat-ahead,0.9686,0.010148,0.100739,0.077102,2.0093,0.2112,0.9732,0.508
104,F_N+PB+MED,10,MLP,B_latidos,1759,440,one-beat-ahead,0.8623,0.120573,0.347236,0.219622,6.6485,0.0043,0.9011,5.4
105,F_SIN,3,LinReg,B_latidos,2049,513,one-beat-ahead,-0.0013,0.914316,0.956199,0.557136,13.3034,0.0254,0.8338,0.604
105,F_SIN,3,DT,B_latidos,2049,513,one-beat-ahead,0.2946,0.644195,0.802617,0.358479,13.8424,0.0024,0.768,12.133
105,F_SIN,3,RF,B_latidos,2049,513,one-beat-ahead,0.4825,0.47261,0.687466,0.320475,12.4095,0.0485,0.738,6.241
105,F_SIN,3,SVR_rbf,B_latidos,2049,513,one-beat-ahead,0.4437,0.161573,0.401961,0.138459,7.0072,1.7411,0.6312,1.813
105,F_SIN,3,MLP,B_latidos,2049,513,one-beat-ahead,0.4241,0.525923,0.725206,0.349141,12.248,0.0106,0.55,2.697
105,F_SIN,5,LinReg,B_latidos,2048,512,one-beat-ahead,-0.727,1.57819,1.25626,0.713812,18.9567,0.0471,0.9254,1.932
105,F_SIN,5,DT,B_latidos,2048,512,one-beat-ahead,0.3328,0.609701,0.780833,0.352147,14.5914,0.003,0.7705,19.471
105,F_SIN,5,RF,B_latidos,2048,512,one-beat-ahead,0.4764,0.478509,0.691744,0.325196,12.1827,0.049,0.727,10.461
105,F_SIN,5,SVR_rbf,B_latidos,2048,512,one-beat-ahead,0.3062,0.201843,0.449269,0.170475,8.0899,0.1169,0.5805,0.349
105,F_SIN,5,MLP,B_latidos,2048,512,one-beat-ahead,0.3739,0.572174,0.756422,0.383503,13.4951,0.0042,0.5841,1.233
105,F_SIN,10,LinReg,B_latidos,2044,511,one-beat-ahead,-1.9103,2.659502,1.630798,0.963712,22.5242,0.0428,1.0,10.245
105,F_SIN,10,DT,B_latidos,2044,511,one-beat-ahead,0.3072,0.633063,0.795652,0.354877,14.1924,0.0064,0.7581,39.573
105,F_SIN,10,RF,B_latidos,2044,511,one-beat-ahead,0.4888,0.467185,0.68351,0.324699,15.3683,0.0527,0.7197,12.68
105,F_SIN,10,SVR_rbf,B_latidos,2044,511,one-beat-ahead,0.2946,0.205423,0.453236,0.192082,8.8726,0.2362,0.5629,0.543
105,F_SIN,10,MLP,B_latidos,2044,511,one-beat-ahead,0.3033,0.636646,0.797901,0.424183,16.1891,0.0041,0.4773,4.667
105,F_N,3,LinReg,B_latidos,2049,513,one-beat-ahead,-0.0508,0.95944,0.97951,0.559272,13.3404,0.0367,0.8348,0.592
105,F_N,3,DT,B_latidos,2049,513,one-beat-ahead,0.3502,0.59334,0.770286,0.354328,12.3947,0.0032,0.7676,12.228
105,F_N,3,RF,B_latidos,2049,513,one-beat-ahead,0.4727,0.481407,0.693835,0.323268,12.3765,0.0484,0.738,6.697
105,F_N,3,SVR_rbf,B_latidos,2049,513,one-beat-ahead,0.4479,0.159311,0.399138,0.134417,6.9681,1.773,0.6322,1.711
105,F_N,3,MLP,B_latidos,2049,513,one-beat-ahead,0.3952,0.552215,0.743112,0.356159,12.3317,0.0109,0.7073,5.925
105,F_N,5,LinReg,B_latidos,2048,512,one-beat-ahead,-0.764,1.611754,1.269549,0.70422,17.4474,0.0403,0.9248,2.021
105,F_N,5,DT,B_latidos,2048,512,one-beat-ahead,0.3412,0.601979,0.775873,0.350449,14.1762,0.0042,0.7689,19.767
105,F_N,5,RF,B_latidos,2048,512,one-beat-ahead,0.4789,0.476123,0.690017,0.325647,12.1601,0.0495,0.726,10.323
105,F_N,5,SVR_rbf,B_latidos,2048,512,one-beat-ahead,0.3083,0.19993,0.447135,0.16861,8.0585,0.1123,0.5808,0.35
105,F_N,5,MLP,B_latidos,2048,512,one-beat-ahead,0.367,0.578338,0.760485,0.385502,13.4167,0.0043,0.5468,1.13
105,F_N,10,LinReg,B_latidos,2044,511,one-beat-ahead,-1.9929,2.734543,1.653645,0.956779,21.1461,0.043,1.0,9.642
105,F_N,10,DT,B_latidos,2044,511,one-beat-ahead,0.3627,0.582272,0.763067,0.346936,15.2854,0.0063,0.7575,40.572
105,F_N,10,RF,B_latidos,2044,511,one-beat-ahead,0.4919,0.464198,0.681321,0.325473,15.3553,0.0543,0.7151,12.576
105,F_N,10,SVR_rbf,B_latidos,2044,511,one-beat-ahead,0.2967,0.203478,0.451085,0.190298,8.8279,0.2274,0.5629,0.537
105,F_N,10,MLP,B_latidos,2044,511,one-beat-ahead,0.2993,0.640245,0.800153,0.425052,16.4107,0.0041,0.4603,2.103
105,F_PB,3,LinReg,B_latidos,2049,513,one-beat-ahead,-3407005.3977,3085474.690549,1756.551932,171.368507,97429.4223,0.036,0.9183,0.564
105,F_PB,3,DT,B_latidos,2049,513,one-beat-ahead,0.4828,0.468387,0.684388,0.302577,11.1204,0.0031,0.7941,12.246
105,F_PB,3,RF,B_latidos,2049,513,one-beat-ahead,0.5838,0.376916,0.613935,0.282123,10.8689,0.0477,0.7679,6.28
105,F_PB,3,SVR_rbf,B_latidos,2049,513,one-beat-ahead,0.4776,0.104564,0.323364,0.111441,6.4892,1.3153,0.6106,1.533
105,F_PB,3,MLP,B_latidos,2049,513,one-beat-ahead,0.5569,0.401275,0.633463,0.298072,10.5548,0.0104,0.7159,6.004
105,F_PB,5,LinReg,B_latidos,2048,512,one-beat-ahead,-15003868.8684,13595309.642165,3687.181802,417.955604,74432.3378,0.0463,0.9633,1.841
105,F_PB,5,DT,B_latidos,2048,512,one-beat-ahead,0.4772,0.473699,0.688258,0.304608,11.1626,0.0032,0.7949,19.74
105,F_PB,5,RF,B_latidos,2048,512,one-beat-ahead,0.5925,0.369222,0.607637,0.282506,11.1568,0.0704,0.7672,10.518
105,F_PB,5,SVR_rbf,B_latidos,2048,512,one-beat-ahead,0.2736,0.145621,0.381604,0.152751,7.167,0.1125,0.5469,0.347
105,F_PB,5,MLP,B_latidos,2048,512,one-beat-ahead,0.4783,0.472727,0.687552,0.341375,14.133,0.004,0.6456,1.157
105,F_PB,10,LinReg,B_latidos,2044,511,one-beat-ahead,-38889.6531,35239.146248,187.720927,28.800308,2352.0401,0.041,1.0,9.664
105,F_PB,10,DT,B_latidos,2044,511,one-beat-ahead,0.4849,0.46677,0.683206,0.302119,13.612,0.0051,0.7954,41.855
105,F_PB,10,RF,B_latidos,2044,511,one-beat-ahead,0.5883,0.373008,0.610744,0.282364,13.8738,0.0557,0.7603,12.865
105,F_PB,10,SVR_rbf,B_latidos,2044,511,one-beat-ahead,0.2427,0.152009,0.389883,0.167882,7.6717,0.2315,0.5274,0.537
105,F_PB,10,MLP,B_latidos,2044,511,one-beat-ahead,0.4725,0.478007,0.69138,0.357592,14.5154,0.0078,0.6843,2.094
105,F_MED,3,LinReg,B_latidos,2049,513,one-beat-ahead,-1.3545,2.012859,1.418753,0.650578,20.4669,0.024,0.8842,0.584
105,F_MED,3,DT,B_latidos,2049,513,one-beat-ahead,-0.2333,1.054336,1.026809,0.439048,15.4907,0.0033,0.7022,11.712
105,F_MED,3,RF,B_latidos,2049,513,one-beat-ahead,0.1768,0.70374,0.838892,0.377454,14.8553,0.0473,0.6526,6.173
105,F_MED,3,SVR_rbf,B_latidos,2049,513,one-beat-ahead,0.3759,0.30792,0.554906,0.162466,9.3222,1.5467,0.5421,1.523
105,F_MED,3,MLP,B_latidos,2049,513,one-beat-ahead,0.0801,0.786374,0.886777,0.413574,14.3111,0.011,0.4138,5.162
105,F_MED,5,LinReg,B_latidos,2048,512,one-beat-ahead,-1.7778,2.377957,1.542062,0.770852,20.6425,0.043,0.9544,1.982
105,F_MED,5,DT,B_latidos,2048,512,one-beat-ahead,-0.2453,1.06601,1.032477,0.430828,15.122,0.0032,0.7051,18.735
105,F_MED,5,RF,B_latidos,2048,512,one-beat-ahead,0.1928,0.691017,0.831275,0.379032,16.07,0.0524,0.6355,10.417
105,F_MED,5,SVR_rbf,B_latidos,2048,512,one-beat-ahead,0.3211,0.33544,0.579171,0.195255,10.7041,0.1078,0.5221,0.322
105,F_MED,5,MLP,B_latidos,2048,512,one-beat-ahead,0.0599,0.804745,0.897076,0.466003,16.3395,0.0041,0.3675,1.072
105,F_MED,10,LinReg,B_latidos,2044,511,one-beat-ahead,-4.0758,4.345592,2.084608,1.065515,32.7489,0.0509,1.0,10.686
105,F_MED,10,DT,B_latidos,2044,511,one-beat-ahead,-0.6184,1.385534,1.177087,0.467649,17.9591,0.0051,0.7315,37.476
105,F_MED,10,RF,B_latidos,2044,511,one-beat-ahead,0.177,0.704592,0.8394,0.388061,19.2409,0.0511,0.6184,13.674
105,F_MED,10,SVR_rbf,B_latidos,2044,511,one-beat-ahead,0.2938,0.349082,0.590832,0.236288,11.5653,0.1251,0.5079,0.298
105,F_MED,10,MLP,B_latidos,2044,511,one-beat-ahead,-0.0239,0.876578,0.936258,0.521655,20.1538,0.0041,0.0963,0.789
105,F_N+PB,3,LinReg,B_latidos,2049,513,one-beat-ahead,-3031769.1992,2745659.88015,1657.003283,168.642654,60189.0438,0.0352,0.9183,2.842
105,F_N+PB,3,DT,B_latidos,2049,513,one-beat-ahead,0.4209,0.524485,0.724214,0.309497,10.77,0.0025,0.7964,11.433
105,F_N+PB,3,RF,B_latidos,2049,513,one-beat-ahead,0.5879,0.373216,0.610914,0.281313,10.8659,0.0471,0.7689,8.754
105,F_N+PB,3,SVR_rbf,B_latidos,2049,513,one-beat-ahead,0.4776,0.104547,0.323337,0.11147,6.4892,0.8719,0.6106,1.526
105,F_N+PB,3,MLP,B_latidos,2049,513,one-beat-ahead,0.5467,0.410557,0.640747,0.304576,10.8496,0.0121,0.7703,2.872
105,F_N+PB,5,LinReg,B_latidos,2048,512,one-beat-ahead,-12433544.6305,11266324.141854,3356.534544,398.736375,65069.6563,0.0516,0.9639,5.616
105,F_N+PB,5,DT,B_latidos,2048,512,one-beat-ahead,0.4193,0.526169,0.725375,0.313893,12.5023,0.0031,0.8034,19.789
105,F_N+PB,5,RF,B_latidos,2048,512,one-beat-ahead,0.5947,0.367225,0.605991,0.283229,11.1179,0.0527,0.7681,10.641
105,F_N+PB,5,SVR_rbf,B_latidos,2048,512,one-beat-ahead,0.2737,0.145602,0.381578,0.15272,7.1679,0.1426,0.5469,0.34
105,F_N+PB,5,MLP,B_latidos,2048,512,one-beat-ahead,0.4824,0.469053,0.684875,0.338602,13.9689,0.0041,0.667,1.247
105,F_N+PB,10,LinReg,B_latidos,2044,511,one-beat-ahead,-46193.3217,41857.200496,204.590324,30.376426,3473.6604,0.041,1.0,10.998
105,F_N+PB,10,DT,B_latidos,2044,511,one-beat-ahead,0.3165,0.619298,0.786955,0.32089,14.5549,0.006,0.8059,39.797
105,F_N+PB,10,RF,B_latidos,2044,511,one-beat-ahead,0.5895,0.371951,0.609878,0.282008,13.704,0.0529,0.7618,13.54
105,F_N+PB,10,SVR_rbf,B_latidos,2044,511,one-beat-ahead,0.2425,0.152048,0.389933,0.167879,7.6732,0.1159,0.5274,0.322
105,F_N+PB,10,MLP,B_latidos,2044,511,one-beat-ahead,0.4766,0.474255,0.688662,0.356152,14.3793,0.0061,0.7333,6.095
105,F_N+MED,3,LinReg,B_latidos,2049,513,one-beat-ahead,-1.1726,1.86191,1.364518,0.656082,18.0265,0.0234,0.8901,0.613
105,F_N+MED,3,DT,B_latidos,2049,513,one-beat-ahead,-0.1867,1.017035,1.008482,0.428003,14.8164,0.0028,0.7019,11.315
105,F_N+MED,3,RF,B_latidos,2049,513,one-beat-ahead,0.1615,0.718643,0.847728,0.383181,15.1779,0.0492,0.657,7.305
105,F_N+MED,3,SVR_rbf,B_latidos,2049,513,one-beat-ahead,0.3747,0.309354,0.556196,0.162813,9.3166,0.7932,0.5421,1.468
105,F_N+MED,3,MLP,B_latidos,2049,513,one-beat-ahead,0.0899,0.779947,0.883146,0.411605,14.1607,0.062,0.4782,3.368
105,F_N+MED,5,LinReg,B_latidos,2048,512,one-beat-ahead,-1.5598,2.196789,1.482157,0.768511,20.062,0.0407,0.9572,2.353
105,F_N+MED,5,DT,B_latidos,2048,512,one-beat-ahead,-0.339,1.149118,1.071969,0.436821,16.0816,0.0033,0.7069,18.991
105,F_N+MED,5,RF,B_latidos,2048,512,one-beat-ahead,0.164,0.717482,0.847043,0.383911,16.1492,0.051,0.6302,10.619
105,F_N+MED,5,SVR_rbf,B_latidos,2048,512,one-beat-ahead,0.3209,0.336497,0.580084,0.195688,10.7207,0.1159,0.5224,0.332
105,F_N+MED,5,MLP,B_latidos,2048,512,one-beat-ahead,0.0773,0.79185,0.88986,0.45347,16.0588,0.0042,0.4431,1.296
105,F_N+MED,10,LinReg,B_latidos,2044,511,one-beat-ahead,-5.4725,5.555029,2.356911,1.140671,31.2495,0.0416,1.0,11.31
105,F_N+MED,10,DT,B_latidos,2044,511,one-beat-ahead,-0.2709,1.090732,1.044381,0.439709,18.3646,0.005,0.7345,38.198
105,F_N+MED,10,RF,B_latidos,2044,511,one-beat-ahead,0.1569,0.723587,0.850639,0.387241,19.4013,0.0527,0.6191,14.049
105,F_N+MED,10,SVR_rbf,B_latidos,2044,511,one-beat-ahead,0.294,0.349951,0.591566,0.236021,11.5727,0.124,0.5079,0.29
105,F_N+MED,10,MLP,B_latidos,2044,511,one-beat-ahead,-0.022,0.877164,0.936571,0.515299,19.6386,0.0047,0.1348,0.84
105,F_N+PB+MED,3,LinReg,B_latidos,2049,513,one-beat-ahead,-0.6738,1.385145,1.176922,0.544102,16.884,0.0283,0.931,3.629
105,F_N+PB+MED,3,DT,B_latidos,2049,513,one-beat-ahead,-0.3007,1.076434,1.037513,0.431563,14.4334,0.0027,0.7467,11.453
105,F_N+PB+MED,3,RF,B_latidos,2049,513,one-beat-ahead,0.2332,0.634546,0.796584,0.35375,13.0266,0.0496,0.6817,8.527
105,F_N+PB+MED,3,SVR_rbf,B_latidos,2049,513,one-beat-ahead,0.383,0.240085,0.489985,0.155801,9.591,0.7932,0.4845,1.43
105,F_N+PB+MED,3,MLP,B_latidos,2049,513,one-beat-ahead,0.1973,0.66425,0.815015,0.366427,11.8313,0.0112,0.572,1.903
105,F_N+PB+MED,5,LinReg,B_latidos,2048,512,one-beat-ahead,-2.132,2.595246,1.610977,0.700212,26.638,0.0444,0.9704,5.544
105,F_N+PB+MED,5,DT,B_latidos,2048,512,one-beat-ahead,-0.1581,0.959599,0.979591,0.419144,13.2369,0.0029,0.7471,19.923
105,F_N+PB+MED,5,RF,B_latidos,2048,512,one-beat-ahead,0.2464,0.624413,0.790198,0.355207,14.7871,0.049,0.6766,10.654
105,F_N+PB+MED,5,SVR_rbf,B_latidos,2048,512,one-beat-ahead,0.3003,0.272638,0.522148,0.197623,9.9644,0.1145,0.4642,0.277
105,F_N+PB+MED,5,MLP,B_latidos,2048,512,one-beat-ahead,0.1178,0.731026,0.855,0.420122,15.0596,0.0042,0.5829,1.457
105,F_N+PB+MED,10,LinReg,B_latidos,2044,511,one-beat-ahead,-4.1622,4.278155,2.06837,1.014397,25.7707,0.0435,1.0,10.901
105,F_N+PB+MED,10,DT,B_latidos,2044,511,one-beat-ahead,-0.0386,0.8607,0.927739,0.403816,18.9851,0.006,0.7435,40.976
105,F_N+PB+MED,10,RF,B_latidos,2044,511,one-beat-ahead,0.2519,0.620003,0.787402,0.355611,18.9228,0.0518,0.6687,12.276
105,F_N+PB+MED,10,SVR_rbf,B_latidos,2044,511,one-beat-ahead,0.2418,0.29561,0.5437,0.229104,10.7022,0.234,0.4447,0.443
105,F_N+PB+MED,10,MLP,B_latidos,2044,511,one-beat-ahead,0.0665,0.773611,0.879552,0.468939,18.1792,0.004,0.5624,5.171
106,F_SIN,3,LinReg,B_latidos,1617,405,one-beat-ahead,-0.2003,1.420652,1.191911,0.750704,18.247,0.0426,0.7714,0.498
106,F_SIN,3,DT,B_latidos,1617,405,one-beat-ahead,0.1445,1.012544,1.006252,0.578941,16.1131,0.0034,0.6778,7.681
106,F_SIN,3,RF,B_latidos,1617,405,one-beat-ahead,0.3682,0.747849,0.864783,0.502216,15.5265,0.0608,0.769,6.572
106,F_SIN,3,SVR_rbf,B_latidos,1617,405,one-beat-ahead,0.821,0.125267,0.353931,0.220423,6.766,0.9982,0.989,1.05
106,F_SIN,3,MLP,B_latidos,1617,405,one-beat-ahead,0.3048,0.822841,0.907106,0.544523,15.013,0.0112,0.6461,2.811
106,F_SIN,5,LinReg,B_latidos,1616,404,one-beat-ahead,-1.799,3.317982,1.821533,1.15461,26.1408,0.0618,0.9178,1.847
106,F_SIN,5,DT,B_latidos,1616,404,one-beat-ahead,0.0736,1.098134,1.047919,0.595414,17.7886,0.0034,0.6691,13.735
106,F_SIN,5,RF,B_latidos,1616,404,one-beat-ahead,0.3811,0.733656,0.856537,0.501057,17.3043,0.0631,0.7777,7.903
106,F_SIN,5,SVR_rbf,B_latidos,1616,404,one-beat-ahead,0.6712,0.23019,0.479782,0.33697,8.5477,0.1025,0.9495,0.255
106,F_SIN,5,MLP,B_latidos,1616,404,one-beat-ahead,0.3012,0.828387,0.910158,0.565798,17.039,0.0043,0.5939,1.649
106,F_SIN,10,LinReg,B_latidos,1612,403,one-beat-ahead,-2.0162,3.57655,1.891177,1.18516,23.8826,0.1196,1.0,5.82
106,F_SIN,10,DT,B_latidos,1612,403,one-beat-ahead,0.0866,1.083078,1.04071,0.596274,13.8243,0.005,0.686,27.283
106,F_SIN,10,RF,B_latidos,1612,403,one-beat-ahead,0.3766,0.739279,0.859813,0.511233,14.4642,0.0652,0.768,10.15
106,F_SIN,10,SVR_rbf,B_latidos,1612,403,one-beat-ahead,0.3406,0.462938,0.680395,0.489842,9.5859,0.1035,0.8374,0.246
106,F_SIN,10,MLP,B_latidos,1612,403,one-beat-ahead,0.3093,0.819023,0.904999,0.569709,14.688,0.0044,0.5509,1.78
106,F_N,3,LinReg,B_latidos,1617,405,one-beat-ahead,-0.2067,1.428776,1.195314,0.750518,17.7269,0.0451,0.7776,0.533
106,F_N,3,DT,B_latidos,1617,405,one-beat-ahead,-0.0796,1.278249,1.130597,0.648592,15.9424,0.0026,0.7006,8.991
106,F_N,3,RF,B_latidos,1617,405,one-beat-ahead,0.3844,0.72895,0.853786,0.491675,15.2725,0.0641,0.7659,4.331
106,F_N,3,SVR_rbf,B_latidos,1617,405,one-beat-ahead,0.8259,0.121665,0.348805,0.217718,6.6866,1.0737,0.9895,0.973
106,F_N,3,MLP,B_latidos,1617,405,one-beat-ahead,0.267,0.867919,0.931622,0.553415,14.9733,0.0112,0.6726,7.658
106,F_N,5,LinReg,B_latidos,1616,404,one-beat-ahead,-1.8649,3.39733,1.843185,1.144673,24.6678,0.0526,0.9234,1.617
106,F_N,5,DT,B_latidos,1616,404,one-beat-ahead,-0.1062,1.311744,1.145314,0.656213,17.7651,0.0036,0.6868,14.061
106,F_N,5,RF,B_latidos,1616,404,one-beat-ahead,0.3799,0.73534,0.857519,0.498375,17.5047,0.063,0.772,5.485
106,F_N,5,SVR_rbf,B_latidos,1616,404,one-beat-ahead,0.6785,0.224769,0.474098,0.33323,8.4728,0.2008,0.9504,0.431
106,F_N,5,MLP,B_latidos,1616,404,one-beat-ahead,0.323,0.802785,0.895983,0.555565,17.0597,0.0044,0.5689,5.194
106,F_N,10,LinReg,B_latidos,1612,403,one-beat-ahead,-1.8399,3.368791,1.835427,1.137161,22.1961,0.0432,1.0,4.833
106,F_N,10,DT,B_latidos,1612,403,one-beat-ahead,-0.1667,1.383985,1.176429,0.694256,14.794,0.0051,0.6859,27.946
106,F_N,10,RF,B_latidos,1612,403,one-beat-ahead,0.387,0.727163,0.852738,0.505454,14.1075,0.0888,0.7679,10.614
106,F_N,10,SVR_rbf,B_latidos,1612,403,one-beat-ahead,0.3382,0.463969,0.681153,0.490453,9.5844,0.1233,0.8367,0.236
106,F_N,10,MLP,B_latidos,1612,403,one-beat-ahead,0.3107,0.817635,0.904232,0.569465,14.6593,0.0044,0.5588,1.749
106,F_PB,3,LinReg,B_latidos,1617,405,one-beat-ahead,-13973.3043,16384.809115,128.003161,20.415635,3817.4687,0.0288,0.7862,0.465
106,F_PB,3,DT,B_latidos,1617,405,one-beat-ahead,0.026,1.14198,1.068635,0.575766,16.4141,0.0037,0.7108,8.418
106,F_PB,3,RF,B_latidos,1617,405,one-beat-ahead,0.3617,0.748441,0.865125,0.477467,15.5889,0.0598,0.7943,5.216
106,F_PB,3,SVR_rbf,B_latidos,1617,405,one-beat-ahead,0.8397,0.08243,0.287107,0.186188,5.5302,0.8852,0.9901,0.96
106,F_PB,3,MLP,B_latidos,1617,405,one-beat-ahead,0.2502,0.87911,0.937608,0.53024,14.6033,0.0111,0.6672,3.274
106,F_PB,5,LinReg,B_latidos,1616,404,one-beat-ahead,-54042.5109,63468.933245,251.930413,48.988019,5272.2897,0.0677,0.9318,4.498
106,F_PB,5,DT,B_latidos,1616,404,one-beat-ahead,0.0408,1.126509,1.061372,0.559328,18.0037,0.0044,0.7424,13.535
106,F_PB,5,RF,B_latidos,1616,404,one-beat-ahead,0.3557,0.756616,0.869836,0.481727,17.0308,0.0617,0.7956,5.977
106,F_PB,5,SVR_rbf,B_latidos,1616,404,one-beat-ahead,0.7146,0.146918,0.383299,0.260591,6.6945,0.1114,0.9569,0.268
106,F_PB,5,MLP,B_latidos,1616,404,one-beat-ahead,0.2225,0.913069,0.955546,0.548614,17.3465,0.0043,0.6896,2.585
106,F_PB,10,LinReg,B_latidos,1612,403,one-beat-ahead,-24.4197,29.858006,5.464248,2.876994,69.8452,0.0425,1.0,7.551
106,F_PB,10,DT,B_latidos,1612,403,one-beat-ahead,-0.0175,1.195106,1.093209,0.59578,12.9734,0.006,0.7415,27.947
106,F_PB,10,RF,B_latidos,1612,403,one-beat-ahead,0.3551,0.757454,0.870319,0.487788,14.3269,0.0657,0.7971,7.791
106,F_PB,10,SVR_rbf,B_latidos,1612,403,one-beat-ahead,0.4018,0.3088,0.555698,0.396572,7.9636,0.1159,0.8629,0.254
106,F_PB,10,MLP,B_latidos,1612,403,one-beat-ahead,0.2851,0.839761,0.916385,0.551362,14.7852,0.0056,0.5672,5.346
106,F_MED,3,LinReg,B_latidos,1617,405,one-beat-ahead,-0.1925,1.961097,1.400392,0.937088,19.1784,0.0392,0.8151,0.562
106,F_MED,3,DT,B_latidos,1617,405,one-beat-ahead,0.1177,1.451002,1.204575,0.736686,18.136,0.003,0.8054,7.657
106,F_MED,3,RF,B_latidos,1617,405,one-beat-ahead,0.4927,0.834239,0.913367,0.565056,16.0309,0.0909,0.8517,6.595
106,F_MED,3,SVR_rbf,B_latidos,1617,405,one-beat-ahead,0.8751,0.197133,0.443996,0.272414,8.6281,1.0353,0.9821,0.991
106,F_MED,3,MLP,B_latidos,1617,405,one-beat-ahead,0.4699,0.871731,0.933665,0.592867,15.9997,0.0127,0.6752,2.253
106,F_MED,5,LinReg,B_latidos,1616,404,one-beat-ahead,-1.9563,4.87068,2.206962,1.520469,34.5573,0.0422,0.9407,1.863
106,F_MED,5,DT,B_latidos,1616,404,one-beat-ahead,0.3014,1.151004,1.072849,0.657239,19.3744,0.0035,0.805,14.2
106,F_MED,5,RF,B_latidos,1616,404,one-beat-ahead,0.5233,0.785404,0.88623,0.565019,18.8483,0.0637,0.8496,7.995
106,F_MED,5,SVR_rbf,B_latidos,1616,404,one-beat-ahead,0.8008,0.314394,0.560708,0.37984,10.7644,0.1131,0.972,0.242
106,F_MED,5,MLP,B_latidos,1616,404,one-beat-ahead,0.4643,0.882637,0.939488,0.604863,18.4158,0.0044,0.7389,1.908
106,F_MED,10,LinReg,B_latidos,1612,403,one-beat-ahead,-1.7644,4.554662,2.134165,1.449144,31.1886,0.0442,1.0,4.775
106,F_MED,10,DT,B_latidos,1612,403,one-beat-ahead,0.1634,1.378342,1.174028,0.727771,17.7462,0.0057,0.8204,27.978
106,F_MED,10,RF,B_latidos,1612,403,one-beat-ahead,0.4884,0.842892,0.918091,0.587368,17.2975,0.0644,0.8435,10.352
106,F_MED,10,SVR_rbf,B_latidos,1612,403,one-beat-ahead,0.5891,0.650471,0.806518,0.597245,13.9398,0.1187,0.9218,0.222
106,F_MED,10,MLP,B_latidos,1612,403,one-beat-ahead,0.3972,0.993244,0.996616,0.677365,17.7843,0.0054,0.6866,1.951
106,F_N+PB,3,LinReg,B_latidos,1617,405,one-beat-ahead,-8551.565,10028.232899,100.141065,16.415383,1846.8564,0.0211,0.7879,0.499
106,F_N+PB,3,DT,B_latidos,1617,405,one-beat-ahead,0.0992,1.056201,1.027716,0.556204,15.9198,0.0035,0.7206,9.205
106,F_N+PB,3,RF,B_latidos,1617,405,one-beat-ahead,0.3612,0.749005,0.865451,0.476964,15.2437,0.0619,0.7932,4.302
106,F_N+PB,3,SVR_rbf,B_latidos,1617,405,one-beat-ahead,0.8398,0.08236,0.286984,0.18609,5.5282,1.0647,0.9901,0.995
106,F_N+PB,3,MLP,B_latidos,1617,405,one-beat-ahead,0.2972,0.824084,0.907791,0.522175,14.7989,0.0111,0.6326,6.966
106,F_N+PB,5,LinReg,B_latidos,1616,404,one-beat-ahead,-41482.482,48720.271517,220.72669,45.898864,3832.172,0.0492,0.9343,1.743
106,F_N+PB,5,DT,B_latidos,1616,404,one-beat-ahead,0.124,1.028791,1.014294,0.534846,17.663,0.0039,0.7409,14.266
106,F_N+PB,5,RF,B_latidos,1616,404,one-beat-ahead,0.3683,0.741908,0.861341,0.474564,17.0641,0.0624,0.7979,5.515
106,F_N+PB,5,SVR_rbf,B_latidos,1616,404,one-beat-ahead,0.7148,0.14685,0.38321,0.260608,6.6932,0.1117,0.9569,0.278
106,F_N+PB,5,MLP,B_latidos,1616,404,one-beat-ahead,0.2254,0.909769,0.953818,0.546922,17.2144,0.0045,0.6908,7.344
106,F_N+PB,10,LinReg,B_latidos,1612,403,one-beat-ahead,-35.1821,42.501119,6.519288,3.211438,106.1531,0.0557,1.0,4.87
106,F_N+PB,10,DT,B_latidos,1612,403,one-beat-ahead,0.0073,1.166104,1.079863,0.582102,13.3445,0.0054,0.748,27.966
106,F_N+PB,10,RF,B_latidos,1612,403,one-beat-ahead,0.3663,0.744385,0.862778,0.483096,14.004,0.0668,0.7954,10.203
106,F_N+PB,10,SVR_rbf,B_latidos,1612,403,one-beat-ahead,0.4018,0.308789,0.555688,0.39661,7.9618,0.1128,0.8629,0.255
106,F_N+PB,10,MLP,B_latidos,1612,403,one-beat-ahead,0.2836,0.841483,0.917324,0.549824,14.5736,0.0049,0.585,1.885
106,F_N+MED,3,LinReg,B_latidos,1617,405,one-beat-ahead,-0.186,1.950627,1.396649,0.951639,19.9681,0.0241,0.8219,0.529
106,F_N+MED,3,DT,B_latidos,1617,405,one-beat-ahead,0.2376,1.253975,1.11981,0.680847,17.9266,0.0031,0.802,8.744
106,F_N+MED,3,RF,B_latidos,1617,405,one-beat-ahead,0.4885,0.841334,0.917243,0.565249,16.076,0.0599,0.8468,5.022
106,F_N+MED,3,SVR_rbf,B_latidos,1617,405,one-beat-ahead,0.8759,0.195461,0.44211,0.268499,8.5873,0.9195,0.9824,0.985
106,F_N+MED,3,MLP,B_latidos,1617,405,one-beat-ahead,0.4659,0.878514,0.937291,0.602765,15.7261,0.012,0.7029,2.473
106,F_N+MED,5,LinReg,B_latidos,1616,404,one-beat-ahead,-1.9167,4.806027,2.192265,1.525467,33.171,0.0624,0.9459,4.856
106,F_N+MED,5,DT,B_latidos,1616,404,one-beat-ahead,0.2849,1.178225,1.085461,0.663005,19.723,0.0047,0.8074,13.761
106,F_N+MED,5,RF,B_latidos,1616,404,one-beat-ahead,0.5291,0.775952,0.880881,0.561714,18.6246,0.0653,0.8489,6.03
106,F_N+MED,5,SVR_rbf,B_latidos,1616,404,one-beat-ahead,0.8023,0.311503,0.558125,0.380878,10.7092,0.1026,0.972,0.247
106,F_N+MED,5,MLP,B_latidos,1616,404,one-beat-ahead,0.4573,0.894193,0.945618,0.608665,18.6425,0.0053,0.7383,1.911
106,F_N+MED,10,LinReg,B_latidos,1612,403,one-beat-ahead,-1.8074,4.62605,2.150825,1.429559,29.0019,0.0418,1.0,7.864
106,F_N+MED,10,DT,B_latidos,1612,403,one-beat-ahead,0.212,1.298476,1.139507,0.688703,17.6378,0.005,0.819,28.305
106,F_N+MED,10,RF,B_latidos,1612,403,one-beat-ahead,0.491,0.838679,0.915794,0.582729,17.1058,0.0665,0.8467,7.746
106,F_N+MED,10,SVR_rbf,B_latidos,1612,403,one-beat-ahead,0.5885,0.650238,0.806373,0.597891,13.9338,0.1042,0.9213,0.222
106,F_N+MED,10,MLP,B_latidos,1612,403,one-beat-ahead,0.4059,0.979022,0.989455,0.67576,18.0154,0.0354,0.6504,2.127
106,F_N+PB+MED,3,LinReg,B_latidos,1617,405,one-beat-ahead,-0.2145,2.094075,1.447092,0.947363,21.3323,0.0284,0.8388,1.947
106,F_N+PB+MED,3,DT,B_latidos,1617,405,one-beat-ahead,0.1547,1.457495,1.207267,0.651753,16.13,0.0028,0.8599,7.92
106,F_N+PB+MED,3,RF,B_latidos,1617,405,one-beat-ahead,0.4997,0.862736,0.928836,0.538556,16.8752,0.0627,0.8733,5.437
106,F_N+PB+MED,3,SVR_rbf,B_latidos,1617,405,one-beat-ahead,0.9171,0.107094,0.327252,0.218717,6.4623,0.7649,0.9859,1.345
106,F_N+PB+MED,3,MLP,B_latidos,1617,405,one-beat-ahead,0.283,1.236275,1.111879,0.633109,16.8714,0.0112,0.817,4.263
106,F_N+PB+MED,5,LinReg,B_latidos,1616,404,one-beat-ahead,-2.0181,5.214587,2.283547,1.5532,35.0077,0.0463,0.9551,1.65
106,F_N+PB+MED,5,DT,B_latidos,1616,404,one-beat-ahead,0.2189,1.349537,1.161696,0.659926,19.1729,0.0034,0.8609,13.926
106,F_N+PB+MED,5,RF,B_latidos,1616,404,one-beat-ahead,0.4612,0.930839,0.9648,0.559978,19.5312,0.0631,0.8767,8.023
106,F_N+PB+MED,5,SVR_rbf,B_latidos,1616,404,one-beat-ahead,0.8465,0.198401,0.445422,0.310741,8.5874,0.0994,0.9712,0.232
106,F_N+PB+MED,5,MLP,B_latidos,1616,404,one-beat-ahead,0.411,1.017653,1.008788,0.615716,19.9657,0.0049,0.6703,1.207
106,F_N+PB+MED,10,LinReg,B_latidos,1612,403,one-beat-ahead,-2.1698,5.47542,2.339962,1.542572,33.5,0.042,1.0,4.794
106,F_N+PB+MED,10,DT,B_latidos,1612,403,one-beat-ahead,0.0311,1.67367,1.293704,0.68857,18.2836,0.0052,0.876,28.132
106,F_N+PB+MED,10,RF,B_latidos,1612,403,one-beat-ahead,0.4803,0.897623,0.94743,0.557781,17.1538,0.0637,0.8742,10.443
106,F_N+PB+MED,10,SVR_rbf,B_latidos,1612,403,one-beat-ahead,0.685,0.408329,0.639006,0.473356,11.8091,0.1038,0.9383,0.207
106,F_N+PB+MED,10,MLP,B_latidos,1612,403,one-beat-ahead,0.3843,1.063523,1.031273,0.671566,17.7547,0.0044,0.677,1.683
107,F_SIN,3,LinReg,B_latidos,1705,427,one-beat-ahead,0.7469,0.299222,0.547012,0.353965,10.2523,0.035,0.9386,0.558
107,F_SIN,3,DT,B_latidos,1705,427,one-beat-ahead,0.7265,0.323359,0.568646,0.341335,10.5492,0.0025,0.894,9.627
107,F_SIN,3,RF,B_latidos,1705,427,one-beat-ahead,0.8151,0.218581,0.467526,0.291168,9.734,0.0573,0.9233,4.734
107,F_SIN,3,SVR_rbf,B_latidos,1705,427,one-beat-ahead,0.9455,0.011543,0.107436,0.065028,2.1577,0.7689,0.9818,1.015
107,F_SIN,3,MLP,B_latidos,1705,427,one-beat-ahead,0.8363,0.193524,0.439914,0.269638,8.7108,0.012,0.8966,9.648
107,F_SIN,5,LinReg,B_latidos,1704,426,one-beat-ahead,0.5393,0.544773,0.738087,0.501641,13.6487,0.0426,0.9739,1.79
107,F_SIN,5,DT,B_latidos,1704,426,one-beat-ahead,0.7257,0.324394,0.569556,0.342692,9.3483,0.0033,0.8949,15.155
107,F_SIN,5,RF,B_latidos,1704,426,one-beat-ahead,0.8189,0.21415,0.462763,0.290989,8.5001,0.065,0.9217,7.71
107,F_SIN,5,SVR_rbf,B_latidos,1704,426,one-beat-ahead,0.7931,0.043872,0.209456,0.128969,4.033,0.2316,0.9838,0.568
107,F_SIN,5,MLP,B_latidos,1704,426,one-beat-ahead,0.8158,0.2178,0.46669,0.296499,8.3143,0.0044,0.9033,2.234
107,F_SIN,10,LinReg,B_latidos,1700,425,one-beat-ahead,0.4591,0.639933,0.799958,0.546238,14.2593,0.0433,1.0,5.335
107,F_SIN,10,DT,B_latidos,1700,425,one-beat-ahead,0.719,0.332449,0.576584,0.349919,10.5712,0.0103,0.897,30.647
107,F_SIN,10,RF,B_latidos,1700,425,one-beat-ahead,0.8172,0.216323,0.465105,0.295087,9.0396,0.0628,0.9199,10.969
107,F_SIN,10,SVR_rbf,B_latidos,1700,425,one-beat-ahead,0.6749,0.069105,0.262879,0.178708,4.9235,0.1059,0.968,0.318
107,F_SIN,10,MLP,B_latidos,1700,425,one-beat-ahead,0.7835,0.256105,0.506068,0.325188,9.0695,0.0043,0.9161,2.696
107,F_N,3,LinReg,B_latidos,1705,427,one-beat-ahead,0.7445,0.302059,0.549599,0.353587,10.3784,0.0343,0.9392,0.847
107,F_N,3,DT,B_latidos,1705,427,one-beat-ahead,0.7221,0.32852,0.573167,0.343946,10.9028,0.0029,0.8931,9.51
107,F_N,3,RF,B_latidos,1705,427,one-beat-ahead,0.82,0.212754,0.461252,0.28483,9.3701,0.085,0.9228,4.73
107,F_N,3,SVR_rbf,B_latidos,1705,427,one-beat-ahead,0.9458,0.011471,0.107104,0.065052,2.1465,1.0243,0.9822,1.672
107,F_N,3,MLP,B_latidos,1705,427,one-beat-ahead,0.8316,0.199152,0.446265,0.275137,8.5003,0.0111,0.8981,5.371
107,F_N,5,LinReg,B_latidos,1704,426,one-beat-ahead,0.5597,0.52065,0.721561,0.489781,12.9645,0.0492,0.9739,1.851
107,F_N,5,DT,B_latidos,1704,426,one-beat-ahead,0.7393,0.308237,0.555191,0.340551,9.9468,0.0034,0.895,14.987
107,F_N,5,RF,B_latidos,1704,426,one-beat-ahead,0.8189,0.214106,0.462715,0.292663,8.5792,0.0597,0.9226,8.593
107,F_N,5,SVR_rbf,B_latidos,1704,426,one-beat-ahead,0.7938,0.043747,0.209158,0.128646,4.0276,0.1072,0.9838,0.363
107,F_N,5,MLP,B_latidos,1704,426,one-beat-ahead,0.8104,0.22422,0.473519,0.301306,8.4812,0.0044,0.9061,2.055
107,F_N,10,LinReg,B_latidos,1700,425,one-beat-ahead,0.4826,0.612196,0.78243,0.529875,13.5635,0.0421,1.0,9.125
107,F_N,10,DT,B_latidos,1700,425,one-beat-ahead,0.7163,0.335712,0.579406,0.354089,10.6031,0.005,0.8961,30.144
107,F_N,10,RF,B_latidos,1700,425,one-beat-ahead,0.8117,0.222759,0.471973,0.3002,9.0428,0.0892,0.9208,8.512
107,F_N,10,SVR_rbf,B_latidos,1700,425,one-beat-ahead,0.6758,0.068961,0.262604,0.177759,4.9198,0.2174,0.9676,0.514
107,F_N,10,MLP,B_latidos,1700,425,one-beat-ahead,0.7888,0.249889,0.499889,0.322309,8.9745,0.0043,0.9135,6.06
107,F_PB,3,LinReg,B_latidos,1705,427,one-beat-ahead,-686063.5717,783832.64116,885.343234,68.834406,11022.3,0.0233,0.9527,0.493
107,F_PB,3,DT,B_latidos,1705,427,one-beat-ahead,0.7573,0.27732,0.526612,0.273187,9.1658,0.0035,0.9199,8.753
107,F_PB,3,RF,B_latidos,1705,427,one-beat-ahead,0.8506,0.170705,0.413165,0.220988,8.747,0.0576,0.9422,6.096
107,F_PB,3,SVR_rbf,B_latidos,1705,427,one-beat-ahead,0.9615,0.003714,0.060944,0.035546,1.2303,0.953,0.983,0.914
107,F_PB,3,MLP,B_latidos,1705,427,one-beat-ahead,0.8547,0.166008,0.40744,0.224423,8.3735,0.0109,0.9048,4.22
107,F_PB,5,LinReg,B_latidos,1704,426,one-beat-ahead,-2362830.9211,2699666.823212,1643.066287,165.435042,17142.8033,0.066,0.9801,3.933
107,F_PB,5,DT,B_latidos,1704,426,one-beat-ahead,0.7585,0.275981,0.525339,0.270836,8.6372,0.0034,0.9208,15.153
107,F_PB,5,RF,B_latidos,1704,426,one-beat-ahead,0.8544,0.166398,0.407919,0.219498,7.3369,0.0592,0.9432,6.121
107,F_PB,5,SVR_rbf,B_latidos,1704,426,one-beat-ahead,0.7948,0.019861,0.140929,0.078504,2.5321,0.1029,0.9863,0.387
107,F_PB,5,MLP,B_latidos,1704,426,one-beat-ahead,0.8357,0.187765,0.433319,0.245752,8.176,0.0085,0.9401,6.984
107,F_PB,10,LinReg,B_latidos,1700,425,one-beat-ahead,-1.6921,3.077056,1.754154,1.079824,28.4957,0.0851,1.0,5.188
107,F_PB,10,DT,B_latidos,1700,425,one-beat-ahead,0.7687,0.264368,0.514167,0.271743,8.8682,0.0048,0.9246,30.075
107,F_PB,10,RF,B_latidos,1700,425,one-beat-ahead,0.8521,0.169084,0.411198,0.224998,7.9401,0.0622,0.942,11.247
107,F_PB,10,SVR_rbf,B_latidos,1700,425,one-beat-ahead,0.5546,0.043187,0.207816,0.121593,3.5439,0.1086,0.9704,0.335
107,F_PB,10,MLP,B_latidos,1700,425,one-beat-ahead,0.8316,0.192429,0.438667,0.249836,8.3456,0.0044,0.9241,2.151
107,F_MED,3,LinReg,B_latidos,1705,427,one-beat-ahead,0.7367,0.29949,0.547257,0.362468,10.82,0.0441,0.9375,0.556
107,F_MED,3,DT,B_latidos,1705,427,one-beat-ahead,0.7393,0.296542,0.544557,0.3632,10.4557,0.0026,0.8961,9.513
107,F_MED,3,RF,B_latidos,1705,427,one-beat-ahead,0.8154,0.209944,0.458197,0.304258,9.1414,0.0568,0.9257,4.637
107,F_MED,3,SVR_rbf,B_latidos,1705,427,one-beat-ahead,0.951,0.014397,0.119987,0.072446,2.3143,1.3607,0.98,1.021
107,F_MED,3,MLP,B_latidos,1705,427,one-beat-ahead,0.8325,0.190561,0.436533,0.285624,8.5429,0.0111,0.8852,7.968
107,F_MED,5,LinReg,B_latidos,1704,426,one-beat-ahead,0.4906,0.57948,0.761236,0.519419,13.3609,0.0556,0.9737,1.7
107,F_MED,5,DT,B_latidos,1704,426,one-beat-ahead,0.6803,0.363744,0.603112,0.391943,10.7104,0.0036,0.8981,15.106
107,F_MED,5,RF,B_latidos,1704,426,one-beat-ahead,0.8176,0.207563,0.455591,0.304293,8.8491,0.0587,0.9258,7.614
107,F_MED,5,SVR_rbf,B_latidos,1704,426,one-beat-ahead,0.8234,0.052034,0.22811,0.141842,4.3664,0.2007,0.981,0.582
107,F_MED,5,MLP,B_latidos,1704,426,one-beat-ahead,0.7984,0.229332,0.478886,0.332909,9.06,0.0045,0.9121,2.662
107,F_MED,10,LinReg,B_latidos,1700,425,one-beat-ahead,0.4186,0.66196,0.813609,0.566942,14.5415,0.0414,1.0,5.275
107,F_MED,10,DT,B_latidos,1700,425,one-beat-ahead,0.693,0.349586,0.591258,0.385677,10.2716,0.0049,0.9002,29.68
107,F_MED,10,RF,B_latidos,1700,425,one-beat-ahead,0.8095,0.216858,0.46568,0.313417,9.3342,0.1284,0.9218,11.997
107,F_MED,10,SVR_rbf,B_latidos,1700,425,one-beat-ahead,0.7339,0.0786,0.280356,0.190949,5.3186,0.3609,0.9708,0.573
107,F_MED,10,MLP,B_latidos,1700,425,one-beat-ahead,0.7779,0.252841,0.502833,0.334056,9.6106,0.0535,0.9065,6.53
107,F_N+PB,3,LinReg,B_latidos,1705,427,one-beat-ahead,-922376.8611,1053821.741875,1026.558202,77.430028,9327.2451,0.0374,0.9534,0.74
107,F_N+PB,3,DT,B_latidos,1705,427,one-beat-ahead,0.7519,0.283476,0.532425,0.27675,9.3109,0.0027,0.9199,8.455
107,F_N+PB,3,RF,B_latidos,1705,427,one-beat-ahead,0.8485,0.173068,0.416015,0.222172,8.6658,0.0573,0.9433,7.279
107,F_N+PB,3,SVR_rbf,B_latidos,1705,427,one-beat-ahead,0.9616,0.003713,0.060938,0.035539,1.2303,0.9039,0.983,0.922
107,F_N+PB,3,MLP,B_latidos,1705,427,one-beat-ahead,0.8515,0.169665,0.411905,0.226458,8.3133,0.0114,0.9049,4.434
107,F_N+PB,5,LinReg,B_latidos,1704,426,one-beat-ahead,-3031732.7978,3463923.988237,1861.161999,179.862717,33107.0877,0.0545,0.9799,4.329
107,F_N+PB,5,DT,B_latidos,1704,426,one-beat-ahead,0.6292,0.423643,0.650879,0.321182,10.8792,0.0043,0.9208,15.805
107,F_N+PB,5,RF,B_latidos,1704,426,one-beat-ahead,0.8534,0.167443,0.409198,0.221526,7.4054,0.0601,0.9439,6.443
107,F_N+PB,5,SVR_rbf,B_latidos,1704,426,one-beat-ahead,0.7949,0.01986,0.140927,0.078484,2.5322,0.1031,0.9863,0.394
107,F_N+PB,5,MLP,B_latidos,1704,426,one-beat-ahead,0.8356,0.18778,0.433336,0.246913,8.2177,0.0046,0.9404,2.973
107,F_N+PB,10,LinReg,B_latidos,1700,425,one-beat-ahead,-1.8224,3.22592,1.796085,1.115906,24.5852,0.0425,1.0,6.045
107,F_N+PB,10,DT,B_latidos,1700,425,one-beat-ahead,0.7516,0.283927,0.532848,0.278661,8.8521,0.005,0.9247,30.223
107,F_N+PB,10,RF,B_latidos,1700,425,one-beat-ahead,0.8526,0.16845,0.410427,0.223692,7.9617,0.0612,0.9418,11.64
107,F_N+PB,10,SVR_rbf,B_latidos,1700,425,one-beat-ahead,0.5546,0.043186,0.207813,0.121588,3.5438,0.1035,0.9704,0.333
107,F_N+PB,10,MLP,B_latidos,1700,425,one-beat-ahead,0.8321,0.191938,0.438107,0.249059,8.3569,0.005,0.9242,2.052
107,F_N+MED,3,LinReg,B_latidos,1705,427,one-beat-ahead,0.7288,0.308391,0.555329,0.369497,10.7115,0.0296,0.9375,0.545
107,F_N+MED,3,DT,B_latidos,1705,427,one-beat-ahead,0.7194,0.319083,0.564874,0.370287,10.715,0.0035,0.8961,9.18
107,F_N+MED,3,RF,B_latidos,1705,427,one-beat-ahead,0.8173,0.207775,0.455823,0.300769,9.1172,0.061,0.927,5.088
107,F_N+MED,3,SVR_rbf,B_latidos,1705,427,one-beat-ahead,0.9526,0.013925,0.118003,0.071563,2.2695,1.0292,0.9804,1.076
107,F_N+MED,3,MLP,B_latidos,1705,427,one-beat-ahead,0.831,0.192183,0.438386,0.287709,8.5279,0.0116,0.8861,8.266
107,F_N+MED,5,LinReg,B_latidos,1704,426,one-beat-ahead,0.4552,0.61965,0.787178,0.536986,14.1766,0.0389,0.9716,2.011
107,F_N+MED,5,DT,B_latidos,1704,426,one-beat-ahead,0.6982,0.343214,0.585845,0.382563,10.3969,0.0034,0.8986,15.183
107,F_N+MED,5,RF,B_latidos,1704,426,one-beat-ahead,0.8108,0.21516,0.463854,0.309753,8.8011,0.0612,0.9257,6.207
107,F_N+MED,5,SVR_rbf,B_latidos,1704,426,one-beat-ahead,0.8248,0.05153,0.227003,0.141102,4.347,0.2097,0.981,0.559
107,F_N+MED,5,MLP,B_latidos,1704,426,one-beat-ahead,0.799,0.228622,0.478144,0.331205,9.062,0.0048,0.9122,5.445
107,F_N+MED,10,LinReg,B_latidos,1700,425,one-beat-ahead,0.3699,0.717171,0.84686,0.588788,14.7993,0.0703,1.0,6.14
107,F_N+MED,10,DT,B_latidos,1700,425,one-beat-ahead,0.6751,0.369842,0.608146,0.39481,11.1143,0.0083,0.9002,29.821
107,F_N+MED,10,RF,B_latidos,1700,425,one-beat-ahead,0.8096,0.216693,0.465503,0.312994,9.4429,0.0628,0.9226,10.663
107,F_N+MED,10,SVR_rbf,B_latidos,1700,425,one-beat-ahead,0.7352,0.078078,0.279425,0.189931,5.2984,0.1152,0.9707,0.328
107,F_N+MED,10,MLP,B_latidos,1700,425,one-beat-ahead,0.7786,0.252052,0.502047,0.337042,9.9161,0.0059,0.8975,2.341
107,F_N+PB+MED,3,LinReg,B_latidos,1705,427,one-beat-ahead,0.7484,0.269448,0.519084,0.31379,9.7976,0.0284,0.9579,0.545
107,F_N+PB+MED,3,DT,B_latidos,1705,427,one-beat-ahead,0.7864,0.228769,0.478298,0.266813,8.4695,0.0025,0.9283,9.749
107,F_N+PB+MED,3,RF,B_latidos,1705,427,one-beat-ahead,0.8651,0.144509,0.380144,0.21875,7.7534,0.0651,0.9471,4.831
107,F_N+PB+MED,3,SVR_rbf,B_latidos,1705,427,one-beat-ahead,0.9711,0.003851,0.062057,0.039787,1.269,1.4503,0.9818,1.417
107,F_N+PB+MED,3,MLP,B_latidos,1705,427,one-beat-ahead,0.8615,0.148279,0.38507,0.227618,8.1355,0.0115,0.922,6.545
107,F_N+PB+MED,5,LinReg,B_latidos,1704,426,one-beat-ahead,0.4912,0.545024,0.738257,0.462518,12.8426,0.0412,0.9833,1.764
107,F_N+PB+MED,5,DT,B_latidos,1704,426,one-beat-ahead,0.7503,0.267422,0.517129,0.288775,9.5955,0.0043,0.9307,15.093
107,F_N+PB+MED,5,RF,B_latidos,1704,426,one-beat-ahead,0.864,0.145634,0.38162,0.222341,7.3035,0.0589,0.9475,8.453
107,F_N+PB+MED,5,SVR_rbf,B_latidos,1704,426,one-beat-ahead,0.8384,0.021576,0.146889,0.082493,2.7037,0.1024,0.9864,0.403
107,F_N+PB+MED,5,MLP,B_latidos,1704,426,one-beat-ahead,0.8421,0.169174,0.411308,0.254092,7.6186,0.0046,0.9401,2.813
107,F_N+PB+MED,10,LinReg,B_latidos,1700,425,one-beat-ahead,0.3233,0.725163,0.851565,0.567215,15.1243,0.0423,1.0,8.987
107,F_N+PB+MED,10,DT,B_latidos,1700,425,one-beat-ahead,0.7682,0.2484,0.498397,0.278087,9.388,0.0054,0.9313,30.486
107,F_N+PB+MED,10,RF,B_latidos,1700,425,one-beat-ahead,0.861,0.148999,0.386004,0.226792,7.6565,0.0623,0.9459,9.114
107,F_N+PB+MED,10,SVR_rbf,B_latidos,1700,425,one-beat-ahead,0.6171,0.051189,0.226251,0.132956,4.1027,0.2242,0.9683,0.555
107,F_N+PB+MED,10,MLP,B_latidos,1700,425,one-beat-ahead,0.8361,0.175647,0.419103,0.259039,8.1942,0.0043,0.9289,4.745
108,F_SIN,3,LinReg,B_latidos,1406,352,one-beat-ahead,0.3601,1.430784,1.196154,0.773573,19.5205,0.0236,0.8565,0.497
108,F_SIN,3,DT,B_latidos,1406,352,one-beat-ahead,0.3572,1.437238,1.198849,0.685966,21.5063,0.0027,0.7676,6.637
108,F_SIN,3,RF,B_latidos,1406,352,one-beat-ahead,0.632,0.822787,0.907076,0.545079,16.9741,0.0695,0.7907,6.341
108,F_SIN,3,SVR_rbf,B_latidos,1406,352,one-beat-ahead,0.4395,1.019583,1.009744,0.417337,16.7975,0.8692,0.7616,0.684
108,F_SIN,3,MLP,B_latidos,1406,352,one-beat-ahead,0.5479,1.010872,1.005421,0.588551,16.2982,0.0111,0.7141,2.685
108,F_SIN,5,LinReg,B_latidos,1404,352,one-beat-ahead,-2.0703,6.859405,2.619047,1.742331,47.2703,0.0392,0.9712,1.59
108,F_SIN,5,DT,B_latidos,1404,352,one-beat-ahead,0.2913,1.583354,1.258314,0.720919,22.4876,0.0043,0.7748,12.595
108,F_SIN,5,RF,B_latidos,1404,352,one-beat-ahead,0.6149,0.860357,0.927554,0.542416,16.7295,0.0738,0.7836,5.752
108,F_SIN,5,SVR_rbf,B_latidos,1404,352,one-beat-ahead,0.3507,1.180094,1.086321,0.497005,18.1694,0.1734,0.7552,0.311
108,F_SIN,5,MLP,B_latidos,1404,352,one-beat-ahead,0.5728,0.954354,0.976911,0.614986,16.8321,0.0044,0.731,4.048
108,F_SIN,10,LinReg,B_latidos,1400,351,one-beat-ahead,-0.1222,2.508812,1.583923,1.053883,22.4021,0.0541,1.0,2.462
108,F_SIN,10,DT,B_latidos,1400,351,one-beat-ahead,0.1981,1.792717,1.338924,0.753952,24.8363,0.0052,0.7718,25.057
108,F_SIN,10,RF,B_latidos,1400,351,one-beat-ahead,0.5938,0.908042,0.952912,0.5595,19.0163,0.0728,0.7835,6.955
108,F_SIN,10,SVR_rbf,B_latidos,1400,351,one-beat-ahead,0.2785,1.312901,1.145819,0.580088,19.2334,0.0996,0.7482,0.196
108,F_SIN,10,MLP,B_latidos,1400,351,one-beat-ahead,0.5101,1.095085,1.046463,0.66978,19.5537,0.0045,0.6547,1.632
108,F_N,3,LinReg,B_latidos,1406,352,one-beat-ahead,0.3554,1.441971,1.200821,0.7885,20.1879,0.0813,0.8584,2.361
108,F_N,3,DT,B_latidos,1406,352,one-beat-ahead,0.4023,1.33713,1.156343,0.636431,20.062,0.0028,0.7547,7.145
108,F_N,3,RF,B_latidos,1406,352,one-beat-ahead,0.6243,0.840462,0.916767,0.54021,16.861,0.0728,0.7927,3.978
108,F_N,3,SVR_rbf,B_latidos,1406,352,one-beat-ahead,0.4394,1.016698,1.008315,0.413985,16.7778,1.5236,0.761,1.126
108,F_N,3,MLP,B_latidos,1406,352,one-beat-ahead,0.5756,0.949395,0.974369,0.581884,15.9424,0.0132,0.7081,3.425
108,F_N,5,LinReg,B_latidos,1404,352,one-beat-ahead,-2.1875,7.124607,2.669196,1.780223,39.0493,0.0692,0.9732,1.599
108,F_N,5,DT,B_latidos,1404,352,one-beat-ahead,0.3765,1.393746,1.18057,0.66748,21.2483,0.0038,0.7549,12.832
108,F_N,5,RF,B_latidos,1404,352,one-beat-ahead,0.606,0.880653,0.938431,0.547166,17.0737,0.0797,0.7856,5.248
108,F_N,5,SVR_rbf,B_latidos,1404,352,one-beat-ahead,0.3511,1.175823,1.084354,0.494824,18.0769,0.1053,0.7547,0.214
108,F_N,5,MLP,B_latidos,1404,352,one-beat-ahead,0.574,0.952194,0.975804,0.613773,16.8331,0.0046,0.731,7.386
108,F_N,10,LinReg,B_latidos,1400,351,one-beat-ahead,-0.1792,2.637374,1.623999,1.064795,23.0532,0.0432,1.0,2.701
108,F_N,10,DT,B_latidos,1400,351,one-beat-ahead,0.3479,1.458478,1.207675,0.675734,21.3561,0.0053,0.7558,26.598
108,F_N,10,RF,B_latidos,1400,351,one-beat-ahead,0.6048,0.883837,0.940126,0.556018,18.6816,0.0732,0.7793,7.396
108,F_N,10,SVR_rbf,B_latidos,1400,351,one-beat-ahead,0.2773,1.311251,1.145099,0.578587,19.2162,0.0969,0.7481,0.188
108,F_N,10,MLP,B_latidos,1400,351,one-beat-ahead,0.5039,1.109531,1.053343,0.673347,19.9108,0.0047,0.6146,5.019
108,F_PB,3,LinReg,B_latidos,1406,352,one-beat-ahead,-538769.4778,443376.709294,665.865384,36.276565,33808.241,0.0254,0.8094,0.484
108,F_PB,3,DT,B_latidos,1406,352,one-beat-ahead,-0.1309,0.930706,0.964731,0.545256,14.0843,0.003,0.727,6.702
108,F_PB,3,RF,B_latidos,1406,352,one-beat-ahead,0.2919,0.582727,0.763366,0.450869,13.6342,0.0699,0.7762,5.348
108,F_PB,3,SVR_rbf,B_latidos,1406,352,one-beat-ahead,0.3966,0.108289,0.329073,0.146614,5.693,1.0145,0.8526,1.26
108,F_PB,3,MLP,B_latidos,1406,352,one-beat-ahead,0.249,0.618036,0.786152,0.481055,13.0682,0.013,0.5132,1.4
108,F_PB,5,LinReg,B_latidos,1404,352,one-beat-ahead,-7024139.7191,5779024.552058,2403.960181,158.99731,117731.9829,0.0677,0.9631,1.485
108,F_PB,5,DT,B_latidos,1404,352,one-beat-ahead,-0.0706,0.880857,0.93854,0.532386,15.3733,0.0037,0.7078,12.571
108,F_PB,5,RF,B_latidos,1404,352,one-beat-ahead,0.2727,0.598408,0.773568,0.462545,13.7443,0.0717,0.7751,4.945
108,F_PB,5,SVR_rbf,B_latidos,1404,352,one-beat-ahead,0.2528,0.134075,0.366163,0.191352,6.2674,0.0894,0.7549,0.21
108,F_PB,5,MLP,B_latidos,1404,352,one-beat-ahead,0.2264,0.636505,0.797813,0.481887,12.8906,0.0053,0.5987,5.759
108,F_PB,10,LinReg,B_latidos,1400,351,one-beat-ahead,-26.5981,22.671185,4.761427,2.39729,98.4889,0.0451,1.0,2.594
108,F_PB,10,DT,B_latidos,1400,351,one-beat-ahead,-0.0479,0.860847,0.927818,0.536809,13.0595,0.0072,0.7234,24.522
108,F_PB,10,RF,B_latidos,1400,351,one-beat-ahead,0.273,0.597214,0.772796,0.458797,12.7981,0.0749,0.7898,7.26
108,F_PB,10,SVR_rbf,B_latidos,1400,351,one-beat-ahead,0.1557,0.151864,0.389697,0.218385,6.5136,0.0966,0.6673,0.21
108,F_PB,10,MLP,B_latidos,1400,351,one-beat-ahead,0.1809,0.672831,0.820263,0.500019,13.1462,0.0046,0.5482,1.34
108,F_MED,3,LinReg,B_latidos,1406,352,one-beat-ahead,0.5511,1.207671,1.098941,0.689758,19.3953,0.0431,0.891,0.504
108,F_MED,3,DT,B_latidos,1406,352,one-beat-ahead,0.5233,1.282543,1.132494,0.638255,20.3127,0.0028,0.8351,8.106
108,F_MED,3,RF,B_latidos,1406,352,one-beat-ahead,0.6783,0.865465,0.930304,0.524027,16.94,0.072,0.8248,3.894
108,F_MED,3,SVR_rbf,B_latidos,1406,352,one-beat-ahead,0.4155,1.361392,1.166787,0.459349,19.1723,0.7306,0.7383,0.699
108,F_MED,3,MLP,B_latidos,1406,352,one-beat-ahead,0.5864,1.112591,1.054794,0.588718,17.7953,0.0111,0.7377,6.981
108,F_MED,5,LinReg,B_latidos,1404,352,one-beat-ahead,-1.0975,5.636649,2.374163,1.63253,36.5953,0.04,0.9787,1.551
108,F_MED,5,DT,B_latidos,1404,352,one-beat-ahead,0.5407,1.234183,1.110938,0.637143,19.5589,0.0042,0.8362,12.543
108,F_MED,5,RF,B_latidos,1404,352,one-beat-ahead,0.656,0.924356,0.961435,0.533226,17.9381,0.1006,0.8164,5.078
108,F_MED,5,SVR_rbf,B_latidos,1404,352,one-beat-ahead,0.3321,1.554024,1.246605,0.552826,20.7741,0.091,0.735,0.186
108,F_MED,5,MLP,B_latidos,1404,352,one-beat-ahead,0.6067,1.056818,1.028017,0.603913,17.1033,0.0045,0.8248,2.322
108,F_MED,10,LinReg,B_latidos,1400,351,one-beat-ahead,0.202,2.145866,1.464877,0.955087,25.2105,0.0429,1.0,5.954
108,F_MED,10,DT,B_latidos,1400,351,one-beat-ahead,0.5221,1.284944,1.133554,0.656863,20.1495,0.0073,0.8451,24.113
108,F_MED,10,RF,B_latidos,1400,351,one-beat-ahead,0.6532,0.932556,0.96569,0.535274,19.0153,0.0738,0.8085,9.223
108,F_MED,10,SVR_rbf,B_latidos,1400,351,one-beat-ahead,0.2704,1.699059,1.30348,0.645292,21.8613,0.0877,0.7331,0.181
108,F_MED,10,MLP,B_latidos,1400,351,one-beat-ahead,0.5786,1.133211,1.064524,0.651923,20.7995,0.0048,0.6735,1.26
108,F_N+PB,3,LinReg,B_latidos,1406,352,one-beat-ahead,-515591.8764,424304.199836,651.386368,34.141774,38585.5176,0.0263,0.8062,0.449
108,F_N+PB,3,DT,B_latidos,1406,352,one-beat-ahead,-0.0572,0.870048,0.932763,0.52135,14.0423,0.0028,0.726,8.156
108,F_N+PB,3,RF,B_latidos,1406,352,one-beat-ahead,0.3007,0.575501,0.758618,0.448534,13.5796,0.1031,0.7798,3.832
108,F_N+PB,3,SVR_rbf,B_latidos,1406,352,one-beat-ahead,0.3967,0.108343,0.329155,0.146645,5.6946,0.6977,0.8526,0.748
108,F_N+PB,3,MLP,B_latidos,1406,352,one-beat-ahead,0.2566,0.611744,0.78214,0.476906,12.5716,0.012,0.5673,1.793
108,F_N+PB,5,LinReg,B_latidos,1404,352,one-beat-ahead,-3520751.5345,2896664.265015,1701.958949,122.994015,34903.5239,0.073,0.9586,4.812
108,F_N+PB,5,DT,B_latidos,1404,352,one-beat-ahead,-0.0539,0.867112,0.931188,0.53487,13.6632,0.0044,0.7129,11.454
108,F_N+PB,5,RF,B_latidos,1404,352,one-beat-ahead,0.2872,0.586483,0.765822,0.455619,13.6515,0.0733,0.7785,6.8
108,F_N+PB,5,SVR_rbf,B_latidos,1404,352,one-beat-ahead,0.253,0.134106,0.366205,0.191358,6.2683,0.0912,0.755,0.209
108,F_N+PB,5,MLP,B_latidos,1404,352,one-beat-ahead,0.2267,0.636246,0.797651,0.481587,12.8497,0.0052,0.6004,1.642
108,F_N+PB,10,LinReg,B_latidos,1400,351,one-beat-ahead,-38.172,32.17897,5.672651,2.522797,92.1099,0.043,1.0,2.449
108,F_N+PB,10,DT,B_latidos,1400,351,one-beat-ahead,-0.0303,0.846394,0.919997,0.533054,12.9743,0.0059,0.7215,24.773
108,F_N+PB,10,RF,B_latidos,1400,351,one-beat-ahead,0.2876,0.585238,0.765009,0.455982,12.8954,0.0782,0.7884,7.209
108,F_N+PB,10,SVR_rbf,B_latidos,1400,351,one-beat-ahead,0.1556,0.151969,0.389832,0.218483,6.5167,0.189,0.6673,0.35
108,F_N+PB,10,MLP,B_latidos,1400,351,one-beat-ahead,0.1811,0.672749,0.820213,0.499829,13.1792,0.0045,0.5482,4.297
108,F_N+MED,3,LinReg,B_latidos,1406,352,one-beat-ahead,0.5227,1.282957,1.132677,0.730369,20.3826,0.0278,0.8877,0.519
108,F_N+MED,3,DT,B_latidos,1406,352,one-beat-ahead,0.5266,1.272509,1.128055,0.648267,20.6485,0.003,0.8316,6.917
108,F_N+MED,3,RF,B_latidos,1406,352,one-beat-ahead,0.6774,0.867057,0.931159,0.526723,17.4019,0.0701,0.8245,5.908
108,F_N+MED,3,SVR_rbf,B_latidos,1406,352,one-beat-ahead,0.4156,1.36235,1.167197,0.459861,19.1933,0.8689,0.7386,0.848
108,F_N+MED,3,MLP,B_latidos,1406,352,one-beat-ahead,0.6325,0.987745,0.993854,0.566925,17.2765,0.0121,0.7206,2.216
108,F_N+MED,5,LinReg,B_latidos,1404,352,one-beat-ahead,-1.5751,6.913747,2.6294,1.779021,48.0489,0.0784,0.9786,1.462
108,F_N+MED,5,DT,B_latidos,1404,352,one-beat-ahead,0.4724,1.416408,1.19013,0.66036,23.4759,0.0042,0.8327,12.528
108,F_N+MED,5,RF,B_latidos,1404,352,one-beat-ahead,0.6577,0.918979,0.958634,0.529985,17.9404,0.081,0.8174,4.963
108,F_N+MED,5,SVR_rbf,B_latidos,1404,352,one-beat-ahead,0.3313,1.557227,1.247889,0.554386,20.7974,0.1755,0.7351,0.29
108,F_N+MED,5,MLP,B_latidos,1404,352,one-beat-ahead,0.6017,1.069456,1.034145,0.597369,17.3129,0.0046,0.8219,5.87
108,F_N+MED,10,LinReg,B_latidos,1400,351,one-beat-ahead,0.2246,2.083137,1.443308,0.977412,25.6961,0.0419,1.0,2.484
108,F_N+MED,10,DT,B_latidos,1400,351,one-beat-ahead,0.5329,1.254762,1.120162,0.631854,19.0214,0.0051,0.842,24.957
108,F_N+MED,10,RF,B_latidos,1400,351,one-beat-ahead,0.6452,0.953264,0.976352,0.546097,19.3797,0.1084,0.807,6.98
108,F_N+MED,10,SVR_rbf,B_latidos,1400,351,one-beat-ahead,0.2701,1.701192,1.304297,0.645683,21.87,0.091,0.7334,0.185
108,F_N+MED,10,MLP,B_latidos,1400,351,one-beat-ahead,0.5834,1.119297,1.057968,0.648825,20.7522,0.068,0.6726,2.369
108,F_N+PB+MED,3,LinReg,B_latidos,1406,352,one-beat-ahead,-0.8586,1.744692,1.320868,0.793199,22.8564,0.0356,0.8497,1.75
108,F_N+PB+MED,3,DT,B_latidos,1406,352,one-beat-ahead,0.0588,0.883478,0.939935,0.553407,15.7114,0.0026,0.71,7.068
108,F_N+PB+MED,3,RF,B_latidos,1406,352,one-beat-ahead,0.355,0.605474,0.778122,0.483751,13.5496,0.0757,0.7738,4.258
108,F_N+PB+MED,3,SVR_rbf,B_latidos,1406,352,one-beat-ahead,0.305,0.244637,0.494608,0.165514,8.2966,1.3456,0.824,0.972
108,F_N+PB+MED,3,MLP,B_latidos,1406,352,one-beat-ahead,0.3049,0.652492,0.807769,0.514488,12.8933,0.0112,0.5632,1.833
108,F_N+PB+MED,5,LinReg,B_latidos,1404,352,one-beat-ahead,-10.6666,10.947793,3.308745,1.924058,79.0224,0.0656,0.9734,1.451
108,F_N+PB+MED,5,DT,B_latidos,1404,352,one-beat-ahead,0.0935,0.850603,0.922281,0.54453,14.3029,0.0035,0.712,12.649
108,F_N+PB+MED,5,RF,B_latidos,1404,352,one-beat-ahead,0.3415,0.617891,0.78606,0.486789,13.1416,0.0709,0.7782,5.006
108,F_N+PB+MED,5,SVR_rbf,B_latidos,1404,352,one-beat-ahead,0.1789,0.28894,0.537531,0.23162,8.997,0.0882,0.7537,0.199
108,F_N+PB+MED,5,MLP,B_latidos,1404,352,one-beat-ahead,0.2895,0.666683,0.816507,0.522902,14.133,0.0047,0.6904,2.107
108,F_N+PB+MED,10,LinReg,B_latidos,1400,351,one-beat-ahead,-1.7129,2.546085,1.595646,1.036076,26.9747,0.0451,1.0,3.761
108,F_N+PB+MED,10,DT,B_latidos,1400,351,one-beat-ahead,-0.0306,0.967238,0.983482,0.571608,14.4645,0.007,0.7157,24.307
108,F_N+PB+MED,10,RF,B_latidos,1400,351,one-beat-ahead,0.3549,0.605414,0.778084,0.484338,14.2344,0.0772,0.7749,8.989
108,F_N+PB+MED,10,SVR_rbf,B_latidos,1400,351,one-beat-ahead,0.1504,0.299765,0.547508,0.25733,9.3961,0.0958,0.6776,0.213
108,F_N+PB+MED,10,MLP,B_latidos,1400,351,one-beat-ahead,0.2381,0.71501,0.845583,0.543435,14.5012,0.0052,0.6152,1.513
109,F_SIN,3,LinReg,B_latidos,2021,506,one-beat-ahead,0.549,1.104452,1.050929,0.531457,16.6146,0.027,0.9577,0.605
109,F_SIN,3,DT,B_latidos,2021,506,one-beat-ahead,0.6151,0.942516,0.970832,0.527455,20.7836,0.0024,0.9409,11.57
109,F_SIN,3,RF,B_latidos,2021,506,one-beat-ahead,0.6361,0.891141,0.944003,0.500723,21.488,0.0722,0.9578,6.537
109,F_SIN,3,SVR_rbf,B_latidos,2021,506,one-beat-ahead,0.1618,0.121802,0.349002,0.149253,7.1662,0.9633,0.9618,2.211
109,F_SIN,3,MLP,B_latidos,2021,506,one-beat-ahead,0.7597,0.588387,0.767064,0.374962,13.9073,0.0629,0.9456,9.361
109,F_SIN,5,LinReg,B_latidos,2020,505,one-beat-ahead,0.4579,1.329447,1.153016,0.588203,20.6581,0.048,0.9782,3.141
109,F_SIN,5,DT,B_latidos,2020,505,one-beat-ahead,0.5691,1.056816,1.028015,0.552199,21.4515,0.0033,0.9426,18.069
109,F_SIN,5,RF,B_latidos,2020,505,one-beat-ahead,0.654,0.8485,0.921141,0.486956,20.0472,0.0743,0.9606,9.452
109,F_SIN,5,SVR_rbf,B_latidos,2020,505,one-beat-ahead,-0.0072,0.146676,0.382983,0.172477,7.5634,0.1198,0.9739,0.786
109,F_SIN,5,MLP,B_latidos,2020,505,one-beat-ahead,0.7081,0.715972,0.846151,0.408761,15.2106,0.0042,0.9696,4.884
109,F_SIN,10,LinReg,B_latidos,2016,504,one-beat-ahead,-0.1626,2.855187,1.68973,0.962758,23.5927,0.0419,1.0,10.324
109,F_SIN,10,DT,B_latidos,2016,504,one-beat-ahead,0.5756,1.042234,1.020899,0.537934,18.4084,0.0055,0.9591,36.15
109,F_SIN,10,RF,B_latidos,2016,504,one-beat-ahead,0.6403,0.883346,0.939865,0.500248,18.8328,0.0537,0.9705,13.063
109,F_SIN,10,SVR_rbf,B_latidos,2016,504,one-beat-ahead,0.0087,0.144663,0.380345,0.169145,7.4812,0.116,0.9802,0.554
109,F_SIN,10,MLP,B_latidos,2016,504,one-beat-ahead,0.6106,0.956279,0.977895,0.461259,14.7817,0.0054,0.9716,9.044
109,F_N,3,LinReg,B_latidos,2021,506,one-beat-ahead,0.5879,1.009388,1.004683,0.506295,16.0684,0.0254,0.9584,0.585
109,F_N,3,DT,B_latidos,2021,506,one-beat-ahead,0.6641,0.822733,0.907046,0.502686,19.4158,0.0032,0.9433,11.198
109,F_N,3,RF,B_latidos,2021,506,one-beat-ahead,0.6498,0.857807,0.926179,0.483113,21.1637,0.0487,0.9583,6.571
109,F_N,3,SVR_rbf,B_latidos,2021,506,one-beat-ahead,0.1737,0.119957,0.346348,0.143018,7.1354,0.9283,0.9684,1.297
109,F_N,3,MLP,B_latidos,2021,506,one-beat-ahead,0.7857,0.524812,0.724439,0.361613,12.7307,0.0121,0.9419,10.918
109,F_N,5,LinReg,B_latidos,2020,505,one-beat-ahead,0.4694,1.301357,1.14077,0.596268,20.8727,0.0421,0.9787,2.218
109,F_N,5,DT,B_latidos,2020,505,one-beat-ahead,0.6099,0.956946,0.978236,0.532651,19.25,0.0038,0.9425,18.76
109,F_N,5,RF,B_latidos,2020,505,one-beat-ahead,0.6556,0.844849,0.919157,0.485394,20.1317,0.0524,0.9604,9.171
109,F_N,5,SVR_rbf,B_latidos,2020,505,one-beat-ahead,-0.0109,0.147086,0.383517,0.17302,7.5669,0.1161,0.9783,0.596
109,F_N,5,MLP,B_latidos,2020,505,one-beat-ahead,0.6576,0.839857,0.916437,0.460568,16.3664,0.0056,0.9706,9.998
109,F_N,10,LinReg,B_latidos,2016,504,one-beat-ahead,0.0851,2.247302,1.4991,0.801541,21.2921,0.1091,1.0,8.568
109,F_N,10,DT,B_latidos,2016,504,one-beat-ahead,0.5806,1.030169,1.014973,0.538849,17.5373,0.0054,0.959,37.303
109,F_N,10,RF,B_latidos,2016,504,one-beat-ahead,0.6397,0.884906,0.940694,0.500465,18.9186,0.0519,0.9705,13.022
109,F_N,10,SVR_rbf,B_latidos,2016,504,one-beat-ahead,0.0094,0.14444,0.380053,0.168315,7.4717,0.1183,0.983,0.586
109,F_N,10,MLP,B_latidos,2016,504,one-beat-ahead,0.6276,0.914646,0.956371,0.445247,13.6671,0.0043,0.9703,3.959
109,F_PB,3,LinReg,B_latidos,2021,506,one-beat-ahead,-1779.8751,4197.394129,64.787299,3.645037,1406.4141,0.0335,0.9629,0.521
109,F_PB,3,DT,B_latidos,2021,506,one-beat-ahead,0.5511,1.05795,1.028567,0.498962,20.345,0.0025,0.9545,11.472
109,F_PB,3,RF,B_latidos,2021,506,one-beat-ahead,0.6235,0.88728,0.941955,0.483739,22.3063,0.0973,0.9626,6.565
109,F_PB,3,SVR_rbf,B_latidos,2021,506,one-beat-ahead,0.0446,0.015118,0.122955,0.082893,2.2245,0.7158,0.9101,1.775
109,F_PB,3,MLP,B_latidos,2021,506,one-beat-ahead,0.8008,0.469494,0.685196,0.32276,13.9535,0.0111,0.9433,6.269
109,F_PB,5,LinReg,B_latidos,2020,505,one-beat-ahead,-17466.1302,41203.707241,202.986963,12.896853,12608.8599,0.0642,0.9812,5.724
109,F_PB,5,DT,B_latidos,2020,505,one-beat-ahead,0.5875,0.973022,0.986419,0.486723,18.7938,0.003,0.9564,18.581
109,F_PB,5,RF,B_latidos,2020,505,one-beat-ahead,0.6481,0.83016,0.911131,0.467719,21.3648,0.0513,0.9685,8.692
109,F_PB,5,SVR_rbf,B_latidos,2020,505,one-beat-ahead,-0.6454,0.026078,0.161488,0.113023,2.4768,0.2077,0.9176,0.808
109,F_PB,5,MLP,B_latidos,2020,505,one-beat-ahead,0.7355,0.62403,0.789956,0.378242,17.846,0.0043,0.9727,7.357
109,F_PB,10,LinReg,B_latidos,2016,504,one-beat-ahead,-12.4838,31.824402,5.641312,2.051432,58.1885,0.0415,1.0,10.256
109,F_PB,10,DT,B_latidos,2016,504,one-beat-ahead,0.2383,1.797669,1.340772,0.639553,22.2556,0.0055,0.9676,36.898
109,F_PB,10,RF,B_latidos,2016,504,one-beat-ahead,0.6128,0.913979,0.956023,0.489308,19.6042,0.053,0.9761,13.621
109,F_PB,10,SVR_rbf,B_latidos,2016,504,one-beat-ahead,-0.566,0.024847,0.15763,0.110409,2.4301,0.1076,0.9274,0.539
109,F_PB,10,MLP,B_latidos,2016,504,one-beat-ahead,0.7508,0.588191,0.766936,0.375105,13.3776,0.0042,0.9765,10.789
109,F_MED,3,LinReg,B_latidos,2021,506,one-beat-ahead,0.3693,2.074657,1.440367,0.632141,18.4323,0.0296,0.9657,0.566
109,F_MED,3,DT,B_latidos,2021,506,one-beat-ahead,0.5662,1.426797,1.194486,0.673281,24.9868,0.0024,0.9432,11.528
109,F_MED,3,RF,B_latidos,2021,506,one-beat-ahead,0.5788,1.385485,1.177066,0.629265,26.0596,0.0492,0.958,5.738
109,F_MED,3,SVR_rbf,B_latidos,2021,506,one-beat-ahead,0.1226,0.271922,0.521461,0.199048,10.5736,0.7354,0.9886,1.149
109,F_MED,3,MLP,B_latidos,2021,506,one-beat-ahead,0.6864,1.031634,1.015694,0.517847,16.5842,0.0114,0.948,13.06
109,F_MED,5,LinReg,B_latidos,2020,505,one-beat-ahead,-0.0147,3.34574,1.829136,0.87606,29.4991,0.0696,0.9808,2.546
109,F_MED,5,DT,B_latidos,2020,505,one-beat-ahead,0.531,1.54661,1.243628,0.697429,24.9062,0.0031,0.9433,19.424
109,F_MED,5,RF,B_latidos,2020,505,one-beat-ahead,0.5792,1.387587,1.177959,0.636589,25.0806,0.0728,0.9585,7.472
109,F_MED,5,SVR_rbf,B_latidos,2020,505,one-beat-ahead,-0.0028,0.311688,0.55829,0.23997,11.1113,0.1465,0.9897,0.592
109,F_MED,5,MLP,B_latidos,2020,505,one-beat-ahead,0.634,1.206977,1.098625,0.545446,23.0518,0.0044,0.9673,9.593
109,F_MED,10,LinReg,B_latidos,2016,504,one-beat-ahead,-0.3851,4.579315,2.139933,1.079408,30.8696,0.0415,1.0,11.378
109,F_MED,10,DT,B_latidos,2016,504,one-beat-ahead,0.5278,1.561295,1.249518,0.703702,23.7491,0.0071,0.9556,36.805
109,F_MED,10,RF,B_latidos,2016,504,one-beat-ahead,0.5674,1.430312,1.195956,0.646136,23.7306,0.0523,0.9684,13.107
109,F_MED,10,SVR_rbf,B_latidos,2016,504,one-beat-ahead,0.0157,0.30689,0.553977,0.234552,10.8838,0.1169,0.9911,0.566
109,F_MED,10,MLP,B_latidos,2016,504,one-beat-ahead,0.6228,1.247107,1.116739,0.596074,17.0995,0.0473,0.9716,7.591
109,F_N+PB,3,LinReg,B_latidos,2021,506,one-beat-ahead,-1866.477,4401.54117,66.344112,3.643484,2481.9467,0.0316,0.9635,1.249
109,F_N+PB,3,DT,B_latidos,2021,506,one-beat-ahead,0.3582,1.512694,1.229916,0.580078,23.0158,0.0029,0.9536,10.613
109,F_N+PB,3,RF,B_latidos,2021,506,one-beat-ahead,0.6356,0.858924,0.926782,0.473974,22.1338,0.0719,0.9623,8.488
109,F_N+PB,3,SVR_rbf,B_latidos,2021,506,one-beat-ahead,0.0322,0.015319,0.123771,0.083898,2.2299,0.7913,0.9099,1.356
109,F_N+PB,3,MLP,B_latidos,2021,506,one-beat-ahead,0.7806,0.517026,0.719045,0.331744,14.0426,0.0109,0.947,12.654
109,F_N+PB,5,LinReg,B_latidos,2020,505,one-beat-ahead,-10650.2812,25125.794463,158.511181,10.64826,2122.8219,0.0377,0.9817,2.148
109,F_N+PB,5,DT,B_latidos,2020,505,one-beat-ahead,0.5862,0.976229,0.988043,0.488211,18.8546,0.0039,0.9574,19.283
109,F_N+PB,5,RF,B_latidos,2020,505,one-beat-ahead,0.6565,0.810324,0.90018,0.460154,21.0717,0.0528,0.9692,9.343
109,F_N+PB,5,SVR_rbf,B_latidos,2020,505,one-beat-ahead,-0.6484,0.026132,0.161655,0.113181,2.4767,0.1042,0.9176,0.573
109,F_N+PB,5,MLP,B_latidos,2020,505,one-beat-ahead,0.7396,0.614255,0.783744,0.377363,17.59,0.0045,0.9727,10.867
109,F_N+PB,10,LinReg,B_latidos,2016,504,one-beat-ahead,-10.0401,26.057101,5.104616,1.856433,90.0494,0.0954,1.0,8.475
109,F_N+PB,10,DT,B_latidos,2016,504,one-beat-ahead,0.194,1.902224,1.379211,0.660364,23.3397,0.0058,0.9672,38.639
109,F_N+PB,10,RF,B_latidos,2016,504,one-beat-ahead,0.6136,0.912094,0.955036,0.489765,19.654,0.0554,0.976,13.417
109,F_N+PB,10,SVR_rbf,B_latidos,2016,504,one-beat-ahead,-0.5644,0.024829,0.157571,0.110371,2.4311,0.1046,0.9273,0.512
109,F_N+PB,10,MLP,B_latidos,2016,504,one-beat-ahead,0.7429,0.606868,0.779017,0.379329,13.3165,0.0129,0.9774,6.945
109,F_N+MED,3,LinReg,B_latidos,2021,506,one-beat-ahead,0.3823,2.028881,1.424388,0.60356,20.9703,0.0372,0.9669,2.394
109,F_N+MED,3,DT,B_latidos,2021,506,one-beat-ahead,0.5889,1.350096,1.161936,0.653039,24.7761,0.0024,0.9418,10.479
109,F_N+MED,3,RF,B_latidos,2021,506,one-beat-ahead,0.5931,1.336255,1.155965,0.620013,25.5652,0.0523,0.9589,8.282
109,F_N+MED,3,SVR_rbf,B_latidos,2021,506,one-beat-ahead,0.127,0.270525,0.52012,0.195741,10.5581,0.6418,0.9894,1.066
109,F_N+MED,3,MLP,B_latidos,2021,506,one-beat-ahead,0.7072,0.961516,0.980569,0.527802,16.5753,0.0115,0.944,10.719
109,F_N+MED,5,LinReg,B_latidos,2020,505,one-beat-ahead,-0.0136,3.337154,1.826788,0.828248,34.9036,0.0486,0.9818,2.468
109,F_N+MED,5,DT,B_latidos,2020,505,one-beat-ahead,0.5553,1.464265,1.210068,0.676796,24.6683,0.0031,0.9419,18.382
109,F_N+MED,5,RF,B_latidos,2020,505,one-beat-ahead,0.5774,1.391533,1.179633,0.636002,25.0576,0.0529,0.9589,10.093
109,F_N+MED,5,SVR_rbf,B_latidos,2020,505,one-beat-ahead,-0.0017,0.311326,0.557966,0.240198,11.0937,0.1146,0.9899,0.611
109,F_N+MED,5,MLP,B_latidos,2020,505,one-beat-ahead,0.6532,1.141922,1.068608,0.518857,22.726,0.011,0.9643,3.642
109,F_N+MED,10,LinReg,B_latidos,2016,504,one-beat-ahead,-0.6343,5.394993,2.322712,1.162686,31.6711,0.0456,1.0,9.811
109,F_N+MED,10,DT,B_latidos,2016,504,one-beat-ahead,0.4087,1.951978,1.397132,0.774884,24.6888,0.0054,0.9598,36.451
109,F_N+MED,10,RF,B_latidos,2016,504,one-beat-ahead,0.5639,1.439556,1.199815,0.648757,23.9209,0.0529,0.9672,14.067
109,F_N+MED,10,SVR_rbf,B_latidos,2016,504,one-beat-ahead,0.0148,0.307156,0.554216,0.234815,10.8665,0.137,0.9916,0.603
109,F_N+MED,10,MLP,B_latidos,2016,504,one-beat-ahead,0.6362,1.201036,1.095918,0.610434,17.3777,0.0043,0.9677,9.265
109,F_N+PB+MED,3,LinReg,B_latidos,2021,506,one-beat-ahead,0.4981,1.574618,1.254838,0.521264,18.7426,0.0253,0.9704,0.549
109,F_N+PB+MED,3,DT,B_latidos,2021,506,one-beat-ahead,0.5618,1.374823,1.172528,0.624199,23.7735,0.0041,0.9541,11.954
109,F_N+PB+MED,3,RF,B_latidos,2021,506,one-beat-ahead,0.6088,1.227154,1.10777,0.594326,25.4689,0.0732,0.9641,5.983
109,F_N+PB+MED,3,SVR_rbf,B_latidos,2021,506,one-beat-ahead,0.0899,0.026016,0.161296,0.100286,3.1018,0.486,0.9571,1.066
109,F_N+PB+MED,3,MLP,B_latidos,2021,506,one-beat-ahead,0.6707,1.033258,1.016493,0.435112,15.8918,0.011,0.9577,16.891
109,F_N+PB+MED,5,LinReg,B_latidos,2020,505,one-beat-ahead,-0.1283,3.544355,1.882646,0.767686,30.696,0.0266,0.9842,5.192
109,F_N+PB+MED,5,DT,B_latidos,2020,505,one-beat-ahead,0.5456,1.427327,1.194708,0.633332,23.6953,0.0032,0.9554,19.329
109,F_N+PB+MED,5,RF,B_latidos,2020,505,one-beat-ahead,0.5928,1.279109,1.130977,0.615114,25.9877,0.0521,0.9665,10.303
109,F_N+PB+MED,5,SVR_rbf,B_latidos,2020,505,one-beat-ahead,-0.6502,0.047248,0.217366,0.150532,3.4308,0.1011,0.952,0.512
109,F_N+PB+MED,5,MLP,B_latidos,2020,505,one-beat-ahead,0.5916,1.282755,1.132588,0.573054,26.3243,0.0041,0.9789,7.559
109,F_N+PB+MED,10,LinReg,B_latidos,2016,504,one-beat-ahead,-0.763,5.543762,2.354519,1.104308,27.3398,0.0443,1.0,9.324
109,F_N+PB+MED,10,DT,B_latidos,2016,504,one-beat-ahead,0.3545,2.029871,1.424736,0.746363,23.339,0.0066,0.9665,37.894
109,F_N+PB+MED,10,RF,B_latidos,2016,504,one-beat-ahead,0.5523,1.40784,1.186524,0.646265,24.2904,0.0523,0.9731,11.694
109,F_N+PB+MED,10,SVR_rbf,B_latidos,2016,504,one-beat-ahead,-0.6129,0.046232,0.215016,0.148701,3.3552,0.2177,0.9438,0.492
109,F_N+PB+MED,10,MLP,B_latidos,2016,504,one-beat-ahead,0.7318,0.843313,0.918321,0.51812,15.9349,0.0041,0.9729,8.637
111,F_SIN,3,LinReg,B_latidos,1695,424,one-beat-ahead,0.4215,0.373288,0.610973,0.407776,10.2808,0.0417,0.8797,0.517
111,F_SIN,3,DT,B_latidos,1695,424,one-beat-ahead,0.6153,0.248241,0.498238,0.315163,9.2351,0.0032,0.8539,9.224
111,F_SIN,3,RF,B_latidos,1695,424,one-beat-ahead,0.7112,0.186349,0.431682,0.277485,7.717,0.0652,0.8616,4.973
111,F_SIN,3,SVR_rbf,B_latidos,1695,424,one-beat-ahead,0.9513,0.009904,0.099519,0.06439,2.0135,1.0641,0.8289,1.119
111,F_SIN,3,MLP,B_latidos,1695,424,one-beat-ahead,0.7233,0.178526,0.422523,0.282776,7.4655,0.0113,0.7907,9.034
111,F_SIN,5,LinReg,B_latidos,1693,424,one-beat-ahead,-0.4304,0.922413,0.960423,0.651205,14.2424,0.0564,0.9501,1.907
111,F_SIN,5,DT,B_latidos,1693,424,one-beat-ahead,0.6296,0.238881,0.488755,0.310226,8.5827,0.0032,0.8501,14.825
111,F_SIN,5,RF,B_latidos,1693,424,one-beat-ahead,0.7113,0.186201,0.43151,0.279412,7.8395,0.0606,0.8586,5.945
111,F_SIN,5,SVR_rbf,B_latidos,1693,424,one-beat-ahead,0.9177,0.016734,0.12936,0.082437,2.5656,0.1995,0.8223,0.477
111,F_SIN,5,MLP,B_latidos,1693,424,one-beat-ahead,0.6968,0.195505,0.44216,0.31116,7.7549,0.0043,0.797,5.409
111,F_SIN,10,LinReg,B_latidos,1689,423,one-beat-ahead,-0.4433,0.92994,0.964334,0.644785,16.0033,0.0732,1.0,5.334
111,F_SIN,10,DT,B_latidos,1689,423,one-beat-ahead,0.606,0.253879,0.503864,0.320294,10.0088,0.0048,0.8588,29.594
111,F_SIN,10,RF,B_latidos,1689,423,one-beat-ahead,0.7109,0.186284,0.431607,0.280741,9.2492,0.0626,0.8638,10.944
111,F_SIN,10,SVR_rbf,B_latidos,1689,423,one-beat-ahead,0.818,0.036943,0.192207,0.142439,3.6992,0.1089,0.8132,0.317
111,F_SIN,10,MLP,B_latidos,1689,423,one-beat-ahead,0.6389,0.232682,0.482372,0.347723,10.6066,0.0049,0.7632,1.499
111,F_N,3,LinReg,B_latidos,1695,424,one-beat-ahead,0.4457,0.357419,0.597845,0.398229,10.0417,0.0441,0.8802,0.55
111,F_N,3,DT,B_latidos,1695,424,one-beat-ahead,0.619,0.245702,0.495684,0.315826,8.4239,0.0026,0.8464,9.694
111,F_N,3,RF,B_latidos,1695,424,one-beat-ahead,0.7144,0.184187,0.42917,0.274529,7.6605,0.0592,0.865,4.733
111,F_N,3,SVR_rbf,B_latidos,1695,424,one-beat-ahead,0.9581,0.008512,0.092262,0.057054,1.8717,0.9648,0.8289,1.201
111,F_N,3,MLP,B_latidos,1695,424,one-beat-ahead,0.7292,0.174589,0.417839,0.278835,7.3221,0.0117,0.7855,8.617
111,F_N,5,LinReg,B_latidos,1693,424,one-beat-ahead,-0.4185,0.914129,0.956101,0.645847,15.1702,0.068,0.9479,1.793
111,F_N,5,DT,B_latidos,1693,424,one-beat-ahead,0.6126,0.249664,0.499664,0.319966,8.5533,0.0035,0.8546,15.707
111,F_N,5,RF,B_latidos,1693,424,one-beat-ahead,0.7138,0.184464,0.429492,0.276311,7.9005,0.06,0.8601,7.726
111,F_N,5,SVR_rbf,B_latidos,1693,424,one-beat-ahead,0.9256,0.015088,0.122832,0.07703,2.4423,0.2,0.8225,0.559
111,F_N,5,MLP,B_latidos,1693,424,one-beat-ahead,0.6878,0.201166,0.448515,0.314639,7.9231,0.0043,0.855,2.637
111,F_N,10,LinReg,B_latidos,1689,423,one-beat-ahead,-0.2552,0.808188,0.898993,0.592366,15.1533,0.0423,1.0,5.508
111,F_N,10,DT,B_latidos,1689,423,one-beat-ahead,0.6185,0.245624,0.495604,0.320995,9.9381,0.0082,0.8585,30.29
111,F_N,10,RF,B_latidos,1689,423,one-beat-ahead,0.7098,0.18686,0.432273,0.278447,9.4494,0.098,0.864,10.929
111,F_N,10,SVR_rbf,B_latidos,1689,423,one-beat-ahead,0.8245,0.035587,0.188644,0.139121,3.6656,0.1137,0.8133,0.337
111,F_N,10,MLP,B_latidos,1689,423,one-beat-ahead,0.6413,0.230983,0.480607,0.345663,10.5633,0.0049,0.7642,1.532
111,F_PB,3,LinReg,B_latidos,1695,424,one-beat-ahead,0.6881,0.265519,0.515286,0.287275,8.8303,0.0376,0.9147,0.502
111,F_PB,3,DT,B_latidos,1695,424,one-beat-ahead,0.6706,0.28046,0.529585,0.297346,10.1425,0.0026,0.8614,9.395
111,F_PB,3,RF,B_latidos,1695,424,one-beat-ahead,0.7812,0.186306,0.431632,0.250583,7.9155,0.0685,0.9047,4.568
111,F_PB,3,SVR_rbf,B_latidos,1695,424,one-beat-ahead,0.8726,0.004189,0.064719,0.043559,1.2074,1.5437,0.9424,1.436
111,F_PB,3,MLP,B_latidos,1695,424,one-beat-ahead,0.8188,0.154303,0.392814,0.228864,7.3725,0.0128,0.8694,6.951
111,F_PB,5,LinReg,B_latidos,1693,424,one-beat-ahead,0.4299,0.485303,0.696637,0.391065,11.3831,0.0607,0.9682,1.718
111,F_PB,5,DT,B_latidos,1693,424,one-beat-ahead,0.6702,0.280707,0.529818,0.296144,8.3751,0.0042,0.8661,15.196
111,F_PB,5,RF,B_latidos,1693,424,one-beat-ahead,0.7854,0.18265,0.427376,0.251885,7.4861,0.0584,0.9059,8.448
111,F_PB,5,SVR_rbf,B_latidos,1693,424,one-beat-ahead,0.6907,0.010168,0.100839,0.070781,1.8602,0.1243,0.9565,0.369
111,F_PB,5,MLP,B_latidos,1693,424,one-beat-ahead,0.8113,0.16059,0.400737,0.247941,6.876,0.0045,0.8796,2.189
111,F_PB,10,LinReg,B_latidos,1689,423,one-beat-ahead,-3.0961,3.48493,1.866797,1.069967,40.603,0.0416,1.0,9.192
111,F_PB,10,DT,B_latidos,1689,423,one-beat-ahead,0.6689,0.281697,0.530751,0.300401,10.9658,0.0053,0.8832,30.025
111,F_PB,10,RF,B_latidos,1689,423,one-beat-ahead,0.7928,0.176282,0.419859,0.249669,9.5302,0.0612,0.9122,8.558
111,F_PB,10,SVR_rbf,B_latidos,1689,423,one-beat-ahead,0.3821,0.020268,0.142365,0.107395,2.2124,0.1124,0.923,0.328
111,F_PB,10,MLP,B_latidos,1689,423,one-beat-ahead,0.7867,0.181437,0.425954,0.263066,10.1341,0.0048,0.8856,7.031
111,F_MED,3,LinReg,B_latidos,1695,424,one-beat-ahead,0.4406,0.317454,0.563431,0.390567,10.4756,0.0279,0.8777,0.557
111,F_MED,3,DT,B_latidos,1695,424,one-beat-ahead,0.6205,0.2154,0.464113,0.308761,8.4815,0.0031,0.878,8.697
111,F_MED,3,RF,B_latidos,1695,424,one-beat-ahead,0.7133,0.162689,0.403347,0.27074,7.4356,0.0881,0.8727,6.694
111,F_MED,3,SVR_rbf,B_latidos,1695,424,one-beat-ahead,0.9705,0.008196,0.090529,0.047001,1.8578,1.513,0.8132,1.178
111,F_MED,3,MLP,B_latidos,1695,424,one-beat-ahead,0.7173,0.160426,0.400533,0.273447,7.931,0.0216,0.7905,7.927
111,F_MED,5,LinReg,B_latidos,1693,424,one-beat-ahead,-0.4199,0.805142,0.897297,0.622883,15.4157,0.0586,0.9478,2.123
111,F_MED,5,DT,B_latidos,1693,424,one-beat-ahead,0.6292,0.210283,0.458566,0.307473,8.4343,0.0034,0.8743,15.857
111,F_MED,5,RF,B_latidos,1693,424,one-beat-ahead,0.7141,0.162093,0.402607,0.270607,7.6307,0.0922,0.8742,6.083
111,F_MED,5,SVR_rbf,B_latidos,1693,424,one-beat-ahead,0.9412,0.016321,0.127753,0.068131,2.5945,0.2278,0.8068,0.522
111,F_MED,5,MLP,B_latidos,1693,424,one-beat-ahead,0.6722,0.185863,0.431118,0.308234,8.2578,0.0042,0.8203,5.466
111,F_MED,10,LinReg,B_latidos,1689,423,one-beat-ahead,-1.0501,1.161379,1.077673,0.755984,18.6739,0.0467,1.0,6.195
111,F_MED,10,DT,B_latidos,1689,423,one-beat-ahead,0.6326,0.208155,0.45624,0.302981,8.757,0.0069,0.875,33.16
111,F_MED,10,RF,B_latidos,1689,423,one-beat-ahead,0.7032,0.168158,0.410071,0.274558,8.6105,0.0886,0.872,10.208
111,F_MED,10,SVR_rbf,B_latidos,1689,423,one-beat-ahead,0.9057,0.026141,0.161681,0.102408,3.1837,0.12,0.8036,0.313
111,F_MED,10,MLP,B_latidos,1689,423,one-beat-ahead,0.6334,0.207654,0.455691,0.333505,9.117,0.0538,0.7912,2.667
111,F_N+PB,3,LinReg,B_latidos,1695,424,one-beat-ahead,0.6896,0.264259,0.514061,0.287009,9.3812,0.0465,0.9163,1.878
111,F_N+PB,3,DT,B_latidos,1695,424,one-beat-ahead,0.6794,0.272975,0.52247,0.295305,9.4819,0.0028,0.8646,8.968
111,F_N+PB,3,RF,B_latidos,1695,424,one-beat-ahead,0.7782,0.188856,0.434575,0.251196,7.8309,0.0839,0.9039,6.961
111,F_N+PB,3,SVR_rbf,B_latidos,1695,424,one-beat-ahead,0.873,0.004173,0.064601,0.043533,1.2055,1.0924,0.9425,1.529
111,F_N+PB,3,MLP,B_latidos,1695,424,one-beat-ahead,0.8179,0.155065,0.393782,0.227395,7.46,0.0111,0.8755,13.35
111,F_N+PB,5,LinReg,B_latidos,1693,424,one-beat-ahead,0.4547,0.46421,0.681329,0.382541,11.2544,0.0483,0.969,1.779
111,F_N+PB,5,DT,B_latidos,1693,424,one-beat-ahead,0.6947,0.259872,0.509777,0.289905,8.6342,0.0055,0.8705,15.285
111,F_N+PB,5,RF,B_latidos,1693,424,one-beat-ahead,0.7808,0.186561,0.431927,0.253742,7.8107,0.0844,0.9044,6.157
111,F_N+PB,5,SVR_rbf,B_latidos,1693,424,one-beat-ahead,0.691,0.010152,0.100758,0.070751,1.8579,0.2047,0.9564,0.581
111,F_N+PB,5,MLP,B_latidos,1693,424,one-beat-ahead,0.8087,0.162865,0.403566,0.246312,6.8501,0.0058,0.8969,5.958
111,F_N+PB,10,LinReg,B_latidos,1689,423,one-beat-ahead,-3.3444,3.696174,1.922544,1.054908,28.565,0.0413,1.0,5.343
111,F_N+PB,10,DT,B_latidos,1689,423,one-beat-ahead,0.6807,0.271674,0.521223,0.300779,10.0562,0.0054,0.8836,29.924
111,F_N+PB,10,RF,B_latidos,1689,423,one-beat-ahead,0.7956,0.173859,0.416965,0.248288,9.3953,0.0894,0.9119,11.009
111,F_N+PB,10,SVR_rbf,B_latidos,1689,423,one-beat-ahead,0.3814,0.020281,0.142411,0.107496,2.2106,0.1165,0.9229,0.346
111,F_N+PB,10,MLP,B_latidos,1689,423,one-beat-ahead,0.7858,0.182239,0.426894,0.263598,10.1186,0.0049,0.8851,2.436
111,F_N+MED,3,LinReg,B_latidos,1695,424,one-beat-ahead,0.3803,0.351809,0.593135,0.41353,10.5254,0.0447,0.8848,0.59
111,F_N+MED,3,DT,B_latidos,1695,424,one-beat-ahead,0.6134,0.219459,0.468464,0.315701,8.5891,0.0028,0.8782,9.776
111,F_N+MED,3,RF,B_latidos,1695,424,one-beat-ahead,0.715,0.161811,0.402257,0.270851,7.4215,0.0582,0.875,4.83
111,F_N+MED,3,SVR_rbf,B_latidos,1695,424,one-beat-ahead,0.9694,0.008512,0.09226,0.046758,1.8945,1.8311,0.8126,1.336
111,F_N+MED,3,MLP,B_latidos,1695,424,one-beat-ahead,0.7239,0.156708,0.395863,0.273332,7.6402,0.0113,0.7719,3.04
111,F_N+MED,5,LinReg,B_latidos,1693,424,one-beat-ahead,-0.6868,0.956754,0.978138,0.682959,17.2728,0.0439,0.9496,1.903
111,F_N+MED,5,DT,B_latidos,1693,424,one-beat-ahead,0.6082,0.22221,0.471391,0.315732,8.7043,0.0035,0.8768,14.992
111,F_N+MED,5,RF,B_latidos,1693,424,one-beat-ahead,0.7192,0.159262,0.399076,0.268295,7.6444,0.0601,0.8726,7.58
111,F_N+MED,5,SVR_rbf,B_latidos,1693,424,one-beat-ahead,0.9396,0.016781,0.12954,0.06809,2.6268,0.2052,0.8061,0.508
111,F_N+MED,5,MLP,B_latidos,1693,424,one-beat-ahead,0.6682,0.188197,0.433817,0.309955,8.3918,0.0044,0.8093,2.409
111,F_N+MED,10,LinReg,B_latidos,1689,423,one-beat-ahead,-1.2047,1.249297,1.117719,0.757026,18.7356,0.0425,1.0,5.382
111,F_N+MED,10,DT,B_latidos,1689,423,one-beat-ahead,0.6258,0.212034,0.460472,0.310968,9.2211,0.0068,0.8773,30.809
111,F_N+MED,10,RF,B_latidos,1689,423,one-beat-ahead,0.6957,0.172457,0.415279,0.277908,8.6002,0.0932,0.8728,11.087
111,F_N+MED,10,SVR_rbf,B_latidos,1689,423,one-beat-ahead,0.9045,0.026509,0.162816,0.101739,3.2038,0.1169,0.8029,0.32
111,F_N+MED,10,MLP,B_latidos,1689,423,one-beat-ahead,0.6217,0.214382,0.463014,0.338477,9.106,0.0056,0.7948,1.684
111,F_N+PB+MED,3,LinReg,B_latidos,1695,424,one-beat-ahead,0.6462,0.298149,0.54603,0.343742,9.4648,0.033,0.9311,0.547
111,F_N+PB+MED,3,DT,B_latidos,1695,424,one-beat-ahead,0.6997,0.253079,0.50307,0.309883,8.5734,0.0028,0.8903,10.06
111,F_N+PB+MED,3,RF,B_latidos,1695,424,one-beat-ahead,0.8096,0.160425,0.400531,0.259419,7.2327,0.0635,0.9128,4.701
111,F_N+PB+MED,3,SVR_rbf,B_latidos,1695,424,one-beat-ahead,0.9544,0.002825,0.053153,0.035208,1.052,1.4964,0.9562,1.556
111,F_N+PB+MED,3,MLP,B_latidos,1695,424,one-beat-ahead,0.8308,0.142574,0.377589,0.246991,6.9207,0.0119,0.8816,7.518
111,F_N+PB+MED,5,LinReg,B_latidos,1693,424,one-beat-ahead,0.1412,0.723518,0.850599,0.539272,15.3761,0.0699,0.9733,3.244
111,F_N+PB+MED,5,DT,B_latidos,1693,424,one-beat-ahead,0.6794,0.270084,0.519697,0.317674,8.9855,0.0042,0.8908,15.52
111,F_N+PB+MED,5,RF,B_latidos,1693,424,one-beat-ahead,0.8089,0.161002,0.401251,0.258866,7.2975,0.0596,0.914,7.175
111,F_N+PB+MED,5,SVR_rbf,B_latidos,1693,424,one-beat-ahead,0.811,0.011707,0.108197,0.070921,2.1319,0.104,0.9365,0.4
111,F_N+PB+MED,5,MLP,B_latidos,1693,424,one-beat-ahead,0.8122,0.158249,0.397806,0.275261,7.498,0.0048,0.8757,1.788
111,F_N+PB+MED,10,LinReg,B_latidos,1689,423,one-beat-ahead,-0.0058,0.846548,0.92008,0.607229,14.6351,0.0416,1.0,8.999
111,F_N+PB+MED,10,DT,B_latidos,1689,423,one-beat-ahead,0.7037,0.249436,0.499436,0.3103,10.3647,0.0057,0.8957,30.057
111,F_N+PB+MED,10,RF,B_latidos,1689,423,one-beat-ahead,0.8095,0.160368,0.400459,0.262544,8.5564,0.0651,0.9136,8.915
111,F_N+PB+MED,10,SVR_rbf,B_latidos,1689,423,one-beat-ahead,0.5694,0.026581,0.163038,0.120833,2.8543,0.2083,0.9268,0.564
111,F_N+PB+MED,10,MLP,B_latidos,1689,423,one-beat-ahead,0.7686,0.194788,0.441348,0.310632,9.6663,0.0044,0.8599,4.579
112,F_SIN,3,LinReg,B_latidos,2027,507,one-beat-ahead,0.8822,0.071622,0.267623,0.180017,5.9046,0.0261,0.9621,0.635
112,F_SIN,3,DT,B_latidos,2027,507,one-beat-ahead,0.8913,0.066127,0.257152,0.159109,5.043,0.0032,0.9365,10.916
112,F_SIN,3,RF,B_latidos,2027,507,one-beat-ahead,0.9184,0.04964,0.2228,0.134522,4.7689,0.0498,0.9457,6.174
112,F_SIN,3,SVR_rbf,B_latidos,2027,507,one-beat-ahead,0.9522,0.002361,0.048593,0.039322,1.0592,1.5974,0.9346,1.823
112,F_SIN,3,MLP,B_latidos,2027,507,one-beat-ahead,0.9346,0.039774,0.199435,0.129367,4.6378,0.011,0.9239,8.876
112,F_SIN,5,LinReg,B_latidos,2025,507,one-beat-ahead,0.8024,0.120144,0.346618,0.230758,6.7611,0.0537,0.9794,2.345
112,F_SIN,5,DT,B_latidos,2025,507,one-beat-ahead,0.8943,0.064286,0.253547,0.157163,5.0461,0.004,0.9371,17.844
112,F_SIN,5,RF,B_latidos,2025,507,one-beat-ahead,0.9181,0.04978,0.223114,0.134332,4.7462,0.0779,0.9431,9.538
112,F_SIN,5,SVR_rbf,B_latidos,2025,507,one-beat-ahead,0.8881,0.005518,0.074286,0.059659,1.5783,0.1282,0.8865,0.413
112,F_SIN,5,MLP,B_latidos,2025,507,one-beat-ahead,0.9221,0.047379,0.217668,0.147503,5.0861,0.0043,0.9221,2.194
112,F_SIN,10,LinReg,B_latidos,2021,506,one-beat-ahead,0.6756,0.197147,0.444012,0.305684,8.662,0.0432,1.0,9.868
112,F_SIN,10,DT,B_latidos,2021,506,one-beat-ahead,0.8927,0.065197,0.255338,0.16115,5.5147,0.0053,0.9368,35.796
112,F_SIN,10,RF,B_latidos,2021,506,one-beat-ahead,0.9212,0.047908,0.21888,0.134798,5.0425,0.0767,0.9444,13.186
112,F_SIN,10,SVR_rbf,B_latidos,2021,506,one-beat-ahead,0.8794,0.005952,0.07715,0.062387,1.6315,0.1338,0.8759,0.446
112,F_SIN,10,MLP,B_latidos,2021,506,one-beat-ahead,0.9165,0.050724,0.225219,0.15734,5.3534,0.0043,0.9468,8.9
112,F_N,3,LinReg,B_latidos,2027,507,one-beat-ahead,0.8808,0.072454,0.269173,0.18154,6.0761,0.0246,0.9622,0.597
112,F_N,3,DT,B_latidos,2027,507,one-beat-ahead,0.8986,0.061654,0.248303,0.155932,5.1354,0.0031,0.9358,10.857
112,F_N,3,RF,B_latidos,2027,507,one-beat-ahead,0.9191,0.049174,0.221752,0.133941,4.7539,0.0722,0.9461,6.93
112,F_N,3,SVR_rbf,B_latidos,2027,507,one-beat-ahead,0.9533,0.002302,0.047977,0.038743,1.0437,1.2581,0.9346,1.968
112,F_N,3,MLP,B_latidos,2027,507,one-beat-ahead,0.9404,0.036211,0.190293,0.122836,4.5095,0.0129,0.9366,13.802
112,F_N,5,LinReg,B_latidos,2025,507,one-beat-ahead,0.7997,0.121776,0.348965,0.232768,7.0652,0.0617,0.9794,6.46
112,F_N,5,DT,B_latidos,2025,507,one-beat-ahead,0.8935,0.064717,0.254396,0.157868,5.4336,0.0031,0.9366,18.603
112,F_N,5,RF,B_latidos,2025,507,one-beat-ahead,0.9187,0.04942,0.222306,0.135025,4.8693,0.0562,0.9434,7.906
112,F_N,5,SVR_rbf,B_latidos,2025,507,one-beat-ahead,0.8883,0.005502,0.074174,0.059657,1.5762,0.2533,0.8866,0.627
112,F_N,5,MLP,B_latidos,2025,507,one-beat-ahead,0.9221,0.047373,0.217652,0.147329,5.0333,0.0041,0.9222,3.884
112,F_N,10,LinReg,B_latidos,2021,506,one-beat-ahead,0.6774,0.196014,0.442734,0.305944,8.5934,0.0929,1.0,9.041
112,F_N,10,DT,B_latidos,2021,506,one-beat-ahead,0.8979,0.062041,0.24908,0.156732,5.6693,0.005,0.937,36.233
112,F_N,10,RF,B_latidos,2021,506,one-beat-ahead,0.9221,0.047357,0.217616,0.133857,5.0327,0.0542,0.9459,12.603
112,F_N,10,SVR_rbf,B_latidos,2021,506,one-beat-ahead,0.8798,0.005922,0.076954,0.062191,1.6296,0.1263,0.8759,0.43
112,F_N,10,MLP,B_latidos,2021,506,one-beat-ahead,0.9209,0.048085,0.219284,0.152189,5.3377,0.0041,0.9419,3.492
112,F_PB,3,LinReg,B_latidos,2027,507,one-beat-ahead,0.9046,0.084284,0.290317,0.154023,5.3856,0.0302,0.9709,0.522
112,F_PB,3,DT,B_latidos,2027,507,one-beat-ahead,0.9244,0.066782,0.258422,0.134879,5.1302,0.0024,0.9559,11.339
112,F_PB,3,RF,B_latidos,2027,507,one-beat-ahead,0.9458,0.047903,0.218868,0.118218,4.6404,0.0518,0.9674,5.603
112,F_PB,3,SVR_rbf,B_latidos,2027,507,one-beat-ahead,0.8059,0.001393,0.037318,0.030519,0.7867,1.1619,0.8403,2.378
112,F_PB,3,MLP,B_latidos,2027,507,one-beat-ahead,0.9582,0.036941,0.1922,0.11024,4.1682,0.0111,0.952,15.867
112,F_PB,5,LinReg,B_latidos,2025,507,one-beat-ahead,0.8087,0.169012,0.411111,0.220844,7.24,0.0449,0.9848,2.089
112,F_PB,5,DT,B_latidos,2025,507,one-beat-ahead,0.9187,0.071859,0.268066,0.136077,5.5532,0.0031,0.9562,17.787
112,F_PB,5,RF,B_latidos,2025,507,one-beat-ahead,0.9451,0.048491,0.220207,0.119194,4.8348,0.0537,0.9688,9.588
112,F_PB,5,SVR_rbf,B_latidos,2025,507,one-beat-ahead,0.1769,0.005907,0.076854,0.062124,1.179,0.1244,0.8914,0.563
112,F_PB,5,MLP,B_latidos,2025,507,one-beat-ahead,0.9431,0.050234,0.224129,0.117583,4.5263,0.0043,0.9737,13.034
112,F_PB,10,LinReg,B_latidos,2021,506,one-beat-ahead,-0.9882,1.756475,1.325321,0.752322,32.5426,0.0426,1.0,7.082
112,F_PB,10,DT,B_latidos,2021,506,one-beat-ahead,0.9315,0.060485,0.245936,0.129832,5.4981,0.0055,0.9598,37.209
112,F_PB,10,RF,B_latidos,2021,506,one-beat-ahead,0.9505,0.043704,0.209055,0.117966,4.9463,0.0752,0.9689,12.559
112,F_PB,10,SVR_rbf,B_latidos,2021,506,one-beat-ahead,-0.2166,0.008737,0.093472,0.074714,1.2455,0.1392,0.8982,0.838
112,F_PB,10,MLP,B_latidos,2021,506,one-beat-ahead,0.9438,0.049614,0.222742,0.126156,5.9766,0.0043,0.971,6.486
112,F_MED,3,LinReg,B_latidos,2027,507,one-beat-ahead,0.8889,0.04611,0.214733,0.156143,4.8897,0.0318,0.9708,0.577
112,F_MED,3,DT,B_latidos,2027,507,one-beat-ahead,0.928,0.029851,0.172774,0.12848,3.7033,0.0029,0.9652,11.231
112,F_MED,3,RF,B_latidos,2027,507,one-beat-ahead,0.9465,0.022187,0.148954,0.114142,3.285,0.0691,0.9621,6.495
112,F_MED,3,SVR_rbf,B_latidos,2027,507,one-beat-ahead,0.9988,9.2e-05,0.009595,0.007124,0.2089,0.8721,0.9054,1.845
112,F_MED,3,MLP,B_latidos,2027,507,one-beat-ahead,0.9441,0.023181,0.152253,0.11508,3.3425,0.0266,0.9357,4.141
112,F_MED,5,LinReg,B_latidos,2025,507,one-beat-ahead,0.7755,0.093095,0.305115,0.219473,6.7818,0.0404,0.9842,2.257
112,F_MED,5,DT,B_latidos,2025,507,one-beat-ahead,0.9304,0.028851,0.169855,0.1271,3.7015,0.0039,0.9652,19.014
112,F_MED,5,RF,B_latidos,2025,507,one-beat-ahead,0.9461,0.022344,0.14948,0.114437,3.2126,0.0517,0.9579,7.976
112,F_MED,5,SVR_rbf,B_latidos,2025,507,one-beat-ahead,0.9951,0.000368,0.019177,0.015049,0.4272,0.1116,0.8617,0.338
112,F_MED,5,MLP,B_latidos,2025,507,one-beat-ahead,0.9362,0.026447,0.162627,0.124473,3.3669,0.006,0.9471,2.579
112,F_MED,10,LinReg,B_latidos,2021,506,one-beat-ahead,0.429,0.236623,0.486439,0.350517,9.3892,0.0439,1.0,8.126
112,F_MED,10,DT,B_latidos,2021,506,one-beat-ahead,0.9314,0.028413,0.168562,0.126306,3.533,0.0065,0.9665,36.376
112,F_MED,10,RF,B_latidos,2021,506,one-beat-ahead,0.946,0.022393,0.149642,0.114676,3.2621,0.0527,0.959,11.033
112,F_MED,10,SVR_rbf,B_latidos,2021,506,one-beat-ahead,0.9821,0.001355,0.036806,0.029454,0.8158,0.1231,0.8482,0.38
112,F_MED,10,MLP,B_latidos,2021,506,one-beat-ahead,0.9358,0.026603,0.163105,0.123577,3.7353,0.0042,0.9667,10.162
112,F_N+PB,3,LinReg,B_latidos,2027,507,one-beat-ahead,0.9032,0.085517,0.292433,0.154292,5.4313,0.0247,0.9709,0.525
112,F_N+PB,3,DT,B_latidos,2027,507,one-beat-ahead,0.9224,0.068574,0.261867,0.136531,5.0323,0.0025,0.9562,11.359
112,F_N+PB,3,RF,B_latidos,2027,507,one-beat-ahead,0.9457,0.048008,0.219107,0.118603,4.7077,0.0719,0.9672,5.766
112,F_N+PB,3,SVR_rbf,B_latidos,2027,507,one-beat-ahead,0.8059,0.001393,0.03732,0.03052,0.7866,1.8741,0.8402,1.942
112,F_N+PB,3,MLP,B_latidos,2027,507,one-beat-ahead,0.9567,0.038267,0.195619,0.111875,4.3068,0.011,0.9484,9.08
112,F_N+PB,5,LinReg,B_latidos,2025,507,one-beat-ahead,0.808,0.169641,0.411875,0.221898,6.9131,0.0382,0.985,4.477
112,F_N+PB,5,DT,B_latidos,2025,507,one-beat-ahead,0.9182,0.072262,0.268816,0.136123,5.6034,0.0036,0.9562,17.922
112,F_N+PB,5,RF,B_latidos,2025,507,one-beat-ahead,0.9445,0.049059,0.221493,0.120202,4.6518,0.0528,0.9685,7.887
112,F_N+PB,5,SVR_rbf,B_latidos,2025,507,one-beat-ahead,0.1778,0.005901,0.076816,0.062088,1.1788,0.2582,0.8914,0.898
112,F_N+PB,5,MLP,B_latidos,2025,507,one-beat-ahead,0.9496,0.044547,0.211062,0.116336,4.3779,0.0045,0.9695,7.334
112,F_N+PB,10,LinReg,B_latidos,2021,506,one-beat-ahead,-1.1243,1.87667,1.369916,0.775484,27.1658,0.0481,1.0,10.859
112,F_N+PB,10,DT,B_latidos,2021,506,one-beat-ahead,0.9325,0.059618,0.244169,0.130208,5.2214,0.0054,0.9599,38.009
112,F_N+PB,10,RF,B_latidos,2021,506,one-beat-ahead,0.9506,0.043675,0.208985,0.118087,4.8151,0.0539,0.969,13.144
112,F_N+PB,10,SVR_rbf,B_latidos,2021,506,one-beat-ahead,-0.2159,0.008733,0.093448,0.074696,1.2454,0.1301,0.8982,0.572
112,F_N+PB,10,MLP,B_latidos,2021,506,one-beat-ahead,0.9425,0.050827,0.225448,0.127693,6.0558,0.0058,0.971,12.509
112,F_N+MED,3,LinReg,B_latidos,2027,507,one-beat-ahead,0.8906,0.045391,0.213051,0.154948,4.5322,0.0244,0.9716,0.586
112,F_N+MED,3,DT,B_latidos,2027,507,one-beat-ahead,0.9318,0.028309,0.168253,0.125858,3.7368,0.0023,0.9666,11.862
112,F_N+MED,3,RF,B_latidos,2027,507,one-beat-ahead,0.9457,0.02252,0.150065,0.115037,3.2927,0.0713,0.9616,5.888
112,F_N+MED,3,SVR_rbf,B_latidos,2027,507,one-beat-ahead,0.9988,9e-05,0.00948,0.006932,0.2038,1.1121,0.9054,1.43
112,F_N+MED,3,MLP,B_latidos,2027,507,one-beat-ahead,0.9474,0.021826,0.147735,0.111173,3.2574,0.0128,0.9344,5.506
112,F_N+MED,5,LinReg,B_latidos,2025,507,one-beat-ahead,0.7691,0.095785,0.309492,0.218096,6.6491,0.0406,0.9851,2.717
112,F_N+MED,5,DT,B_latidos,2025,507,one-beat-ahead,0.9335,0.027591,0.166105,0.125067,3.6789,0.004,0.9669,18.643
112,F_N+MED,5,RF,B_latidos,2025,507,one-beat-ahead,0.9474,0.021835,0.147767,0.113263,3.2506,0.051,0.959,9.47
112,F_N+MED,5,SVR_rbf,B_latidos,2025,507,one-beat-ahead,0.9951,0.000368,0.019176,0.015214,0.426,0.1016,0.8618,0.348
112,F_N+MED,5,MLP,B_latidos,2025,507,one-beat-ahead,0.936,0.026574,0.163015,0.125117,3.3397,0.0045,0.9468,2.543
112,F_N+MED,10,LinReg,B_latidos,2021,506,one-beat-ahead,0.4227,0.239373,0.489258,0.353715,9.2,0.0431,1.0,9.766
112,F_N+MED,10,DT,B_latidos,2021,506,one-beat-ahead,0.9342,0.0273,0.165226,0.125216,3.5082,0.0078,0.9675,37.506
112,F_N+MED,10,RF,B_latidos,2021,506,one-beat-ahead,0.9453,0.02266,0.150532,0.115356,3.2698,0.0534,0.9584,12.344
112,F_N+MED,10,SVR_rbf,B_latidos,2021,506,one-beat-ahead,0.9831,0.001279,0.035761,0.028685,0.7928,0.1201,0.8483,0.385
112,F_N+MED,10,MLP,B_latidos,2021,506,one-beat-ahead,0.9348,0.027024,0.16439,0.126082,3.7124,0.0042,0.9506,7.687
112,F_N+PB+MED,3,LinReg,B_latidos,2027,507,one-beat-ahead,0.9711,0.024895,0.157781,0.111329,3.4105,0.0282,0.9873,0.602
112,F_N+PB+MED,3,DT,B_latidos,2027,507,one-beat-ahead,0.9723,0.023848,0.154429,0.105608,3.4533,0.0031,0.9756,11.336
112,F_N+PB+MED,3,RF,B_latidos,2027,507,one-beat-ahead,0.9785,0.018499,0.13601,0.094505,3.032,0.0778,0.9804,5.762
112,F_N+PB+MED,3,SVR_rbf,B_latidos,2027,507,one-beat-ahead,0.9846,0.000112,0.010591,0.006348,0.1884,0.5018,0.9594,1.044
112,F_N+PB+MED,3,MLP,B_latidos,2027,507,one-beat-ahead,0.9786,0.018368,0.13553,0.096296,2.9703,0.0115,0.9727,11.987
112,F_N+PB+MED,5,LinReg,B_latidos,2025,507,one-beat-ahead,0.9475,0.045113,0.212399,0.146618,4.4345,0.0348,0.9934,2.183
112,F_N+PB+MED,5,DT,B_latidos,2025,507,one-beat-ahead,0.9737,0.022608,0.15036,0.104634,3.2476,0.0049,0.9757,19.189
112,F_N+PB+MED,5,RF,B_latidos,2025,507,one-beat-ahead,0.9784,0.018612,0.136426,0.094704,2.9842,0.0513,0.9803,8.912
112,F_N+PB+MED,5,SVR_rbf,B_latidos,2025,507,one-beat-ahead,0.8262,0.001266,0.035575,0.027527,0.7547,0.1585,0.9521,0.536
112,F_N+PB+MED,5,MLP,B_latidos,2025,507,one-beat-ahead,0.9813,0.016065,0.126749,0.092427,2.8146,0.0124,0.9817,9.222
112,F_N+PB+MED,10,LinReg,B_latidos,2021,506,one-beat-ahead,0.8781,0.1048,0.323729,0.231467,7.3297,0.0606,1.0,7.904
112,F_N+PB+MED,10,DT,B_latidos,2021,506,one-beat-ahead,0.9716,0.024443,0.156342,0.107376,3.4137,0.0071,0.976,39.941
112,F_N+PB+MED,10,RF,B_latidos,2021,506,one-beat-ahead,0.9782,0.018762,0.136973,0.095682,3.141,0.0528,0.9802,13.033
112,F_N+PB+MED,10,SVR_rbf,B_latidos,2021,506,one-beat-ahead,0.3474,0.004704,0.068589,0.05442,1.1526,0.1391,0.947,0.571
112,F_N+PB+MED,10,MLP,B_latidos,2021,506,one-beat-ahead,0.9784,0.018547,0.136189,0.10061,3.0901,0.0042,0.9827,5.855
113,F_SIN,3,LinReg,B_latidos,1432,358,one-beat-ahead,-0.3787,1.30717,1.143315,0.544302,17.7956,0.0552,0.8176,1.01
113,F_SIN,3,DT,B_latidos,1432,358,one-beat-ahead,0.3066,0.657477,0.81085,0.37704,12.1092,0.0028,0.7142,8.055
113,F_SIN,3,RF,B_latidos,1432,358,one-beat-ahead,0.4781,0.494825,0.703438,0.332029,12.1684,0.0704,0.7752,3.827
113,F_SIN,3,SVR_rbf,B_latidos,1432,358,one-beat-ahead,0.8632,0.009559,0.09777,0.057128,1.8174,1.4261,0.9809,0.794
113,F_SIN,3,MLP,B_latidos,1432,358,one-beat-ahead,0.4555,0.516297,0.718538,0.351002,11.7388,0.0114,0.6578,7.78
113,F_SIN,5,LinReg,B_latidos,1430,358,one-beat-ahead,-5.9234,6.56396,2.562023,1.174391,45.8381,0.0475,0.9588,1.503
113,F_SIN,5,DT,B_latidos,1430,358,one-beat-ahead,0.3117,0.652568,0.807817,0.379991,11.7531,0.0039,0.7296,12.759
113,F_SIN,5,RF,B_latidos,1430,358,one-beat-ahead,0.48,0.493034,0.702164,0.332972,12.6182,0.0983,0.7812,4.908
113,F_SIN,5,SVR_rbf,B_latidos,1430,358,one-beat-ahead,0.688,0.021792,0.147622,0.089735,2.6651,0.0927,0.9412,0.241
113,F_SIN,5,MLP,B_latidos,1430,358,one-beat-ahead,0.4425,0.528572,0.727029,0.385381,12.0259,0.0179,0.6326,5.373
113,F_SIN,10,LinReg,B_latidos,1426,357,one-beat-ahead,-1.3033,2.18501,1.478178,0.681078,30.8294,0.045,1.0,2.686
113,F_SIN,10,DT,B_latidos,1426,357,one-beat-ahead,0.287,0.676355,0.822408,0.382592,10.9181,0.009,0.7354,25.326
113,F_SIN,10,RF,B_latidos,1426,357,one-beat-ahead,0.4797,0.493575,0.702549,0.337588,11.2615,0.0724,0.7833,7.134
113,F_SIN,10,SVR_rbf,B_latidos,1426,357,one-beat-ahead,0.5535,0.031278,0.176856,0.111009,2.9739,0.0896,0.938,0.218
113,F_SIN,10,MLP,B_latidos,1426,357,one-beat-ahead,0.42,0.550216,0.741766,0.408309,11.0984,0.0046,0.554,1.459
113,F_N,3,LinReg,B_latidos,1432,358,one-beat-ahead,-0.3803,1.308649,1.143962,0.527432,16.047,0.0444,0.8172,0.495
113,F_N,3,DT,B_latidos,1432,358,one-beat-ahead,0.3211,0.643663,0.802286,0.383392,12.368,0.0033,0.7079,8.267
113,F_N,3,RF,B_latidos,1432,358,one-beat-ahead,0.4815,0.491542,0.701101,0.329462,12.0869,0.0739,0.7764,3.852
113,F_N,3,SVR_rbf,B_latidos,1432,358,one-beat-ahead,0.8747,0.008549,0.092461,0.052429,1.7135,1.0631,0.9829,0.831
113,F_N,3,MLP,B_latidos,1432,358,one-beat-ahead,0.4524,0.519139,0.720513,0.351404,11.8524,0.0123,0.6523,8.739
113,F_N,5,LinReg,B_latidos,1430,358,one-beat-ahead,-5.3123,5.984082,2.446238,1.109766,45.9335,0.0423,0.9606,1.462
113,F_N,5,DT,B_latidos,1430,358,one-beat-ahead,0.2818,0.680877,0.825152,0.389018,12.131,0.0037,0.7232,12.687
113,F_N,5,RF,B_latidos,1430,358,one-beat-ahead,0.486,0.487248,0.698032,0.32884,12.4223,0.0694,0.7804,5.322
113,F_N,5,SVR_rbf,B_latidos,1430,358,one-beat-ahead,0.6921,0.020999,0.144911,0.087492,2.6198,0.0868,0.9416,0.228
113,F_N,5,MLP,B_latidos,1430,358,one-beat-ahead,0.4442,0.526947,0.725911,0.384572,11.8749,0.0046,0.6342,6.656
113,F_N,10,LinReg,B_latidos,1426,357,one-beat-ahead,-1.2843,2.166805,1.472007,0.650391,42.5229,0.0416,1.0,2.584
113,F_N,10,DT,B_latidos,1426,357,one-beat-ahead,0.2937,0.669989,0.818529,0.382032,10.5534,0.0059,0.7215,25.481
113,F_N,10,RF,B_latidos,1426,357,one-beat-ahead,0.4849,0.488569,0.698977,0.330261,11.116,0.0738,0.7807,6.85
113,F_N,10,SVR_rbf,B_latidos,1426,357,one-beat-ahead,0.5587,0.030187,0.173745,0.108343,2.9273,0.0984,0.9385,0.21
113,F_N,10,MLP,B_latidos,1426,357,one-beat-ahead,0.4125,0.557307,0.74653,0.412042,11.2973,0.0057,0.5817,1.799
113,F_PB,3,LinReg,B_latidos,1432,358,one-beat-ahead,-602405.4034,628216.740782,792.60125,39.540877,5296.5794,0.0651,0.803,2.31
113,F_PB,3,DT,B_latidos,1432,358,one-beat-ahead,0.2926,0.737687,0.858887,0.356018,11.298,0.0028,0.7325,7.28
113,F_PB,3,RF,B_latidos,1432,358,one-beat-ahead,0.4849,0.53713,0.732892,0.322421,12.1252,0.0704,0.8076,3.846
113,F_PB,3,SVR_rbf,B_latidos,1432,358,one-beat-ahead,0.7248,0.003827,0.061864,0.029742,1.1445,1.0597,0.9613,0.942
113,F_PB,3,MLP,B_latidos,1432,358,one-beat-ahead,0.4829,0.53926,0.734343,0.339508,11.7347,0.0154,0.5995,7.448
113,F_PB,5,LinReg,B_latidos,1430,358,one-beat-ahead,-11424622.7138,11914206.413799,3451.696165,186.990203,15235.8618,0.0447,0.9582,1.55
113,F_PB,5,DT,B_latidos,1430,358,one-beat-ahead,0.2671,0.764282,0.874232,0.368538,12.5158,0.0038,0.7395,12.679
113,F_PB,5,RF,B_latidos,1430,358,one-beat-ahead,0.4854,0.53669,0.732591,0.323561,12.0269,0.0747,0.8147,5.961
113,F_PB,5,SVR_rbf,B_latidos,1430,358,one-beat-ahead,0.2754,0.010076,0.100378,0.047848,1.6984,0.1705,0.7876,0.333
113,F_PB,5,MLP,B_latidos,1430,358,one-beat-ahead,0.3236,0.705397,0.839879,0.382671,11.8306,0.0097,0.7892,6.298
113,F_PB,10,LinReg,B_latidos,1426,357,one-beat-ahead,-26.8851,29.09407,5.393892,2.061947,110.0684,0.0539,1.0,2.718
113,F_PB,10,DT,B_latidos,1426,357,one-beat-ahead,0.2592,0.772909,0.879152,0.367047,10.4965,0.006,0.7424,25.932
113,F_PB,10,RF,B_latidos,1426,357,one-beat-ahead,0.4907,0.531334,0.728927,0.325716,11.4768,0.0719,0.8278,7.942
113,F_PB,10,SVR_rbf,B_latidos,1426,357,one-beat-ahead,0.1381,0.012014,0.109608,0.05403,1.7726,0.1623,0.7504,0.29
113,F_PB,10,MLP,B_latidos,1426,357,one-beat-ahead,0.3023,0.727906,0.853174,0.395575,11.734,0.0044,0.7749,5.686
113,F_MED,3,LinReg,B_latidos,1432,358,one-beat-ahead,0.463,0.451251,0.671752,0.383431,12.052,0.0418,0.9291,0.501
113,F_MED,3,DT,B_latidos,1432,358,one-beat-ahead,0.7086,0.244846,0.494819,0.263309,9.1475,0.0031,0.8793,7.461
113,F_MED,3,RF,B_latidos,1432,358,one-beat-ahead,0.7875,0.1786,0.422611,0.226612,8.614,0.0703,0.9103,5.058
113,F_MED,3,SVR_rbf,B_latidos,1432,358,one-beat-ahead,0.9125,0.011085,0.105284,0.042245,1.9688,0.8239,0.975,0.689
113,F_MED,3,MLP,B_latidos,1432,358,one-beat-ahead,0.7984,0.169413,0.411598,0.222683,8.591,0.017,0.8527,5.51
113,F_MED,5,LinReg,B_latidos,1430,358,one-beat-ahead,-1.2998,1.932247,1.390053,0.789406,33.72,0.0453,0.9845,3.027
113,F_MED,5,DT,B_latidos,1430,358,one-beat-ahead,0.6928,0.258148,0.508083,0.269194,9.2321,0.0046,0.8874,12.761
113,F_MED,5,RF,B_latidos,1430,358,one-beat-ahead,0.7872,0.178814,0.422864,0.229447,8.5908,0.0683,0.906,5.606
113,F_MED,5,SVR_rbf,B_latidos,1430,358,one-beat-ahead,0.8221,0.02252,0.150067,0.066243,2.796,0.0894,0.9728,0.266
113,F_MED,5,MLP,B_latidos,1430,358,one-beat-ahead,0.7668,0.19592,0.442629,0.258224,8.7668,0.0044,0.8872,2.636
113,F_MED,10,LinReg,B_latidos,1426,357,one-beat-ahead,0.0946,0.761219,0.872478,0.500966,13.6572,0.0444,1.0,6.475
113,F_MED,10,DT,B_latidos,1426,357,one-beat-ahead,0.6817,0.267648,0.517347,0.278065,9.0678,0.0107,0.8897,24.543
113,F_MED,10,RF,B_latidos,1426,357,one-beat-ahead,0.7827,0.182659,0.427386,0.232985,8.1841,0.0708,0.905,9.74
113,F_MED,10,SVR_rbf,B_latidos,1426,357,one-beat-ahead,0.7404,0.032961,0.181552,0.095383,3.3036,0.1041,0.9261,0.228
113,F_MED,10,MLP,B_latidos,1426,357,one-beat-ahead,0.7383,0.220035,0.469079,0.291247,9.4595,0.0046,0.8484,1.768
113,F_N+PB,3,LinReg,B_latidos,1432,358,one-beat-ahead,-330145.3004,344299.087933,586.770047,27.788951,1420.8585,0.0521,0.8041,0.471
113,F_N+PB,3,DT,B_latidos,1432,358,one-beat-ahead,0.263,0.768576,0.876685,0.36899,12.1261,0.0028,0.7381,8.248
113,F_N+PB,3,RF,B_latidos,1432,358,one-beat-ahead,0.4891,0.532787,0.729922,0.321267,11.7094,0.074,0.8074,3.842
113,F_N+PB,3,SVR_rbf,B_latidos,1432,358,one-beat-ahead,0.7253,0.003819,0.061796,0.029765,1.1436,0.8223,0.9614,0.68
113,F_N+PB,3,MLP,B_latidos,1432,358,one-beat-ahead,0.49,0.531913,0.729324,0.339802,12.2471,0.0218,0.57,2.931
113,F_N+PB,5,LinReg,B_latidos,1430,358,one-beat-ahead,-6719100.3464,7007190.795566,2647.109895,155.934768,5748.0829,0.0514,0.9594,3.277
113,F_N+PB,5,DT,B_latidos,1430,358,one-beat-ahead,0.268,0.763381,0.873717,0.365347,12.0037,0.0046,0.746,11.928
113,F_N+PB,5,RF,B_latidos,1430,358,one-beat-ahead,0.4806,0.541677,0.735987,0.325629,12.4187,0.0695,0.8168,6.124
113,F_N+PB,5,SVR_rbf,B_latidos,1430,358,one-beat-ahead,0.275,0.01008,0.100401,0.04789,1.6986,0.0842,0.7875,0.232
113,F_N+PB,5,MLP,B_latidos,1430,358,one-beat-ahead,0.3146,0.714831,0.845477,0.386074,11.8359,0.0045,0.7832,4.714
113,F_N+PB,10,LinReg,B_latidos,1426,357,one-beat-ahead,-27.027,29.242766,5.407658,1.864876,79.9178,0.044,1.0,7.106
113,F_N+PB,10,DT,B_latidos,1426,357,one-beat-ahead,0.2472,0.785455,0.886259,0.370186,10.345,0.0088,0.7459,23.979
113,F_N+PB,10,RF,B_latidos,1426,357,one-beat-ahead,0.4884,0.533759,0.730588,0.327048,11.4312,0.0769,0.8239,9.073
113,F_N+PB,10,SVR_rbf,B_latidos,1426,357,one-beat-ahead,0.1383,0.01201,0.10959,0.054037,1.7721,0.0799,0.7502,0.181
113,F_N+PB,10,MLP,B_latidos,1426,357,one-beat-ahead,0.1982,0.836588,0.914652,0.413945,12.1886,0.0163,0.8132,9.054
113,F_N+MED,3,LinReg,B_latidos,1432,358,one-beat-ahead,0.4541,0.458858,0.677391,0.373465,13.7397,0.0526,0.9264,1.308
113,F_N+MED,3,DT,B_latidos,1432,358,one-beat-ahead,0.7244,0.231659,0.48131,0.258352,8.5892,0.0027,0.8861,6.859
113,F_N+MED,3,RF,B_latidos,1432,358,one-beat-ahead,0.7888,0.177543,0.421358,0.226927,8.4985,0.0672,0.9113,5.128
113,F_N+MED,3,SVR_rbf,B_latidos,1432,358,one-beat-ahead,0.9121,0.011134,0.105516,0.042111,1.9771,0.8923,0.9752,0.94
113,F_N+MED,3,MLP,B_latidos,1432,358,one-beat-ahead,0.7973,0.170419,0.412818,0.225938,8.5159,0.0118,0.8483,4.67
113,F_N+MED,5,LinReg,B_latidos,1430,358,one-beat-ahead,-1.8523,2.39724,1.548302,0.899234,25.3175,0.0669,0.9849,1.561
113,F_N+MED,5,DT,B_latidos,1430,358,one-beat-ahead,0.703,0.24958,0.49958,0.269522,9.0084,0.0034,0.8895,13.056
113,F_N+MED,5,RF,B_latidos,1430,358,one-beat-ahead,0.7862,0.179713,0.423926,0.229431,8.6694,0.0722,0.9078,6.364
113,F_N+MED,5,SVR_rbf,B_latidos,1430,358,one-beat-ahead,0.8229,0.022423,0.149744,0.06536,2.7885,0.1638,0.9727,0.465
113,F_N+MED,5,MLP,B_latidos,1430,358,one-beat-ahead,0.7631,0.199094,0.4462,0.260278,8.9653,0.0103,0.8866,3.809
113,F_N+MED,10,LinReg,B_latidos,1426,357,one-beat-ahead,-0.1077,0.931655,0.965223,0.53473,13.7462,0.0452,1.0,2.702
113,F_N+MED,10,DT,B_latidos,1426,357,one-beat-ahead,0.7096,0.244277,0.494244,0.268563,9.3507,0.0064,0.8914,25.686
113,F_N+MED,10,RF,B_latidos,1426,357,one-beat-ahead,0.7833,0.18226,0.426919,0.233671,8.1069,0.1012,0.9043,8.09
113,F_N+MED,10,SVR_rbf,B_latidos,1426,357,one-beat-ahead,0.7407,0.032922,0.181443,0.09561,3.3043,0.2004,0.9264,0.388
113,F_N+MED,10,MLP,B_latidos,1426,357,one-beat-ahead,0.7377,0.220588,0.469667,0.292077,9.5061,0.0094,0.8492,6.287
113,F_N+PB+MED,3,LinReg,B_latidos,1432,358,one-beat-ahead,0.4751,0.528401,0.726912,0.338918,12.7001,0.0491,0.9392,0.77
113,F_N+PB+MED,3,DT,B_latidos,1432,358,one-beat-ahead,0.681,0.321183,0.56673,0.26349,9.8108,0.0045,0.9123,8.236
113,F_N+PB+MED,3,RF,B_latidos,1432,358,one-beat-ahead,0.8087,0.192588,0.438849,0.216882,8.3595,0.0709,0.9367,5.638
113,F_N+PB+MED,3,SVR_rbf,B_latidos,1432,358,one-beat-ahead,0.7529,0.006883,0.082966,0.027241,1.5595,0.5758,0.9711,0.505
113,F_N+PB+MED,3,MLP,B_latidos,1432,358,one-beat-ahead,0.8098,0.191484,0.437589,0.215384,8.0261,0.0912,0.8659,8.902
113,F_N+PB+MED,5,LinReg,B_latidos,1430,358,one-beat-ahead,-1.4828,2.499522,1.580988,0.734598,40.292,0.0453,0.9866,2.225
113,F_N+PB+MED,5,DT,B_latidos,1430,358,one-beat-ahead,0.6976,0.304423,0.551745,0.259823,9.7602,0.0067,0.9086,12.537
113,F_N+PB+MED,5,RF,B_latidos,1430,358,one-beat-ahead,0.8085,0.192819,0.439112,0.218741,8.5066,0.0732,0.9346,5.722
113,F_N+PB+MED,5,SVR_rbf,B_latidos,1430,358,one-beat-ahead,0.5239,0.013265,0.115172,0.042837,2.0682,0.0727,0.9585,0.26
113,F_N+PB+MED,5,MLP,B_latidos,1430,358,one-beat-ahead,0.7944,0.206979,0.45495,0.234853,8.36,0.0044,0.8969,2.625
113,F_N+PB+MED,10,LinReg,B_latidos,1426,357,one-beat-ahead,0.0685,0.938105,0.968558,0.480625,14.2382,0.0424,1.0,6.623
113,F_N+PB+MED,10,DT,B_latidos,1426,357,one-beat-ahead,0.6885,0.313691,0.560081,0.260278,9.3698,0.0054,0.9149,24.431
113,F_N+PB+MED,10,RF,B_latidos,1426,357,one-beat-ahead,0.7999,0.20153,0.448921,0.225328,8.5005,0.0762,0.9417,10.224
113,F_N+PB+MED,10,SVR_rbf,B_latidos,1426,357,one-beat-ahead,0.3742,0.017476,0.132198,0.056686,2.2863,0.0877,0.9433,0.262
113,F_N+PB+MED,10,MLP,B_latidos,1426,357,one-beat-ahead,0.7607,0.240996,0.490913,0.255795,9.7932,0.0045,0.9146,2.834
114,F_SIN,3,LinReg,B_latidos,1499,375,one-beat-ahead,0.4667,1.422326,1.192613,0.791915,17.3164,0.0253,0.8319,0.496
114,F_SIN,3,DT,B_latidos,1499,375,one-beat-ahead,0.2173,2.087623,1.444861,0.819565,22.9685,0.0028,0.7244,8.588
114,F_SIN,3,RF,B_latidos,1499,375,one-beat-ahead,0.3933,1.618148,1.272064,0.766197,18.3321,0.0698,0.7838,4.069
114,F_SIN,3,SVR_rbf,B_latidos,1499,375,one-beat-ahead,0.3764,1.273273,1.128394,0.488908,19.8551,1.2815,0.9731,1.129
114,F_SIN,3,MLP,B_latidos,1499,375,one-beat-ahead,0.5114,1.303242,1.141596,0.723605,16.9309,0.0113,0.659,6.841
114,F_SIN,5,LinReg,B_latidos,1497,375,one-beat-ahead,-0.4493,3.865616,1.966117,1.288102,24.5043,0.0434,0.9537,1.627
114,F_SIN,5,DT,B_latidos,1497,375,one-beat-ahead,0.2945,1.881828,1.371798,0.821678,20.0834,0.0033,0.726,13.596
114,F_SIN,5,RF,B_latidos,1497,375,one-beat-ahead,0.3935,1.617713,1.271894,0.766515,18.8497,0.0668,0.7804,5.273
114,F_SIN,5,SVR_rbf,B_latidos,1497,375,one-beat-ahead,0.2706,1.489189,1.220323,0.615489,21.2375,0.095,0.9529,0.236
114,F_SIN,5,MLP,B_latidos,1497,375,one-beat-ahead,0.5291,1.256014,1.12072,0.769065,17.2433,0.0607,0.6435,2.632
114,F_SIN,10,LinReg,B_latidos,1493,374,one-beat-ahead,0.2018,2.13078,1.459719,0.958384,22.5401,0.0457,1.0,4.815
114,F_SIN,10,DT,B_latidos,1493,374,one-beat-ahead,0.2006,2.134089,1.460852,0.838467,22.5958,0.0055,0.723,27.639
114,F_SIN,10,RF,B_latidos,1493,374,one-beat-ahead,0.3904,1.627375,1.275686,0.780555,20.3401,0.0703,0.7796,7.894
114,F_SIN,10,SVR_rbf,B_latidos,1493,374,one-beat-ahead,0.2149,1.604413,1.266654,0.691282,22.2004,0.0989,0.9164,0.222
114,F_SIN,10,MLP,B_latidos,1493,374,one-beat-ahead,0.4326,1.514659,1.230715,0.841252,19.5531,0.0157,0.5752,5.056
114,F_N,3,LinReg,B_latidos,1499,375,one-beat-ahead,0.4668,1.426122,1.194203,0.793278,17.772,0.0486,0.8351,0.531
114,F_N,3,DT,B_latidos,1499,375,one-beat-ahead,0.1929,2.158628,1.469227,0.857573,22.3622,0.0029,0.7399,7.296
114,F_N,3,RF,B_latidos,1499,375,one-beat-ahead,0.3932,1.622921,1.273939,0.765125,18.7182,0.1107,0.7862,6.031
114,F_N,3,SVR_rbf,B_latidos,1499,375,one-beat-ahead,0.3807,1.274645,1.129002,0.480841,19.8252,1.2147,0.9758,1.703
114,F_N,3,MLP,B_latidos,1499,375,one-beat-ahead,0.4553,1.456829,1.206992,0.740759,17.6313,0.0123,0.682,2.872
114,F_N,5,LinReg,B_latidos,1497,375,one-beat-ahead,-0.4219,3.803223,1.950185,1.294619,27.9062,0.0507,0.9529,1.798
114,F_N,5,DT,B_latidos,1497,375,one-beat-ahead,0.1823,2.186977,1.478843,0.856566,23.7376,0.0064,0.7437,14.09
114,F_N,5,RF,B_latidos,1497,375,one-beat-ahead,0.387,1.639573,1.280458,0.764726,18.9004,0.0669,0.7835,8.218
114,F_N,5,SVR_rbf,B_latidos,1497,375,one-beat-ahead,0.2722,1.498077,1.223959,0.614552,21.3355,0.1222,0.9562,0.296
114,F_N,5,MLP,B_latidos,1497,375,one-beat-ahead,0.517,1.291834,1.136589,0.778649,17.2763,0.0074,0.6206,1.692
114,F_N,10,LinReg,B_latidos,1493,374,one-beat-ahead,0.2411,2.031454,1.425291,0.921134,20.5441,0.0452,1.0,3.984
114,F_N,10,DT,B_latidos,1493,374,one-beat-ahead,0.1612,2.245379,1.498459,0.877835,23.1608,0.0057,0.7511,28.606
114,F_N,10,RF,B_latidos,1493,374,one-beat-ahead,0.3809,1.657293,1.287359,0.782317,20.5638,0.1204,0.7834,12.125
114,F_N,10,SVR_rbf,B_latidos,1493,374,one-beat-ahead,0.216,1.615564,1.271048,0.690717,22.2717,0.1099,0.9195,0.414
114,F_N,10,MLP,B_latidos,1493,374,one-beat-ahead,0.4323,1.51962,1.232729,0.838817,19.4542,0.005,0.5815,2.181
114,F_PB,3,LinReg,B_latidos,1499,375,one-beat-ahead,-191958.8613,178260.155109,422.208663,25.88133,14.7978,0.0452,0.8446,0.554
114,F_PB,3,DT,B_latidos,1499,375,one-beat-ahead,0.0786,0.85561,0.924992,0.530902,14.4426,0.0027,0.7006,8.955
114,F_PB,3,RF,B_latidos,1499,375,one-beat-ahead,0.3473,0.606138,0.778548,0.485285,13.2925,0.0657,0.7692,4.608
114,F_PB,3,SVR_rbf,B_latidos,1499,375,one-beat-ahead,0.6799,0.047296,0.217476,0.143022,3.9258,1.0281,0.9449,0.926
114,F_PB,3,MLP,B_latidos,1499,375,one-beat-ahead,0.2884,0.660847,0.812925,0.473997,12.2134,0.0283,0.6956,9.637
114,F_PB,5,LinReg,B_latidos,1497,375,one-beat-ahead,-3397140.7636,3153859.453595,1775.91088,110.171463,11059.6667,0.0458,0.9639,2.056
114,F_PB,5,DT,B_latidos,1497,375,one-beat-ahead,-0.169,1.085242,1.04175,0.560283,13.9844,0.0032,0.713,14.267
114,F_PB,5,RF,B_latidos,1497,375,one-beat-ahead,0.3772,0.578173,0.760377,0.472652,13.1462,0.0674,0.7738,5.729
114,F_PB,5,SVR_rbf,B_latidos,1497,375,one-beat-ahead,0.0328,0.142884,0.378,0.272468,5.4578,0.1803,0.8813,0.402
114,F_PB,5,MLP,B_latidos,1497,375,one-beat-ahead,0.3627,0.591668,0.769199,0.485904,12.137,0.0045,0.6694,6.064
114,F_PB,10,LinReg,B_latidos,1493,374,one-beat-ahead,-9.4259,9.67804,3.110955,1.610755,44.5057,0.0434,1.0,2.838
114,F_PB,10,DT,B_latidos,1493,374,one-beat-ahead,-0.0468,0.971718,0.985757,0.549759,13.7142,0.0063,0.7185,27.704
114,F_PB,10,RF,B_latidos,1493,374,one-beat-ahead,0.3686,0.586126,0.765589,0.47762,13.152,0.104,0.7753,10.354
114,F_PB,10,SVR_rbf,B_latidos,1493,374,one-beat-ahead,-0.0126,0.149881,0.387145,0.288513,5.571,0.1842,0.8675,0.41
114,F_PB,10,MLP,B_latidos,1493,374,one-beat-ahead,0.3881,0.568041,0.753685,0.467743,12.9788,0.0045,0.655,2.743
114,F_MED,3,LinReg,B_latidos,1499,375,one-beat-ahead,0.5761,1.483424,1.217959,0.808414,19.5793,0.03,0.8936,0.612
114,F_MED,3,DT,B_latidos,1499,375,one-beat-ahead,0.39,2.134403,1.460959,0.904507,21.5187,0.0041,0.8494,8.065
114,F_MED,3,RF,B_latidos,1499,375,one-beat-ahead,0.4513,1.920026,1.38565,0.812472,20.0832,0.1091,0.8721,6.869
114,F_MED,3,SVR_rbf,B_latidos,1499,375,one-beat-ahead,0.3748,1.946665,1.395229,0.563943,24.3863,1.3766,0.9655,0.989
114,F_MED,3,MLP,B_latidos,1499,375,one-beat-ahead,0.5586,1.544423,1.242748,0.767518,18.5615,0.0131,0.7985,3.277
114,F_MED,5,LinReg,B_latidos,1497,375,one-beat-ahead,0.0875,3.193855,1.787136,1.246406,26.7148,0.0482,0.9738,5.463
114,F_MED,5,DT,B_latidos,1497,375,one-beat-ahead,0.3694,2.20731,1.485702,0.91912,22.0004,0.0054,0.8522,12.824
114,F_MED,5,RF,B_latidos,1497,375,one-beat-ahead,0.4353,1.976662,1.405938,0.824461,20.4653,0.0688,0.8724,6.434
114,F_MED,5,SVR_rbf,B_latidos,1497,375,one-beat-ahead,0.2601,2.304316,1.517997,0.731634,26.0573,0.1054,0.9535,0.237
114,F_MED,5,MLP,B_latidos,1497,375,one-beat-ahead,0.6228,1.320353,1.149066,0.780836,19.6395,0.0043,0.7827,1.55
114,F_MED,10,LinReg,B_latidos,1493,374,one-beat-ahead,0.4935,1.774567,1.332129,0.916206,21.0957,0.124,1.0,5.078
114,F_MED,10,DT,B_latidos,1493,374,one-beat-ahead,0.2568,2.604239,1.613765,0.985602,27.7667,0.0054,0.8547,26.3
114,F_MED,10,RF,B_latidos,1493,374,one-beat-ahead,0.4359,1.97665,1.405934,0.847358,22.1536,0.07,0.8726,10.125
114,F_MED,10,SVR_rbf,B_latidos,1493,374,one-beat-ahead,0.2107,2.460584,1.568625,0.836374,27.5537,0.0976,0.9453,0.233
114,F_MED,10,MLP,B_latidos,1493,374,one-beat-ahead,0.5512,1.572523,1.254003,0.86333,20.7847,0.0044,0.7811,1.982
114,F_N+PB,3,LinReg,B_latidos,1499,375,one-beat-ahead,-111595.0211,103624.24082,321.907193,20.689802,13.4256,0.0489,0.8446,0.475
114,F_N+PB,3,DT,B_latidos,1499,375,one-beat-ahead,-0.28,1.188606,1.090232,0.575984,17.8176,0.004,0.7037,8.827
114,F_N+PB,3,RF,B_latidos,1499,375,one-beat-ahead,0.3497,0.603879,0.777096,0.483793,13.3795,0.0699,0.7724,4.361
114,F_N+PB,3,SVR_rbf,B_latidos,1499,375,one-beat-ahead,0.6804,0.047225,0.217314,0.142884,3.9218,1.0592,0.9451,1.04
114,F_N+PB,3,MLP,B_latidos,1499,375,one-beat-ahead,0.2911,0.65828,0.811344,0.473185,12.2806,0.0114,0.6954,8.033
114,F_N+PB,5,LinReg,B_latidos,1497,375,one-beat-ahead,-1900647.0189,1764408.564871,1328.310417,89.950121,6224.4519,0.0468,0.9621,1.693
114,F_N+PB,5,DT,B_latidos,1497,375,one-beat-ahead,-0.2192,1.131783,1.063853,0.57179,14.0494,0.0038,0.7088,13.896
114,F_N+PB,5,RF,B_latidos,1497,375,one-beat-ahead,0.3746,0.580535,0.761929,0.475184,13.0304,0.0694,0.7719,5.776
114,F_N+PB,5,SVR_rbf,B_latidos,1497,375,one-beat-ahead,0.0335,0.142785,0.377869,0.272297,5.4585,0.1963,0.8815,0.301
114,F_N+PB,5,MLP,B_latidos,1497,375,one-beat-ahead,0.3383,0.614259,0.783747,0.490566,11.8469,0.0052,0.7172,8.155
114,F_N+PB,10,LinReg,B_latidos,1493,374,one-beat-ahead,-9.8507,10.071577,3.173575,1.591191,54.2232,0.0447,1.0,2.967
114,F_N+PB,10,DT,B_latidos,1493,374,one-beat-ahead,0.0024,0.925934,0.962255,0.53877,13.5331,0.0072,0.716,28.623
114,F_N+PB,10,RF,B_latidos,1493,374,one-beat-ahead,0.3747,0.580362,0.761815,0.477436,13.194,0.1053,0.776,10.185
114,F_N+PB,10,SVR_rbf,B_latidos,1493,374,one-beat-ahead,-0.0129,0.149918,0.387192,0.288456,5.5725,0.1109,0.8676,0.276
114,F_N+PB,10,MLP,B_latidos,1493,374,one-beat-ahead,0.3865,0.569487,0.754643,0.468568,12.943,0.0073,0.6552,2.264
114,F_N+MED,3,LinReg,B_latidos,1499,375,one-beat-ahead,0.5821,1.45978,1.208213,0.785724,18.3661,0.0502,0.8943,0.49
114,F_N+MED,3,DT,B_latidos,1499,375,one-beat-ahead,0.3068,2.421672,1.556172,0.928042,20.4777,0.0032,0.8519,8.267
114,F_N+MED,3,RF,B_latidos,1499,375,one-beat-ahead,0.4464,1.933995,1.390682,0.819251,20.2565,0.0648,0.8755,5.209
114,F_N+MED,3,SVR_rbf,B_latidos,1499,375,one-beat-ahead,0.3735,1.95221,1.397215,0.56952,24.4528,0.9644,0.9662,0.779
114,F_N+MED,3,MLP,B_latidos,1499,375,one-beat-ahead,0.5587,1.54185,1.241712,0.774938,19.2284,0.0138,0.7991,3.121
114,F_N+MED,5,LinReg,B_latidos,1497,375,one-beat-ahead,0.0303,3.388819,1.840875,1.254641,26.5481,0.0395,0.9734,5.355
114,F_N+MED,5,DT,B_latidos,1497,375,one-beat-ahead,0.3593,2.238922,1.496303,0.936137,21.8918,0.0041,0.8535,13.308
114,F_N+MED,5,RF,B_latidos,1497,375,one-beat-ahead,0.4255,2.007634,1.41691,0.828919,20.5525,0.0668,0.872,6.132
114,F_N+MED,5,SVR_rbf,B_latidos,1497,375,one-beat-ahead,0.2591,2.309332,1.519649,0.734456,26.0759,0.1545,0.9544,0.22
114,F_N+MED,5,MLP,B_latidos,1497,375,one-beat-ahead,0.6155,1.343794,1.159221,0.77956,19.7686,0.0046,0.7654,1.301
114,F_N+MED,10,LinReg,B_latidos,1493,374,one-beat-ahead,0.4441,1.944609,1.394492,0.967866,22.964,0.1291,1.0,5.162
114,F_N+MED,10,DT,B_latidos,1493,374,one-beat-ahead,0.3695,2.205712,1.485164,0.949358,23.344,0.0056,0.8569,26.093
114,F_N+MED,10,RF,B_latidos,1493,374,one-beat-ahead,0.4353,1.97542,1.405496,0.837223,22.0638,0.0678,0.8734,9.965
114,F_N+MED,10,SVR_rbf,B_latidos,1493,374,one-beat-ahead,0.2101,2.464757,1.569955,0.839263,27.5501,0.1165,0.9453,0.23
114,F_N+MED,10,MLP,B_latidos,1493,374,one-beat-ahead,0.5514,1.569464,1.252782,0.86964,20.9846,0.0045,0.7756,1.784
114,F_N+PB+MED,3,LinReg,B_latidos,1499,375,one-beat-ahead,0.0555,0.744238,0.862692,0.590687,12.7605,0.0251,0.9215,0.521
114,F_N+PB+MED,3,DT,B_latidos,1499,375,one-beat-ahead,-0.0714,0.844236,0.918823,0.561495,11.8552,0.0027,0.8911,8.894
114,F_N+PB+MED,3,RF,B_latidos,1499,375,one-beat-ahead,0.4411,0.440388,0.663617,0.476367,11.0615,0.0658,0.8829,4.389
114,F_N+PB+MED,3,SVR_rbf,B_latidos,1499,375,one-beat-ahead,0.7616,0.06457,0.254106,0.142016,4.7676,1.0002,0.9522,0.725
114,F_N+PB+MED,3,MLP,B_latidos,1499,375,one-beat-ahead,0.3977,0.474656,0.688953,0.453073,10.8854,0.0114,0.8704,9.846
114,F_N+PB+MED,5,LinReg,B_latidos,1497,375,one-beat-ahead,-1.4716,1.947605,1.395566,0.959966,20.2302,0.0447,0.9794,1.609
114,F_N+PB+MED,5,DT,B_latidos,1497,375,one-beat-ahead,0.1528,0.667544,0.817034,0.544722,11.4464,0.0043,0.8925,13.818
114,F_N+PB+MED,5,RF,B_latidos,1497,375,one-beat-ahead,0.4487,0.434421,0.659106,0.475815,11.1846,0.0679,0.8809,5.605
114,F_N+PB+MED,5,SVR_rbf,B_latidos,1497,375,one-beat-ahead,0.4674,0.144206,0.379745,0.246185,6.5855,0.1959,0.9085,0.341
114,F_N+PB+MED,5,MLP,B_latidos,1497,375,one-beat-ahead,0.4135,0.462144,0.679812,0.469138,11.4216,0.0047,0.8557,6.589
114,F_N+PB+MED,10,LinReg,B_latidos,1493,374,one-beat-ahead,-0.4692,1.156852,1.07557,0.764691,17.3845,0.0426,1.0,3.188
114,F_N+PB+MED,10,DT,B_latidos,1493,374,one-beat-ahead,0.0815,0.723256,0.850445,0.571622,11.994,0.0116,0.8916,27.657
114,F_N+PB+MED,10,RF,B_latidos,1493,374,one-beat-ahead,0.4242,0.453384,0.673338,0.489219,11.2633,0.0767,0.8799,9.275
114,F_N+PB+MED,10,SVR_rbf,B_latidos,1493,374,one-beat-ahead,0.266,0.199152,0.446265,0.316384,7.3739,0.1918,0.8733,0.416
114,F_N+PB+MED,10,MLP,B_latidos,1493,374,one-beat-ahead,0.3525,0.509865,0.714048,0.512034,11.8517,0.0055,0.8337,3.769
115,F_SIN,3,LinReg,B_latidos,1558,390,one-beat-ahead,-0.8505,1.792982,1.339023,0.48208,14.3423,0.0291,0.7991,0.594
115,F_SIN,3,DT,B_latidos,1558,390,one-beat-ahead,0.2624,0.714685,0.84539,0.384798,11.0322,0.004,0.6995,9.609
115,F_SIN,3,RF,B_latidos,1558,390,one-beat-ahead,0.4848,0.499182,0.706528,0.312925,12.7298,0.0649,0.7909,5.072
115,F_SIN,3,SVR_rbf,B_latidos,1558,390,one-beat-ahead,0.9252,0.019364,0.139156,0.084618,2.7057,1.787,0.9573,1.231
115,F_SIN,3,MLP,B_latidos,1558,390,one-beat-ahead,0.4657,0.517672,0.719495,0.323538,11.4704,0.0806,0.6158,6.634
115,F_SIN,5,LinReg,B_latidos,1556,390,one-beat-ahead,-4.607,5.431946,2.330654,0.830191,38.2204,0.0634,0.9295,1.515
115,F_SIN,5,DT,B_latidos,1556,390,one-beat-ahead,0.2056,0.769588,0.877262,0.403588,11.8616,0.0033,0.72,13.601
115,F_SIN,5,RF,B_latidos,1556,390,one-beat-ahead,0.4682,0.515245,0.717806,0.319187,12.2062,0.0634,0.7966,5.392
115,F_SIN,5,SVR_rbf,B_latidos,1556,390,one-beat-ahead,0.8532,0.037969,0.194857,0.122841,3.7718,0.1049,0.9367,0.309
115,F_SIN,5,MLP,B_latidos,1556,390,one-beat-ahead,0.435,0.547381,0.739852,0.332309,11.6495,0.0097,0.677,3.156
115,F_SIN,10,LinReg,B_latidos,1552,389,one-beat-ahead,-2.7454,3.62859,1.904886,0.695577,24.0929,0.0419,1.0,3.66
115,F_SIN,10,DT,B_latidos,1552,389,one-beat-ahead,0.1855,0.789127,0.888328,0.408311,13.8531,0.007,0.715,26.909
115,F_SIN,10,RF,B_latidos,1552,389,one-beat-ahead,0.4678,0.515625,0.71807,0.327429,14.0297,0.0647,0.7971,7.947
115,F_SIN,10,SVR_rbf,B_latidos,1552,389,one-beat-ahead,0.7809,0.056698,0.238114,0.167068,4.4545,0.1117,0.9292,0.292
115,F_SIN,10,MLP,B_latidos,1552,389,one-beat-ahead,0.39,0.59101,0.768772,0.393453,13.7384,0.0043,0.6029,1.52
115,F_N,3,LinReg,B_latidos,1558,390,one-beat-ahead,-0.8655,1.807512,1.344437,0.485099,13.861,0.0508,0.7994,1.428
115,F_N,3,DT,B_latidos,1558,390,one-beat-ahead,0.2717,0.705641,0.840024,0.382142,12.1927,0.0034,0.692,8.297
115,F_N,3,RF,B_latidos,1558,390,one-beat-ahead,0.4766,0.507124,0.712127,0.314946,12.3738,0.0623,0.7891,4.202
115,F_N,3,SVR_rbf,B_latidos,1558,390,one-beat-ahead,0.9252,0.019349,0.1391,0.084742,2.704,1.463,0.9574,0.993
115,F_N,3,MLP,B_latidos,1558,390,one-beat-ahead,0.4537,0.529298,0.727529,0.325169,11.8076,0.0113,0.6385,4.702
115,F_N,5,LinReg,B_latidos,1556,390,one-beat-ahead,-4.8097,5.628378,2.37242,0.848931,33.8485,0.0629,0.9321,1.567
115,F_N,5,DT,B_latidos,1556,390,one-beat-ahead,0.256,0.720763,0.848977,0.37904,12.2484,0.0036,0.7126,13.705
115,F_N,5,RF,B_latidos,1556,390,one-beat-ahead,0.4727,0.510845,0.714734,0.316087,12.0409,0.064,0.7978,5.391
115,F_N,5,SVR_rbf,B_latidos,1556,390,one-beat-ahead,0.8527,0.038117,0.195235,0.123093,3.7769,0.2102,0.9366,0.37
115,F_N,5,MLP,B_latidos,1556,390,one-beat-ahead,0.4339,0.548416,0.740551,0.334368,11.5569,0.0045,0.6737,6.297
115,F_N,10,LinReg,B_latidos,1552,389,one-beat-ahead,-2.6288,3.515651,1.875007,0.699319,23.9963,0.0417,1.0,2.876
115,F_N,10,DT,B_latidos,1552,389,one-beat-ahead,0.1588,0.814954,0.902748,0.408381,13.3554,0.0055,0.7077,27.266
115,F_N,10,RF,B_latidos,1552,389,one-beat-ahead,0.4773,0.506424,0.711635,0.317888,13.5639,0.0669,0.7994,8.149
115,F_N,10,SVR_rbf,B_latidos,1552,389,one-beat-ahead,0.7805,0.056826,0.238382,0.16728,4.4581,0.1951,0.9291,0.46
115,F_N,10,MLP,B_latidos,1552,389,one-beat-ahead,0.3928,0.588283,0.766996,0.391157,13.7335,0.0044,0.6039,4.083
115,F_PB,3,LinReg,B_latidos,1558,390,one-beat-ahead,-29146334.7913,28540141.350642,5342.297385,169.05891,293400.3573,0.0481,0.7462,0.504
115,F_PB,3,DT,B_latidos,1558,390,one-beat-ahead,0.0511,0.929146,0.963922,0.317265,13.2889,0.0026,0.7387,7.34
115,F_PB,3,RF,B_latidos,1558,390,one-beat-ahead,0.3686,0.618297,0.786319,0.280284,12.4163,0.0636,0.8004,6.667
115,F_PB,3,SVR_rbf,B_latidos,1558,390,one-beat-ahead,0.7096,0.010311,0.101545,0.056333,1.9237,0.8446,0.9193,0.806
115,F_PB,3,MLP,B_latidos,1558,390,one-beat-ahead,-0.0647,1.042524,1.02104,0.336894,16.9238,0.0111,0.8376,21.071
115,F_PB,5,LinReg,B_latidos,1556,390,one-beat-ahead,-167098729.5772,163617283.830814,12791.297191,464.402688,17389.7417,0.0688,0.913,2.36
115,F_PB,5,DT,B_latidos,1556,390,one-beat-ahead,0.0185,0.961068,0.980341,0.332655,12.2352,0.0036,0.7332,13.115
115,F_PB,5,RF,B_latidos,1556,390,one-beat-ahead,0.3595,0.627187,0.791952,0.284801,11.9537,0.0644,0.8111,7.908
115,F_PB,5,SVR_rbf,B_latidos,1556,390,one-beat-ahead,0.4761,0.018599,0.13638,0.082151,2.4669,0.0958,0.9118,0.325
115,F_PB,5,MLP,B_latidos,1556,390,one-beat-ahead,-0.0114,0.990338,0.995157,0.345961,13.2199,0.0044,0.7692,4.67
115,F_PB,10,LinReg,B_latidos,1552,389,one-beat-ahead,-86.9421,86.103634,9.279204,2.592933,200.3239,0.0835,1.0,6.807
115,F_PB,10,DT,B_latidos,1552,389,one-beat-ahead,0.0373,0.94254,0.970845,0.331104,12.7242,0.0065,0.7488,26.125
115,F_PB,10,RF,B_latidos,1552,389,one-beat-ahead,0.3627,0.623976,0.789922,0.288113,13.2459,0.0668,0.8213,9.32
115,F_PB,10,SVR_rbf,B_latidos,1552,389,one-beat-ahead,-0.0715,0.037956,0.194823,0.116645,3.0637,0.0959,0.9255,0.276
115,F_PB,10,MLP,B_latidos,1552,389,one-beat-ahead,-0.1808,1.156109,1.075225,0.3723,13.1411,0.0044,0.8031,11.964
115,F_MED,3,LinReg,B_latidos,1558,390,one-beat-ahead,0.7325,0.248303,0.4983,0.333755,9.1763,0.0248,0.9544,0.508
115,F_MED,3,DT,B_latidos,1558,390,one-beat-ahead,0.5445,0.422787,0.650221,0.384543,11.8795,0.0034,0.9226,7.458
115,F_MED,3,RF,B_latidos,1558,390,one-beat-ahead,0.8236,0.16371,0.404611,0.261143,7.6437,0.0615,0.9347,6.633
115,F_MED,3,SVR_rbf,B_latidos,1558,390,one-beat-ahead,0.8763,0.091256,0.302085,0.116399,5.746,0.8841,0.89,0.848
115,F_MED,3,MLP,B_latidos,1558,390,one-beat-ahead,0.8418,0.14681,0.383157,0.230221,7.1362,0.0115,0.9065,4.659
115,F_MED,5,LinReg,B_latidos,1556,390,one-beat-ahead,0.3721,0.582616,0.763293,0.523165,13.9262,0.0783,0.9859,4.612
115,F_MED,5,DT,B_latidos,1556,390,one-beat-ahead,0.5949,0.375854,0.613069,0.357764,11.5417,0.0043,0.9215,13.215
115,F_MED,5,RF,B_latidos,1556,390,one-beat-ahead,0.8263,0.161201,0.401498,0.252401,7.8335,0.063,0.9313,6.745
115,F_MED,5,SVR_rbf,B_latidos,1556,390,one-beat-ahead,0.8251,0.129001,0.359167,0.156542,6.6284,0.1092,0.8492,0.22
115,F_MED,5,MLP,B_latidos,1556,390,one-beat-ahead,0.8212,0.165871,0.407273,0.264319,7.4434,0.0045,0.9267,2.076
115,F_MED,10,LinReg,B_latidos,1552,389,one-beat-ahead,0.5252,0.440755,0.663894,0.452404,12.5122,0.1133,1.0,4.467
115,F_MED,10,DT,B_latidos,1552,389,one-beat-ahead,0.5992,0.372018,0.609933,0.367662,12.6538,0.005,0.9216,26.854
115,F_MED,10,RF,B_latidos,1552,389,one-beat-ahead,0.8013,0.184453,0.42948,0.272816,9.1492,0.0643,0.9288,10.336
115,F_MED,10,SVR_rbf,B_latidos,1552,389,one-beat-ahead,0.7242,0.203256,0.450839,0.247499,8.5077,0.1002,0.8356,0.235
115,F_MED,10,MLP,B_latidos,1552,389,one-beat-ahead,0.7696,0.213846,0.462435,0.3199,9.447,0.005,0.8643,1.284
115,F_N+PB,3,LinReg,B_latidos,1558,390,one-beat-ahead,-37166076.5998,36393062.192615,6032.666259,183.938805,298004.7849,0.0287,0.7472,0.502
115,F_N+PB,3,DT,B_latidos,1558,390,one-beat-ahead,0.051,0.929243,0.963972,0.317793,12.9108,0.0027,0.7409,8.753
115,F_N+PB,3,RF,B_latidos,1558,390,one-beat-ahead,0.3731,0.613862,0.783494,0.279218,11.8725,0.0628,0.7956,4.173
115,F_N+PB,3,SVR_rbf,B_latidos,1558,390,one-beat-ahead,0.7093,0.010323,0.101604,0.05634,1.9249,0.7894,0.9193,0.799
115,F_N+PB,3,MLP,B_latidos,1558,390,one-beat-ahead,0.0036,0.975662,0.987756,0.331809,15.5021,0.0189,0.7935,14.984
115,F_N+PB,5,LinReg,B_latidos,1556,390,one-beat-ahead,-80217716.7019,78546357.914452,8862.638316,381.233844,323763.0246,0.0427,0.9119,1.446
115,F_N+PB,5,DT,B_latidos,1556,390,one-beat-ahead,-0.0136,0.992528,0.996257,0.337229,12.2593,0.0032,0.741,13.606
115,F_N+PB,5,RF,B_latidos,1556,390,one-beat-ahead,0.3647,0.622067,0.788712,0.283818,12.3179,0.0711,0.8102,7.724
115,F_N+PB,5,SVR_rbf,B_latidos,1556,390,one-beat-ahead,0.4761,0.018602,0.136391,0.08216,2.4672,0.0942,0.9119,0.319
115,F_N+PB,5,MLP,B_latidos,1556,390,one-beat-ahead,0.0019,0.97729,0.98858,0.344001,13.4875,0.0045,0.7585,4.371
115,F_N+PB,10,LinReg,B_latidos,1552,389,one-beat-ahead,-100.7295,99.602775,9.980119,2.747043,188.5944,0.0423,1.0,2.783
115,F_N+PB,10,DT,B_latidos,1552,389,one-beat-ahead,0.042,0.937978,0.968493,0.328504,12.3734,0.0051,0.7516,27.137
115,F_N+PB,10,RF,B_latidos,1552,389,one-beat-ahead,0.3629,0.623797,0.789808,0.288117,13.1819,0.0642,0.8212,9.865
115,F_N+PB,10,SVR_rbf,B_latidos,1552,389,one-beat-ahead,-0.0715,0.037966,0.194849,0.116652,3.064,0.0968,0.9255,0.271
115,F_N+PB,10,MLP,B_latidos,1552,389,one-beat-ahead,-0.1047,1.081612,1.040006,0.364877,13.2701,0.0043,0.8007,6.023
115,F_N+MED,3,LinReg,B_latidos,1558,390,one-beat-ahead,0.7254,0.254889,0.504865,0.327305,9.4891,0.0292,0.9548,0.537
115,F_N+MED,3,DT,B_latidos,1558,390,one-beat-ahead,0.5783,0.391352,0.625582,0.382838,12.8123,0.0025,0.9266,8.752
115,F_N+MED,3,RF,B_latidos,1558,390,one-beat-ahead,0.8195,0.167486,0.40925,0.259759,7.847,0.0622,0.9351,4.267
115,F_N+MED,3,SVR_rbf,B_latidos,1558,390,one-beat-ahead,0.8765,0.091096,0.301822,0.116699,5.7454,0.8788,0.89,0.762
115,F_N+MED,3,MLP,B_latidos,1558,390,one-beat-ahead,0.8468,0.142233,0.377138,0.229445,6.825,0.0111,0.9184,9.744
115,F_N+MED,5,LinReg,B_latidos,1556,390,one-beat-ahead,0.2426,0.702759,0.838307,0.556547,15.2677,0.0425,0.986,1.507
115,F_N+MED,5,DT,B_latidos,1556,390,one-beat-ahead,0.5938,0.376894,0.613917,0.37943,12.2857,0.0034,0.926,13.702
115,F_N+MED,5,RF,B_latidos,1556,390,one-beat-ahead,0.8127,0.173776,0.416865,0.260576,8.2206,0.0707,0.9322,6.378
115,F_N+MED,5,SVR_rbf,B_latidos,1556,390,one-beat-ahead,0.825,0.12899,0.359151,0.156406,6.6332,0.191,0.8491,0.331
115,F_N+MED,5,MLP,B_latidos,1556,390,one-beat-ahead,0.827,0.160477,0.400596,0.261877,7.2733,0.0044,0.9293,4.208
115,F_N+MED,10,LinReg,B_latidos,1552,389,one-beat-ahead,0.4715,0.490597,0.700426,0.477019,12.9482,0.0425,1.0,2.93
115,F_N+MED,10,DT,B_latidos,1552,389,one-beat-ahead,0.5988,0.372432,0.610272,0.37196,13.0418,0.005,0.9257,27.613
115,F_N+MED,10,RF,B_latidos,1552,389,one-beat-ahead,0.8022,0.183573,0.428454,0.272346,9.3653,0.0671,0.9291,9.081
115,F_N+MED,10,SVR_rbf,B_latidos,1552,389,one-beat-ahead,0.7234,0.20379,0.451431,0.247663,8.5159,0.2049,0.8355,0.396
115,F_N+MED,10,MLP,B_latidos,1552,389,one-beat-ahead,0.7661,0.217101,0.465941,0.322515,9.4985,0.0043,0.8635,2.528
115,F_N+PB+MED,3,LinReg,B_latidos,1558,390,one-beat-ahead,0.6075,0.340539,0.583557,0.377677,10.7738,0.0292,0.9476,0.534
115,F_N+PB+MED,3,DT,B_latidos,1558,390,one-beat-ahead,0.6751,0.281932,0.530973,0.326693,9.3424,0.0028,0.9234,7.382
115,F_N+PB+MED,3,RF,B_latidos,1558,390,one-beat-ahead,0.7836,0.187795,0.433354,0.271036,8.1636,0.0626,0.9497,6.679
115,F_N+PB+MED,3,SVR_rbf,B_latidos,1558,390,one-beat-ahead,0.7125,0.108732,0.329745,0.124657,6.4103,0.8421,0.9396,0.779
115,F_N+PB+MED,3,MLP,B_latidos,1558,390,one-beat-ahead,0.7835,0.187847,0.433413,0.267128,8.1058,0.0123,0.9079,5.328
115,F_N+PB+MED,5,LinReg,B_latidos,1556,390,one-beat-ahead,0.0294,0.842155,0.91769,0.608579,16.207,0.0898,0.9823,3.761
115,F_N+PB+MED,5,DT,B_latidos,1556,390,one-beat-ahead,0.678,0.279438,0.528619,0.327788,9.9912,0.0041,0.9337,13.076
115,F_N+PB+MED,5,RF,B_latidos,1556,390,one-beat-ahead,0.7708,0.198843,0.445918,0.280859,8.3912,0.0659,0.9506,7.153
115,F_N+PB+MED,5,SVR_rbf,B_latidos,1556,390,one-beat-ahead,0.3972,0.227953,0.477445,0.194946,9.1354,0.1011,0.918,0.318
115,F_N+PB+MED,5,MLP,B_latidos,1556,390,one-beat-ahead,0.7436,0.222438,0.471634,0.304836,8.8233,0.0045,0.9365,2.711
115,F_N+PB+MED,10,LinReg,B_latidos,1552,389,one-beat-ahead,0.1412,0.745543,0.863448,0.555469,14.5508,0.1203,1.0,4.658
115,F_N+PB+MED,10,DT,B_latidos,1552,389,one-beat-ahead,0.6304,0.320864,0.566449,0.345166,9.6428,0.005,0.9336,26.131
115,F_N+PB+MED,10,RF,B_latidos,1552,389,one-beat-ahead,0.7623,0.206351,0.454258,0.286154,8.4867,0.0658,0.9495,10.042
115,F_N+PB+MED,10,SVR_rbf,B_latidos,1552,389,one-beat-ahead,0.3134,0.258965,0.508886,0.240391,9.7133,0.1002,0.9204,0.306
115,F_N+PB+MED,10,MLP,B_latidos,1552,389,one-beat-ahead,0.7307,0.233756,0.483484,0.312628,9.1017,0.0044,0.9147,1.886
116,F_SIN,3,LinReg,B_latidos,1925,482,one-beat-ahead,0.1845,0.234317,0.484063,0.292658,7.9659,0.0253,0.9017,0.524
116,F_SIN,3,DT,B_latidos,1925,482,one-beat-ahead,0.0916,0.261013,0.510894,0.275572,9.462,0.0021,0.8636,11.113
116,F_SIN,3,RF,B_latidos,1925,482,one-beat-ahead,0.4791,0.149661,0.38686,0.214514,7.4554,0.0508,0.8595,5.656
116,F_SIN,3,SVR_rbf,B_latidos,1925,482,one-beat-ahead,0.928,0.007817,0.088411,0.039349,1.9353,1.5401,0.6439,1.351
116,F_SIN,3,MLP,B_latidos,1925,482,one-beat-ahead,0.6505,0.100429,0.316905,0.189001,5.6047,0.0117,0.7805,2.576
116,F_SIN,5,LinReg,B_latidos,1924,481,one-beat-ahead,-0.9528,0.559753,0.748167,0.455413,11.7256,0.0559,0.9465,1.904
116,F_SIN,5,DT,B_latidos,1924,481,one-beat-ahead,0.2465,0.21599,0.464748,0.266939,8.3287,0.0036,0.8635,17.823
116,F_SIN,5,RF,B_latidos,1924,481,one-beat-ahead,0.4658,0.153114,0.391298,0.214291,7.2063,0.0515,0.849,9.848
116,F_SIN,5,SVR_rbf,B_latidos,1924,481,one-beat-ahead,0.827,0.018813,0.137161,0.059887,2.9299,0.1116,0.6317,0.339
116,F_SIN,5,MLP,B_latidos,1924,481,one-beat-ahead,0.6338,0.104983,0.32401,0.210614,5.6924,0.0047,0.8636,2.467
116,F_SIN,10,LinReg,B_latidos,1920,480,one-beat-ahead,-2.8142,1.089699,1.043886,0.634109,16.9345,0.0416,1.0,9.953
116,F_SIN,10,DT,B_latidos,1920,480,one-beat-ahead,-0.0823,0.30921,0.556066,0.278711,9.2863,0.0049,0.8641,34.922
116,F_SIN,10,RF,B_latidos,1920,480,one-beat-ahead,0.4474,0.157879,0.39734,0.218665,7.7903,0.0546,0.8517,12.658
116,F_SIN,10,SVR_rbf,B_latidos,1920,480,one-beat-ahead,0.7446,0.02781,0.166764,0.083648,3.5164,0.1178,0.6412,0.348
116,F_SIN,10,MLP,B_latidos,1920,480,one-beat-ahead,0.2671,0.209384,0.457585,0.283272,8.4984,0.0043,0.4465,0.778
116,F_N,3,LinReg,B_latidos,1925,482,one-beat-ahead,0.1621,0.240716,0.490628,0.292537,7.9932,0.024,0.9026,0.555
116,F_N,3,DT,B_latidos,1925,482,one-beat-ahead,-0.291,0.370893,0.60901,0.293865,10.5578,0.0023,0.8637,11.182
116,F_N,3,RF,B_latidos,1925,482,one-beat-ahead,0.4868,0.147436,0.383974,0.213655,7.5706,0.0523,0.8591,5.657
116,F_N,3,SVR_rbf,B_latidos,1925,482,one-beat-ahead,0.9278,0.007842,0.088554,0.039486,1.9379,1.3901,0.6437,1.078
116,F_N,3,MLP,B_latidos,1925,482,one-beat-ahead,0.6952,0.087582,0.295943,0.17459,5.4849,0.0112,0.8193,5.225
116,F_N,5,LinReg,B_latidos,1924,481,one-beat-ahead,-1.0157,0.577744,0.760095,0.457446,12.0782,0.0535,0.9476,1.939
116,F_N,5,DT,B_latidos,1924,481,one-beat-ahead,0.227,0.22157,0.470712,0.268761,8.6714,0.0028,0.8635,17.521
116,F_N,5,RF,B_latidos,1924,481,one-beat-ahead,0.4802,0.148982,0.385982,0.21325,7.035,0.052,0.8504,9.861
116,F_N,5,SVR_rbf,B_latidos,1924,481,one-beat-ahead,0.8268,0.018855,0.137314,0.059277,2.9369,0.1098,0.6316,0.355
116,F_N,5,MLP,B_latidos,1924,481,one-beat-ahead,0.6409,0.102925,0.32082,0.208902,5.6452,0.0041,0.8594,2.231
116,F_N,10,LinReg,B_latidos,1920,480,one-beat-ahead,-2.7913,1.083079,1.040711,0.626584,18.9527,0.0413,1.0,9.98
116,F_N,10,DT,B_latidos,1920,480,one-beat-ahead,0.2112,0.22534,0.4747,0.269359,8.2879,0.0048,0.8636,35.581
116,F_N,10,RF,B_latidos,1920,480,one-beat-ahead,0.4621,0.153675,0.392015,0.218164,7.6504,0.0549,0.8527,12.854
116,F_N,10,SVR_rbf,B_latidos,1920,480,one-beat-ahead,0.7441,0.027893,0.167012,0.083301,3.5216,0.1202,0.641,0.361
116,F_N,10,MLP,B_latidos,1920,480,one-beat-ahead,0.2676,0.209227,0.457414,0.283083,8.4942,0.0042,0.4478,0.771
116,F_PB,3,LinReg,B_latidos,1925,482,one-beat-ahead,-2447779702.7689,736216667.213378,27133.312868,2834.421518,293688.1175,0.0263,0.9079,0.528
116,F_PB,3,DT,B_latidos,1925,482,one-beat-ahead,0.0756,0.27803,0.527285,0.259039,9.4977,0.0023,0.8754,11.321
116,F_PB,3,RF,B_latidos,1925,482,one-beat-ahead,0.6571,0.103142,0.321157,0.170518,5.2883,0.0509,0.9056,5.657
116,F_PB,3,SVR_rbf,B_latidos,1925,482,one-beat-ahead,0.7558,0.004179,0.064646,0.032779,1.3282,1.4434,0.8119,1.399
116,F_PB,3,MLP,B_latidos,1925,482,one-beat-ahead,0.6807,0.096048,0.309916,0.160818,5.2084,0.0111,0.7757,2.247
116,F_PB,5,LinReg,B_latidos,1924,481,one-beat-ahead,-10108159105.3657,3027822907.26397,55025.656809,7487.621759,1215534.9618,0.0536,0.949,1.916
116,F_PB,5,DT,B_latidos,1924,481,one-beat-ahead,0.177,0.246511,0.496499,0.248124,9.3721,0.0032,0.8762,17.52
116,F_PB,5,RF,B_latidos,1924,481,one-beat-ahead,0.6405,0.107692,0.328165,0.167657,6.2002,0.0517,0.9007,9.731
116,F_PB,5,SVR_rbf,B_latidos,1924,481,one-beat-ahead,0.5699,0.007323,0.085577,0.053042,1.6387,0.1107,0.785,0.345
116,F_PB,5,MLP,B_latidos,1924,481,one-beat-ahead,0.7086,0.087281,0.295434,0.161098,6.0654,0.0042,0.8548,2.779
116,F_PB,10,LinReg,B_latidos,1920,480,one-beat-ahead,-2148966.6482,640841.627189,800.525844,69.821511,14448.9179,0.0416,1.0,9.82
116,F_PB,10,DT,B_latidos,1920,480,one-beat-ahead,0.2291,0.229894,0.479473,0.239637,9.9526,0.0047,0.8773,34.932
116,F_PB,10,RF,B_latidos,1920,480,one-beat-ahead,0.6228,0.112483,0.335385,0.169145,5.8808,0.053,0.9012,12.605
116,F_PB,10,SVR_rbf,B_latidos,1920,480,one-beat-ahead,0.3415,0.011196,0.10581,0.06625,1.9913,0.1169,0.7319,0.37
116,F_PB,10,MLP,B_latidos,1920,480,one-beat-ahead,0.663,0.100505,0.317026,0.1708,5.6257,0.0043,0.808,1.717
116,F_MED,3,LinReg,B_latidos,1925,482,one-beat-ahead,-0.5684,0.414713,0.643983,0.317412,11.8333,0.0258,0.9228,0.543
116,F_MED,3,DT,B_latidos,1925,482,one-beat-ahead,0.1656,0.220638,0.469722,0.235992,8.5442,0.0024,0.9463,11.114
116,F_MED,3,RF,B_latidos,1925,482,one-beat-ahead,0.591,0.108141,0.328849,0.192283,6.5201,0.051,0.8776,5.706
116,F_MED,3,SVR_rbf,B_latidos,1925,482,one-beat-ahead,0.8704,0.02698,0.164257,0.035166,3.5935,1.048,0.556,0.882
116,F_MED,3,MLP,B_latidos,1925,482,one-beat-ahead,0.5842,0.109935,0.331565,0.198319,7.0641,0.0111,0.7403,4.026
116,F_MED,5,LinReg,B_latidos,1924,481,one-beat-ahead,-2.0909,0.818077,0.904476,0.47075,13.977,0.0409,0.9568,2.004
116,F_MED,5,DT,B_latidos,1924,481,one-beat-ahead,-0.1114,0.294143,0.54235,0.241538,9.9853,0.0029,0.9465,17.485
116,F_MED,5,RF,B_latidos,1924,481,one-beat-ahead,0.6077,0.103833,0.322231,0.198018,5.5494,0.0522,0.873,9.848
116,F_MED,5,SVR_rbf,B_latidos,1924,481,one-beat-ahead,0.8086,0.039904,0.199759,0.048154,4.2285,0.0893,0.5524,0.266
116,F_MED,5,MLP,B_latidos,1924,481,one-beat-ahead,0.586,0.109582,0.331031,0.22305,5.9011,0.0044,0.8694,1.814
116,F_MED,10,LinReg,B_latidos,1920,480,one-beat-ahead,-3.587,1.213845,1.101746,0.619865,29.5329,0.0408,1.0,9.762
116,F_MED,10,DT,B_latidos,1920,480,one-beat-ahead,0.3349,0.175999,0.419522,0.230349,8.9174,0.0053,0.9437,35.364
116,F_MED,10,RF,B_latidos,1920,480,one-beat-ahead,0.6058,0.104304,0.322961,0.203097,5.4639,0.0553,0.8652,12.97
116,F_MED,10,SVR_rbf,B_latidos,1920,480,one-beat-ahead,0.7152,0.059391,0.243703,0.085726,4.6759,0.1105,0.558,0.301
116,F_MED,10,MLP,B_latidos,1920,480,one-beat-ahead,-0.0191,0.269668,0.519296,0.330243,8.329,0.0043,0.0871,0.585
116,F_N+PB,3,LinReg,B_latidos,1925,482,one-beat-ahead,-2380424270.3672,715905963.068066,26756.4191,2875.769175,267633.4,0.0361,0.9086,0.533
116,F_N+PB,3,DT,B_latidos,1925,482,one-beat-ahead,0.2214,0.234149,0.483889,0.241726,9.8049,0.0023,0.8742,11.14
116,F_N+PB,3,RF,B_latidos,1925,482,one-beat-ahead,0.653,0.104367,0.323058,0.172194,5.4193,0.0508,0.9061,5.557
116,F_N+PB,3,SVR_rbf,B_latidos,1925,482,one-beat-ahead,0.7561,0.004174,0.064608,0.03275,1.3275,1.4648,0.8118,1.085
116,F_N+PB,3,MLP,B_latidos,1925,482,one-beat-ahead,0.6854,0.094601,0.307573,0.159448,5.1154,0.0108,0.7795,4.379
116,F_N+PB,5,LinReg,B_latidos,1924,481,one-beat-ahead,-9874483530.6426,2957610391.740361,54383.916664,7392.551585,1239516.6448,0.0399,0.9504,1.824
116,F_N+PB,5,DT,B_latidos,1924,481,one-beat-ahead,0.184,0.244421,0.494389,0.245373,9.3555,0.0031,0.8751,17.488
116,F_N+PB,5,RF,B_latidos,1924,481,one-beat-ahead,0.6309,0.110548,0.332488,0.170697,6.3103,0.0519,0.8999,9.813
116,F_N+PB,5,SVR_rbf,B_latidos,1924,481,one-beat-ahead,0.5706,0.007312,0.085508,0.052963,1.6377,0.1143,0.785,0.355
116,F_N+PB,5,MLP,B_latidos,1924,481,one-beat-ahead,0.6937,0.091754,0.30291,0.162795,6.0182,0.0042,0.8714,3.38
116,F_N+PB,10,LinReg,B_latidos,1920,480,one-beat-ahead,-4303355.9486,1283205.556533,1132.786633,89.843451,43523.8121,0.045,1.0,9.728
116,F_N+PB,10,DT,B_latidos,1920,480,one-beat-ahead,0.2006,0.238375,0.488236,0.241979,9.9633,0.0046,0.8772,34.835
116,F_N+PB,10,RF,B_latidos,1920,480,one-beat-ahead,0.6192,0.113557,0.336982,0.170826,5.8187,0.0552,0.9026,12.677
116,F_N+PB,10,SVR_rbf,B_latidos,1920,480,one-beat-ahead,0.3414,0.011197,0.105817,0.066261,1.9915,0.1161,0.7319,0.348
116,F_N+PB,10,MLP,B_latidos,1920,480,one-beat-ahead,0.6674,0.099175,0.314921,0.169087,5.5058,0.0042,0.8113,1.727
116,F_N+MED,3,LinReg,B_latidos,1925,482,one-beat-ahead,-0.8815,0.497525,0.705355,0.321232,15.0156,0.0239,0.9237,0.537
116,F_N+MED,3,DT,B_latidos,1925,482,one-beat-ahead,-0.0043,0.265563,0.515328,0.232486,9.1205,0.0023,0.9457,11.088
116,F_N+MED,3,RF,B_latidos,1925,482,one-beat-ahead,0.6016,0.105354,0.324582,0.190689,6.4213,0.0504,0.8797,5.723
116,F_N+MED,3,SVR_rbf,B_latidos,1925,482,one-beat-ahead,0.8708,0.026888,0.163977,0.034782,3.5852,1.0521,0.556,0.961
116,F_N+MED,3,MLP,B_latidos,1925,482,one-beat-ahead,0.5682,0.114178,0.337902,0.202872,7.284,0.0108,0.669,4.795
116,F_N+MED,5,LinReg,B_latidos,1924,481,one-beat-ahead,-2.1455,0.832553,0.912444,0.458449,16.5256,0.0482,0.9557,1.921
116,F_N+MED,5,DT,B_latidos,1924,481,one-beat-ahead,0.1081,0.236083,0.485884,0.224645,7.4297,0.003,0.9459,17.607
116,F_N+MED,5,RF,B_latidos,1924,481,one-beat-ahead,0.6136,0.102272,0.3198,0.195579,5.4946,0.0512,0.8712,9.957
116,F_N+MED,5,SVR_rbf,B_latidos,1924,481,one-beat-ahead,0.8076,0.040087,0.200216,0.048486,4.2335,0.0909,0.5523,0.25
116,F_N+MED,5,MLP,B_latidos,1924,481,one-beat-ahead,0.5905,0.108377,0.329206,0.222357,5.8724,0.0043,0.8682,1.85
116,F_N+MED,10,LinReg,B_latidos,1920,480,one-beat-ahead,-3.6893,1.240967,1.113987,0.659074,22.7088,0.0974,1.0,8.958
116,F_N+MED,10,DT,B_latidos,1920,480,one-beat-ahead,0.373,0.165926,0.40734,0.226579,8.6457,0.0047,0.9447,35.554
116,F_N+MED,10,RF,B_latidos,1920,480,one-beat-ahead,0.5942,0.107388,0.327701,0.204642,5.501,0.0539,0.8653,12.93
116,F_N+MED,10,SVR_rbf,B_latidos,1920,480,one-beat-ahead,0.7166,0.059104,0.243113,0.085293,4.6702,0.1117,0.5581,0.307
116,F_N+MED,10,MLP,B_latidos,1920,480,one-beat-ahead,-0.0192,0.269724,0.51935,0.330309,8.3266,0.0042,0.0872,0.612
116,F_N+PB+MED,3,LinReg,B_latidos,1925,482,one-beat-ahead,-1.1776,0.577682,0.760054,0.359281,14.447,0.0247,0.928,0.527
116,F_N+PB+MED,3,DT,B_latidos,1925,482,one-beat-ahead,0.0754,0.245282,0.49526,0.266262,8.4661,0.0023,0.9402,11.215
116,F_N+PB+MED,3,RF,B_latidos,1925,482,one-beat-ahead,0.5137,0.129018,0.35919,0.186799,6.6145,0.0512,0.899,5.739
116,F_N+PB+MED,3,SVR_rbf,B_latidos,1925,482,one-beat-ahead,0.6478,0.023943,0.154734,0.036887,2.9403,0.657,0.6744,0.897
116,F_N+PB+MED,3,MLP,B_latidos,1925,482,one-beat-ahead,0.53,0.124685,0.353108,0.188675,5.7962,0.011,0.8676,9.603
116,F_N+PB+MED,5,LinReg,B_latidos,1924,481,one-beat-ahead,-2.9495,1.046321,1.022898,0.533424,16.0479,0.0421,0.9612,2.068
116,F_N+PB+MED,5,DT,B_latidos,1924,481,one-beat-ahead,0.3122,0.182211,0.426862,0.22102,10.4222,0.0034,0.9406,17.951
116,F_N+PB+MED,5,RF,B_latidos,1924,481,one-beat-ahead,0.4886,0.135476,0.36807,0.205862,10.4317,0.0524,0.8952,9.995
116,F_N+PB+MED,5,SVR_rbf,B_latidos,1924,481,one-beat-ahead,0.7436,0.017335,0.131662,0.048809,2.8295,0.0996,0.6732,0.28
116,F_N+PB+MED,5,MLP,B_latidos,1924,481,one-beat-ahead,0.4917,0.134648,0.366945,0.215438,7.9548,0.0048,0.8743,2.45
116,F_N+PB+MED,10,LinReg,B_latidos,1920,480,one-beat-ahead,-5.7827,1.794909,1.339742,0.735353,27.881,0.0415,1.0,9.277
116,F_N+PB+MED,10,DT,B_latidos,1920,480,one-beat-ahead,0.3356,0.175831,0.419323,0.222886,8.3414,0.0048,0.9385,34.98
116,F_N+PB+MED,10,RF,B_latidos,1920,480,one-beat-ahead,0.4495,0.145688,0.381691,0.222993,8.2218,0.0538,0.8934,12.919
116,F_N+PB+MED,10,SVR_rbf,B_latidos,1920,480,one-beat-ahead,0.7963,0.013735,0.117196,0.065493,2.4202,0.118,0.6531,0.265
116,F_N+PB+MED,10,MLP,B_latidos,1920,480,one-beat-ahead,0.4075,0.156788,0.395965,0.227534,6.2349,0.0052,0.8556,5.651
117,F_SIN,3,LinReg,B_latidos,1224,306,one-beat-ahead,0.6972,0.232178,0.481848,0.275285,8.8975,0.047,0.9676,2.486
117,F_SIN,3,DT,B_latidos,1224,306,one-beat-ahead,0.7794,0.16917,0.411303,0.237677,7.351,0.0028,0.9224,5.965
117,F_SIN,3,RF,B_latidos,1224,306,one-beat-ahead,0.841,0.121932,0.349188,0.211858,6.8512,0.0783,0.9209,3.305
117,F_SIN,3,SVR_rbf,B_latidos,1224,306,one-beat-ahead,0.9621,0.007084,0.084164,0.064778,1.4594,0.927,0.8332,0.472
117,F_SIN,3,MLP,B_latidos,1224,306,one-beat-ahead,0.8295,0.130742,0.361583,0.228456,7.0805,0.0315,0.8261,5.012
117,F_SIN,5,LinReg,B_latidos,1222,306,one-beat-ahead,-1.0806,1.595084,1.262966,0.705429,19.7975,0.0431,1.0,1.232
117,F_SIN,5,DT,B_latidos,1222,306,one-beat-ahead,0.7743,0.173061,0.416006,0.242669,7.2404,0.0047,0.9254,10.213
117,F_SIN,5,RF,B_latidos,1222,306,one-beat-ahead,0.8427,0.12061,0.347289,0.213419,6.6571,0.0834,0.9255,5.223
117,F_SIN,5,SVR_rbf,B_latidos,1222,306,one-beat-ahead,0.9371,0.011754,0.108417,0.082906,1.8495,0.0784,0.7993,0.166
117,F_SIN,5,MLP,B_latidos,1222,306,one-beat-ahead,0.8028,0.151183,0.388823,0.26418,7.621,0.0046,0.8114,0.863
117,F_SIN,10,LinReg,B_latidos,1218,305,one-beat-ahead,0.7566,0.186645,0.432025,0.250902,9.174,0.0865,1.0,1.73
117,F_SIN,10,DT,B_latidos,1218,305,one-beat-ahead,0.7729,0.174161,0.417327,0.242574,7.895,0.0057,0.925,21.487
117,F_SIN,10,RF,B_latidos,1218,305,one-beat-ahead,0.8396,0.122964,0.350662,0.215653,7.2781,0.0829,0.9254,6.299
117,F_SIN,10,SVR_rbf,B_latidos,1218,305,one-beat-ahead,0.8909,0.020426,0.14292,0.111869,2.4132,0.0768,0.7993,0.17
117,F_SIN,10,MLP,B_latidos,1218,305,one-beat-ahead,0.8158,0.141234,0.375811,0.248054,7.1423,0.0046,0.8563,2.469
117,F_N,3,LinReg,B_latidos,1224,306,one-beat-ahead,0.6927,0.235626,0.485413,0.276743,8.52,0.0646,0.9671,0.555
117,F_N,3,DT,B_latidos,1224,306,one-beat-ahead,0.7534,0.189119,0.434878,0.252245,8.3234,0.0028,0.9223,7.131
117,F_N,3,RF,B_latidos,1224,306,one-beat-ahead,0.843,0.120421,0.347017,0.20861,6.8704,0.0783,0.9213,3.278
117,F_N,3,SVR_rbf,B_latidos,1224,306,one-beat-ahead,0.9621,0.00709,0.084202,0.064625,1.4604,0.5771,0.8334,0.466
117,F_N,3,MLP,B_latidos,1224,306,one-beat-ahead,0.8305,0.129989,0.36054,0.228442,7.1364,0.0116,0.8352,1.569
117,F_N,5,LinReg,B_latidos,1222,306,one-beat-ahead,-1.0872,1.600105,1.264953,0.708388,19.4348,0.104,1.0,3.945
117,F_N,5,DT,B_latidos,1222,306,one-beat-ahead,0.756,0.187043,0.432485,0.258637,8.1753,0.0036,0.9196,9.88
117,F_N,5,RF,B_latidos,1222,306,one-beat-ahead,0.8433,0.120092,0.346543,0.212681,6.4664,0.0883,0.9263,6.214
117,F_N,5,SVR_rbf,B_latidos,1222,306,one-beat-ahead,0.9375,0.011695,0.108141,0.082668,1.8459,0.1471,0.7998,0.286
117,F_N,5,MLP,B_latidos,1222,306,one-beat-ahead,0.8034,0.150721,0.388229,0.263883,7.607,0.0046,0.8118,0.958
117,F_N,10,LinReg,B_latidos,1218,305,one-beat-ahead,0.754,0.188654,0.434343,0.250769,9.4276,0.0929,1.0,1.731
117,F_N,10,DT,B_latidos,1218,305,one-beat-ahead,0.7479,0.193325,0.439687,0.252346,7.892,0.0051,0.926,20.365
117,F_N,10,RF,B_latidos,1218,305,one-beat-ahead,0.8419,0.121246,0.348204,0.21553,6.9517,0.084,0.9261,8.336
117,F_N,10,SVR_rbf,B_latidos,1218,305,one-beat-ahead,0.8909,0.020435,0.14295,0.11161,2.4136,0.0855,0.7995,0.172
117,F_N,10,MLP,B_latidos,1218,305,one-beat-ahead,0.8165,0.140742,0.375156,0.248411,7.1761,0.0047,0.8576,2.445
117,F_PB,3,LinReg,B_latidos,1224,306,one-beat-ahead,0.7403,0.220051,0.469096,0.199543,7.9147,0.0484,0.9645,0.476
117,F_PB,3,DT,B_latidos,1224,306,one-beat-ahead,0.8291,0.144799,0.380524,0.160025,7.4229,0.0033,0.9415,6.666
117,F_PB,3,RF,B_latidos,1224,306,one-beat-ahead,0.8883,0.094682,0.307705,0.138911,5.3123,0.0782,0.9569,3.981
117,F_PB,3,SVR_rbf,B_latidos,1224,306,one-beat-ahead,0.623,0.001729,0.041586,0.032985,0.6385,0.5234,0.755,0.421
117,F_PB,3,MLP,B_latidos,1224,306,one-beat-ahead,0.8941,0.089707,0.299511,0.145998,5.2913,0.0117,0.8974,2.705
117,F_PB,5,LinReg,B_latidos,1222,306,one-beat-ahead,-2.5224,2.984801,1.727658,0.722894,25.9843,0.0366,1.0,1.132
117,F_PB,5,DT,B_latidos,1222,306,one-beat-ahead,0.821,0.15171,0.3895,0.161551,6.5867,0.0034,0.9441,10.864
117,F_PB,5,RF,B_latidos,1222,306,one-beat-ahead,0.8913,0.092143,0.30355,0.139349,5.5942,0.0796,0.9565,4.087
117,F_PB,5,SVR_rbf,B_latidos,1222,306,one-beat-ahead,-0.0644,0.004883,0.069877,0.056713,0.7124,0.0747,0.7281,0.179
117,F_PB,5,MLP,B_latidos,1222,306,one-beat-ahead,0.8816,0.100329,0.316747,0.145704,5.9428,0.0048,0.9637,11.516
117,F_PB,10,LinReg,B_latidos,1218,305,one-beat-ahead,-0.3393,1.135403,1.065553,0.455548,18.3472,0.0644,1.0,1.716
117,F_PB,10,DT,B_latidos,1218,305,one-beat-ahead,0.8387,0.13671,0.369744,0.156694,7.0062,0.0068,0.9519,21.624
117,F_PB,10,RF,B_latidos,1218,305,one-beat-ahead,0.894,0.089864,0.299774,0.138214,6.5441,0.0821,0.9596,5.782
117,F_PB,10,SVR_rbf,B_latidos,1218,305,one-beat-ahead,-0.3593,0.006209,0.078799,0.064031,0.7849,0.0754,0.7428,0.194
117,F_PB,10,MLP,B_latidos,1218,305,one-beat-ahead,0.8869,0.095844,0.309587,0.156797,6.6352,0.0048,0.9178,1.996
117,F_MED,3,LinReg,B_latidos,1224,306,one-beat-ahead,0.8477,0.112636,0.335613,0.233864,6.6887,0.028,0.9847,0.542
117,F_MED,3,DT,B_latidos,1224,306,one-beat-ahead,0.8733,0.093677,0.306067,0.208411,5.8727,0.0037,0.9698,7.14
117,F_MED,3,RF,B_latidos,1224,306,one-beat-ahead,0.9133,0.064138,0.253255,0.177215,5.3649,0.0785,0.9382,3.331
117,F_MED,3,SVR_rbf,B_latidos,1224,306,one-beat-ahead,0.9769,0.005976,0.077304,0.059182,1.3508,0.5441,0.794,0.427
117,F_MED,3,MLP,B_latidos,1224,306,one-beat-ahead,0.881,0.088017,0.296676,0.215734,6.3555,0.0117,0.8678,1.22
117,F_MED,5,LinReg,B_latidos,1222,306,one-beat-ahead,-0.117,0.8258,0.908735,0.630801,14.7264,0.0866,1.0,2.071
117,F_MED,5,DT,B_latidos,1222,306,one-beat-ahead,0.8754,0.092103,0.303485,0.206751,6.6836,0.0039,0.9704,10.561
117,F_MED,5,RF,B_latidos,1222,306,one-beat-ahead,0.9114,0.065467,0.255865,0.180445,5.4246,0.0798,0.9421,5.302
117,F_MED,5,SVR_rbf,B_latidos,1222,306,one-beat-ahead,0.9671,0.008517,0.092286,0.067389,1.5984,0.1491,0.762,0.205
117,F_MED,5,MLP,B_latidos,1222,306,one-beat-ahead,0.8857,0.084508,0.290703,0.212652,6.2299,0.0047,0.9027,3.1
117,F_MED,10,LinReg,B_latidos,1218,305,one-beat-ahead,0.8288,0.126628,0.355848,0.251518,6.5945,0.1076,1.0,1.732
117,F_MED,10,DT,B_latidos,1218,305,one-beat-ahead,0.8866,0.083838,0.289549,0.200898,6.1542,0.0053,0.9707,20.327
117,F_MED,10,RF,B_latidos,1218,305,one-beat-ahead,0.9102,0.066435,0.257749,0.183274,5.5284,0.0815,0.9483,8.518
117,F_MED,10,SVR_rbf,B_latidos,1218,305,one-beat-ahead,0.95,0.012955,0.113818,0.085335,1.965,0.0763,0.7723,0.155
117,F_MED,10,MLP,B_latidos,1218,305,one-beat-ahead,0.8918,0.080029,0.282895,0.206913,6.0775,0.0047,0.8854,2.193
117,F_N+PB,3,LinReg,B_latidos,1224,306,one-beat-ahead,0.7455,0.215658,0.46439,0.197922,7.2745,0.0527,0.964,0.502
117,F_N+PB,3,DT,B_latidos,1224,306,one-beat-ahead,0.8191,0.153306,0.391544,0.161772,7.5245,0.0037,0.9406,6.3
117,F_N+PB,3,RF,B_latidos,1224,306,one-beat-ahead,0.8879,0.094981,0.308191,0.139342,5.3405,0.0799,0.957,4.598
117,F_N+PB,3,SVR_rbf,B_latidos,1224,306,one-beat-ahead,0.623,0.001729,0.04158,0.032994,0.6381,0.5757,0.755,0.425
117,F_N+PB,3,MLP,B_latidos,1224,306,one-beat-ahead,0.8946,0.0893,0.298832,0.145227,5.3968,0.0116,0.8977,2.741
117,F_N+PB,5,LinReg,B_latidos,1222,306,one-beat-ahead,-2.2431,2.748134,1.65775,0.680153,27.6378,0.0626,1.0,1.106
117,F_N+PB,5,DT,B_latidos,1222,306,one-beat-ahead,0.8243,0.148869,0.385836,0.160917,5.3794,0.0036,0.9446,10.889
117,F_N+PB,5,RF,B_latidos,1222,306,one-beat-ahead,0.8901,0.093131,0.305174,0.139614,5.4583,0.083,0.9566,4.123
117,F_N+PB,5,SVR_rbf,B_latidos,1222,306,one-beat-ahead,-0.0637,0.004878,0.069843,0.056685,0.7124,0.0763,0.7281,0.18
117,F_N+PB,5,MLP,B_latidos,1222,306,one-beat-ahead,0.8818,0.100191,0.31653,0.146213,5.836,0.0047,0.9617,10.719
117,F_N+PB,10,LinReg,B_latidos,1218,305,one-beat-ahead,-0.4392,1.220107,1.104584,0.473507,18.9814,0.0891,1.0,1.738
117,F_N+PB,10,DT,B_latidos,1218,305,one-beat-ahead,0.8188,0.153645,0.391976,0.164324,8.2867,0.0064,0.9522,21.136
117,F_N+PB,10,RF,B_latidos,1218,305,one-beat-ahead,0.8926,0.091028,0.301709,0.138623,6.5382,0.0825,0.9589,6.465
117,F_N+PB,10,SVR_rbf,B_latidos,1218,305,one-beat-ahead,-0.3588,0.006205,0.078774,0.064019,0.7847,0.0815,0.7428,0.198
117,F_N+PB,10,MLP,B_latidos,1218,305,one-beat-ahead,0.8868,0.095955,0.309766,0.156663,6.6375,0.0048,0.9176,1.936
117,F_N+MED,3,LinReg,B_latidos,1224,306,one-beat-ahead,0.8477,0.112613,0.335578,0.231428,6.8066,0.0525,0.9862,0.557
117,F_N+MED,3,DT,B_latidos,1224,306,one-beat-ahead,0.8831,0.086462,0.294044,0.201784,6.7506,0.0028,0.9697,7.125
117,F_N+MED,3,RF,B_latidos,1224,306,one-beat-ahead,0.9108,0.065936,0.25678,0.180962,5.4181,0.0814,0.9381,3.324
117,F_N+MED,3,SVR_rbf,B_latidos,1224,306,one-beat-ahead,0.9771,0.00592,0.076939,0.058851,1.3442,0.5617,0.7938,0.43
117,F_N+MED,3,MLP,B_latidos,1224,306,one-beat-ahead,0.8769,0.091006,0.301673,0.22218,6.3394,0.0124,0.8592,1.127
117,F_N+MED,5,LinReg,B_latidos,1222,306,one-beat-ahead,-0.105,0.816792,0.903766,0.641236,14.4795,0.0425,1.0,1.226
117,F_N+MED,5,DT,B_latidos,1222,306,one-beat-ahead,0.8922,0.079702,0.282316,0.199072,5.8838,0.0048,0.97,11.038
117,F_N+MED,5,RF,B_latidos,1222,306,one-beat-ahead,0.9097,0.06675,0.258361,0.181828,5.5898,0.1341,0.9421,4.266
117,F_N+MED,5,SVR_rbf,B_latidos,1222,306,one-beat-ahead,0.9672,0.008489,0.092135,0.067059,1.5959,0.1623,0.762,0.207
117,F_N+MED,5,MLP,B_latidos,1222,306,one-beat-ahead,0.8866,0.083841,0.289553,0.21151,6.1879,0.0047,0.904,5.259
117,F_N+MED,10,LinReg,B_latidos,1218,305,one-beat-ahead,0.8353,0.121752,0.34893,0.24263,6.9073,0.0816,1.0,1.732
117,F_N+MED,10,DT,B_latidos,1218,305,one-beat-ahead,0.8828,0.086683,0.29442,0.201908,6.0325,0.0051,0.9711,20.686
117,F_N+MED,10,RF,B_latidos,1218,305,one-beat-ahead,0.9082,0.06785,0.26048,0.186196,5.5373,0.0817,0.948,8.699
117,F_N+MED,10,SVR_rbf,B_latidos,1218,305,one-beat-ahead,0.9501,0.012948,0.11379,0.085628,1.9645,0.0769,0.7725,0.148
117,F_N+MED,10,MLP,B_latidos,1218,305,one-beat-ahead,0.8875,0.083179,0.288407,0.21134,6.124,0.0048,0.8819,2.117
117,F_N+PB+MED,3,LinReg,B_latidos,1224,306,one-beat-ahead,0.9494,0.043327,0.208152,0.124053,3.555,0.0282,0.9931,0.559
117,F_N+PB+MED,3,DT,B_latidos,1224,306,one-beat-ahead,0.9666,0.028626,0.169193,0.10052,3.4203,0.0038,0.9867,6.864
117,F_N+PB+MED,3,RF,B_latidos,1224,306,one-beat-ahead,0.9769,0.019759,0.140566,0.087286,3.0254,0.0825,0.9868,4.074
117,F_N+PB+MED,3,SVR_rbf,B_latidos,1224,306,one-beat-ahead,0.8446,0.000572,0.023921,0.019109,0.4045,0.4627,0.7074,0.332
117,F_N+PB+MED,3,MLP,B_latidos,1224,306,one-beat-ahead,0.975,0.021396,0.146274,0.09453,2.9726,0.0117,0.9691,2.097
117,F_N+PB+MED,5,LinReg,B_latidos,1222,306,one-beat-ahead,0.5097,0.41969,0.647834,0.381881,12.2882,0.0466,1.0,1.216
117,F_N+PB+MED,5,DT,B_latidos,1222,306,one-beat-ahead,0.9631,0.031589,0.177733,0.103871,3.6357,0.0036,0.9864,10.981
117,F_N+PB+MED,5,RF,B_latidos,1222,306,one-beat-ahead,0.9753,0.021128,0.145355,0.0894,2.9766,0.0791,0.9866,4.349
117,F_N+PB+MED,5,SVR_rbf,B_latidos,1222,306,one-beat-ahead,0.645,0.001308,0.036163,0.0277,0.5549,0.0676,0.649,0.198
117,F_N+PB+MED,5,MLP,B_latidos,1222,306,one-beat-ahead,0.9699,0.025735,0.160422,0.103332,3.1211,0.0047,0.9794,7.231
117,F_N+PB+MED,10,LinReg,B_latidos,1218,305,one-beat-ahead,0.9389,0.052309,0.228711,0.138819,5.035,0.0826,1.0,1.679
117,F_N+PB+MED,10,DT,B_latidos,1218,305,one-beat-ahead,0.9634,0.031363,0.177095,0.103109,3.2319,0.0049,0.9872,20.5
117,F_N+PB+MED,10,RF,B_latidos,1218,305,one-beat-ahead,0.9761,0.020478,0.143102,0.088409,2.9152,0.0806,0.9865,8.668
117,F_N+PB+MED,10,SVR_rbf,B_latidos,1218,305,one-beat-ahead,0.5837,0.001539,0.039227,0.030605,0.5856,0.0733,0.6487,0.201
117,F_N+PB+MED,10,MLP,B_latidos,1218,305,one-beat-ahead,0.9663,0.028905,0.170015,0.112691,3.2548,0.0047,0.9594,1.848
118,F_SIN,3,LinReg,B_latidos,1818,455,one-beat-ahead,0.4655,0.561429,0.749286,0.429528,12.1465,0.0331,0.8861,0.545
118,F_SIN,3,DT,B_latidos,1818,455,one-beat-ahead,0.531,0.492671,0.701905,0.350618,11.7122,0.0032,0.8566,10.245
118,F_SIN,3,RF,B_latidos,1818,455,one-beat-ahead,0.7158,0.298553,0.5464,0.284467,9.7087,0.0537,0.8656,5.149
118,F_SIN,3,SVR_rbf,B_latidos,1818,455,one-beat-ahead,0.7623,0.02407,0.155144,0.090703,3.0253,1.7756,0.894,1.314
118,F_SIN,3,MLP,B_latidos,1818,455,one-beat-ahead,0.7402,0.27295,0.522446,0.266564,8.8695,0.011,0.8041,6.558
118,F_SIN,5,LinReg,B_latidos,1816,455,one-beat-ahead,-0.1588,1.21722,1.103277,0.644499,18.307,0.0464,0.9449,1.778
118,F_SIN,5,DT,B_latidos,1816,455,one-beat-ahead,0.5219,0.502211,0.708669,0.350362,11.9109,0.0038,0.8586,16.127
118,F_SIN,5,RF,B_latidos,1816,455,one-beat-ahead,0.7193,0.294835,0.542988,0.28271,9.7927,0.0554,0.8645,9.168
118,F_SIN,5,SVR_rbf,B_latidos,1816,455,one-beat-ahead,0.677,0.03271,0.180858,0.112984,3.5195,0.1133,0.873,0.361
118,F_SIN,5,MLP,B_latidos,1816,455,one-beat-ahead,0.7092,0.305481,0.552703,0.299085,9.1348,0.0043,0.8257,2.363
118,F_SIN,10,LinReg,B_latidos,1812,454,one-beat-ahead,-0.9471,2.044916,1.430006,0.816965,22.3812,0.1079,1.0,6.97
118,F_SIN,10,DT,B_latidos,1812,454,one-beat-ahead,0.5607,0.461403,0.679267,0.341373,12.3779,0.0049,0.8557,32.859
118,F_SIN,10,RF,B_latidos,1812,454,one-beat-ahead,0.7173,0.296913,0.544897,0.284007,10.1594,0.0664,0.8613,9.314
118,F_SIN,10,SVR_rbf,B_latidos,1812,454,one-beat-ahead,0.6295,0.037462,0.193551,0.124118,3.5704,0.2322,0.8765,0.579
118,F_SIN,10,MLP,B_latidos,1812,454,one-beat-ahead,0.6974,0.317816,0.563752,0.306634,10.0159,0.0043,0.8022,5.449
118,F_N,3,LinReg,B_latidos,1818,455,one-beat-ahead,0.4594,0.567826,0.753542,0.43136,11.9989,0.027,0.8866,0.554
118,F_N,3,DT,B_latidos,1818,455,one-beat-ahead,0.5372,0.486139,0.697237,0.345133,11.0355,0.003,0.852,9.341
118,F_N,3,RF,B_latidos,1818,455,one-beat-ahead,0.7195,0.294647,0.542814,0.281725,9.9671,0.0528,0.8676,6.616
118,F_N,3,SVR_rbf,B_latidos,1818,455,one-beat-ahead,0.7639,0.023802,0.15428,0.089974,3.0062,1.1606,0.894,1.155
118,F_N,3,MLP,B_latidos,1818,455,one-beat-ahead,0.7406,0.272501,0.522016,0.26649,8.7264,0.0806,0.8181,6.735
118,F_N,5,LinReg,B_latidos,1816,455,one-beat-ahead,-0.1501,1.20804,1.099109,0.644238,18.5409,0.0388,0.9445,1.761
118,F_N,5,DT,B_latidos,1816,455,one-beat-ahead,0.5932,0.42723,0.653628,0.324054,10.1606,0.0029,0.8531,15.946
118,F_N,5,RF,B_latidos,1816,455,one-beat-ahead,0.7163,0.297989,0.545884,0.283601,9.6982,0.0581,0.8644,6.619
118,F_N,5,SVR_rbf,B_latidos,1816,455,one-beat-ahead,0.6784,0.032412,0.180033,0.112352,3.4968,0.217,0.8731,0.55
118,F_N,5,MLP,B_latidos,1816,455,one-beat-ahead,0.7092,0.305432,0.552659,0.299136,9.1694,0.0042,0.8258,5.676
118,F_N,10,LinReg,B_latidos,1812,454,one-beat-ahead,-0.8998,1.995103,1.412481,0.810368,22.3948,0.0422,1.0,5.359
118,F_N,10,DT,B_latidos,1812,454,one-beat-ahead,0.5979,0.42228,0.649831,0.326468,10.6511,0.0062,0.8567,32.185
118,F_N,10,RF,B_latidos,1812,454,one-beat-ahead,0.7162,0.298045,0.545935,0.282878,10.4442,0.0564,0.8603,11.056
118,F_N,10,SVR_rbf,B_latidos,1812,454,one-beat-ahead,0.6305,0.037195,0.192861,0.123913,3.5644,0.1139,0.8763,0.366
118,F_N,10,MLP,B_latidos,1812,454,one-beat-ahead,0.6981,0.317077,0.563096,0.305675,10.0469,0.0043,0.8018,2.08
118,F_PB,3,LinReg,B_latidos,1818,455,one-beat-ahead,-21577.9996,25586.776556,159.958671,14.210135,1336.1431,0.0458,0.89,3.159
118,F_PB,3,DT,B_latidos,1818,455,one-beat-ahead,0.5877,0.488863,0.699187,0.305568,10.7852,0.0024,0.845,9.254
118,F_PB,3,RF,B_latidos,1818,455,one-beat-ahead,0.7304,0.319623,0.565353,0.274982,10.882,0.0557,0.878,7.594
118,F_PB,3,SVR_rbf,B_latidos,1818,455,one-beat-ahead,0.4142,0.017787,0.133367,0.081563,2.5283,1.1428,0.837,1.077
118,F_PB,3,MLP,B_latidos,1818,455,one-beat-ahead,0.7581,0.286834,0.535569,0.246006,9.0668,0.0109,0.8218,3.738
118,F_PB,5,LinReg,B_latidos,1816,455,one-beat-ahead,-67840.0577,80434.400777,283.609592,32.316811,3169.6616,0.0542,0.948,2.565
118,F_PB,5,DT,B_latidos,1816,455,one-beat-ahead,0.5377,0.548148,0.74037,0.316443,12.4002,0.0038,0.8562,16.933
118,F_PB,5,RF,B_latidos,1816,455,one-beat-ahead,0.7337,0.315683,0.561856,0.273308,10.6512,0.0549,0.8772,7.321
118,F_PB,5,SVR_rbf,B_latidos,1816,455,one-beat-ahead,0.1739,0.025081,0.158371,0.104292,2.6646,0.1096,0.8006,0.336
118,F_PB,5,MLP,B_latidos,1816,455,one-beat-ahead,0.714,0.339054,0.582284,0.273673,9.3972,0.0043,0.8535,3.046
118,F_PB,10,LinReg,B_latidos,1812,454,one-beat-ahead,-710.9547,844.032122,29.052231,5.909278,443.0943,0.0422,1.0,6.667
118,F_PB,10,DT,B_latidos,1812,454,one-beat-ahead,0.5741,0.504865,0.710539,0.310758,12.7843,0.0051,0.8488,32.651
118,F_PB,10,RF,B_latidos,1812,454,one-beat-ahead,0.728,0.322457,0.567853,0.27484,11.2916,0.0563,0.8673,12.047
118,F_PB,10,SVR_rbf,B_latidos,1812,454,one-beat-ahead,0.0539,0.028779,0.169645,0.114205,2.7562,0.115,0.7651,0.344
118,F_PB,10,MLP,B_latidos,1812,454,one-beat-ahead,0.6903,0.367157,0.605935,0.288096,10.8853,0.0112,0.8501,3.276
118,F_MED,3,LinReg,B_latidos,1818,455,one-beat-ahead,0.5182,0.43356,0.658452,0.40372,11.438,0.026,0.9229,0.564
118,F_MED,3,DT,B_latidos,1818,455,one-beat-ahead,0.6466,0.317957,0.563877,0.302101,9.844,0.0024,0.8834,10.211
118,F_MED,3,RF,B_latidos,1818,455,one-beat-ahead,0.7768,0.200808,0.448116,0.253655,8.6039,0.0551,0.893,5.144
118,F_MED,3,SVR_rbf,B_latidos,1818,455,one-beat-ahead,0.9644,0.005758,0.075879,0.044043,1.5959,1.584,0.855,1.269
118,F_MED,3,MLP,B_latidos,1818,455,one-beat-ahead,0.7976,0.182112,0.426745,0.250076,7.8609,0.0109,0.8446,5.951
118,F_MED,5,LinReg,B_latidos,1816,455,one-beat-ahead,-0.0602,0.954093,0.976777,0.604791,15.5279,0.0517,0.9653,1.9
118,F_MED,5,DT,B_latidos,1816,455,one-beat-ahead,0.6673,0.299421,0.547194,0.298236,9.5089,0.003,0.8827,16.182
118,F_MED,5,RF,B_latidos,1816,455,one-beat-ahead,0.7782,0.19959,0.446755,0.253233,8.397,0.0557,0.8957,9.108
118,F_MED,5,SVR_rbf,B_latidos,1816,455,one-beat-ahead,0.9131,0.014059,0.118571,0.079343,2.498,0.1135,0.836,0.381
118,F_MED,5,MLP,B_latidos,1816,455,one-beat-ahead,0.7657,0.210845,0.459179,0.286281,8.1805,0.0042,0.8646,2.202
118,F_MED,10,LinReg,B_latidos,1812,454,one-beat-ahead,-0.4011,1.260373,1.122663,0.703145,20.3201,0.0425,1.0,9.48
118,F_MED,10,DT,B_latidos,1812,454,one-beat-ahead,0.6269,0.335573,0.579287,0.309563,11.2294,0.0054,0.8849,32.491
118,F_MED,10,RF,B_latidos,1812,454,one-beat-ahead,0.7726,0.204568,0.452292,0.257537,8.7913,0.0608,0.8933,10.952
118,F_MED,10,SVR_rbf,B_latidos,1812,454,one-beat-ahead,0.8775,0.019767,0.140596,0.099478,2.9307,0.2264,0.8365,0.604
118,F_MED,10,MLP,B_latidos,1812,454,one-beat-ahead,0.75,0.224905,0.474242,0.301758,8.9778,0.0043,0.8455,2.354
118,F_N+PB,3,LinReg,B_latidos,1818,455,one-beat-ahead,-22730.6466,26953.133582,164.174095,13.970243,1225.642,0.0276,0.8898,0.545
118,F_N+PB,3,DT,B_latidos,1818,455,one-beat-ahead,0.5954,0.479684,0.692592,0.302331,10.4799,0.0032,0.8488,10.334
118,F_N+PB,3,RF,B_latidos,1818,455,one-beat-ahead,0.7279,0.322593,0.567973,0.275703,10.8823,0.0532,0.8788,5.666
118,F_N+PB,3,SVR_rbf,B_latidos,1818,455,one-beat-ahead,0.4143,0.017776,0.133328,0.081548,2.5268,1.1412,0.837,1.162
118,F_N+PB,3,MLP,B_latidos,1818,455,one-beat-ahead,0.7541,0.291523,0.539929,0.249493,9.4243,0.0119,0.83,8.854
118,F_N+PB,5,LinReg,B_latidos,1816,455,one-beat-ahead,-66017.412,78272.353119,279.771966,32.683721,3132.5527,0.0616,0.9476,1.728
118,F_N+PB,5,DT,B_latidos,1816,455,one-beat-ahead,0.4786,0.618223,0.786272,0.335986,12.525,0.0028,0.8516,16.568
118,F_N+PB,5,RF,B_latidos,1816,455,one-beat-ahead,0.7353,0.313805,0.560183,0.272827,10.7078,0.0574,0.8766,9.087
118,F_N+PB,5,SVR_rbf,B_latidos,1816,455,one-beat-ahead,0.1739,0.025069,0.158331,0.104275,2.6634,0.1119,0.8007,0.36
118,F_N+PB,5,MLP,B_latidos,1816,455,one-beat-ahead,0.7116,0.341941,0.584757,0.272732,9.5294,0.0041,0.8598,3.416
118,F_N+PB,10,LinReg,B_latidos,1812,454,one-beat-ahead,-790.0713,937.813147,30.623735,6.018639,454.5327,0.1109,1.0,8.587
118,F_N+PB,10,DT,B_latidos,1812,454,one-beat-ahead,0.5986,0.475894,0.689851,0.302407,11.8705,0.0057,0.8488,33.002
118,F_N+PB,10,RF,B_latidos,1812,454,one-beat-ahead,0.7292,0.321012,0.56658,0.274516,11.2568,0.0573,0.8676,11.206
118,F_N+PB,10,SVR_rbf,B_latidos,1812,454,one-beat-ahead,0.0541,0.028757,0.169578,0.114184,2.7555,0.2109,0.7651,0.575
118,F_N+PB,10,MLP,B_latidos,1812,454,one-beat-ahead,0.6813,0.377786,0.614643,0.293484,11.1068,0.0043,0.8548,3.64
118,F_N+MED,3,LinReg,B_latidos,1818,455,one-beat-ahead,0.511,0.439474,0.662929,0.402707,11.7094,0.0402,0.9233,0.528
118,F_N+MED,3,DT,B_latidos,1818,455,one-beat-ahead,0.6589,0.306532,0.553654,0.302028,9.0558,0.0026,0.8834,10.098
118,F_N+MED,3,RF,B_latidos,1818,455,one-beat-ahead,0.7774,0.199999,0.447213,0.254302,8.368,0.0556,0.8964,5.123
118,F_N+MED,3,SVR_rbf,B_latidos,1818,455,one-beat-ahead,0.9652,0.005631,0.075043,0.043467,1.5789,0.8909,0.8553,1.055
118,F_N+MED,3,MLP,B_latidos,1818,455,one-beat-ahead,0.7947,0.184501,0.429535,0.253055,7.8652,0.0111,0.84,8.506
118,F_N+MED,5,LinReg,B_latidos,1816,455,one-beat-ahead,-0.0946,0.983808,0.991871,0.6139,15.5303,0.0571,0.9651,1.738
118,F_N+MED,5,DT,B_latidos,1816,455,one-beat-ahead,0.6441,0.31986,0.565562,0.308247,9.3116,0.0033,0.8846,15.975
118,F_N+MED,5,RF,B_latidos,1816,455,one-beat-ahead,0.7794,0.198292,0.4453,0.253483,8.5175,0.06,0.8947,8.606
118,F_N+MED,5,SVR_rbf,B_latidos,1816,455,one-beat-ahead,0.9141,0.0139,0.117899,0.07898,2.4832,0.1124,0.8361,0.607
118,F_N+MED,5,MLP,B_latidos,1816,455,one-beat-ahead,0.7671,0.209335,0.457531,0.28496,8.1838,0.0041,0.8643,2.174
118,F_N+MED,10,LinReg,B_latidos,1812,454,one-beat-ahead,-0.5759,1.415729,1.189844,0.734938,21.1941,0.1089,1.0,5.993
118,F_N+MED,10,DT,B_latidos,1812,454,one-beat-ahead,0.4952,0.453483,0.673412,0.31742,12.7331,0.0064,0.8829,33.1
118,F_N+MED,10,RF,B_latidos,1812,454,one-beat-ahead,0.7742,0.202843,0.450381,0.25742,8.7575,0.0589,0.8901,9.91
118,F_N+MED,10,SVR_rbf,B_latidos,1812,454,one-beat-ahead,0.8786,0.019589,0.139962,0.099358,2.9205,0.1159,0.8367,0.357
118,F_N+MED,10,MLP,B_latidos,1812,454,one-beat-ahead,0.7492,0.225272,0.474628,0.299362,9.028,0.0089,0.8368,6.292
118,F_N+PB+MED,3,LinReg,B_latidos,1818,455,one-beat-ahead,0.5524,0.522142,0.722594,0.396915,12.317,0.0353,0.9192,0.537
118,F_N+PB+MED,3,DT,B_latidos,1818,455,one-beat-ahead,0.6703,0.384659,0.620209,0.294807,10.6438,0.0032,0.8888,8.973
118,F_N+PB+MED,3,RF,B_latidos,1818,455,one-beat-ahead,0.8042,0.228437,0.477951,0.245466,9.9076,0.0553,0.9033,7.458
118,F_N+PB+MED,3,SVR_rbf,B_latidos,1818,455,one-beat-ahead,0.8563,0.00468,0.06841,0.042602,1.3481,0.9269,0.8801,1.127
118,F_N+PB+MED,3,MLP,B_latidos,1818,455,one-beat-ahead,0.8127,0.21848,0.467419,0.242275,8.8328,0.0112,0.8731,10.732
118,F_N+PB+MED,5,LinReg,B_latidos,1816,455,one-beat-ahead,-0.0438,1.21772,1.103504,0.614606,16.3639,0.0441,0.9603,1.878
118,F_N+PB+MED,5,DT,B_latidos,1816,455,one-beat-ahead,0.6905,0.361104,0.600919,0.290464,11.1572,0.0043,0.8935,16.244
118,F_N+PB+MED,5,RF,B_latidos,1816,455,one-beat-ahead,0.8019,0.231136,0.480766,0.248684,9.8132,0.0571,0.9001,8.247
118,F_N+PB+MED,5,SVR_rbf,B_latidos,1816,455,one-beat-ahead,0.5728,0.013913,0.117955,0.078711,2.2116,0.2408,0.8313,0.615
118,F_N+PB+MED,5,MLP,B_latidos,1816,455,one-beat-ahead,0.8001,0.233264,0.482974,0.266528,8.897,0.0043,0.8569,2.409
118,F_N+PB+MED,10,LinReg,B_latidos,1812,454,one-beat-ahead,-0.5131,1.764769,1.328446,0.762654,22.0184,0.0425,1.0,5.617
118,F_N+PB+MED,10,DT,B_latidos,1812,454,one-beat-ahead,0.7375,0.30611,0.553272,0.270345,9.8086,0.0076,0.8872,32.949
118,F_N+PB+MED,10,RF,B_latidos,1812,454,one-beat-ahead,0.7999,0.233425,0.483141,0.247696,9.861,0.0557,0.9004,10.487
118,F_N+PB+MED,10,SVR_rbf,B_latidos,1812,454,one-beat-ahead,0.3043,0.022699,0.150662,0.103846,2.7343,0.1092,0.8087,0.347
118,F_N+PB+MED,10,MLP,B_latidos,1812,454,one-beat-ahead,0.7897,0.24531,0.495288,0.273235,8.9969,0.0071,0.8387,3.877
119,F_SIN,3,LinReg,B_latidos,1585,397,one-beat-ahead,0.4673,0.534202,0.730891,0.427838,13.0208,0.0545,0.9025,0.953
119,F_SIN,3,DT,B_latidos,1585,397,one-beat-ahead,0.5675,0.433703,0.658561,0.328087,12.598,0.0027,0.8625,7.73
119,F_SIN,3,RF,B_latidos,1585,397,one-beat-ahead,0.69,0.310887,0.557572,0.299344,12.1186,0.0618,0.8915,5.705
119,F_SIN,3,SVR_rbf,B_latidos,1585,397,one-beat-ahead,0.913,0.015927,0.126202,0.072353,2.4068,0.7496,0.9891,1.154
119,F_SIN,3,MLP,B_latidos,1585,397,one-beat-ahead,0.7126,0.288162,0.536807,0.300034,10.3781,0.0271,0.8551,4.819
119,F_SIN,5,LinReg,B_latidos,1584,396,one-beat-ahead,-0.421,1.418591,1.191046,0.701651,18.3712,0.0434,0.9648,1.551
119,F_SIN,5,DT,B_latidos,1584,396,one-beat-ahead,0.4987,0.500391,0.707383,0.354711,11.7565,0.0033,0.8691,14.063
119,F_SIN,5,RF,B_latidos,1584,396,one-beat-ahead,0.6654,0.334007,0.577934,0.310861,11.2665,0.0624,0.9034,8.119
119,F_SIN,5,SVR_rbf,B_latidos,1584,396,one-beat-ahead,0.8047,0.035773,0.189139,0.115828,3.4488,0.1037,0.9742,0.221
119,F_SIN,5,MLP,B_latidos,1584,396,one-beat-ahead,0.6829,0.316594,0.562667,0.317927,10.6838,0.0042,0.8323,2.153
119,F_SIN,10,LinReg,B_latidos,1580,395,one-beat-ahead,-0.2312,1.230116,1.109106,0.630608,16.6601,0.0435,1.0,3.057
119,F_SIN,10,DT,B_latidos,1580,395,one-beat-ahead,0.4897,0.509897,0.714071,0.354494,11.0756,0.0053,0.8673,28.078
119,F_SIN,10,RF,B_latidos,1580,395,one-beat-ahead,0.668,0.331742,0.575971,0.31124,10.0138,0.0643,0.902,10.442
119,F_SIN,10,SVR_rbf,B_latidos,1580,395,one-beat-ahead,0.7321,0.049002,0.221365,0.145792,4.0768,0.109,0.9605,0.237
119,F_SIN,10,MLP,B_latidos,1580,395,one-beat-ahead,0.6193,0.380385,0.616753,0.353206,10.5261,0.0043,0.8125,2.749
119,F_N,3,LinReg,B_latidos,1585,397,one-beat-ahead,0.459,0.542523,0.736562,0.431843,13.0746,0.0246,0.9031,0.561
119,F_N,3,DT,B_latidos,1585,397,one-beat-ahead,0.5621,0.439076,0.662628,0.335247,11.977,0.0026,0.8631,9.471
119,F_N,3,RF,B_latidos,1585,397,one-beat-ahead,0.6861,0.314799,0.56107,0.302748,12.3058,0.0608,0.8949,4.486
119,F_N,3,SVR_rbf,B_latidos,1585,397,one-beat-ahead,0.9128,0.01598,0.126414,0.072667,2.4087,0.8141,0.9891,0.854
119,F_N,3,MLP,B_latidos,1585,397,one-beat-ahead,0.7207,0.280092,0.529237,0.294496,10.5449,0.0112,0.8532,9.081
119,F_N,5,LinReg,B_latidos,1584,396,one-beat-ahead,-0.3795,1.377163,1.173526,0.695891,19.801,0.0432,0.9645,1.566
119,F_N,5,DT,B_latidos,1584,396,one-beat-ahead,0.5393,0.459877,0.678143,0.346604,11.0327,0.0039,0.8651,14.268
119,F_N,5,RF,B_latidos,1584,396,one-beat-ahead,0.6703,0.329084,0.573658,0.308888,10.716,0.0631,0.9041,5.615
119,F_N,5,SVR_rbf,B_latidos,1584,396,one-beat-ahead,0.8043,0.035854,0.189352,0.115865,3.4473,0.1059,0.9742,0.227
119,F_N,5,MLP,B_latidos,1584,396,one-beat-ahead,0.6831,0.316311,0.562415,0.317591,10.6486,0.0045,0.8321,6.964
119,F_N,10,LinReg,B_latidos,1580,395,one-beat-ahead,-0.2196,1.218511,1.103862,0.628397,16.6142,0.0435,1.0,3.063
119,F_N,10,DT,B_latidos,1580,395,one-beat-ahead,0.526,0.473642,0.688216,0.347792,10.013,0.0053,0.8666,28.054
119,F_N,10,RF,B_latidos,1580,395,one-beat-ahead,0.6654,0.334302,0.578189,0.311744,9.6315,0.0715,0.9023,9.02
119,F_N,10,SVR_rbf,B_latidos,1580,395,one-beat-ahead,0.7315,0.049137,0.221669,0.145913,4.0808,0.2028,0.9607,0.387
119,F_N,10,MLP,B_latidos,1580,395,one-beat-ahead,0.62,0.379674,0.616177,0.358063,10.7707,0.0044,0.7861,3.53
119,F_PB,3,LinReg,B_latidos,1585,397,one-beat-ahead,-65481.417,62681.8726,250.363481,19.209237,3831.3292,0.0475,0.9239,0.505
119,F_PB,3,DT,B_latidos,1585,397,one-beat-ahead,0.6014,0.381549,0.617697,0.254646,10.5417,0.0047,0.9173,7.798
119,F_PB,3,RF,B_latidos,1585,397,one-beat-ahead,0.7808,0.209821,0.458063,0.217073,10.4518,0.0622,0.9337,6.397
119,F_PB,3,SVR_rbf,B_latidos,1585,397,one-beat-ahead,0.9586,0.00329,0.057358,0.038942,1.0517,0.7233,0.9867,0.718
119,F_PB,3,MLP,B_latidos,1585,397,one-beat-ahead,0.7854,0.205468,0.453286,0.231897,9.5953,0.0113,0.9043,5.632
119,F_PB,5,LinReg,B_latidos,1584,396,one-beat-ahead,-641483.212,611179.646104,781.779794,94.632669,17252.8245,0.081,0.9761,3.631
119,F_PB,5,DT,B_latidos,1584,396,one-beat-ahead,0.5319,0.445946,0.667792,0.276246,11.9786,0.0043,0.917,13.665
119,F_PB,5,RF,B_latidos,1584,396,one-beat-ahead,0.7717,0.217522,0.466392,0.223048,9.2666,0.0616,0.9319,6.231
119,F_PB,5,SVR_rbf,B_latidos,1584,396,one-beat-ahead,0.8631,0.010861,0.104215,0.068747,1.9647,0.0998,0.9655,0.219
119,F_PB,5,MLP,B_latidos,1584,396,one-beat-ahead,0.6982,0.287508,0.536198,0.278398,9.7629,0.0044,0.8262,2.134
119,F_PB,10,LinReg,B_latidos,1580,395,one-beat-ahead,-11.7118,12.122449,3.481731,1.71262,72.4188,0.0424,1.0,6.956
119,F_PB,10,DT,B_latidos,1580,395,one-beat-ahead,0.5928,0.388356,0.623182,0.258163,10.1789,0.0078,0.9177,27.069
119,F_PB,10,RF,B_latidos,1580,395,one-beat-ahead,0.7667,0.222491,0.47169,0.22609,8.0106,0.0638,0.9291,9.094
119,F_PB,10,SVR_rbf,B_latidos,1580,395,one-beat-ahead,0.7649,0.018677,0.136664,0.085531,2.4404,0.104,0.9615,0.245
119,F_PB,10,MLP,B_latidos,1580,395,one-beat-ahead,0.6259,0.356755,0.59729,0.305342,8.9408,0.0044,0.8389,3.139
119,F_MED,3,LinReg,B_latidos,1585,397,one-beat-ahead,0.6801,0.325201,0.570264,0.346164,11.4155,0.0342,0.963,3.2
119,F_MED,3,DT,B_latidos,1585,397,one-beat-ahead,0.651,0.354756,0.595614,0.285375,12.3696,0.0023,0.9472,7.909
119,F_MED,3,RF,B_latidos,1585,397,one-beat-ahead,0.7913,0.212174,0.460624,0.24966,10.9112,0.0652,0.9585,5.348
119,F_MED,3,SVR_rbf,B_latidos,1585,397,one-beat-ahead,0.8855,0.031212,0.176669,0.083181,3.2518,0.5998,0.9855,0.931
119,F_MED,3,MLP,B_latidos,1585,397,one-beat-ahead,0.8233,0.179634,0.423833,0.232161,10.2883,0.011,0.9504,6.176
119,F_MED,5,LinReg,B_latidos,1584,396,one-beat-ahead,0.2356,0.771633,0.878426,0.559698,15.3976,0.0656,0.9875,1.538
119,F_MED,5,DT,B_latidos,1584,396,one-beat-ahead,0.6334,0.370076,0.608339,0.289079,11.6306,0.0033,0.9482,14.06
119,F_MED,5,RF,B_latidos,1584,396,one-beat-ahead,0.7794,0.222654,0.471863,0.254876,8.6701,0.063,0.9591,8.085
119,F_MED,5,SVR_rbf,B_latidos,1584,396,one-beat-ahead,0.7973,0.055235,0.235021,0.124158,3.9885,0.0915,0.9747,0.21
119,F_MED,5,MLP,B_latidos,1584,396,one-beat-ahead,0.8147,0.187063,0.432508,0.239388,8.1504,0.0045,0.938,2.499
119,F_MED,10,LinReg,B_latidos,1580,395,one-beat-ahead,0.2963,0.711112,0.843274,0.513729,11.6429,0.0431,1.0,3.003
119,F_MED,10,DT,B_latidos,1580,395,one-beat-ahead,0.6274,0.376528,0.613619,0.291405,9.0764,0.0048,0.9489,27.741
119,F_MED,10,RF,B_latidos,1580,395,one-beat-ahead,0.7695,0.232933,0.482632,0.261467,7.3078,0.0637,0.9573,10.35
119,F_MED,10,SVR_rbf,B_latidos,1580,395,one-beat-ahead,0.7141,0.077843,0.279003,0.180879,5.1541,0.104,0.9616,0.213
119,F_MED,10,MLP,B_latidos,1580,395,one-beat-ahead,0.7438,0.258935,0.508857,0.285646,7.719,0.0043,0.9328,3.253
119,F_N+PB,3,LinReg,B_latidos,1585,397,one-beat-ahead,-60412.5077,57829.508076,240.477666,18.882281,3613.0137,0.0474,0.9241,0.473
119,F_N+PB,3,DT,B_latidos,1585,397,one-beat-ahead,0.6284,0.355735,0.596435,0.250997,11.0049,0.0023,0.9173,8.979
119,F_N+PB,3,RF,B_latidos,1585,397,one-beat-ahead,0.7813,0.209331,0.457527,0.217149,10.5503,0.0608,0.9341,4.417
119,F_N+PB,3,SVR_rbf,B_latidos,1585,397,one-beat-ahead,0.9586,0.003289,0.05735,0.038929,1.0515,0.663,0.9867,0.772
119,F_N+PB,3,MLP,B_latidos,1585,397,one-beat-ahead,0.7793,0.211245,0.459614,0.237222,9.8237,0.0183,0.8949,9.214
119,F_N+PB,5,LinReg,B_latidos,1584,396,one-beat-ahead,-978450.969,932224.371893,965.51767,115.234692,17337.7859,0.0574,0.9762,1.452
119,F_N+PB,5,DT,B_latidos,1584,396,one-beat-ahead,0.5852,0.395224,0.628669,0.264536,11.392,0.0032,0.917,13.954
119,F_N+PB,5,RF,B_latidos,1584,396,one-beat-ahead,0.7699,0.21919,0.468177,0.224068,9.172,0.0625,0.9333,5.593
119,F_N+PB,5,SVR_rbf,B_latidos,1584,396,one-beat-ahead,0.8632,0.010855,0.104189,0.068722,1.9643,0.1043,0.9655,0.228
119,F_N+PB,5,MLP,B_latidos,1584,396,one-beat-ahead,0.6977,0.288015,0.536671,0.278259,9.715,0.0095,0.8276,4.165
119,F_N+PB,10,LinReg,B_latidos,1580,395,one-beat-ahead,-12.407,12.785392,3.575667,1.733269,87.4467,0.0433,1.0,3.011
119,F_N+PB,10,DT,B_latidos,1580,395,one-beat-ahead,0.6337,0.349339,0.591049,0.244458,9.9407,0.0047,0.9177,27.756
119,F_N+PB,10,RF,B_latidos,1580,395,one-beat-ahead,0.7641,0.224937,0.474276,0.226827,7.9691,0.0639,0.9296,7.889
119,F_N+PB,10,SVR_rbf,B_latidos,1580,395,one-beat-ahead,0.7649,0.018678,0.136667,0.085525,2.4404,0.0954,0.9615,0.259
119,F_N+PB,10,MLP,B_latidos,1580,395,one-beat-ahead,0.6033,0.378305,0.615065,0.314736,9.2128,0.0043,0.8654,8.363
119,F_N+MED,3,LinReg,B_latidos,1585,397,one-beat-ahead,0.6783,0.326971,0.571814,0.348307,11.6865,0.0386,0.9631,0.538
119,F_N+MED,3,DT,B_latidos,1585,397,one-beat-ahead,0.7072,0.297629,0.545553,0.267497,9.614,0.0031,0.9469,7.808
119,F_N+MED,3,RF,B_latidos,1585,397,one-beat-ahead,0.7906,0.212809,0.461312,0.250309,11.0508,0.061,0.9579,6.356
119,F_N+MED,3,SVR_rbf,B_latidos,1585,397,one-beat-ahead,0.8855,0.03123,0.17672,0.083143,3.2517,0.7108,0.9856,0.7
119,F_N+MED,3,MLP,B_latidos,1585,397,one-beat-ahead,0.8423,0.160274,0.400342,0.226371,9.9057,0.0192,0.9331,3.2
119,F_N+MED,5,LinReg,B_latidos,1584,396,one-beat-ahead,0.2281,0.77927,0.882763,0.557797,15.2379,0.0632,0.9878,1.626
119,F_N+MED,5,DT,B_latidos,1584,396,one-beat-ahead,0.6324,0.371054,0.609142,0.291165,10.1081,0.0032,0.9478,13.826
119,F_N+MED,5,RF,B_latidos,1584,396,one-beat-ahead,0.7756,0.226501,0.475921,0.255622,8.7136,0.0618,0.9586,8.049
119,F_N+MED,5,SVR_rbf,B_latidos,1584,396,one-beat-ahead,0.797,0.055378,0.235325,0.124175,3.9931,0.0907,0.9746,0.19
119,F_N+MED,5,MLP,B_latidos,1584,396,one-beat-ahead,0.8039,0.197972,0.44494,0.240328,8.5405,0.0045,0.9476,3.313
119,F_N+MED,10,LinReg,B_latidos,1580,395,one-beat-ahead,0.2916,0.71595,0.846138,0.520687,12.0555,0.0422,1.0,2.993
119,F_N+MED,10,DT,B_latidos,1580,395,one-beat-ahead,0.5976,0.406715,0.637742,0.296523,10.3143,0.0051,0.9482,27.962
119,F_N+MED,10,RF,B_latidos,1580,395,one-beat-ahead,0.769,0.233441,0.483157,0.261116,7.5581,0.0668,0.9552,10.361
119,F_N+MED,10,SVR_rbf,B_latidos,1580,395,one-beat-ahead,0.7132,0.078166,0.279582,0.181233,5.1611,0.1001,0.9613,0.235
119,F_N+MED,10,MLP,B_latidos,1580,395,one-beat-ahead,0.7502,0.252405,0.5024,0.283405,7.5475,0.0043,0.9333,3.462
119,F_N+PB+MED,3,LinReg,B_latidos,1585,397,one-beat-ahead,0.6975,0.285152,0.533996,0.318162,10.271,0.0293,0.9682,0.527
119,F_N+PB+MED,3,DT,B_latidos,1585,397,one-beat-ahead,0.7579,0.228225,0.477729,0.182508,9.4094,0.0024,0.972,8.996
119,F_N+PB+MED,3,RF,B_latidos,1585,397,one-beat-ahead,0.8771,0.11581,0.340309,0.156687,8.4396,0.0611,0.9722,4.522
119,F_N+PB+MED,3,SVR_rbf,B_latidos,1585,397,one-beat-ahead,0.9555,0.00507,0.071202,0.042051,1.3073,0.5629,0.9869,0.624
119,F_N+PB+MED,3,MLP,B_latidos,1585,397,one-beat-ahead,0.8945,0.099414,0.315299,0.158101,7.3788,0.0111,0.9602,9.689
119,F_N+PB+MED,5,LinReg,B_latidos,1584,396,one-beat-ahead,0.2528,0.698891,0.835997,0.503287,15.1679,0.0602,0.9899,1.525
119,F_N+PB+MED,5,DT,B_latidos,1584,396,one-beat-ahead,0.7078,0.273318,0.522798,0.193339,8.778,0.0033,0.9729,14.093
119,F_N+PB+MED,5,RF,B_latidos,1584,396,one-beat-ahead,0.87,0.121624,0.348746,0.164635,6.4805,0.0665,0.9718,6.155
119,F_N+PB+MED,5,SVR_rbf,B_latidos,1584,396,one-beat-ahead,0.8934,0.012105,0.110022,0.070542,1.9932,0.1809,0.9658,0.275
119,F_N+PB+MED,5,MLP,B_latidos,1584,396,one-beat-ahead,0.8304,0.158657,0.398318,0.200866,8.1229,0.0043,0.9611,7.591
119,F_N+PB+MED,10,LinReg,B_latidos,1580,395,one-beat-ahead,0.2414,0.710465,0.842891,0.500054,13.3464,0.0433,1.0,2.991
119,F_N+PB+MED,10,DT,B_latidos,1580,395,one-beat-ahead,0.7423,0.241295,0.491217,0.18908,9.8534,0.0048,0.9726,28.129
119,F_N+PB+MED,10,RF,B_latidos,1580,395,one-beat-ahead,0.86,0.131072,0.362038,0.168509,6.0133,0.063,0.9724,10.578
119,F_N+PB+MED,10,SVR_rbf,B_latidos,1580,395,one-beat-ahead,0.7709,0.026045,0.161386,0.103621,2.8803,0.0924,0.953,0.194
119,F_N+PB+MED,10,MLP,B_latidos,1580,395,one-beat-ahead,0.7983,0.188891,0.434615,0.229741,5.949,0.0045,0.9277,3.388
121,F_SIN,3,LinReg,B_latidos,1486,372,one-beat-ahead,0.7389,1.24861,1.117412,0.711956,23.1243,0.0253,0.9466,0.508
121,F_SIN,3,DT,B_latidos,1486,372,one-beat-ahead,0.6325,1.757046,1.325536,0.738827,28.0893,0.0026,0.9357,8.462
121,F_SIN,3,RF,B_latidos,1486,372,one-beat-ahead,0.6842,1.510216,1.228909,0.682984,26.9411,0.0647,0.9258,4.126
121,F_SIN,3,SVR_rbf,B_latidos,1486,372,one-beat-ahead,0.4144,2.35811,1.535614,0.696911,25.7645,0.7636,0.9355,0.665
121,F_SIN,3,MLP,B_latidos,1486,372,one-beat-ahead,0.7256,1.312036,1.145441,0.670488,23.9635,0.083,0.8744,3.629
121,F_SIN,5,LinReg,B_latidos,1484,372,one-beat-ahead,0.368,3.020954,1.738089,1.203921,29.3851,0.0681,0.9853,2.672
121,F_SIN,5,DT,B_latidos,1484,372,one-beat-ahead,0.6401,1.720482,1.311671,0.730685,27.1271,0.0043,0.9363,12.946
121,F_SIN,5,RF,B_latidos,1484,372,one-beat-ahead,0.6677,1.588471,1.260345,0.695269,27.8557,0.0675,0.9265,5.747
121,F_SIN,5,SVR_rbf,B_latidos,1484,372,one-beat-ahead,0.2551,2.998346,1.731573,0.915204,28.6036,0.1052,0.9024,0.218
121,F_SIN,5,MLP,B_latidos,1484,372,one-beat-ahead,0.7632,1.131795,1.063858,0.632026,23.7697,0.0044,0.8946,1.625
121,F_SIN,10,LinReg,B_latidos,1480,371,one-beat-ahead,0.635,1.747359,1.321877,0.88305,27.0248,0.1029,1.0,5.582
121,F_SIN,10,DT,B_latidos,1480,371,one-beat-ahead,0.6505,1.673211,1.293527,0.765229,27.4901,0.0054,0.9371,25.101
121,F_SIN,10,RF,B_latidos,1480,371,one-beat-ahead,0.653,1.661197,1.288874,0.712359,29.0853,0.068,0.929,10.028
121,F_SIN,10,SVR_rbf,B_latidos,1480,371,one-beat-ahead,0.1505,3.42496,1.850665,1.11944,31.4348,0.0939,0.8908,0.215
121,F_SIN,10,MLP,B_latidos,1480,371,one-beat-ahead,0.7069,1.403179,1.184559,0.732532,27.6505,0.0043,0.8852,1.636
121,F_N,3,LinReg,B_latidos,1486,372,one-beat-ahead,0.731,1.286522,1.13425,0.724397,23.3823,0.0252,0.9467,0.499
121,F_N,3,DT,B_latidos,1486,372,one-beat-ahead,0.6013,1.906261,1.380674,0.764344,27.5651,0.0023,0.9341,8.456
121,F_N,3,RF,B_latidos,1486,372,one-beat-ahead,0.6843,1.509632,1.228671,0.679811,26.9416,0.068,0.9248,4.121
121,F_N,3,SVR_rbf,B_latidos,1486,372,one-beat-ahead,0.4145,2.357215,1.535323,0.696641,25.7588,0.7761,0.9355,0.689
121,F_N,3,MLP,B_latidos,1486,372,one-beat-ahead,0.7609,1.143217,1.069213,0.612405,22.8893,0.0322,0.8772,3.27
121,F_N,5,LinReg,B_latidos,1484,372,one-beat-ahead,0.3661,3.029872,1.740653,1.209297,30.6041,0.0441,0.9855,3.845
121,F_N,5,DT,B_latidos,1484,372,one-beat-ahead,0.6194,1.819408,1.348854,0.753267,25.8044,0.0039,0.9329,12.732
121,F_N,5,RF,B_latidos,1484,372,one-beat-ahead,0.6638,1.607293,1.267791,0.697254,27.9375,0.0663,0.9265,6.104
121,F_N,5,SVR_rbf,B_latidos,1484,372,one-beat-ahead,0.2553,2.996781,1.731121,0.914217,28.5902,0.0929,0.9026,0.221
121,F_N,5,MLP,B_latidos,1484,372,one-beat-ahead,0.76,1.147196,1.071072,0.643385,23.9331,0.0045,0.8866,1.519
121,F_N,10,LinReg,B_latidos,1480,371,one-beat-ahead,0.637,1.737932,1.318306,0.883809,27.0914,0.1222,1.0,2.956
121,F_N,10,DT,B_latidos,1480,371,one-beat-ahead,0.6247,1.796526,1.340345,0.780393,29.8332,0.0051,0.939,25.993
121,F_N,10,RF,B_latidos,1480,371,one-beat-ahead,0.6592,1.631727,1.277391,0.701246,28.7751,0.0675,0.9293,9.98
121,F_N,10,SVR_rbf,B_latidos,1480,371,one-beat-ahead,0.1505,3.424132,1.850441,1.11895,31.4269,0.1007,0.8909,0.214
121,F_N,10,MLP,B_latidos,1480,371,one-beat-ahead,0.7105,1.385866,1.177228,0.735675,27.1207,0.0044,0.9022,1.936
121,F_PB,3,LinReg,B_latidos,1486,372,one-beat-ahead,-0.9866,1.968584,1.403062,0.748908,23.8,0.0264,0.9777,0.49
121,F_PB,3,DT,B_latidos,1486,372,one-beat-ahead,0.5613,0.434701,0.659318,0.411953,12.3476,0.0031,0.9576,7.879
121,F_PB,3,RF,B_latidos,1486,372,one-beat-ahead,0.7432,0.254481,0.504461,0.333945,10.6188,0.0647,0.9645,5.377
121,F_PB,3,SVR_rbf,B_latidos,1486,372,one-beat-ahead,0.5638,0.080116,0.283047,0.157589,5.1257,0.7522,0.9088,0.668
121,F_PB,3,MLP,B_latidos,1486,372,one-beat-ahead,0.7251,0.272432,0.521951,0.341007,9.7955,0.0113,0.9392,3.239
121,F_PB,5,LinReg,B_latidos,1484,372,one-beat-ahead,-5.1347,6.079981,2.465762,1.27714,40.2449,0.1044,0.994,2.654
121,F_PB,5,DT,B_latidos,1484,372,one-beat-ahead,0.5282,0.467555,0.68378,0.421919,11.6595,0.0034,0.9572,12.68
121,F_PB,5,RF,B_latidos,1484,372,one-beat-ahead,0.7421,0.255569,0.505538,0.335039,10.394,0.0678,0.9641,7.958
121,F_PB,5,SVR_rbf,B_latidos,1484,372,one-beat-ahead,-0.0997,0.202005,0.44945,0.286954,7.6879,0.0927,0.9358,0.273
121,F_PB,5,MLP,B_latidos,1484,372,one-beat-ahead,0.6077,0.388826,0.623559,0.375751,13.5589,0.0058,0.9544,2.724
121,F_PB,10,LinReg,B_latidos,1480,371,one-beat-ahead,-5.5592,6.503487,2.550194,1.421681,44.7068,0.0433,1.0,2.549
121,F_PB,10,DT,B_latidos,1480,371,one-beat-ahead,0.5794,0.417,0.645756,0.401619,11.4231,0.0045,0.9579,26.428
121,F_PB,10,RF,B_latidos,1480,371,one-beat-ahead,0.7387,0.259039,0.508959,0.339488,9.9819,0.0679,0.9637,10.221
121,F_PB,10,SVR_rbf,B_latidos,1480,371,one-beat-ahead,-0.095,0.201471,0.448855,0.288641,7.4659,0.0937,0.9226,0.267
121,F_PB,10,MLP,B_latidos,1480,371,one-beat-ahead,0.5977,0.398849,0.631545,0.395564,12.1101,0.0045,0.958,2.82
121,F_MED,3,LinReg,B_latidos,1486,372,one-beat-ahead,0.7127,1.989641,1.410546,0.892586,27.8919,0.0413,0.9391,0.502
121,F_MED,3,DT,B_latidos,1486,372,one-beat-ahead,0.6579,2.369083,1.539183,0.865828,30.17,0.0032,0.928,7.957
121,F_MED,3,RF,B_latidos,1486,372,one-beat-ahead,0.6653,2.317589,1.522363,0.826175,33.2947,0.066,0.9057,4.952
121,F_MED,3,SVR_rbf,B_latidos,1486,372,one-beat-ahead,0.348,4.078074,2.019424,0.941245,33.4678,0.654,0.9075,0.662
121,F_MED,3,MLP,B_latidos,1486,372,one-beat-ahead,0.735,1.835022,1.35463,0.747178,29.9203,0.0225,0.8134,2.121
121,F_MED,5,LinReg,B_latidos,1484,372,one-beat-ahead,0.33,4.636602,2.153277,1.454057,36.5381,0.0399,0.9831,1.492
121,F_MED,5,DT,B_latidos,1484,372,one-beat-ahead,0.6402,2.490264,1.578057,0.856385,31.3275,0.0035,0.9323,13.055
121,F_MED,5,RF,B_latidos,1484,372,one-beat-ahead,0.6486,2.431968,1.559477,0.839584,34.3967,0.0701,0.9086,7.628
121,F_MED,5,SVR_rbf,B_latidos,1484,372,one-beat-ahead,0.2479,4.701048,2.16819,1.13987,35.9638,0.1445,0.8781,0.193
121,F_MED,5,MLP,B_latidos,1484,372,one-beat-ahead,0.7768,1.544814,1.242906,0.7377,27.9101,0.0054,0.8612,1.581
121,F_MED,10,LinReg,B_latidos,1480,371,one-beat-ahead,0.588,2.854666,1.689576,1.088362,35.4409,0.0423,1.0,2.53
121,F_MED,10,DT,B_latidos,1480,371,one-beat-ahead,0.6661,2.313696,1.521084,0.868929,32.7153,0.0049,0.9343,26.222
121,F_MED,10,RF,B_latidos,1480,371,one-beat-ahead,0.6377,2.510171,1.584352,0.855552,36.1705,0.0678,0.9139,7.87
121,F_MED,10,SVR_rbf,B_latidos,1480,371,one-beat-ahead,0.1442,5.354839,2.314053,1.393689,39.364,0.1921,0.8592,0.325
121,F_MED,10,MLP,B_latidos,1480,371,one-beat-ahead,0.7152,1.973249,1.404724,0.874907,30.286,0.0045,0.8944,5.066
121,F_N+PB,3,LinReg,B_latidos,1486,372,one-beat-ahead,-0.82,1.803439,1.342922,0.719653,22.4363,0.0547,0.9776,0.47
121,F_N+PB,3,DT,B_latidos,1486,372,one-beat-ahead,0.5165,0.479083,0.692158,0.419923,13.2446,0.0035,0.9575,7.127
121,F_N+PB,3,RF,B_latidos,1486,372,one-beat-ahead,0.7461,0.251561,0.501559,0.332065,10.54,0.0669,0.9644,6.635
121,F_N+PB,3,SVR_rbf,B_latidos,1486,372,one-beat-ahead,0.564,0.080075,0.282975,0.157529,5.124,0.6381,0.9089,0.613
121,F_N+PB,3,MLP,B_latidos,1486,372,one-beat-ahead,0.7262,0.271307,0.520871,0.340856,9.7585,0.0112,0.9396,3.219
121,F_N+PB,5,LinReg,B_latidos,1484,372,one-beat-ahead,-4.9172,5.864492,2.421671,1.239529,35.9857,0.0603,0.994,1.447
121,F_N+PB,5,DT,B_latidos,1484,372,one-beat-ahead,0.5143,0.481371,0.693809,0.430492,11.8335,0.0036,0.9573,13.211
121,F_N+PB,5,RF,B_latidos,1484,372,one-beat-ahead,0.741,0.256722,0.506678,0.335383,10.4595,0.0677,0.9643,7.665
121,F_N+PB,5,SVR_rbf,B_latidos,1484,372,one-beat-ahead,-0.0997,0.202003,0.449448,0.286939,7.6879,0.0911,0.9358,0.37
121,F_N+PB,5,MLP,B_latidos,1484,372,one-beat-ahead,0.6079,0.38858,0.623362,0.375386,13.5876,0.0045,0.9546,2.745
121,F_N+PB,10,LinReg,B_latidos,1480,371,one-beat-ahead,-4.7596,5.710761,2.38972,1.449996,45.0581,0.0427,1.0,2.568
121,F_N+PB,10,DT,B_latidos,1480,371,one-beat-ahead,0.567,0.429367,0.655261,0.404561,12.3361,0.0051,0.9579,26.25
121,F_N+PB,10,RF,B_latidos,1480,371,one-beat-ahead,0.7405,0.25731,0.507257,0.338151,10.0048,0.0724,0.9638,8.878
121,F_N+PB,10,SVR_rbf,B_latidos,1480,371,one-beat-ahead,-0.095,0.201468,0.448851,0.288625,7.4657,0.1912,0.9226,0.466
121,F_N+PB,10,MLP,B_latidos,1480,371,one-beat-ahead,0.5922,0.404343,0.63588,0.397119,11.9465,0.0044,0.9621,4.449
121,F_N+MED,3,LinReg,B_latidos,1486,372,one-beat-ahead,0.7128,1.988498,1.410141,0.88592,27.0888,0.0411,0.9401,0.505
121,F_N+MED,3,DT,B_latidos,1486,372,one-beat-ahead,0.6667,2.30823,1.519286,0.866219,30.3272,0.0031,0.9269,7.562
121,F_N+MED,3,RF,B_latidos,1486,372,one-beat-ahead,0.6616,2.343379,1.53081,0.825382,33.59,0.0656,0.9075,5.665
121,F_N+MED,3,SVR_rbf,B_latidos,1486,372,one-beat-ahead,0.3481,4.076139,2.018945,0.941202,33.4617,0.8177,0.9078,0.684
121,F_N+MED,3,MLP,B_latidos,1486,372,one-beat-ahead,0.7367,1.823172,1.350249,0.756269,28.6281,0.0226,0.8435,3.066
121,F_N+MED,5,LinReg,B_latidos,1484,372,one-beat-ahead,0.1717,5.732033,2.394166,1.596348,40.6544,0.0803,0.9831,1.509
121,F_N+MED,5,DT,B_latidos,1484,372,one-beat-ahead,0.6214,2.619669,1.618539,0.877979,32.6312,0.0033,0.9314,13.056
121,F_N+MED,5,RF,B_latidos,1484,372,one-beat-ahead,0.6466,2.445262,1.563733,0.846126,34.6511,0.0685,0.9077,7.782
121,F_N+MED,5,SVR_rbf,B_latidos,1484,372,one-beat-ahead,0.248,4.698886,2.167691,1.139516,35.9548,0.0944,0.8783,0.212
121,F_N+MED,5,MLP,B_latidos,1484,372,one-beat-ahead,0.753,1.709474,1.307469,0.801581,29.3195,0.0045,0.8642,1.635
121,F_N+MED,10,LinReg,B_latidos,1480,371,one-beat-ahead,0.528,3.270491,1.80845,1.166308,37.0067,0.0432,1.0,2.657
121,F_N+MED,10,DT,B_latidos,1480,371,one-beat-ahead,0.6449,2.460084,1.568465,0.868937,35.169,0.0045,0.935,26.067
121,F_N+MED,10,RF,B_latidos,1480,371,one-beat-ahead,0.6392,2.499839,1.581088,0.861074,36.1561,0.0703,0.9117,7.984
121,F_N+MED,10,SVR_rbf,B_latidos,1480,371,one-beat-ahead,0.1442,5.353619,2.313789,1.393965,39.3594,0.1794,0.8594,0.33
121,F_N+MED,10,MLP,B_latidos,1480,371,one-beat-ahead,0.7159,1.96814,1.402904,0.883496,32.015,0.0046,0.8664,4.405
121,F_N+PB+MED,3,LinReg,B_latidos,1486,372,one-beat-ahead,-0.2302,1.495662,1.222973,0.72461,18.2755,0.0266,0.9711,0.489
121,F_N+PB+MED,3,DT,B_latidos,1486,372,one-beat-ahead,0.3567,0.782157,0.884396,0.576724,15.7227,0.0026,0.9425,7.156
121,F_N+PB+MED,3,RF,B_latidos,1486,372,one-beat-ahead,0.578,0.513105,0.716314,0.462322,14.9611,0.0655,0.9435,6.826
121,F_N+PB+MED,3,SVR_rbf,B_latidos,1486,372,one-beat-ahead,0.4302,0.264801,0.514588,0.233538,8.9892,0.6938,0.9151,0.621
121,F_N+PB+MED,3,MLP,B_latidos,1486,372,one-beat-ahead,0.5785,0.512466,0.715868,0.463069,13.3469,0.0118,0.9268,3.277
121,F_N+PB+MED,5,LinReg,B_latidos,1484,372,one-beat-ahead,-4.386,6.548869,2.559076,1.272851,35.8003,0.0629,0.9925,1.477
121,F_N+PB+MED,5,DT,B_latidos,1484,372,one-beat-ahead,0.2526,0.908797,0.953308,0.62076,17.6996,0.0034,0.9432,13.416
121,F_N+PB+MED,5,RF,B_latidos,1484,372,one-beat-ahead,0.5682,0.525046,0.7246,0.471868,15.1009,0.0708,0.9428,7.496
121,F_N+PB+MED,5,SVR_rbf,B_latidos,1484,372,one-beat-ahead,-0.093,0.508006,0.712745,0.437868,12.4953,0.089,0.8857,0.467
121,F_N+PB+MED,5,MLP,B_latidos,1484,372,one-beat-ahead,0.3236,0.822445,0.906887,0.571557,16.3987,0.0044,0.9362,2.102
121,F_N+PB+MED,10,LinReg,B_latidos,1480,371,one-beat-ahead,-0.2645,1.538211,1.240246,0.81192,20.7216,0.0443,1.0,2.583
121,F_N+PB+MED,10,DT,B_latidos,1480,371,one-beat-ahead,0.3131,0.835508,0.914062,0.590758,15.9864,0.005,0.9428,26.705
121,F_N+PB+MED,10,RF,B_latidos,1480,371,one-beat-ahead,0.5533,0.54336,0.737129,0.482268,14.3365,0.113,0.9419,8.784
121,F_N+PB+MED,10,SVR_rbf,B_latidos,1480,371,one-beat-ahead,-0.1352,0.528642,0.727078,0.45804,12.5923,0.1874,0.863,0.418
121,F_N+PB+MED,10,MLP,B_latidos,1480,371,one-beat-ahead,0.3051,0.845322,0.919414,0.581505,15.2835,0.0045,0.9289,3.825
122,F_SIN,3,LinReg,B_latidos,1976,495,one-beat-ahead,0.9331,0.069065,0.262801,0.138255,6.1304,0.0324,0.971,0.554
122,F_SIN,3,DT,B_latidos,1976,495,one-beat-ahead,0.9178,0.084879,0.29134,0.15673,5.927,0.0072,0.9625,10.308
122,F_SIN,3,RF,B_latidos,1976,495,one-beat-ahead,0.9432,0.058624,0.242124,0.129286,4.9153,0.0498,0.9718,6.122
122,F_SIN,3,SVR_rbf,B_latidos,1976,495,one-beat-ahead,0.9639,0.001605,0.040061,0.032575,0.8854,1.0109,0.9628,1.255
122,F_SIN,3,MLP,B_latidos,1976,495,one-beat-ahead,0.9501,0.051528,0.226998,0.121291,4.7737,0.0111,0.9445,8.238
122,F_SIN,5,LinReg,B_latidos,1975,494,one-beat-ahead,0.8979,0.105475,0.324769,0.179207,5.8618,0.0518,0.984,2.026
122,F_SIN,5,DT,B_latidos,1975,494,one-beat-ahead,0.9205,0.08212,0.286565,0.157181,5.4064,0.0032,0.9646,16.999
122,F_SIN,5,RF,B_latidos,1975,494,one-beat-ahead,0.9439,0.057896,0.240616,0.129301,4.5677,0.0537,0.9741,9.369
122,F_SIN,5,SVR_rbf,B_latidos,1975,494,one-beat-ahead,0.9164,0.003721,0.061001,0.048735,1.3267,0.117,0.9523,0.593
122,F_SIN,5,MLP,B_latidos,1975,494,one-beat-ahead,0.9493,0.052399,0.228909,0.125806,4.7137,0.0041,0.9656,3.547
122,F_SIN,10,LinReg,B_latidos,1971,493,one-beat-ahead,0.8192,0.186651,0.432032,0.241556,9.9145,0.0417,1.0,10.064
122,F_SIN,10,DT,B_latidos,1971,493,one-beat-ahead,0.9166,0.086089,0.293409,0.15805,5.9476,0.0046,0.9637,33.685
122,F_SIN,10,RF,B_latidos,1971,493,one-beat-ahead,0.9438,0.057987,0.240805,0.130983,5.2458,0.0515,0.9729,12.262
122,F_SIN,10,SVR_rbf,B_latidos,1971,493,one-beat-ahead,0.8921,0.00481,0.069356,0.054936,1.4885,0.1192,0.9591,0.57
122,F_SIN,10,MLP,B_latidos,1971,493,one-beat-ahead,0.9415,0.06036,0.245683,0.136639,5.3281,0.0041,0.9605,2.628
122,F_N,3,LinReg,B_latidos,1976,495,one-beat-ahead,0.9328,0.069414,0.263465,0.138386,6.0184,0.0308,0.9711,0.583
122,F_N,3,DT,B_latidos,1976,495,one-beat-ahead,0.9141,0.088703,0.29783,0.159576,6.0629,0.0024,0.9612,10.759
122,F_N,3,RF,B_latidos,1976,495,one-beat-ahead,0.9419,0.060056,0.245064,0.130652,4.9685,0.0489,0.972,5.419
122,F_N,3,SVR_rbf,B_latidos,1976,495,one-beat-ahead,0.9671,0.001469,0.038322,0.031004,0.8491,1.6652,0.9662,1.108
122,F_N,3,MLP,B_latidos,1976,495,one-beat-ahead,0.9566,0.044808,0.211678,0.112332,5.0404,0.0108,0.9565,9.925
122,F_N,5,LinReg,B_latidos,1975,494,one-beat-ahead,0.8939,0.109583,0.331033,0.181634,5.8292,0.0537,0.984,5.822
122,F_N,5,DT,B_latidos,1975,494,one-beat-ahead,0.9135,0.089342,0.298901,0.156349,5.4256,0.0029,0.9626,17.031
122,F_N,5,RF,B_latidos,1975,494,one-beat-ahead,0.9445,0.057318,0.239412,0.128887,4.5522,0.0493,0.974,6.871
122,F_N,5,SVR_rbf,B_latidos,1975,494,one-beat-ahead,0.9226,0.003453,0.058764,0.047338,1.2822,0.2271,0.9538,0.604
122,F_N,5,MLP,B_latidos,1975,494,one-beat-ahead,0.9503,0.051316,0.22653,0.125735,4.5943,0.004,0.9627,7.318
122,F_N,10,LinReg,B_latidos,1971,493,one-beat-ahead,0.8208,0.185097,0.430229,0.238257,9.7154,0.0922,1.0,6.225
122,F_N,10,DT,B_latidos,1971,493,one-beat-ahead,0.9182,0.084488,0.290668,0.154863,6.7258,0.0045,0.9634,35.298
122,F_N,10,RF,B_latidos,1971,493,one-beat-ahead,0.9436,0.058227,0.241303,0.130205,5.3081,0.0736,0.9734,9.968
122,F_N,10,SVR_rbf,B_latidos,1971,493,one-beat-ahead,0.8994,0.004493,0.06703,0.052786,1.4349,0.2333,0.9595,0.934
122,F_N,10,MLP,B_latidos,1971,493,one-beat-ahead,0.9422,0.059721,0.244378,0.135914,5.2868,0.0042,0.9606,5.025
122,F_PB,3,LinReg,B_latidos,1976,495,one-beat-ahead,0.9263,0.077736,0.278811,0.106728,6.4958,0.0243,0.9772,0.531
122,F_PB,3,DT,B_latidos,1976,495,one-beat-ahead,0.9261,0.077938,0.279175,0.11423,5.8456,0.0028,0.9745,10.465
122,F_PB,3,RF,B_latidos,1976,495,one-beat-ahead,0.955,0.04743,0.217785,0.095419,4.2846,0.0493,0.9803,5.925
122,F_PB,3,SVR_rbf,B_latidos,1976,495,one-beat-ahead,0.7974,0.000704,0.026524,0.021063,0.5459,0.8451,0.8395,1.098
122,F_PB,3,MLP,B_latidos,1976,495,one-beat-ahead,0.9383,0.06509,0.255127,0.117221,5.1037,0.0108,0.9327,1.665
122,F_PB,5,LinReg,B_latidos,1975,494,one-beat-ahead,0.8264,0.18313,0.427937,0.147768,5.1577,0.042,0.9885,4.255
122,F_PB,5,DT,B_latidos,1975,494,one-beat-ahead,0.9283,0.075635,0.275018,0.111359,5.4362,0.003,0.9774,16.945
122,F_PB,5,RF,B_latidos,1975,494,one-beat-ahead,0.9561,0.046282,0.215131,0.094222,3.8827,0.0511,0.9825,6.878
122,F_PB,5,SVR_rbf,B_latidos,1975,494,one-beat-ahead,0.3685,0.002196,0.046862,0.036716,0.78,0.2279,0.902,0.913
122,F_PB,5,MLP,B_latidos,1975,494,one-beat-ahead,0.9448,0.058239,0.241327,0.10033,4.4405,0.0041,0.9834,11.27
122,F_PB,10,LinReg,B_latidos,1971,493,one-beat-ahead,-0.086,1.145219,1.070149,0.440487,18.7198,0.0421,1.0,8.691
122,F_PB,10,DT,B_latidos,1971,493,one-beat-ahead,0.9279,0.076024,0.275725,0.113127,5.9116,0.0047,0.9773,33.681
122,F_PB,10,RF,B_latidos,1971,493,one-beat-ahead,0.9562,0.046151,0.214828,0.095106,4.7994,0.0523,0.9832,12.14
122,F_PB,10,SVR_rbf,B_latidos,1971,493,one-beat-ahead,0.2764,0.00251,0.050104,0.039701,0.7929,0.1146,0.936,0.587
122,F_PB,10,MLP,B_latidos,1971,493,one-beat-ahead,0.9406,0.062633,0.250265,0.105698,5.5072,0.0061,0.9836,11.015
122,F_MED,3,LinReg,B_latidos,1976,495,one-beat-ahead,0.8394,0.141527,0.376201,0.240608,9.4385,0.0221,0.9451,0.526
122,F_MED,3,DT,B_latidos,1976,495,one-beat-ahead,0.8673,0.116968,0.342005,0.2377,7.189,0.0028,0.9298,9.375
122,F_MED,3,RF,B_latidos,1976,495,one-beat-ahead,0.9039,0.084743,0.291106,0.19608,5.8963,0.0499,0.9451,7.52
122,F_MED,3,SVR_rbf,B_latidos,1976,495,one-beat-ahead,0.9925,0.002018,0.044917,0.035577,0.9993,1.1142,0.9171,1.36
122,F_MED,3,MLP,B_latidos,1976,495,one-beat-ahead,0.912,0.077561,0.278498,0.190631,5.919,0.0128,0.9128,8.187
122,F_MED,5,LinReg,B_latidos,1975,494,one-beat-ahead,0.7127,0.253142,0.503133,0.330274,9.7188,0.0482,0.97,1.869
122,F_MED,5,DT,B_latidos,1975,494,one-beat-ahead,0.8615,0.122054,0.349363,0.240394,7.0497,0.0033,0.9311,16.856
122,F_MED,5,RF,B_latidos,1975,494,one-beat-ahead,0.9013,0.087011,0.294976,0.198542,6.0751,0.0524,0.9456,8.36
122,F_MED,5,SVR_rbf,B_latidos,1975,494,one-beat-ahead,0.9793,0.005548,0.074488,0.058958,1.6294,0.2484,0.888,0.754
122,F_MED,5,MLP,B_latidos,1975,494,one-beat-ahead,0.8909,0.096107,0.310011,0.217868,6.2832,0.0042,0.9242,2.441
122,F_MED,10,LinReg,B_latidos,1971,493,one-beat-ahead,0.3976,0.530364,0.728261,0.495192,13.8024,0.0763,1.0,6.301
122,F_MED,10,DT,B_latidos,1971,493,one-beat-ahead,0.8645,0.119327,0.345438,0.241243,7.4159,0.0044,0.9272,35.123
122,F_MED,10,RF,B_latidos,1971,493,one-beat-ahead,0.8988,0.089099,0.298494,0.202944,6.4233,0.0559,0.9416,10.308
122,F_MED,10,SVR_rbf,B_latidos,1971,493,one-beat-ahead,0.9613,0.010378,0.101871,0.081154,2.236,0.2457,0.8811,0.746
122,F_MED,10,MLP,B_latidos,1971,493,one-beat-ahead,0.8833,0.102747,0.320542,0.225674,7.0831,0.0042,0.9117,3.941
122,F_N+PB,3,LinReg,B_latidos,1976,495,one-beat-ahead,0.9252,0.078916,0.28092,0.10804,6.6338,0.0315,0.9773,0.509
122,F_N+PB,3,DT,B_latidos,1976,495,one-beat-ahead,0.9294,0.074499,0.272945,0.111976,5.9444,0.0028,0.9738,10.25
122,F_N+PB,3,RF,B_latidos,1976,495,one-beat-ahead,0.9549,0.047519,0.217989,0.095449,4.4598,0.0499,0.9804,6.312
122,F_N+PB,3,SVR_rbf,B_latidos,1976,495,one-beat-ahead,0.7972,0.000705,0.026543,0.021092,0.546,0.7568,0.8394,0.984
122,F_N+PB,3,MLP,B_latidos,1976,495,one-beat-ahead,0.9383,0.065078,0.255104,0.117207,5.1033,0.0105,0.9327,1.67
122,F_N+PB,5,LinReg,B_latidos,1975,494,one-beat-ahead,0.8058,0.204816,0.452566,0.150196,6.2704,0.0561,0.9888,5.055
122,F_N+PB,5,DT,B_latidos,1975,494,one-beat-ahead,0.9303,0.073525,0.271155,0.112316,4.5838,0.003,0.978,16.998
122,F_N+PB,5,RF,B_latidos,1975,494,one-beat-ahead,0.9557,0.046729,0.216169,0.095049,3.9186,0.0514,0.983,6.883
122,F_N+PB,5,SVR_rbf,B_latidos,1975,494,one-beat-ahead,0.3687,0.002196,0.046865,0.03673,0.7799,0.2199,0.902,0.584
122,F_N+PB,5,MLP,B_latidos,1975,494,one-beat-ahead,0.9447,0.058351,0.24156,0.100209,4.7487,0.0041,0.9835,13.491
122,F_N+PB,10,LinReg,B_latidos,1971,493,one-beat-ahead,-0.1772,1.241467,1.114212,0.456674,17.9682,0.0417,1.0,8.433
122,F_N+PB,10,DT,B_latidos,1971,493,one-beat-ahead,0.9266,0.077391,0.278192,0.114445,5.6052,0.0044,0.9778,33.805
122,F_N+PB,10,RF,B_latidos,1971,493,one-beat-ahead,0.9566,0.045814,0.214041,0.095081,4.553,0.0548,0.9827,12.164
122,F_N+PB,10,SVR_rbf,B_latidos,1971,493,one-beat-ahead,0.2759,0.002513,0.050131,0.039724,0.7935,0.1199,0.9362,0.594
122,F_N+PB,10,MLP,B_latidos,1971,493,one-beat-ahead,0.9402,0.063013,0.251025,0.106152,5.4583,0.0044,0.9842,12.22
122,F_N+MED,3,LinReg,B_latidos,1976,495,one-beat-ahead,0.8601,0.12343,0.351326,0.231722,8.1867,0.0298,0.946,0.53
122,F_N+MED,3,DT,B_latidos,1976,495,one-beat-ahead,0.871,0.113762,0.337287,0.230982,6.5249,0.0028,0.9283,9.824
122,F_N+MED,3,RF,B_latidos,1976,495,one-beat-ahead,0.9027,0.085853,0.293007,0.196757,5.9474,0.0523,0.9455,6.846
122,F_N+MED,3,SVR_rbf,B_latidos,1976,495,one-beat-ahead,0.9925,0.002021,0.044958,0.035429,0.9997,0.9193,0.9183,1.222
122,F_N+MED,3,MLP,B_latidos,1976,495,one-beat-ahead,0.9148,0.075185,0.2742,0.185627,5.8628,0.0153,0.9127,8.638
122,F_N+MED,5,LinReg,B_latidos,1975,494,one-beat-ahead,0.737,0.231894,0.481554,0.317612,8.9226,0.0655,0.9689,1.874
122,F_N+MED,5,DT,B_latidos,1975,494,one-beat-ahead,0.869,0.115526,0.339891,0.233914,7.7078,0.003,0.9279,16.836
122,F_N+MED,5,RF,B_latidos,1975,494,one-beat-ahead,0.9018,0.086628,0.294326,0.197725,5.9767,0.0505,0.9451,8.431
122,F_N+MED,5,SVR_rbf,B_latidos,1975,494,one-beat-ahead,0.9789,0.00565,0.075168,0.058801,1.6568,0.2447,0.8882,0.752
122,F_N+MED,5,MLP,B_latidos,1975,494,one-beat-ahead,0.8901,0.096893,0.311277,0.219139,6.4429,0.0041,0.9248,2.33
122,F_N+MED,10,LinReg,B_latidos,1971,493,one-beat-ahead,0.3851,0.541771,0.736051,0.496824,14.2568,0.0957,1.0,6.733
122,F_N+MED,10,DT,B_latidos,1971,493,one-beat-ahead,0.859,0.124196,0.352415,0.244409,7.8207,0.0046,0.9292,34.795
122,F_N+MED,10,RF,B_latidos,1971,493,one-beat-ahead,0.8978,0.090082,0.300136,0.203206,6.4424,0.0562,0.9419,10.553
122,F_N+MED,10,SVR_rbf,B_latidos,1971,493,one-beat-ahead,0.9611,0.01042,0.102079,0.08033,2.2387,0.253,0.8815,0.74
122,F_N+MED,10,MLP,B_latidos,1971,493,one-beat-ahead,0.8822,0.103792,0.322168,0.22672,7.1211,0.0042,0.9123,3.506
122,F_N+PB+MED,3,LinReg,B_latidos,1976,495,one-beat-ahead,0.8907,0.109918,0.33154,0.177746,8.182,0.0261,0.9607,0.558
122,F_N+PB+MED,3,DT,B_latidos,1976,495,one-beat-ahead,0.9113,0.089207,0.298676,0.163779,5.2802,0.0025,0.9479,10.329
122,F_N+PB+MED,3,RF,B_latidos,1976,495,one-beat-ahead,0.9276,0.072842,0.269893,0.150216,5.6254,0.0495,0.9603,6.21
122,F_N+PB+MED,3,SVR_rbf,B_latidos,1976,495,one-beat-ahead,0.877,0.002466,0.049656,0.037002,1.036,0.9576,0.9311,1.129
122,F_N+PB+MED,3,MLP,B_latidos,1976,495,one-beat-ahead,0.9336,0.066745,0.258351,0.144387,5.1473,0.0106,0.9423,15.906
122,F_N+PB+MED,5,LinReg,B_latidos,1975,494,one-beat-ahead,0.816,0.184974,0.430086,0.228466,7.1391,0.0563,0.9784,4.021
122,F_N+PB+MED,5,DT,B_latidos,1975,494,one-beat-ahead,0.9043,0.096197,0.310156,0.169629,5.6234,0.0032,0.9474,17.465
122,F_N+PB+MED,5,RF,B_latidos,1975,494,one-beat-ahead,0.9272,0.073233,0.270617,0.151318,4.5503,0.0515,0.9622,6.92
122,F_N+PB+MED,5,SVR_rbf,B_latidos,1975,494,one-beat-ahead,0.5667,0.008687,0.093203,0.073507,1.7038,0.1613,0.9711,0.518
122,F_N+PB+MED,5,MLP,B_latidos,1975,494,one-beat-ahead,0.9196,0.080841,0.284326,0.160901,5.4365,0.0041,0.9559,8.622
122,F_N+PB+MED,10,LinReg,B_latidos,1971,493,one-beat-ahead,0.6222,0.379528,0.616058,0.339883,11.3671,0.0639,1.0,5.94
122,F_N+PB+MED,10,DT,B_latidos,1971,493,one-beat-ahead,0.897,0.103465,0.32166,0.173212,6.4237,0.0045,0.9497,35.256
122,F_N+PB+MED,10,RF,B_latidos,1971,493,one-beat-ahead,0.9253,0.075006,0.273872,0.152994,5.8099,0.0519,0.9618,10.005
122,F_N+PB+MED,10,SVR_rbf,B_latidos,1971,493,one-beat-ahead,0.4777,0.01045,0.102225,0.080409,1.8214,0.2374,0.9778,0.751
122,F_N+PB+MED,10,MLP,B_latidos,1971,493,one-beat-ahead,0.9107,0.089713,0.29952,0.169483,7.589,0.0042,0.9565,6.52
123,F_SIN,3,LinReg,B_latidos,1210,303,one-beat-ahead,-2.6571,3.882962,1.970523,0.651465,16.7183,0.0712,0.8115,0.492
123,F_SIN,3,DT,B_latidos,1210,303,one-beat-ahead,0.0982,0.957518,0.978529,0.421066,14.8166,0.003,0.6475,5.81
123,F_SIN,3,RF,B_latidos,1210,303,one-beat-ahead,0.3766,0.661938,0.813596,0.356076,16.4667,0.0781,0.7706,5.206
123,F_SIN,3,SVR_rbf,B_latidos,1210,303,one-beat-ahead,0.6565,0.026845,0.163843,0.093361,2.4629,0.6124,0.8061,0.494
123,F_SIN,3,MLP,B_latidos,1210,303,one-beat-ahead,0.3649,0.674272,0.82114,0.37929,15.7096,0.0114,0.502,1.751
123,F_SIN,5,LinReg,B_latidos,1208,303,one-beat-ahead,-22.0212,24.457112,4.945413,1.737894,60.343,0.0819,1.0,1.216
123,F_SIN,5,DT,B_latidos,1208,303,one-beat-ahead,0.1199,0.93504,0.966975,0.415008,15.5715,0.0034,0.661,10.78
123,F_SIN,5,RF,B_latidos,1208,303,one-beat-ahead,0.3708,0.668469,0.8176,0.362523,15.7124,0.0804,0.7701,4.088
123,F_SIN,5,SVR_rbf,B_latidos,1208,303,one-beat-ahead,0.4387,0.043895,0.20951,0.129345,3.1002,0.0765,0.7965,0.169
123,F_SIN,5,MLP,B_latidos,1208,303,one-beat-ahead,0.2929,0.751225,0.866732,0.399009,15.8614,0.0045,0.5821,1.737
123,F_SIN,10,LinReg,B_latidos,1204,302,one-beat-ahead,-3.2414,4.507285,2.123037,0.763772,24.8479,0.0831,1.0,5.819
123,F_SIN,10,DT,B_latidos,1204,302,one-beat-ahead,0.0865,0.970737,0.98526,0.425365,14.8921,0.0051,0.6626,20.095
123,F_SIN,10,RF,B_latidos,1204,302,one-beat-ahead,0.3603,0.679839,0.824524,0.368431,14.9603,0.082,0.7733,6.75
123,F_SIN,10,SVR_rbf,B_latidos,1204,302,one-beat-ahead,0.4033,0.046667,0.216026,0.145002,3.2273,0.1597,0.8127,0.25
123,F_SIN,10,MLP,B_latidos,1204,302,one-beat-ahead,0.2784,0.766848,0.875698,0.433351,15.8005,0.0046,0.4949,3.283
123,F_N,3,LinReg,B_latidos,1210,303,one-beat-ahead,-2.3932,3.602747,1.89809,0.647972,18.2687,0.022,0.812,0.504
123,F_N,3,DT,B_latidos,1210,303,one-beat-ahead,0.0524,1.00611,1.003051,0.436153,14.881,0.0025,0.6684,5.589
123,F_N,3,RF,B_latidos,1210,303,one-beat-ahead,0.3778,0.660636,0.812795,0.357746,16.0369,0.0861,0.7731,3.878
123,F_N,3,SVR_rbf,B_latidos,1210,303,one-beat-ahead,0.656,0.026876,0.163938,0.093503,2.4644,0.9823,0.8065,0.651
123,F_N,3,MLP,B_latidos,1210,303,one-beat-ahead,0.3687,0.670243,0.818684,0.373845,15.8371,0.0114,0.5201,2.849
123,F_N,5,LinReg,B_latidos,1208,303,one-beat-ahead,-25.696,28.36111,5.325515,1.779825,77.1418,0.0897,1.0,1.192
123,F_N,5,DT,B_latidos,1208,303,one-beat-ahead,0.0551,1.003796,1.001896,0.43522,15.3762,0.0035,0.6775,10.774
123,F_N,5,RF,B_latidos,1208,303,one-beat-ahead,0.3777,0.661124,0.813095,0.361783,15.3818,0.0807,0.7718,4.03
123,F_N,5,SVR_rbf,B_latidos,1208,303,one-beat-ahead,0.4384,0.043901,0.209525,0.129482,3.1014,0.0774,0.7969,0.173
123,F_N,5,MLP,B_latidos,1208,303,one-beat-ahead,0.294,0.750057,0.866059,0.39907,15.9224,0.0046,0.5818,1.726
123,F_N,10,LinReg,B_latidos,1204,302,one-beat-ahead,-3.2436,4.509579,2.123577,0.766177,20.5967,0.0804,1.0,1.678
123,F_N,10,DT,B_latidos,1204,302,one-beat-ahead,0.0726,0.985585,0.992766,0.427152,15.2299,0.0052,0.6671,21.385
123,F_N,10,RF,B_latidos,1204,302,one-beat-ahead,0.373,0.666296,0.816269,0.365977,15.9006,0.084,0.7757,5.649
123,F_N,10,SVR_rbf,B_latidos,1204,302,one-beat-ahead,0.4036,0.046634,0.215948,0.144944,3.2274,0.0844,0.8132,0.151
123,F_N,10,MLP,B_latidos,1204,302,one-beat-ahead,0.2774,0.767885,0.876291,0.43297,15.6883,0.0045,0.4958,1.468
123,F_PB,3,LinReg,B_latidos,1210,303,one-beat-ahead,-1235.453,1334.455461,36.530199,2.06324,1750.3051,0.0717,0.7969,1.407
123,F_PB,3,DT,B_latidos,1210,303,one-beat-ahead,-0.0285,1.110067,1.053597,0.36569,13.416,0.0024,0.7545,6.635
123,F_PB,3,RF,B_latidos,1210,303,one-beat-ahead,0.3838,0.665015,0.815484,0.298256,15.4566,0.0815,0.8073,3.09
123,F_PB,3,SVR_rbf,B_latidos,1210,303,one-beat-ahead,0.213,0.014546,0.120605,0.067882,1.8344,0.5085,0.8844,0.45
123,F_PB,3,MLP,B_latidos,1210,303,one-beat-ahead,0.3542,0.696953,0.834837,0.337918,15.3202,0.0115,0.4855,1.841
123,F_PB,5,LinReg,B_latidos,1208,303,one-beat-ahead,-24796.9981,26772.011717,163.62155,12.106217,2399.9699,0.0726,1.0,3.062
123,F_PB,5,DT,B_latidos,1208,303,one-beat-ahead,-0.0192,1.100352,1.048976,0.368365,13.5458,0.0033,0.7632,9.251
123,F_PB,5,RF,B_latidos,1208,303,one-beat-ahead,0.393,0.65532,0.809518,0.2993,14.626,0.0853,0.8055,6.215
123,F_PB,5,SVR_rbf,B_latidos,1208,303,one-beat-ahead,-0.0388,0.019206,0.138586,0.081405,1.8813,0.0834,0.8585,0.247
123,F_PB,5,MLP,B_latidos,1208,303,one-beat-ahead,0.1569,0.910163,0.954025,0.359485,12.8769,0.0051,0.7293,4.051
123,F_PB,10,LinReg,B_latidos,1204,302,one-beat-ahead,-47.95,52.857298,7.270302,1.990332,122.6542,0.1035,1.0,1.653
123,F_PB,10,DT,B_latidos,1204,302,one-beat-ahead,0.0016,1.078081,1.038307,0.362454,12.7805,0.0079,0.7584,20.909
123,F_PB,10,RF,B_latidos,1204,302,one-beat-ahead,0.377,0.672742,0.820208,0.30458,14.3416,0.0824,0.8159,6.111
123,F_PB,10,SVR_rbf,B_latidos,1204,302,one-beat-ahead,-0.1514,0.021337,0.146071,0.090484,2.0098,0.0742,0.8884,0.154
123,F_PB,10,MLP,B_latidos,1204,302,one-beat-ahead,0.047,1.029101,1.014446,0.388876,14.9386,0.005,0.7198,3.432
123,F_MED,3,LinReg,B_latidos,1210,303,one-beat-ahead,0.2659,0.732339,0.855768,0.559459,13.6987,0.0211,0.9407,0.49
123,F_MED,3,DT,B_latidos,1210,303,one-beat-ahead,0.5022,0.496644,0.70473,0.418708,11.4339,0.0028,0.893,7.051
123,F_MED,3,RF,B_latidos,1210,303,one-beat-ahead,0.6454,0.353733,0.594755,0.367377,10.0614,0.0819,0.8775,3.306
123,F_MED,3,SVR_rbf,B_latidos,1210,303,one-beat-ahead,0.775,0.077648,0.278654,0.126975,4.125,0.5647,0.6786,0.466
123,F_MED,3,MLP,B_latidos,1210,303,one-beat-ahead,0.6297,0.369455,0.607828,0.375268,10.2352,0.0116,0.7993,1.961
123,F_MED,5,LinReg,B_latidos,1208,303,one-beat-ahead,-4.0896,5.08522,2.255043,1.441447,34.4317,0.0987,1.0,4.706
123,F_MED,5,DT,B_latidos,1208,303,one-beat-ahead,0.5109,0.488645,0.699031,0.421212,11.3342,0.0036,0.8921,9.487
123,F_MED,5,RF,B_latidos,1208,303,one-beat-ahead,0.6388,0.360859,0.600716,0.369895,9.9116,0.0859,0.8854,6.597
123,F_MED,5,SVR_rbf,B_latidos,1208,303,one-beat-ahead,0.6424,0.123568,0.351522,0.172676,5.3515,0.076,0.6667,0.149
123,F_MED,5,MLP,B_latidos,1208,303,one-beat-ahead,0.6201,0.379594,0.616112,0.388622,10.6792,0.0047,0.8836,2.961
123,F_MED,10,LinReg,B_latidos,1204,302,one-beat-ahead,0.047,0.952925,0.976179,0.633593,16.1282,0.0789,1.0,1.656
123,F_MED,10,DT,B_latidos,1204,302,one-beat-ahead,0.5011,0.498841,0.706287,0.432874,13.0883,0.0071,0.8932,21.018
123,F_MED,10,RF,B_latidos,1204,302,one-beat-ahead,0.6214,0.378531,0.615249,0.381608,12.1099,0.081,0.875,6.878
123,F_MED,10,SVR_rbf,B_latidos,1204,302,one-beat-ahead,0.4453,0.192164,0.438365,0.229263,6.8389,0.078,0.6639,0.15
123,F_MED,10,MLP,B_latidos,1204,302,one-beat-ahead,0.5464,0.453546,0.673458,0.428352,12.6136,0.0051,0.8222,2.623
123,F_N+PB,3,LinReg,B_latidos,1210,303,one-beat-ahead,-1889.6118,2040.461403,45.171467,2.363379,2008.3576,0.031,0.7972,0.51
123,F_N+PB,3,DT,B_latidos,1210,303,one-beat-ahead,-0.0154,1.095856,1.046832,0.360184,14.0594,0.0026,0.7626,7.018
123,F_N+PB,3,RF,B_latidos,1210,303,one-beat-ahead,0.376,0.673447,0.820638,0.300181,15.6752,0.0834,0.8093,3.121
123,F_N+PB,3,SVR_rbf,B_latidos,1210,303,one-beat-ahead,0.213,0.014546,0.120605,0.067903,1.8343,0.5867,0.8845,0.458
123,F_N+PB,3,MLP,B_latidos,1210,303,one-beat-ahead,0.3313,0.721728,0.849546,0.34073,14.8245,0.0114,0.521,2.299
123,F_N+PB,5,LinReg,B_latidos,1208,303,one-beat-ahead,-28721.0958,31008.449026,176.092161,12.058179,951.657,0.0794,1.0,2.015
123,F_N+PB,5,DT,B_latidos,1208,303,one-beat-ahead,-0.0177,1.098693,1.048185,0.369477,12.6379,0.0037,0.7639,10.172
123,F_N+PB,5,RF,B_latidos,1208,303,one-beat-ahead,0.3803,0.668986,0.817916,0.302692,15.5928,0.091,0.8064,4.571
123,F_N+PB,5,SVR_rbf,B_latidos,1208,303,one-beat-ahead,-0.0385,0.019201,0.138569,0.081397,1.8815,0.1434,0.8586,0.285
123,F_N+PB,5,MLP,B_latidos,1208,303,one-beat-ahead,0.1936,0.870607,0.933063,0.356854,13.2,0.0048,0.7081,6.355
123,F_N+PB,10,LinReg,B_latidos,1204,302,one-beat-ahead,-49.6569,54.700314,7.395966,2.021511,125.3891,0.0661,1.0,1.65
123,F_N+PB,10,DT,B_latidos,1204,302,one-beat-ahead,0.0094,1.069619,1.034224,0.360524,13.3016,0.0061,0.7596,20.342
123,F_N+PB,10,RF,B_latidos,1204,302,one-beat-ahead,0.381,0.66836,0.817533,0.303968,14.6193,0.0834,0.8108,7.259
123,F_N+PB,10,SVR_rbf,B_latidos,1204,302,one-beat-ahead,-0.1516,0.021341,0.146086,0.090487,2.0101,0.0751,0.8884,0.141
123,F_N+PB,10,MLP,B_latidos,1204,302,one-beat-ahead,-0.0506,1.134479,1.065119,0.400628,14.6995,0.0046,0.7645,5.567
123,F_N+MED,3,LinReg,B_latidos,1210,303,one-beat-ahead,0.2545,0.74392,0.862508,0.556623,14.2105,0.0501,0.9408,1.466
123,F_N+MED,3,DT,B_latidos,1210,303,one-beat-ahead,0.5184,0.480602,0.693255,0.421429,11.2631,0.003,0.8902,6.646
123,F_N+MED,3,RF,B_latidos,1210,303,one-beat-ahead,0.6428,0.356428,0.597016,0.372004,10.2533,0.0821,0.8802,3.314
123,F_N+MED,3,SVR_rbf,B_latidos,1210,303,one-beat-ahead,0.7755,0.077389,0.278189,0.127019,4.1288,0.5705,0.6783,0.478
123,F_N+MED,3,MLP,B_latidos,1210,303,one-beat-ahead,0.6434,0.35583,0.596515,0.36502,10.0594,0.0428,0.8121,3.628
123,F_N+MED,5,LinReg,B_latidos,1208,303,one-beat-ahead,-5.2903,6.286762,2.507342,1.557626,35.9665,0.0727,1.0,2.223
123,F_N+MED,5,DT,B_latidos,1208,303,one-beat-ahead,0.4945,0.505227,0.710793,0.423848,11.3197,0.0041,0.8872,9.5
123,F_N+MED,5,RF,B_latidos,1208,303,one-beat-ahead,0.6384,0.361373,0.601143,0.372354,10.2547,0.0837,0.8831,6.386
123,F_N+MED,5,SVR_rbf,B_latidos,1208,303,one-beat-ahead,0.6435,0.123098,0.350854,0.171639,5.3469,0.0765,0.6666,0.146
123,F_N+MED,5,MLP,B_latidos,1208,303,one-beat-ahead,0.6256,0.374158,0.611685,0.382937,10.5841,0.0047,0.8565,2.181
123,F_N+MED,10,LinReg,B_latidos,1204,302,one-beat-ahead,0.001,0.99912,0.99956,0.649596,16.514,0.0862,1.0,1.732
123,F_N+MED,10,DT,B_latidos,1204,302,one-beat-ahead,0.5179,0.482225,0.694425,0.422552,13.4794,0.0062,0.8908,21.211
123,F_N+MED,10,RF,B_latidos,1204,302,one-beat-ahead,0.6232,0.376863,0.613892,0.378781,12.1927,0.0818,0.8728,6.499
123,F_N+MED,10,SVR_rbf,B_latidos,1204,302,one-beat-ahead,0.4451,0.192049,0.438233,0.228026,6.8423,0.0778,0.6637,0.151
123,F_N+MED,10,MLP,B_latidos,1204,302,one-beat-ahead,0.5573,0.44278,0.665417,0.422204,12.5144,0.0046,0.793,1.863
123,F_N+PB+MED,3,LinReg,B_latidos,1210,303,one-beat-ahead,0.3521,0.701841,0.837759,0.486006,14.0237,0.0479,0.9453,0.492
123,F_N+PB+MED,3,DT,B_latidos,1210,303,one-beat-ahead,0.5401,0.498214,0.705843,0.337737,11.767,0.0028,0.9037,7.143
123,F_N+PB+MED,3,RF,B_latidos,1210,303,one-beat-ahead,0.7214,0.301811,0.549373,0.275899,9.092,0.08,0.93,3.237
123,F_N+PB+MED,3,SVR_rbf,B_latidos,1210,303,one-beat-ahead,0.4944,0.04865,0.220567,0.077566,3.6545,0.5006,0.8313,0.419
123,F_N+PB+MED,3,MLP,B_latidos,1210,303,one-beat-ahead,0.669,0.358549,0.598789,0.302439,9.4695,0.0115,0.8444,2.425
123,F_N+PB+MED,5,LinReg,B_latidos,1208,303,one-beat-ahead,-3.8649,5.270723,2.295805,1.335617,40.743,0.1054,1.0,1.979
123,F_N+PB+MED,5,DT,B_latidos,1208,303,one-beat-ahead,0.5244,0.515326,0.717862,0.345906,11.1525,0.0036,0.9035,10.38
123,F_N+PB+MED,5,RF,B_latidos,1208,303,one-beat-ahead,0.7242,0.298808,0.546633,0.281657,9.0883,0.0809,0.9296,4.931
123,F_N+PB+MED,5,SVR_rbf,B_latidos,1208,303,one-beat-ahead,0.2643,0.070805,0.266091,0.106419,4.16,0.143,0.8324,0.268
123,F_N+PB+MED,5,MLP,B_latidos,1208,303,one-beat-ahead,0.6774,0.349523,0.591205,0.314098,11.4497,0.0045,0.8903,4.47
123,F_N+PB+MED,10,LinReg,B_latidos,1204,302,one-beat-ahead,0.0322,1.048671,1.024047,0.607314,18.1755,0.0747,1.0,1.648
123,F_N+PB+MED,10,DT,B_latidos,1204,302,one-beat-ahead,0.5018,0.539798,0.734709,0.354795,11.8779,0.0055,0.9052,20.303
123,F_N+PB+MED,10,RF,B_latidos,1204,302,one-beat-ahead,0.712,0.312032,0.558598,0.290049,9.1677,0.0803,0.9247,8.237
123,F_N+PB+MED,10,SVR_rbf,B_latidos,1204,302,one-beat-ahead,0.1322,0.083841,0.289552,0.135625,4.4799,0.0752,0.7993,0.173
123,F_N+PB+MED,10,MLP,B_latidos,1204,302,one-beat-ahead,0.647,0.382499,0.618465,0.335797,9.3063,0.0047,0.8394,1.335
124,F_SIN,3,LinReg,B_latidos,1291,323,one-beat-ahead,0.0563,0.611222,0.781807,0.44765,13.6581,0.05,0.9441,0.463
124,F_SIN,3,DT,B_latidos,1291,323,one-beat-ahead,0.6862,0.203243,0.450825,0.219814,8.206,0.0034,0.8825,6.743
124,F_SIN,3,RF,B_latidos,1291,323,one-beat-ahead,0.8033,0.127426,0.356968,0.183159,7.4835,0.0737,0.9008,4.769
124,F_SIN,3,SVR_rbf,B_latidos,1291,323,one-beat-ahead,0.9352,0.004229,0.065032,0.049371,1.108,0.7251,0.9663,0.495
124,F_SIN,3,MLP,B_latidos,1291,323,one-beat-ahead,0.8013,0.128676,0.358715,0.192787,7.9728,0.0113,0.858,3.048
124,F_SIN,5,LinReg,B_latidos,1289,323,one-beat-ahead,-60.367,39.729515,6.303135,3.641101,126.8855,0.0613,0.9993,1.279
124,F_SIN,5,DT,B_latidos,1289,323,one-beat-ahead,0.6967,0.196372,0.443139,0.217424,8.1262,0.0034,0.8824,11.458
124,F_SIN,5,RF,B_latidos,1289,323,one-beat-ahead,0.8005,0.12916,0.359388,0.184126,7.7172,0.0761,0.8965,4.667
124,F_SIN,5,SVR_rbf,B_latidos,1289,323,one-beat-ahead,0.8699,0.008489,0.092138,0.068416,1.6092,0.1545,0.9532,0.281
124,F_SIN,5,MLP,B_latidos,1289,323,one-beat-ahead,0.748,0.163136,0.403901,0.233311,7.8754,0.0045,0.8519,5.032
124,F_SIN,10,LinReg,B_latidos,1285,322,one-beat-ahead,-0.4862,0.960711,0.980159,0.565542,16.7959,0.0594,1.0,1.953
124,F_SIN,10,DT,B_latidos,1285,322,one-beat-ahead,0.6902,0.200291,0.447539,0.219874,7.7272,0.0068,0.8831,21.827
124,F_SIN,10,RF,B_latidos,1285,322,one-beat-ahead,0.7985,0.130258,0.360912,0.188542,7.0436,0.0793,0.8938,8.217
124,F_SIN,10,SVR_rbf,B_latidos,1285,322,one-beat-ahead,0.8054,0.012707,0.112725,0.086472,1.8011,0.0811,0.9451,0.163
124,F_SIN,10,MLP,B_latidos,1285,322,one-beat-ahead,0.7036,0.191615,0.437739,0.25658,8.4793,0.0047,0.855,1.541
124,F_N,3,LinReg,B_latidos,1291,323,one-beat-ahead,0.0503,0.61511,0.784289,0.449746,13.6223,0.0494,0.9445,0.471
124,F_N,3,DT,B_latidos,1291,323,one-beat-ahead,0.6842,0.204558,0.45228,0.220383,8.3684,0.0027,0.8818,7.471
124,F_N,3,RF,B_latidos,1291,323,one-beat-ahead,0.7978,0.130932,0.361846,0.185772,7.4384,0.0742,0.8998,3.554
124,F_N,3,SVR_rbf,B_latidos,1291,323,one-beat-ahead,0.9349,0.004261,0.065279,0.049591,1.1111,0.546,0.9664,0.501
124,F_N,3,MLP,B_latidos,1291,323,one-beat-ahead,0.8022,0.128112,0.357927,0.190847,7.9306,0.0111,0.8497,2.531
124,F_N,5,LinReg,B_latidos,1289,323,one-beat-ahead,-109.4757,71.521337,8.457029,4.1061,201.4126,0.0627,0.9995,1.531
124,F_N,5,DT,B_latidos,1289,323,one-beat-ahead,0.6966,0.196434,0.443209,0.21813,8.3064,0.0036,0.8818,11.286
124,F_N,5,RF,B_latidos,1289,323,one-beat-ahead,0.8002,0.129344,0.359644,0.186931,7.8134,0.0752,0.8988,5.825
124,F_N,5,SVR_rbf,B_latidos,1289,323,one-beat-ahead,0.8705,0.00847,0.09203,0.068258,1.6081,0.1621,0.9532,0.288
124,F_N,5,MLP,B_latidos,1289,323,one-beat-ahead,0.7481,0.163099,0.403855,0.233499,7.8817,0.0065,0.8519,2.683
124,F_N,10,LinReg,B_latidos,1285,322,one-beat-ahead,-0.4997,0.969386,0.984574,0.567233,17.2837,0.0733,1.0,1.901
124,F_N,10,DT,B_latidos,1285,322,one-beat-ahead,0.6931,0.1984,0.445421,0.222188,7.4336,0.0064,0.8824,21.758
124,F_N,10,RF,B_latidos,1285,322,one-beat-ahead,0.7981,0.130518,0.361272,0.188008,6.9437,0.0763,0.8943,8.227
124,F_N,10,SVR_rbf,B_latidos,1285,322,one-beat-ahead,0.8059,0.012702,0.112703,0.086338,1.8012,0.0861,0.9451,0.167
124,F_N,10,MLP,B_latidos,1285,322,one-beat-ahead,0.7009,0.193323,0.439685,0.257907,8.7663,0.0052,0.8475,1.44
124,F_PB,3,LinReg,B_latidos,1291,323,one-beat-ahead,0.5185,0.439823,0.663191,0.302087,11.2127,0.0503,0.939,0.425
124,F_PB,3,DT,B_latidos,1291,323,one-beat-ahead,0.6972,0.276646,0.525972,0.194868,9.0968,0.0038,0.8886,7.367
124,F_PB,3,RF,B_latidos,1291,323,one-beat-ahead,0.8203,0.164141,0.405143,0.163681,8.2741,0.0746,0.9179,4.013
124,F_PB,3,SVR_rbf,B_latidos,1291,323,one-beat-ahead,0.4792,0.002776,0.052684,0.037811,0.7852,0.5249,0.8948,0.44
124,F_PB,3,MLP,B_latidos,1291,323,one-beat-ahead,0.8159,0.168163,0.410077,0.179392,8.5266,0.0114,0.8411,2.114
124,F_PB,5,LinReg,B_latidos,1289,323,one-beat-ahead,-40.6912,38.082526,6.171104,2.423274,119.7529,0.0464,0.9992,1.208
124,F_PB,5,DT,B_latidos,1289,323,one-beat-ahead,0.6727,0.299008,0.546817,0.199419,10.1393,0.0034,0.891,11.657
124,F_PB,5,RF,B_latidos,1289,323,one-beat-ahead,0.8247,0.160137,0.400172,0.162355,8.421,0.0762,0.9201,5.109
124,F_PB,5,SVR_rbf,B_latidos,1289,323,one-beat-ahead,0.0956,0.00482,0.069429,0.050048,0.911,0.1428,0.8671,0.314
124,F_PB,5,MLP,B_latidos,1289,323,one-beat-ahead,0.7749,0.20561,0.453443,0.196154,8.6912,0.0046,0.907,6.378
124,F_PB,10,LinReg,B_latidos,1285,322,one-beat-ahead,-9.2874,9.387555,3.063912,1.254379,64.7306,0.0985,1.0,1.852
124,F_PB,10,DT,B_latidos,1285,322,one-beat-ahead,0.6918,0.281248,0.530328,0.196404,8.9165,0.0062,0.894,23.023
124,F_PB,10,RF,B_latidos,1285,322,one-beat-ahead,0.8207,0.163656,0.404544,0.164539,7.6474,0.0791,0.9201,7.017
124,F_PB,10,SVR_rbf,B_latidos,1285,322,one-beat-ahead,0.009,0.005296,0.072774,0.054711,0.9511,0.0948,0.8764,0.215
124,F_PB,10,MLP,B_latidos,1285,322,one-beat-ahead,0.7073,0.267093,0.51681,0.213797,9.5098,0.0045,0.9332,10.413
124,F_MED,3,LinReg,B_latidos,1291,323,one-beat-ahead,-0.0688,0.401505,0.633644,0.379231,10.3536,0.0496,0.9623,0.465
124,F_MED,3,DT,B_latidos,1291,323,one-beat-ahead,0.6892,0.11675,0.341687,0.214319,6.8935,0.0029,0.9203,6.039
124,F_MED,3,RF,B_latidos,1291,323,one-beat-ahead,0.7789,0.083049,0.288182,0.182778,6.0173,0.0765,0.9089,4.963
124,F_MED,3,SVR_rbf,B_latidos,1291,323,one-beat-ahead,0.9639,0.004327,0.065781,0.050364,1.1686,0.6677,0.9373,0.642
124,F_MED,3,MLP,B_latidos,1291,323,one-beat-ahead,0.7752,0.084449,0.290601,0.189571,5.992,0.0114,0.877,3.351
124,F_MED,5,LinReg,B_latidos,1289,323,one-beat-ahead,-59.863,22.84337,4.779474,2.83625,97.9906,0.0424,0.9995,1.261
124,F_MED,5,DT,B_latidos,1289,323,one-beat-ahead,0.7179,0.105878,0.325389,0.208908,6.7893,0.0034,0.9206,11.551
124,F_MED,5,RF,B_latidos,1289,323,one-beat-ahead,0.7805,0.082389,0.287036,0.18518,6.0524,0.0779,0.9082,4.561
124,F_MED,5,SVR_rbf,B_latidos,1289,323,one-beat-ahead,0.9325,0.008073,0.089849,0.070381,1.5852,0.0843,0.9205,0.145
124,F_MED,5,MLP,B_latidos,1289,323,one-beat-ahead,0.6874,0.117334,0.34254,0.233881,6.8997,0.0141,0.8996,2.021
124,F_MED,10,LinReg,B_latidos,1285,322,one-beat-ahead,-0.9077,0.715064,0.845615,0.51463,14.4917,0.0592,1.0,3.542
124,F_MED,10,DT,B_latidos,1285,322,one-beat-ahead,0.69,0.116198,0.340879,0.214264,6.6963,0.0053,0.918,21.584
124,F_MED,10,RF,B_latidos,1285,322,one-beat-ahead,0.7766,0.083722,0.289348,0.188653,5.5902,0.0766,0.9061,8.948
124,F_MED,10,SVR_rbf,B_latidos,1285,322,one-beat-ahead,0.8972,0.012307,0.110935,0.084979,1.895,0.0936,0.9063,0.14
124,F_MED,10,MLP,B_latidos,1285,322,one-beat-ahead,0.631,0.138331,0.371929,0.259824,6.7031,0.0045,0.8796,2.218
124,F_N+PB,3,LinReg,B_latidos,1291,323,one-beat-ahead,0.5073,0.450066,0.670869,0.304147,12.1189,0.022,0.9397,0.476
124,F_N+PB,3,DT,B_latidos,1291,323,one-beat-ahead,0.7144,0.26086,0.510745,0.19135,8.8897,0.0039,0.8886,6.684
124,F_N+PB,3,RF,B_latidos,1291,323,one-beat-ahead,0.8215,0.163033,0.403773,0.16356,8.3932,0.0784,0.9176,5.262
124,F_N+PB,3,SVR_rbf,B_latidos,1291,323,one-beat-ahead,0.479,0.002777,0.052695,0.037818,0.7859,0.483,0.8947,0.441
124,F_N+PB,3,MLP,B_latidos,1291,323,one-beat-ahead,0.8159,0.168212,0.410137,0.17951,8.5196,0.0115,0.8411,2.189
124,F_N+PB,5,LinReg,B_latidos,1289,323,one-beat-ahead,-34.2074,32.160163,5.670993,2.310145,120.5035,0.0624,0.9992,1.224
124,F_N+PB,5,DT,B_latidos,1289,323,one-beat-ahead,0.6721,0.299537,0.547299,0.198832,9.7821,0.0035,0.891,11.826
124,F_N+PB,5,RF,B_latidos,1289,323,one-beat-ahead,0.8238,0.160952,0.401189,0.162945,8.3762,0.0782,0.9204,4.647
124,F_N+PB,5,SVR_rbf,B_latidos,1289,323,one-beat-ahead,0.0949,0.004824,0.069453,0.050064,0.911,0.0687,0.8671,0.202
124,F_N+PB,5,MLP,B_latidos,1289,323,one-beat-ahead,0.7746,0.205911,0.453775,0.196977,8.6389,0.0052,0.9076,8.131
124,F_N+PB,10,LinReg,B_latidos,1285,322,one-beat-ahead,-9.6569,9.724865,3.118472,1.298219,64.4906,0.0745,1.0,1.909
124,F_N+PB,10,DT,B_latidos,1285,322,one-beat-ahead,0.7043,0.26988,0.519499,0.192547,8.4699,0.0066,0.894,23.261
124,F_N+PB,10,RF,B_latidos,1285,322,one-beat-ahead,0.8213,0.163037,0.403778,0.164229,7.6527,0.076,0.9204,6.948
124,F_N+PB,10,SVR_rbf,B_latidos,1285,322,one-beat-ahead,0.0093,0.005294,0.072761,0.054689,0.9507,0.0843,0.8763,0.207
124,F_N+PB,10,MLP,B_latidos,1285,322,one-beat-ahead,0.716,0.259135,0.509053,0.213654,9.264,0.0046,0.9301,9.698
124,F_N+MED,3,LinReg,B_latidos,1291,323,one-beat-ahead,-0.386,0.520091,0.721174,0.410248,12.0343,0.0502,0.9626,0.456
124,F_N+MED,3,DT,B_latidos,1291,323,one-beat-ahead,0.6528,0.130273,0.360934,0.217899,7.2545,0.0025,0.9195,6.089
124,F_N+MED,3,RF,B_latidos,1291,323,one-beat-ahead,0.7813,0.082071,0.28648,0.183526,6.0564,0.0755,0.9096,4.683
124,F_N+MED,3,SVR_rbf,B_latidos,1291,323,one-beat-ahead,0.964,0.004316,0.065694,0.050226,1.1675,1.0038,0.9373,0.679
124,F_N+MED,3,MLP,B_latidos,1291,323,one-beat-ahead,0.7767,0.083785,0.289457,0.188765,5.9955,0.0113,0.8776,3.363
124,F_N+MED,5,LinReg,B_latidos,1289,323,one-beat-ahead,-72.4281,27.530472,5.246949,2.908764,116.1193,0.0457,0.9992,1.276
124,F_N+MED,5,DT,B_latidos,1289,323,one-beat-ahead,0.7066,0.110014,0.331684,0.210374,6.8858,0.0031,0.9199,11.525
124,F_N+MED,5,RF,B_latidos,1289,323,one-beat-ahead,0.781,0.082096,0.286524,0.183049,5.9897,0.0783,0.9077,4.542
124,F_N+MED,5,SVR_rbf,B_latidos,1289,323,one-beat-ahead,0.9334,0.007972,0.089286,0.069892,1.5776,0.0803,0.9205,0.142
124,F_N+MED,5,MLP,B_latidos,1289,323,one-beat-ahead,0.687,0.117352,0.342567,0.23364,6.891,0.0047,0.9073,2.049
124,F_N+MED,10,LinReg,B_latidos,1285,322,one-beat-ahead,-1.2998,0.861148,0.927981,0.54709,15.7154,0.0548,1.0,3.987
124,F_N+MED,10,DT,B_latidos,1285,322,one-beat-ahead,0.6521,0.130275,0.360937,0.217044,6.9692,0.005,0.9171,21.744
124,F_N+MED,10,RF,B_latidos,1285,322,one-beat-ahead,0.7753,0.084142,0.290072,0.189007,5.5938,0.0758,0.9069,8.949
124,F_N+MED,10,SVR_rbf,B_latidos,1285,322,one-beat-ahead,0.8976,0.012259,0.110721,0.084798,1.8943,0.0857,0.9062,0.163
124,F_N+MED,10,MLP,B_latidos,1285,322,one-beat-ahead,0.6402,0.134723,0.367046,0.258096,6.553,0.0045,0.8921,2.009
124,F_N+PB+MED,3,LinReg,B_latidos,1291,323,one-beat-ahead,0.1265,0.734095,0.856793,0.415332,15.2878,0.0462,0.9623,0.456
124,F_N+PB+MED,3,DT,B_latidos,1291,323,one-beat-ahead,0.7902,0.176337,0.419925,0.20972,8.0573,0.0033,0.9109,6.746
124,F_N+PB+MED,3,RF,B_latidos,1291,323,one-beat-ahead,0.8409,0.13371,0.365663,0.184719,7.7001,0.0751,0.91,5.471
124,F_N+PB+MED,3,SVR_rbf,B_latidos,1291,323,one-beat-ahead,0.8135,0.002941,0.054232,0.040377,0.9111,0.5297,0.9581,0.439
124,F_N+PB+MED,3,MLP,B_latidos,1291,323,one-beat-ahead,0.8164,0.154265,0.392766,0.195021,7.6284,0.0111,0.8921,3.538
124,F_N+PB+MED,5,LinReg,B_latidos,1289,323,one-beat-ahead,-90.4904,76.879626,8.768103,3.848586,298.246,0.0745,0.9995,1.278
124,F_N+PB+MED,5,DT,B_latidos,1289,323,one-beat-ahead,0.8034,0.165217,0.406469,0.207102,8.6904,0.0034,0.911,11.841
124,F_N+PB+MED,5,RF,B_latidos,1289,323,one-beat-ahead,0.8452,0.130052,0.360628,0.183086,7.6752,0.0753,0.9106,5.493
124,F_N+PB+MED,5,SVR_rbf,B_latidos,1289,323,one-beat-ahead,0.3652,0.010009,0.100045,0.072087,1.4187,0.1376,0.91,0.265
124,F_N+PB+MED,5,MLP,B_latidos,1289,323,one-beat-ahead,0.7793,0.185435,0.430622,0.230701,8.2643,0.0047,0.9192,5.343
124,F_N+PB+MED,10,LinReg,B_latidos,1285,322,one-beat-ahead,-0.6009,1.344518,1.159533,0.565728,16.8732,0.0609,1.0,1.914
124,F_N+PB+MED,10,DT,B_latidos,1285,322,one-beat-ahead,0.7971,0.17042,0.412819,0.209625,8.0314,0.0065,0.9111,23.334
124,F_N+PB+MED,10,RF,B_latidos,1285,322,one-beat-ahead,0.846,0.129345,0.359646,0.18277,5.7263,0.0768,0.9049,7.368
124,F_N+PB+MED,10,SVR_rbf,B_latidos,1285,322,one-beat-ahead,0.2808,0.011366,0.106614,0.075249,1.4878,0.0787,0.8308,0.154
124,F_N+PB+MED,10,MLP,B_latidos,1285,322,one-beat-ahead,0.7976,0.16995,0.41225,0.225725,7.4661,0.0047,0.8882,1.932
200,F_SIN,3,LinReg,B_latidos,2076,520,one-beat-ahead,0.0886,0.807279,0.898487,0.555523,13.8362,0.0295,0.6742,0.592
200,F_SIN,3,DT,B_latidos,2076,520,one-beat-ahead,0.1723,0.733196,0.856269,0.451807,12.2642,0.0023,0.6639,11.321
200,F_SIN,3,RF,B_latidos,2076,520,one-beat-ahead,0.4372,0.498501,0.706046,0.386244,11.4997,0.073,0.7318,7.821
200,F_SIN,3,SVR_rbf,B_latidos,2076,520,one-beat-ahead,0.8525,0.014014,0.118381,0.075682,2.6013,1.2596,0.9164,1.68
200,F_SIN,3,MLP,B_latidos,2076,520,one-beat-ahead,0.3765,0.552305,0.743172,0.416778,11.5115,0.0109,0.5972,2.742
200,F_SIN,5,LinReg,B_latidos,2075,519,one-beat-ahead,-0.443,1.273243,1.128381,0.729658,18.4707,0.0545,0.8062,1.762
200,F_SIN,5,DT,B_latidos,2075,519,one-beat-ahead,0.139,0.759764,0.871644,0.459546,13.8253,0.0037,0.674,19.009
200,F_SIN,5,RF,B_latidos,2075,519,one-beat-ahead,0.4257,0.506745,0.71186,0.393652,12.6483,0.0706,0.7377,7.569
200,F_SIN,5,SVR_rbf,B_latidos,2075,519,one-beat-ahead,0.6535,0.032917,0.181431,0.125198,3.6165,0.1346,0.8774,0.415
200,F_SIN,5,MLP,B_latidos,2075,519,one-beat-ahead,0.3872,0.540757,0.735362,0.420303,12.2621,0.0136,0.5463,1.654
200,F_SIN,10,LinReg,B_latidos,2071,518,one-beat-ahead,-2.6066,3.185595,1.784824,1.146895,26.2142,0.042,1.0,7.766
200,F_SIN,10,DT,B_latidos,2071,518,one-beat-ahead,0.1341,0.764856,0.87456,0.462274,12.9245,0.0061,0.6613,36.268
200,F_SIN,10,RF,B_latidos,2071,518,one-beat-ahead,0.4256,0.507367,0.712297,0.395612,13.8275,0.0501,0.7326,11.963
200,F_SIN,10,SVR_rbf,B_latidos,2071,518,one-beat-ahead,0.4757,0.049796,0.22315,0.151395,4.1153,0.1343,0.8269,0.435
200,F_SIN,10,MLP,B_latidos,2071,518,one-beat-ahead,0.2418,0.669723,0.818366,0.470363,14.1099,0.0041,0.6198,7.999
200,F_N,3,LinReg,B_latidos,2076,520,one-beat-ahead,0.0961,0.800726,0.894833,0.552275,13.2078,0.0258,0.6724,0.593
200,F_N,3,DT,B_latidos,2076,520,one-beat-ahead,0.1973,0.711077,0.843254,0.443834,12.6107,0.0029,0.6642,10.885
200,F_N,3,RF,B_latidos,2076,520,one-beat-ahead,0.4251,0.509278,0.713637,0.390222,11.3562,0.0475,0.7326,6.622
200,F_N,3,SVR_rbf,B_latidos,2076,520,one-beat-ahead,0.8519,0.014062,0.118583,0.074931,2.6074,1.2442,0.9179,1.491
200,F_N,3,MLP,B_latidos,2076,520,one-beat-ahead,0.3888,0.541495,0.735864,0.41094,11.4824,0.0105,0.594,6.951
200,F_N,5,LinReg,B_latidos,2075,519,one-beat-ahead,-0.4387,1.269661,1.126792,0.724375,18.0218,0.047,0.8051,1.647
200,F_N,5,DT,B_latidos,2075,519,one-beat-ahead,0.1479,0.751986,0.867171,0.455551,14.0152,0.0032,0.6714,17.924
200,F_N,5,RF,B_latidos,2075,519,one-beat-ahead,0.4254,0.507073,0.71209,0.393483,12.3017,0.0489,0.736,9.957
200,F_N,5,SVR_rbf,B_latidos,2075,519,one-beat-ahead,0.6557,0.032667,0.180741,0.124368,3.626,0.1339,0.8789,0.418
200,F_N,5,MLP,B_latidos,2075,519,one-beat-ahead,0.3863,0.541578,0.73592,0.420108,12.2664,0.0041,0.546,1.625
200,F_N,10,LinReg,B_latidos,2071,518,one-beat-ahead,-2.4018,3.00509,1.73352,1.126207,24.4106,0.0414,1.0,10.551
200,F_N,10,DT,B_latidos,2071,518,one-beat-ahead,0.1429,0.757122,0.870127,0.460732,13.2161,0.0056,0.6721,35.924
200,F_N,10,RF,B_latidos,2071,518,one-beat-ahead,0.403,0.527361,0.726196,0.405415,14.0525,0.0497,0.7333,12.951
200,F_N,10,SVR_rbf,B_latidos,2071,518,one-beat-ahead,0.475,0.049803,0.223166,0.150128,4.1207,0.1359,0.8281,0.452
200,F_N,10,MLP,B_latidos,2071,518,one-beat-ahead,0.2525,0.660313,0.812596,0.465828,14.1262,0.0042,0.5982,2.934
200,F_PB,3,LinReg,B_latidos,2076,520,one-beat-ahead,-37.5155,34.602677,5.882404,1.233232,93.9713,0.0255,0.6991,0.533
200,F_PB,3,DT,B_latidos,2076,520,one-beat-ahead,0.0934,0.814466,0.902478,0.428504,12.3466,0.0023,0.7189,11.422
200,F_PB,3,RF,B_latidos,2076,520,one-beat-ahead,0.4524,0.491931,0.701378,0.357243,10.8183,0.0475,0.7681,6.997
200,F_PB,3,SVR_rbf,B_latidos,2076,520,one-beat-ahead,0.8369,0.008626,0.092874,0.060429,1.9325,1.2379,0.9365,2.005
200,F_PB,3,MLP,B_latidos,2076,520,one-beat-ahead,0.407,0.532713,0.729872,0.38265,10.936,0.0111,0.6634,3.775
200,F_PB,5,LinReg,B_latidos,2075,519,one-beat-ahead,-228.934,205.754854,14.344157,2.737784,282.7757,0.0504,0.8298,1.698
200,F_PB,5,DT,B_latidos,2075,519,one-beat-ahead,0.1776,0.735885,0.857837,0.414376,13.0277,0.0033,0.7046,19.282
200,F_PB,5,RF,B_latidos,2075,519,one-beat-ahead,0.4444,0.497156,0.705093,0.363444,12.8418,0.0477,0.7673,7.425
200,F_PB,5,SVR_rbf,B_latidos,2075,519,one-beat-ahead,0.5619,0.023208,0.152341,0.105074,2.7176,0.131,0.8617,0.404
200,F_PB,5,MLP,B_latidos,2075,519,one-beat-ahead,0.3884,0.547263,0.739772,0.391545,12.4394,0.051,0.576,3.63
200,F_PB,10,LinReg,B_latidos,2071,518,one-beat-ahead,-59.7212,54.392324,7.375115,3.817528,158.2715,0.0417,1.0,6.792
200,F_PB,10,DT,B_latidos,2071,518,one-beat-ahead,0.058,0.843793,0.918582,0.442758,13.9851,0.0068,0.7155,38.038
200,F_PB,10,RF,B_latidos,2071,518,one-beat-ahead,0.4402,0.501425,0.708113,0.366633,13.7253,0.0756,0.7677,11.988
200,F_PB,10,SVR_rbf,B_latidos,2071,518,one-beat-ahead,0.4065,0.031491,0.177458,0.120104,3.1915,0.2794,0.8399,0.714
200,F_PB,10,MLP,B_latidos,2071,518,one-beat-ahead,0.293,0.633265,0.79578,0.426399,14.1869,0.0043,0.6447,5.411
200,F_MED,3,LinReg,B_latidos,2076,520,one-beat-ahead,0.1998,0.742081,0.861441,0.551184,14.2446,0.0279,0.7212,0.64
200,F_MED,3,DT,B_latidos,2076,520,one-beat-ahead,0.2304,0.713687,0.8448,0.45089,13.592,0.0025,0.7712,12.398
200,F_MED,3,RF,B_latidos,2076,520,one-beat-ahead,0.5004,0.463264,0.680635,0.381629,11.9889,0.0472,0.808,5.902
200,F_MED,3,SVR_rbf,B_latidos,2076,520,one-beat-ahead,0.9267,0.011588,0.10765,0.061895,2.406,1.5806,0.9217,1.798
200,F_MED,3,MLP,B_latidos,2076,520,one-beat-ahead,0.4674,0.493912,0.702788,0.405546,12.6059,0.0114,0.6412,2.829
200,F_MED,5,LinReg,B_latidos,2075,519,one-beat-ahead,-0.4042,1.295009,1.137985,0.747863,17.3508,0.0501,0.8392,1.692
200,F_MED,5,DT,B_latidos,2075,519,one-beat-ahead,0.1078,0.822847,0.907109,0.46741,14.7964,0.0032,0.7837,18.227
200,F_MED,5,RF,B_latidos,2075,519,one-beat-ahead,0.5074,0.454296,0.674015,0.383473,12.205,0.0524,0.8042,10.081
200,F_MED,5,SVR_rbf,B_latidos,2075,519,one-beat-ahead,0.8084,0.030253,0.173933,0.106604,3.7728,0.149,0.9084,0.425
200,F_MED,5,MLP,B_latidos,2075,519,one-beat-ahead,0.4258,0.529597,0.727734,0.432712,13.0622,0.0043,0.6696,2.033
200,F_MED,10,LinReg,B_latidos,2071,518,one-beat-ahead,-2.9313,3.630761,1.905456,1.273741,30.1398,0.042,1.0,9.636
200,F_MED,10,DT,B_latidos,2071,518,one-beat-ahead,0.1256,0.807533,0.898628,0.48223,14.2981,0.005,0.7626,36.341
200,F_MED,10,RF,B_latidos,2071,518,one-beat-ahead,0.4869,0.473875,0.688386,0.394439,13.0414,0.0502,0.797,13.126
200,F_MED,10,SVR_rbf,B_latidos,2071,518,one-beat-ahead,0.6438,0.056235,0.237139,0.168262,4.6933,0.1378,0.8678,0.426
200,F_MED,10,MLP,B_latidos,2071,518,one-beat-ahead,0.2494,0.693249,0.832616,0.490586,13.351,0.0228,0.7338,8.046
200,F_N+PB,3,LinReg,B_latidos,2076,520,one-beat-ahead,-24.8967,23.266083,4.823493,1.146618,51.9717,0.031,0.6967,0.527
200,F_N+PB,3,DT,B_latidos,2076,520,one-beat-ahead,0.0892,0.818305,0.904602,0.421818,13.061,0.0031,0.7244,10.488
200,F_N+PB,3,RF,B_latidos,2076,520,one-beat-ahead,0.4454,0.498257,0.705873,0.35805,10.9882,0.0482,0.7699,7.346
200,F_N+PB,3,SVR_rbf,B_latidos,2076,520,one-beat-ahead,0.837,0.008622,0.092857,0.060441,1.9318,1.1501,0.9365,1.596
200,F_N+PB,3,MLP,B_latidos,2076,520,one-beat-ahead,0.4095,0.530541,0.728382,0.382889,11.091,0.0525,0.661,7.893
200,F_N+PB,5,LinReg,B_latidos,2075,519,one-beat-ahead,-189.1486,170.155079,13.04435,2.513715,184.6088,0.0516,0.8279,1.583
200,F_N+PB,5,DT,B_latidos,2075,519,one-beat-ahead,0.1991,0.716697,0.84658,0.406866,14.2475,0.0031,0.7039,17.956
200,F_N+PB,5,RF,B_latidos,2075,519,one-beat-ahead,0.4492,0.492924,0.702085,0.360501,12.6849,0.0488,0.7708,9.914
200,F_N+PB,5,SVR_rbf,B_latidos,2075,519,one-beat-ahead,0.5618,0.023217,0.152372,0.105112,2.718,0.1312,0.8618,0.425
200,F_N+PB,5,MLP,B_latidos,2075,519,one-beat-ahead,0.3897,0.5461,0.738986,0.391292,12.4391,0.0044,0.5758,1.876
200,F_N+PB,10,LinReg,B_latidos,2071,518,one-beat-ahead,-48.4633,44.308321,6.65645,3.530703,128.2992,0.0783,1.0,9.748
200,F_N+PB,10,DT,B_latidos,2071,518,one-beat-ahead,0.0514,0.849745,0.921816,0.442374,13.6882,0.0047,0.7209,35.978
200,F_N+PB,10,RF,B_latidos,2071,518,one-beat-ahead,0.4322,0.508644,0.713193,0.368299,13.638,0.0525,0.7713,13.015
200,F_N+PB,10,SVR_rbf,B_latidos,2071,518,one-beat-ahead,0.4066,0.031497,0.177475,0.120127,3.1922,0.1324,0.8399,0.425
200,F_N+PB,10,MLP,B_latidos,2071,518,one-beat-ahead,0.3374,0.593581,0.770442,0.417237,13.9324,0.0043,0.5973,2.535
200,F_N+MED,3,LinReg,B_latidos,2076,520,one-beat-ahead,0.2112,0.730966,0.854965,0.545874,13.6926,0.0359,0.7256,0.567
200,F_N+MED,3,DT,B_latidos,2076,520,one-beat-ahead,0.2276,0.715749,0.84602,0.440139,14.4652,0.0024,0.772,11.442
200,F_N+MED,3,RF,B_latidos,2076,520,one-beat-ahead,0.5106,0.453537,0.673451,0.380738,11.7953,0.0478,0.8049,5.938
200,F_N+MED,3,SVR_rbf,B_latidos,2076,520,one-beat-ahead,0.9261,0.011645,0.107914,0.062216,2.4001,1.0324,0.9222,2.15
200,F_N+MED,3,MLP,B_latidos,2076,520,one-beat-ahead,0.45,0.509687,0.713923,0.410647,12.7154,0.011,0.6448,2.908
200,F_N+MED,5,LinReg,B_latidos,2075,519,one-beat-ahead,-0.3223,1.218586,1.103896,0.72252,18.3688,0.0455,0.8397,1.651
200,F_N+MED,5,DT,B_latidos,2075,519,one-beat-ahead,0.1318,0.800116,0.894492,0.458539,13.8937,0.0038,0.7694,18.493
200,F_N+MED,5,RF,B_latidos,2075,519,one-beat-ahead,0.5123,0.449431,0.670396,0.380367,12.3037,0.048,0.804,9.061
200,F_N+MED,5,SVR_rbf,B_latidos,2075,519,one-beat-ahead,0.8056,0.030608,0.174952,0.108308,3.7902,0.1355,0.9084,0.412
200,F_N+MED,5,MLP,B_latidos,2075,519,one-beat-ahead,0.4242,0.530663,0.728466,0.44237,12.8186,0.0041,0.6175,1.545
200,F_N+MED,10,LinReg,B_latidos,2071,518,one-beat-ahead,-3.1918,3.868457,1.966839,1.321712,32.498,0.0415,1.0,9.322
200,F_N+MED,10,DT,B_latidos,2071,518,one-beat-ahead,0.1147,0.81699,0.903875,0.477906,13.5467,0.005,0.762,36.269
200,F_N+MED,10,RF,B_latidos,2071,518,one-beat-ahead,0.4915,0.469252,0.68502,0.392567,13.0361,0.0495,0.792,13.022
200,F_N+MED,10,SVR_rbf,B_latidos,2071,518,one-beat-ahead,0.6434,0.056142,0.236943,0.168307,4.6903,0.1356,0.8674,0.426
200,F_N+MED,10,MLP,B_latidos,2071,518,one-beat-ahead,0.2851,0.659734,0.81224,0.484781,13.4621,0.0052,0.6997,7.763
200,F_N+PB+MED,3,LinReg,B_latidos,2076,520,one-beat-ahead,0.1618,0.796987,0.892741,0.548105,13.6688,0.0354,0.7191,0.554
200,F_N+PB+MED,3,DT,B_latidos,2076,520,one-beat-ahead,0.2093,0.751777,0.867051,0.400759,13.8926,0.0031,0.8006,10.918
200,F_N+PB+MED,3,RF,B_latidos,2076,520,one-beat-ahead,0.5514,0.426568,0.653122,0.340506,10.9616,0.0465,0.8355,6.992
200,F_N+PB+MED,3,SVR_rbf,B_latidos,2076,520,one-beat-ahead,0.9256,0.006472,0.080448,0.050573,1.7654,1.3485,0.9669,1.386
200,F_N+PB+MED,3,MLP,B_latidos,2076,520,one-beat-ahead,0.5505,0.42737,0.653736,0.344841,11.1199,0.0112,0.6956,7.89
200,F_N+PB+MED,5,LinReg,B_latidos,2075,519,one-beat-ahead,-0.5035,1.421763,1.192377,0.748974,20.142,0.0414,0.835,1.641
200,F_N+PB+MED,5,DT,B_latidos,2075,519,one-beat-ahead,0.1762,0.779,0.88261,0.4049,13.0905,0.0032,0.8055,18.077
200,F_N+PB+MED,5,RF,B_latidos,2075,519,one-beat-ahead,0.5541,0.42166,0.649354,0.342338,11.9921,0.0497,0.8356,10.092
200,F_N+PB+MED,5,SVR_rbf,B_latidos,2075,519,one-beat-ahead,0.7854,0.018691,0.136717,0.092911,2.7594,0.1308,0.9292,0.37
200,F_N+PB+MED,5,MLP,B_latidos,2075,519,one-beat-ahead,0.4561,0.514328,0.717167,0.397557,12.9062,0.0041,0.6543,1.779
200,F_N+PB+MED,10,LinReg,B_latidos,2071,518,one-beat-ahead,-4.0357,4.768885,2.183778,1.422956,38.7522,0.0419,1.0,10.61
200,F_N+PB+MED,10,DT,B_latidos,2071,518,one-beat-ahead,0.0223,0.92593,0.962253,0.442713,13.2631,0.0047,0.8063,36.289
200,F_N+PB+MED,10,RF,B_latidos,2071,518,one-beat-ahead,0.5577,0.418847,0.647184,0.342985,12.6891,0.0498,0.8298,13.183
200,F_N+PB+MED,10,SVR_rbf,B_latidos,2071,518,one-beat-ahead,0.5397,0.040156,0.200391,0.14012,3.5385,0.1365,0.8631,0.382
200,F_N+PB+MED,10,MLP,B_latidos,2071,518,one-beat-ahead,0.3735,0.593292,0.770254,0.424061,13.0527,0.0043,0.6959,2.475
201,F_SIN,3,LinReg,B_latidos,1566,392,one-beat-ahead,-0.8088,1.85249,1.361062,0.838256,17.7684,0.0252,0.6573,0.493
201,F_SIN,3,DT,B_latidos,1566,392,one-beat-ahead,0.0677,0.954775,0.977126,0.532601,15.5396,0.0025,0.4718,8.991
201,F_SIN,3,RF,B_latidos,1566,392,one-beat-ahead,0.2009,0.818443,0.904678,0.489537,18.2838,0.0633,0.5715,4.518
201,F_SIN,3,SVR_rbf,B_latidos,1566,392,one-beat-ahead,0.8226,0.039134,0.197823,0.14924,3.7029,1.415,0.7724,0.802
201,F_SIN,3,MLP,B_latidos,1566,392,one-beat-ahead,0.0892,0.932797,0.965814,0.557541,16.628,0.0111,0.5153,5.245
201,F_SIN,5,LinReg,B_latidos,1564,392,one-beat-ahead,-4.2508,5.377392,2.31892,1.444529,40.1987,0.0431,0.8807,1.552
201,F_SIN,5,DT,B_latidos,1564,392,one-beat-ahead,0.033,0.990267,0.995121,0.539665,15.6159,0.003,0.4705,14.031
201,F_SIN,5,RF,B_latidos,1564,392,one-beat-ahead,0.192,0.827512,0.909677,0.49527,18.1402,0.0625,0.5596,5.77
201,F_SIN,5,SVR_rbf,B_latidos,1564,392,one-beat-ahead,0.5098,0.108141,0.328848,0.240568,5.7596,0.1965,0.6001,0.448
201,F_SIN,5,MLP,B_latidos,1564,392,one-beat-ahead,0.0911,0.930782,0.96477,0.556656,16.2964,0.0045,0.4442,5.73
201,F_SIN,10,LinReg,B_latidos,1560,391,one-beat-ahead,-3.5218,4.629689,2.151671,1.306976,32.8178,0.0425,1.0,2.886
201,F_SIN,10,DT,B_latidos,1560,391,one-beat-ahead,0.0769,0.945079,0.972152,0.529234,15.2167,0.0051,0.4723,27.885
201,F_SIN,10,RF,B_latidos,1560,391,one-beat-ahead,0.1795,0.840075,0.916556,0.500548,18.1128,0.0817,0.5602,9.512
201,F_SIN,10,SVR_rbf,B_latidos,1560,391,one-beat-ahead,0.3346,0.14691,0.383288,0.272172,6.5103,0.2011,0.4882,0.41
201,F_SIN,10,MLP,B_latidos,1560,391,one-beat-ahead,0.0999,0.921613,0.960007,0.54145,17.3326,0.0043,0.3179,2.358
201,F_N,3,LinReg,B_latidos,1566,392,one-beat-ahead,-0.9191,1.965601,1.401999,0.859812,18.0408,0.0301,0.66,0.536
201,F_N,3,DT,B_latidos,1566,392,one-beat-ahead,0.0554,0.967442,0.983587,0.534479,15.5479,0.0032,0.4629,7.656
201,F_N,3,RF,B_latidos,1566,392,one-beat-ahead,0.1995,0.819907,0.905487,0.490734,18.1323,0.0619,0.5636,6.882
201,F_N,3,SVR_rbf,B_latidos,1566,392,one-beat-ahead,0.8223,0.038853,0.197111,0.147854,3.7034,0.7797,0.7726,0.863
201,F_N,3,MLP,B_latidos,1566,392,one-beat-ahead,0.1435,0.877284,0.936635,0.540841,16.6273,0.0111,0.4065,1.944
201,F_N,5,LinReg,B_latidos,1564,392,one-beat-ahead,-5.4585,6.614477,2.571863,1.54242,42.5156,0.0685,0.8851,1.504
201,F_N,5,DT,B_latidos,1564,392,one-beat-ahead,0.0753,0.94702,0.97315,0.530821,15.3365,0.0036,0.462,14.094
201,F_N,5,RF,B_latidos,1564,392,one-beat-ahead,0.1868,0.832841,0.912601,0.496922,18.329,0.0625,0.5629,8.375
201,F_N,5,SVR_rbf,B_latidos,1564,392,one-beat-ahead,0.5107,0.10699,0.327093,0.239038,5.7234,0.1182,0.5978,0.277
201,F_N,5,MLP,B_latidos,1564,392,one-beat-ahead,0.0873,0.934708,0.966803,0.558275,16.2282,0.0045,0.4573,2.0
201,F_N,10,LinReg,B_latidos,1560,391,one-beat-ahead,-3.5925,4.70233,2.168486,1.282066,37.8655,0.043,1.0,2.835
201,F_N,10,DT,B_latidos,1560,391,one-beat-ahead,0.0785,0.94358,0.97138,0.53007,15.9128,0.0052,0.4656,28.093
201,F_N,10,RF,B_latidos,1560,391,one-beat-ahead,0.1817,0.837863,0.915348,0.497306,18.3462,0.0641,0.5543,10.614
201,F_N,10,SVR_rbf,B_latidos,1560,391,one-beat-ahead,0.3356,0.145457,0.381389,0.271174,6.5071,0.1026,0.4862,0.269
201,F_N,10,MLP,B_latidos,1560,391,one-beat-ahead,0.0997,0.921813,0.960111,0.541134,17.1702,0.0044,0.331,1.478
201,F_PB,3,LinReg,B_latidos,1566,392,one-beat-ahead,-1690.3017,1972.29231,44.410498,4.560717,148.9673,0.0295,0.6236,0.488
201,F_PB,3,DT,B_latidos,1566,392,one-beat-ahead,-0.0631,1.239696,1.113417,0.578886,15.8973,0.0033,0.5145,8.232
201,F_PB,3,RF,B_latidos,1566,392,one-beat-ahead,0.1789,0.957555,0.978548,0.521178,19.183,0.0624,0.6432,5.405
201,F_PB,3,SVR_rbf,B_latidos,1566,392,one-beat-ahead,0.7353,0.040673,0.201675,0.151515,3.6864,0.7359,0.9703,0.834
201,F_PB,3,MLP,B_latidos,1566,392,one-beat-ahead,0.0883,1.063151,1.031092,0.578557,16.9179,0.0117,0.4508,2.219
201,F_PB,5,LinReg,B_latidos,1564,392,one-beat-ahead,-7200.0832,8397.771546,91.639356,10.877636,657.2861,0.0698,0.8633,1.745
201,F_PB,5,DT,B_latidos,1564,392,one-beat-ahead,-0.1062,1.289982,1.135774,0.590474,16.0754,0.0034,0.5235,13.597
201,F_PB,5,RF,B_latidos,1564,392,one-beat-ahead,0.1882,0.946734,0.973002,0.521266,19.7124,0.064,0.6299,8.051
201,F_PB,5,SVR_rbf,B_latidos,1564,392,one-beat-ahead,0.3475,0.10025,0.316623,0.235729,5.2454,0.1051,0.7561,0.265
201,F_PB,5,MLP,B_latidos,1564,392,one-beat-ahead,-0.0027,1.169274,1.08133,0.601547,16.7169,0.0052,0.5272,2.421
201,F_PB,10,LinReg,B_latidos,1560,391,one-beat-ahead,-60.2279,71.413409,8.450645,3.196898,117.0394,0.0424,1.0,2.816
201,F_PB,10,DT,B_latidos,1560,391,one-beat-ahead,-0.1159,1.301498,1.140832,0.591064,14.8402,0.0048,0.5252,27.702
201,F_PB,10,RF,B_latidos,1560,391,one-beat-ahead,0.1809,0.955418,0.977455,0.525009,19.3702,0.0668,0.6355,10.246
201,F_PB,10,SVR_rbf,B_latidos,1560,391,one-beat-ahead,0.1512,0.130723,0.361556,0.264304,5.8997,0.0992,0.4397,0.27
201,F_PB,10,MLP,B_latidos,1560,391,one-beat-ahead,0.0724,1.081906,1.040147,0.575448,17.2105,0.0043,0.3679,1.894
201,F_MED,3,LinReg,B_latidos,1566,392,one-beat-ahead,-1.2886,0.976869,0.988367,0.709811,15.1624,0.0248,0.7678,0.529
201,F_MED,3,DT,B_latidos,1566,392,one-beat-ahead,-0.086,0.463542,0.680839,0.457172,10.1037,0.0034,0.7295,8.891
201,F_MED,3,RF,B_latidos,1566,392,one-beat-ahead,0.3044,0.296899,0.544884,0.3894,9.8352,0.0612,0.7167,4.871
201,F_MED,3,SVR_rbf,B_latidos,1566,392,one-beat-ahead,0.8997,0.044034,0.209842,0.1283,4.0447,0.8515,0.6876,0.815
201,F_MED,3,MLP,B_latidos,1566,392,one-beat-ahead,0.2827,0.306162,0.553319,0.40194,9.5833,0.0112,0.6589,3.139
201,F_MED,5,LinReg,B_latidos,1564,392,one-beat-ahead,-6.9706,3.400235,1.843973,1.28835,30.6534,0.0481,0.9203,3.644
201,F_MED,5,DT,B_latidos,1564,392,one-beat-ahead,-0.0741,0.458213,0.676915,0.453317,9.8987,0.0045,0.7364,14.002
201,F_MED,5,RF,B_latidos,1564,392,one-beat-ahead,0.2973,0.299789,0.54753,0.391479,10.0302,0.0636,0.7185,6.225
201,F_MED,5,SVR_rbf,B_latidos,1564,392,one-beat-ahead,0.6798,0.140534,0.374878,0.257949,6.768,0.1157,0.6414,0.214
201,F_MED,5,MLP,B_latidos,1564,392,one-beat-ahead,0.1974,0.342373,0.585127,0.422214,10.0054,0.0044,0.6422,1.848
201,F_MED,10,LinReg,B_latidos,1560,391,one-beat-ahead,-3.04,1.719787,1.311406,0.929828,20.9573,0.0426,1.0,6.551
201,F_MED,10,DT,B_latidos,1560,391,one-beat-ahead,-0.104,0.46996,0.685536,0.457629,10.1808,0.006,0.7278,27.654
201,F_MED,10,RF,B_latidos,1560,391,one-beat-ahead,0.2801,0.30646,0.553588,0.397329,11.0823,0.0662,0.6978,9.094
201,F_MED,10,SVR_rbf,B_latidos,1560,391,one-beat-ahead,0.5439,0.200252,0.447495,0.311283,8.1068,0.1018,0.5601,0.209
201,F_MED,10,MLP,B_latidos,1560,391,one-beat-ahead,0.1354,0.368048,0.606669,0.43809,10.9384,0.0044,0.5699,1.683
201,F_N+PB,3,LinReg,B_latidos,1566,392,one-beat-ahead,-2497.7866,2913.910006,53.980645,4.898073,218.4269,0.0505,0.6279,1.29
201,F_N+PB,3,DT,B_latidos,1566,392,one-beat-ahead,-0.043,1.216216,1.102822,0.579319,15.8868,0.0025,0.5023,8.552
201,F_N+PB,3,RF,B_latidos,1566,392,one-beat-ahead,0.179,0.957449,0.978493,0.521524,19.3257,0.0622,0.6426,4.32
201,F_N+PB,3,SVR_rbf,B_latidos,1566,392,one-beat-ahead,0.735,0.040706,0.201758,0.151536,3.688,1.3483,0.9703,1.025
201,F_N+PB,3,MLP,B_latidos,1566,392,one-beat-ahead,0.0701,1.084388,1.04134,0.584864,16.8515,0.0114,0.4676,3.951
201,F_N+PB,5,LinReg,B_latidos,1564,392,one-beat-ahead,-14223.1145,16587.781214,128.79356,12.512053,579.5428,0.0617,0.8686,1.47
201,F_N+PB,5,DT,B_latidos,1564,392,one-beat-ahead,-0.0533,1.228272,1.108275,0.581347,14.9703,0.0034,0.504,13.745
201,F_N+PB,5,RF,B_latidos,1564,392,one-beat-ahead,0.1772,0.959545,0.979564,0.525228,19.4336,0.0635,0.6334,5.446
201,F_N+PB,5,SVR_rbf,B_latidos,1564,392,one-beat-ahead,0.3475,0.100254,0.316629,0.235773,5.2448,0.0989,0.7561,0.262
201,F_N+PB,5,MLP,B_latidos,1564,392,one-beat-ahead,0.0679,1.087025,1.042605,0.581425,17.3488,0.0095,0.4465,5.84
201,F_N+PB,10,LinReg,B_latidos,1560,391,one-beat-ahead,-77.2304,91.243702,9.552157,3.446466,106.9603,0.0521,1.0,2.754
201,F_N+PB,10,DT,B_latidos,1560,391,one-beat-ahead,-0.0505,1.225252,1.106911,0.57415,16.0766,0.0048,0.5137,27.472
201,F_N+PB,10,RF,B_latidos,1560,391,one-beat-ahead,0.1798,0.956582,0.97805,0.525168,19.3475,0.0637,0.637,7.693
201,F_N+PB,10,SVR_rbf,B_latidos,1560,391,one-beat-ahead,0.1514,0.13069,0.36151,0.264311,5.8982,0.1961,0.4397,0.246
201,F_N+PB,10,MLP,B_latidos,1560,391,one-beat-ahead,0.0708,1.083723,1.04102,0.578939,16.8543,0.0044,0.3484,5.985
201,F_N+MED,3,LinReg,B_latidos,1566,392,one-beat-ahead,-1.6644,1.138634,1.067068,0.752215,15.9811,0.0296,0.7697,0.508
201,F_N+MED,3,DT,B_latidos,1566,392,one-beat-ahead,0.0398,0.410324,0.640566,0.440015,9.7697,0.0025,0.7357,7.63
201,F_N+MED,3,RF,B_latidos,1566,392,one-beat-ahead,0.3179,0.291507,0.539913,0.386209,9.8574,0.0625,0.7168,7.108
201,F_N+MED,3,SVR_rbf,B_latidos,1566,392,one-beat-ahead,0.9002,0.043828,0.209352,0.127471,4.0498,0.7803,0.6871,0.832
201,F_N+MED,3,MLP,B_latidos,1566,392,one-beat-ahead,0.2768,0.309046,0.555919,0.404823,9.6542,0.0111,0.6406,3.124
201,F_N+MED,5,LinReg,B_latidos,1564,392,one-beat-ahead,-8.0042,3.845816,1.961075,1.361359,35.9005,0.0426,0.9217,1.543
201,F_N+MED,5,DT,B_latidos,1564,392,one-beat-ahead,-0.0378,0.443257,0.665776,0.447703,9.8809,0.0029,0.7384,14.228
201,F_N+MED,5,RF,B_latidos,1564,392,one-beat-ahead,0.2941,0.301492,0.549083,0.393685,9.9388,0.0625,0.7117,8.419
201,F_N+MED,5,SVR_rbf,B_latidos,1564,392,one-beat-ahead,0.6784,0.141139,0.375684,0.257839,6.8172,0.1095,0.6403,0.213
201,F_N+MED,5,MLP,B_latidos,1564,392,one-beat-ahead,0.1914,0.345373,0.587684,0.425446,10.1064,0.0043,0.6563,1.915
201,F_N+MED,10,LinReg,B_latidos,1560,391,one-beat-ahead,-3.4672,1.903902,1.37982,0.965185,20.8634,0.0475,1.0,2.82
201,F_N+MED,10,DT,B_latidos,1560,391,one-beat-ahead,-0.0103,0.430579,0.656185,0.446,10.1182,0.0052,0.7232,28.306
201,F_N+MED,10,RF,B_latidos,1560,391,one-beat-ahead,0.2852,0.304647,0.551948,0.397095,11.117,0.0648,0.6987,10.795
201,F_N+MED,10,SVR_rbf,B_latidos,1560,391,one-beat-ahead,0.5385,0.202572,0.45008,0.30958,8.1298,0.112,0.5604,0.21
201,F_N+MED,10,MLP,B_latidos,1560,391,one-beat-ahead,0.1279,0.371671,0.609649,0.436559,10.898,0.0046,0.6384,2.036
201,F_N+PB+MED,3,LinReg,B_latidos,1566,392,one-beat-ahead,-2.3282,1.673611,1.293681,0.851181,18.5024,0.0225,0.7133,0.495
201,F_N+PB+MED,3,DT,B_latidos,1566,392,one-beat-ahead,-0.2091,0.608025,0.779759,0.515789,11.3824,0.0034,0.7551,9.079
201,F_N+PB+MED,3,RF,B_latidos,1566,392,one-beat-ahead,0.1623,0.421243,0.649032,0.465016,11.4602,0.0634,0.7629,4.486
201,F_N+PB+MED,3,SVR_rbf,B_latidos,1566,392,one-beat-ahead,0.8636,0.054208,0.232826,0.146872,4.4655,0.8859,0.9513,0.843
201,F_N+PB+MED,3,MLP,B_latidos,1566,392,one-beat-ahead,0.0842,0.460519,0.678615,0.480863,10.7616,0.0885,0.6885,4.786
201,F_N+PB+MED,5,LinReg,B_latidos,1564,392,one-beat-ahead,-11.357,6.210583,2.492104,1.605417,42.7221,0.0435,0.9079,2.52
201,F_N+PB+MED,5,DT,B_latidos,1564,392,one-beat-ahead,-0.252,0.629253,0.793255,0.520787,10.8468,0.0034,0.7512,14.181
201,F_N+PB+MED,5,RF,B_latidos,1564,392,one-beat-ahead,0.1768,0.413758,0.643241,0.463637,11.3954,0.0628,0.7666,5.774
201,F_N+PB+MED,5,SVR_rbf,B_latidos,1564,392,one-beat-ahead,0.5532,0.177427,0.421221,0.281983,7.482,0.1003,0.8405,0.224
201,F_N+PB+MED,5,MLP,B_latidos,1564,392,one-beat-ahead,0.0914,0.456646,0.675756,0.487079,11.6739,0.0044,0.5692,1.521
201,F_N+PB+MED,10,LinReg,B_latidos,1560,391,one-beat-ahead,-5.5119,3.273854,1.809379,1.25648,28.802,0.0426,1.0,6.973
201,F_N+PB+MED,10,DT,B_latidos,1560,391,one-beat-ahead,-0.3523,0.679844,0.824527,0.531329,10.7939,0.0073,0.7598,27.935
201,F_N+PB+MED,10,RF,B_latidos,1560,391,one-beat-ahead,0.1684,0.418102,0.646608,0.468379,12.1617,0.0654,0.7509,8.036
201,F_N+PB+MED,10,SVR_rbf,B_latidos,1560,391,one-beat-ahead,0.4121,0.233716,0.483442,0.333041,8.4772,0.1039,0.6954,0.203
201,F_N+PB+MED,10,MLP,B_latidos,1560,391,one-beat-ahead,0.0257,0.489831,0.69988,0.501552,12.184,0.0057,0.5347,1.792
202,F_SIN,3,LinReg,B_latidos,1704,427,one-beat-ahead,-0.0762,1.190567,1.091131,0.62205,14.7004,0.0481,0.7814,2.416
202,F_SIN,3,DT,B_latidos,1704,427,one-beat-ahead,0.2041,0.880495,0.938347,0.489741,12.9482,0.0025,0.6596,8.328
202,F_SIN,3,RF,B_latidos,1704,427,one-beat-ahead,0.3474,0.721924,0.849661,0.43561,14.9632,0.0575,0.7521,6.56
202,F_SIN,3,SVR_rbf,B_latidos,1704,427,one-beat-ahead,0.7256,0.015773,0.125591,0.098526,2.2954,0.8499,0.7736,1.445
202,F_SIN,3,MLP,B_latidos,1704,427,one-beat-ahead,0.2252,0.857094,0.925794,0.496369,13.4939,0.0114,0.7176,4.107
202,F_SIN,5,LinReg,B_latidos,1703,426,one-beat-ahead,-1.0021,2.215373,1.488413,0.888997,22.1349,0.0419,0.9079,1.638
202,F_SIN,5,DT,B_latidos,1703,426,one-beat-ahead,0.1105,0.98428,0.992109,0.511943,15.3488,0.0033,0.6609,14.863
202,F_SIN,5,RF,B_latidos,1703,426,one-beat-ahead,0.3444,0.725506,0.851766,0.438057,16.4025,0.0583,0.7508,8.67
202,F_SIN,5,SVR_rbf,B_latidos,1703,426,one-beat-ahead,0.4594,0.031154,0.176506,0.139988,2.8764,0.1094,0.7535,0.273
202,F_SIN,5,MLP,B_latidos,1703,426,one-beat-ahead,0.2604,0.818459,0.904687,0.500824,14.9278,0.0044,0.6226,1.715
202,F_SIN,10,LinReg,B_latidos,1699,425,one-beat-ahead,-1.3659,2.617318,1.617813,0.989619,22.3723,0.1164,1.0,8.815
202,F_SIN,10,DT,B_latidos,1699,425,one-beat-ahead,0.1895,0.896683,0.946934,0.492455,11.2769,0.0063,0.6618,29.893
202,F_SIN,10,RF,B_latidos,1699,425,one-beat-ahead,0.3318,0.739259,0.859802,0.442903,12.5606,0.0613,0.7574,8.588
202,F_SIN,10,SVR_rbf,B_latidos,1699,425,one-beat-ahead,0.4127,0.033914,0.184159,0.146318,2.8802,0.1109,0.7279,0.27
202,F_SIN,10,MLP,B_latidos,1699,425,one-beat-ahead,0.2487,0.831122,0.911659,0.497004,12.9838,0.0105,0.5908,6.231
202,F_N,3,LinReg,B_latidos,1704,427,one-beat-ahead,-0.0308,1.140398,1.067894,0.603591,14.7443,0.0429,0.7805,0.502
202,F_N,3,DT,B_latidos,1704,427,one-beat-ahead,0.1949,0.89075,0.943796,0.501266,14.4779,0.0025,0.6412,8.146
202,F_N,3,RF,B_latidos,1704,427,one-beat-ahead,0.362,0.705862,0.840156,0.430511,15.0763,0.058,0.762,7.327
202,F_N,3,SVR_rbf,B_latidos,1704,427,one-beat-ahead,0.7402,0.014579,0.120743,0.095925,2.225,1.0087,0.7757,0.976
202,F_N,3,MLP,B_latidos,1704,427,one-beat-ahead,0.247,0.83305,0.912716,0.48945,13.9434,0.0146,0.6885,3.524
202,F_N,5,LinReg,B_latidos,1703,426,one-beat-ahead,-0.9377,2.144344,1.464358,0.870066,19.776,0.0505,0.9041,4.919
202,F_N,5,DT,B_latidos,1703,426,one-beat-ahead,0.1803,0.907142,0.95244,0.504903,14.8284,0.0036,0.6409,15.083
202,F_N,5,RF,B_latidos,1703,426,one-beat-ahead,0.3512,0.717958,0.847324,0.43552,15.8637,0.0573,0.754,6.358
202,F_N,5,SVR_rbf,B_latidos,1703,426,one-beat-ahead,0.4712,0.029744,0.172464,0.136222,2.8656,0.1137,0.7553,0.284
202,F_N,5,MLP,B_latidos,1703,426,one-beat-ahead,0.2595,0.819427,0.905222,0.500377,15.0349,0.0047,0.6233,1.687
202,F_N,10,LinReg,B_latidos,1699,425,one-beat-ahead,-0.9178,2.121759,1.456626,0.859056,21.9465,0.0429,1.0,7.739
202,F_N,10,DT,B_latidos,1699,425,one-beat-ahead,0.2286,0.853437,0.923816,0.480795,11.8157,0.005,0.6412,29.786
202,F_N,10,RF,B_latidos,1699,425,one-beat-ahead,0.3343,0.736482,0.858185,0.442906,12.3474,0.0631,0.7581,8.753
202,F_N,10,SVR_rbf,B_latidos,1699,425,one-beat-ahead,0.4249,0.032422,0.18006,0.14387,2.8098,0.2236,0.7295,0.42
202,F_N,10,MLP,B_latidos,1699,425,one-beat-ahead,0.1508,0.939579,0.969319,0.525029,12.3519,0.0046,0.6877,5.955
202,F_PB,3,LinReg,B_latidos,1704,427,one-beat-ahead,-0.3074,1.64657,1.283187,0.646601,18.7757,0.0576,0.7822,0.479
202,F_PB,3,DT,B_latidos,1704,427,one-beat-ahead,0.1212,1.106772,1.052033,0.492278,13.4754,0.0029,0.7331,8.642
202,F_PB,3,RF,B_latidos,1704,427,one-beat-ahead,0.3447,0.825312,0.908467,0.447533,16.9942,0.0566,0.8062,6.044
202,F_PB,3,SVR_rbf,B_latidos,1704,427,one-beat-ahead,0.6564,0.012547,0.112013,0.085825,1.9432,0.7368,0.962,0.911
202,F_PB,3,MLP,B_latidos,1704,427,one-beat-ahead,0.1865,1.024503,1.012177,0.526632,14.59,0.0112,0.7264,4.031
202,F_PB,5,LinReg,B_latidos,1703,426,one-beat-ahead,-2.31,4.169094,2.041836,1.042767,25.6864,0.0862,0.9176,4.337
202,F_PB,5,DT,B_latidos,1703,426,one-beat-ahead,0.1119,1.118546,1.057613,0.491897,14.8963,0.0035,0.7402,14.918
202,F_PB,5,RF,B_latidos,1703,426,one-beat-ahead,0.3415,0.82943,0.910731,0.449924,17.13,0.0589,0.813,5.997
202,F_PB,5,SVR_rbf,B_latidos,1703,426,one-beat-ahead,0.2642,0.0268,0.163708,0.126752,2.527,0.104,0.9117,0.264
202,F_PB,5,MLP,B_latidos,1703,426,one-beat-ahead,0.2689,0.920903,0.959637,0.500371,16.341,0.0043,0.6476,1.706
202,F_PB,10,LinReg,B_latidos,1699,425,one-beat-ahead,-3.0095,5.049331,2.247072,1.203565,33.0406,0.0444,1.0,7.245
202,F_PB,10,DT,B_latidos,1699,425,one-beat-ahead,0.0262,1.226305,1.107387,0.525729,11.1968,0.0055,0.7469,29.739
202,F_PB,10,RF,B_latidos,1699,425,one-beat-ahead,0.3443,0.82579,0.90873,0.448421,13.5447,0.0628,0.8105,8.957
202,F_PB,10,SVR_rbf,B_latidos,1699,425,one-beat-ahead,0.158,0.030475,0.174571,0.139302,2.7237,0.1955,0.84,0.435
202,F_PB,10,MLP,B_latidos,1699,425,one-beat-ahead,0.219,0.983585,0.991758,0.51048,12.0546,0.0043,0.6739,4.814
202,F_MED,3,LinReg,B_latidos,1704,427,one-beat-ahead,-0.3113,0.676188,0.822307,0.59047,11.8235,0.0364,0.8539,0.543
202,F_MED,3,DT,B_latidos,1704,427,one-beat-ahead,0.3588,0.330659,0.57503,0.405578,9.1596,0.003,0.7738,8.78
202,F_MED,3,RF,B_latidos,1704,427,one-beat-ahead,0.4858,0.265176,0.514953,0.361747,8.625,0.0565,0.7506,6.401
202,F_MED,3,SVR_rbf,B_latidos,1704,427,one-beat-ahead,0.9488,0.008898,0.094327,0.068105,1.8886,1.0521,0.6932,0.994
202,F_MED,3,MLP,B_latidos,1704,427,one-beat-ahead,0.4399,0.288849,0.537447,0.379535,8.5185,0.0805,0.792,5.378
202,F_MED,5,LinReg,B_latidos,1703,426,one-beat-ahead,-2.0856,1.592604,1.261984,0.91824,19.1539,0.0401,0.9415,2.618
202,F_MED,5,DT,B_latidos,1703,426,one-beat-ahead,0.3535,0.333669,0.577641,0.410579,9.6367,0.0032,0.7605,15.146
202,F_MED,5,RF,B_latidos,1703,426,one-beat-ahead,0.4877,0.264444,0.514241,0.361973,9.3451,0.0575,0.7668,6.254
202,F_MED,5,SVR_rbf,B_latidos,1703,426,one-beat-ahead,0.7987,0.035051,0.18722,0.146799,3.5045,0.1088,0.6721,0.27
202,F_MED,5,MLP,B_latidos,1703,426,one-beat-ahead,0.4093,0.304882,0.552162,0.394967,9.3934,0.0093,0.7368,2.345
202,F_MED,10,LinReg,B_latidos,1699,425,one-beat-ahead,-2.7067,1.913233,1.383197,1.021555,20.107,0.0477,1.0,5.355
202,F_MED,10,DT,B_latidos,1699,425,one-beat-ahead,0.3495,0.335739,0.57943,0.410317,9.7699,0.0048,0.7627,30.098
202,F_MED,10,RF,B_latidos,1699,425,one-beat-ahead,0.4745,0.27122,0.520788,0.365383,9.3148,0.0748,0.7626,10.998
202,F_MED,10,SVR_rbf,B_latidos,1699,425,one-beat-ahead,0.6822,0.055487,0.235557,0.184844,4.1129,0.1138,0.6405,0.328
202,F_MED,10,MLP,B_latidos,1699,425,one-beat-ahead,0.4111,0.303953,0.551319,0.394415,9.2469,0.0045,0.656,1.715
202,F_N+PB,3,LinReg,B_latidos,1704,427,one-beat-ahead,-0.3358,1.682321,1.297043,0.650193,17.7882,0.0282,0.7809,0.489
202,F_N+PB,3,DT,B_latidos,1704,427,one-beat-ahead,0.1564,1.062476,1.030765,0.485923,14.4343,0.003,0.7277,8.71
202,F_N+PB,3,RF,B_latidos,1704,427,one-beat-ahead,0.3417,0.829093,0.910545,0.449536,16.7804,0.0572,0.8113,6.013
202,F_N+PB,3,SVR_rbf,B_latidos,1704,427,one-beat-ahead,0.6555,0.012571,0.112119,0.085957,1.9438,0.9136,0.962,0.955
202,F_N+PB,3,MLP,B_latidos,1704,427,one-beat-ahead,0.1541,1.065347,1.032156,0.527833,15.2008,0.0746,0.7444,5.177
202,F_N+PB,5,LinReg,B_latidos,1703,426,one-beat-ahead,-2.4912,4.397286,2.096971,1.064068,27.9687,0.0464,0.9164,3.129
202,F_N+PB,5,DT,B_latidos,1703,426,one-beat-ahead,0.1125,1.117864,1.057291,0.492809,14.3698,0.0032,0.7352,14.875
202,F_N+PB,5,RF,B_latidos,1703,426,one-beat-ahead,0.3482,0.82093,0.906052,0.445538,17.0515,0.0588,0.8094,6.087
202,F_N+PB,5,SVR_rbf,B_latidos,1703,426,one-beat-ahead,0.2637,0.026802,0.163712,0.126779,2.5255,0.1087,0.9117,0.256
202,F_N+PB,5,MLP,B_latidos,1703,426,one-beat-ahead,0.2681,0.921861,0.960136,0.501033,16.2865,0.0048,0.648,1.777
202,F_N+PB,10,LinReg,B_latidos,1699,425,one-beat-ahead,-3.1641,5.243911,2.289959,1.277328,34.4018,0.0432,1.0,6.151
202,F_N+PB,10,DT,B_latidos,1699,425,one-beat-ahead,0.0409,1.207781,1.098991,0.521594,11.7109,0.0063,0.7282,29.877
202,F_N+PB,10,RF,B_latidos,1699,425,one-beat-ahead,0.3487,0.82015,0.905621,0.445758,13.2375,0.0606,0.8152,10.077
202,F_N+PB,10,SVR_rbf,B_latidos,1699,425,one-beat-ahead,0.1588,0.030427,0.174433,0.13919,2.7202,0.211,0.8401,0.409
202,F_N+PB,10,MLP,B_latidos,1699,425,one-beat-ahead,0.2132,0.990822,0.995401,0.511719,12.1959,0.0043,0.6763,2.754
202,F_N+MED,3,LinReg,B_latidos,1704,427,one-beat-ahead,-0.3634,0.70277,0.838314,0.598915,11.9162,0.0382,0.8618,0.555
202,F_N+MED,3,DT,B_latidos,1704,427,one-beat-ahead,0.3338,0.343409,0.586011,0.418413,9.5215,0.0032,0.7764,9.094
202,F_N+MED,3,RF,B_latidos,1704,427,one-beat-ahead,0.4841,0.26594,0.515694,0.36278,8.6177,0.0574,0.7506,6.002
202,F_N+MED,3,SVR_rbf,B_latidos,1704,427,one-beat-ahead,0.9475,0.00913,0.095551,0.071139,1.912,1.0312,0.6935,1.011
202,F_N+MED,3,MLP,B_latidos,1704,427,one-beat-ahead,0.433,0.292244,0.540596,0.382401,8.8031,0.021,0.7532,5.968
202,F_N+MED,5,LinReg,B_latidos,1703,426,one-beat-ahead,-2.5826,1.848237,1.359499,1.00102,21.4598,0.0452,0.9483,2.338
202,F_N+MED,5,DT,B_latidos,1703,426,one-beat-ahead,0.3355,0.342804,0.585495,0.420213,9.6577,0.0034,0.7688,15.101
202,F_N+MED,5,RF,B_latidos,1703,426,one-beat-ahead,0.4779,0.269332,0.518972,0.365315,9.4756,0.0578,0.7673,6.266
202,F_N+MED,5,SVR_rbf,B_latidos,1703,426,one-beat-ahead,0.7912,0.036409,0.190812,0.15086,3.5741,0.1109,0.672,0.283
202,F_N+MED,5,MLP,B_latidos,1703,426,one-beat-ahead,0.4172,0.300647,0.548313,0.391834,9.3033,0.013,0.7374,3.012
202,F_N+MED,10,LinReg,B_latidos,1699,425,one-beat-ahead,-3.1193,2.125094,1.45777,1.058308,22.3503,0.0421,1.0,5.278
202,F_N+MED,10,DT,B_latidos,1699,425,one-beat-ahead,0.348,0.336334,0.579943,0.412865,10.0507,0.005,0.7714,30.095
202,F_N+MED,10,RF,B_latidos,1699,425,one-beat-ahead,0.4747,0.27097,0.520548,0.366726,9.2723,0.0669,0.7619,11.217
202,F_N+MED,10,SVR_rbf,B_latidos,1699,425,one-beat-ahead,0.6818,0.055648,0.235897,0.185996,4.0722,0.1171,0.6401,0.247
202,F_N+MED,10,MLP,B_latidos,1699,425,one-beat-ahead,0.4041,0.307422,0.554456,0.394529,9.3176,0.0047,0.6567,1.719
202,F_N+PB+MED,3,LinReg,B_latidos,1704,427,one-beat-ahead,-0.3452,1.140125,1.067766,0.721208,14.8896,0.0434,0.8505,0.496
202,F_N+PB+MED,3,DT,B_latidos,1704,427,one-beat-ahead,0.3175,0.578508,0.760597,0.507613,11.6209,0.003,0.7719,8.939
202,F_N+PB+MED,3,RF,B_latidos,1704,427,one-beat-ahead,0.4204,0.491234,0.700881,0.472383,11.9425,0.0569,0.8257,5.816
202,F_N+PB+MED,3,SVR_rbf,B_latidos,1704,427,one-beat-ahead,0.873,0.022455,0.14985,0.114347,3.0179,0.8364,0.9542,0.915
202,F_N+PB+MED,3,MLP,B_latidos,1704,427,one-beat-ahead,0.3362,0.562656,0.750104,0.502842,11.9428,0.0114,0.7801,3.25
202,F_N+PB+MED,5,LinReg,B_latidos,1703,426,one-beat-ahead,-1.8521,2.417323,1.554774,1.097399,22.0782,0.0569,0.9435,4.437
202,F_N+PB+MED,5,DT,B_latidos,1703,426,one-beat-ahead,0.2837,0.607102,0.779167,0.51844,12.2848,0.0034,0.7729,14.958
202,F_N+PB+MED,5,RF,B_latidos,1703,426,one-beat-ahead,0.4284,0.4845,0.696061,0.471919,11.8461,0.0592,0.8258,6.127
202,F_N+PB+MED,5,SVR_rbf,B_latidos,1703,426,one-beat-ahead,0.5884,0.072558,0.269366,0.217387,4.7526,0.1106,0.8844,0.253
202,F_N+PB+MED,5,MLP,B_latidos,1703,426,one-beat-ahead,0.3145,0.580987,0.762225,0.53279,12.6931,0.0043,0.6002,0.918
202,F_N+PB+MED,10,LinReg,B_latidos,1699,425,one-beat-ahead,-2.7307,3.16277,1.778418,1.261901,25.0617,0.0432,1.0,7.357
202,F_N+PB+MED,10,DT,B_latidos,1699,425,one-beat-ahead,0.3303,0.567746,0.753489,0.502065,11.814,0.005,0.7831,29.901
202,F_N+PB+MED,10,RF,B_latidos,1699,425,one-beat-ahead,0.415,0.495912,0.70421,0.477203,11.8944,0.0842,0.8213,9.16
202,F_N+PB+MED,10,SVR_rbf,B_latidos,1699,425,one-beat-ahead,0.4045,0.104064,0.322589,0.258066,5.4023,0.22,0.791,0.406
202,F_N+PB+MED,10,MLP,B_latidos,1699,425,one-beat-ahead,0.3455,0.554825,0.744866,0.5154,12.3203,0.0048,0.6459,4.007
203,F_SIN,3,LinReg,B_latidos,2376,595,one-beat-ahead,-0.2512,1.239643,1.113393,0.726043,14.6414,0.0322,0.5182,0.607
203,F_SIN,3,DT,B_latidos,2376,595,one-beat-ahead,0.0645,0.926826,0.962718,0.607456,14.895,0.0023,0.4714,13.081
203,F_SIN,3,RF,B_latidos,2376,595,one-beat-ahead,0.281,0.712304,0.843981,0.540647,14.3229,0.0412,0.5459,6.899
203,F_SIN,3,SVR_rbf,B_latidos,2376,595,one-beat-ahead,0.744,0.150194,0.387549,0.142952,8.8086,1.6995,0.9378,2.594
203,F_SIN,3,MLP,B_latidos,2376,595,one-beat-ahead,0.2279,0.764917,0.874596,0.568895,13.7167,0.0109,0.3759,2.642
203,F_SIN,5,LinReg,B_latidos,2375,594,one-beat-ahead,-0.9482,1.931662,1.389842,0.913841,17.2704,0.0407,0.6712,1.719
203,F_SIN,5,DT,B_latidos,2375,594,one-beat-ahead,0.1028,0.889529,0.943149,0.600121,14.9529,0.0029,0.4636,22.381
203,F_SIN,5,RF,B_latidos,2375,594,one-beat-ahead,0.267,0.726772,0.852509,0.549139,16.2944,0.0412,0.5399,8.843
203,F_SIN,5,SVR_rbf,B_latidos,2375,594,one-beat-ahead,0.6805,0.187591,0.433118,0.209296,9.384,0.3163,0.9059,0.928
203,F_SIN,5,MLP,B_latidos,2375,594,one-beat-ahead,0.1894,0.803674,0.896479,0.59676,15.8824,0.0039,0.2968,4.313
203,F_SIN,10,LinReg,B_latidos,2371,593,one-beat-ahead,-14.9807,15.845455,3.980635,2.496399,80.0533,0.0964,1.0,9.8
203,F_SIN,10,DT,B_latidos,2371,593,one-beat-ahead,0.0148,0.976843,0.988353,0.620182,15.8147,0.005,0.4674,41.993
203,F_SIN,10,RF,B_latidos,2371,593,one-beat-ahead,0.2542,0.7395,0.859942,0.556728,17.1825,0.0446,0.5169,15.093
203,F_SIN,10,SVR_rbf,B_latidos,2371,593,one-beat-ahead,0.5858,0.24327,0.493224,0.299228,10.416,0.3118,0.8475,0.528
203,F_SIN,10,MLP,B_latidos,2371,593,one-beat-ahead,0.1222,0.870398,0.932951,0.636293,16.4809,0.0046,0.301,6.852
203,F_N,3,LinReg,B_latidos,2376,595,one-beat-ahead,-0.196,1.185141,1.088642,0.71612,14.4277,0.0244,0.5203,0.62
203,F_N,3,DT,B_latidos,2376,595,one-beat-ahead,0.0693,0.922263,0.960345,0.597593,13.6224,0.0024,0.4658,13.168
203,F_N,3,RF,B_latidos,2376,595,one-beat-ahead,0.2766,0.716854,0.846672,0.545163,14.3122,0.0417,0.5458,6.906
203,F_N,3,SVR_rbf,B_latidos,2376,595,one-beat-ahead,0.7445,0.149397,0.386519,0.139884,8.7869,1.7398,0.9385,2.87
203,F_N,3,MLP,B_latidos,2376,595,one-beat-ahead,0.2262,0.766763,0.87565,0.570438,13.4154,0.0106,0.3748,2.731
203,F_N,5,LinReg,B_latidos,2375,594,one-beat-ahead,-0.8824,1.866744,1.366288,0.898656,18.6076,0.0355,0.6744,1.736
203,F_N,5,DT,B_latidos,2375,594,one-beat-ahead,0.0794,0.912954,0.955486,0.602973,15.0623,0.0032,0.4629,22.437
203,F_N,5,RF,B_latidos,2375,594,one-beat-ahead,0.2689,0.725036,0.85149,0.54709,16.0885,0.0609,0.5362,9.243
203,F_N,5,SVR_rbf,B_latidos,2375,594,one-beat-ahead,0.681,0.186635,0.432012,0.206,9.3596,0.3065,0.9065,0.954
203,F_N,5,MLP,B_latidos,2375,594,one-beat-ahead,0.1875,0.805784,0.897655,0.597108,15.8347,0.0039,0.2973,3.477
203,F_N,10,LinReg,B_latidos,2371,593,one-beat-ahead,-14.4522,15.324644,3.91467,2.430718,63.914,0.092,1.0,10.196
203,F_N,10,DT,B_latidos,2371,593,one-beat-ahead,0.0617,0.930581,0.964666,0.605347,16.5673,0.006,0.4622,43.28
203,F_N,10,RF,B_latidos,2371,593,one-beat-ahead,0.2603,0.73362,0.856516,0.556106,17.1044,0.0689,0.5152,14.323
203,F_N,10,SVR_rbf,B_latidos,2371,593,one-beat-ahead,0.5858,0.242441,0.492383,0.298789,10.4329,0.3127,0.8481,0.814
203,F_N,10,MLP,B_latidos,2371,593,one-beat-ahead,0.1202,0.872547,0.934102,0.635608,16.3424,0.0041,0.3153,5.361
203,F_PB,3,LinReg,B_latidos,2376,595,one-beat-ahead,-2274.3192,2070.907035,45.50722,3.538896,997.0691,0.0269,0.4741,0.601
203,F_PB,3,DT,B_latidos,2376,595,one-beat-ahead,-0.0134,0.922347,0.960389,0.552807,13.296,0.0022,0.4105,13.345
203,F_PB,3,RF,B_latidos,2376,595,one-beat-ahead,0.1651,0.759871,0.871706,0.524861,14.577,0.0412,0.4973,6.971
203,F_PB,3,SVR_rbf,B_latidos,2376,595,one-beat-ahead,0.7442,0.074045,0.272111,0.108243,5.5288,1.6923,0.9511,3.033
203,F_PB,3,MLP,B_latidos,2376,595,one-beat-ahead,0.1331,0.789018,0.888267,0.546871,14.1986,0.0106,0.3021,2.691
203,F_PB,5,LinReg,B_latidos,2375,594,one-beat-ahead,-11113.3255,10124.431151,100.620232,7.987344,1931.3466,0.0546,0.6455,1.633
203,F_PB,5,DT,B_latidos,2375,594,one-beat-ahead,0.0683,0.848734,0.921267,0.540288,15.4474,0.0028,0.4072,22.543
203,F_PB,5,RF,B_latidos,2375,594,one-beat-ahead,0.1488,0.775429,0.880585,0.530175,15.5278,0.0601,0.499,9.845
203,F_PB,5,SVR_rbf,B_latidos,2375,594,one-beat-ahead,0.6188,0.110458,0.332352,0.181803,6.2283,0.2986,0.9047,0.975
203,F_PB,5,MLP,B_latidos,2375,594,one-beat-ahead,0.0908,0.8282,0.910055,0.559099,14.9034,0.0039,0.2186,2.212
203,F_PB,10,LinReg,B_latidos,2371,593,one-beat-ahead,-136824.6945,124606.337299,352.996228,37.136445,9107.54,0.0421,1.0,12.219
203,F_PB,10,DT,B_latidos,2371,593,one-beat-ahead,0.0293,0.88403,0.940228,0.54806,14.9935,0.0063,0.4196,43.58
203,F_PB,10,RF,B_latidos,2371,593,one-beat-ahead,0.1688,0.756947,0.870027,0.524012,16.0472,0.0622,0.4806,14.714
203,F_PB,10,SVR_rbf,B_latidos,2371,593,one-beat-ahead,0.5375,0.134151,0.366266,0.225121,6.7348,0.1634,0.8462,0.905
203,F_PB,10,MLP,B_latidos,2371,593,one-beat-ahead,0.0844,0.833786,0.913119,0.55857,15.5949,0.0058,0.1801,2.547
203,F_MED,3,LinReg,B_latidos,2376,595,one-beat-ahead,-0.3108,1.450526,1.204378,0.716227,16.7678,0.0277,0.616,0.627
203,F_MED,3,DT,B_latidos,2376,595,one-beat-ahead,0.2012,0.883997,0.940211,0.597857,14.1765,0.0023,0.6212,13.239
203,F_MED,3,RF,B_latidos,2376,595,one-beat-ahead,0.3536,0.715326,0.84577,0.549724,14.6651,0.0421,0.6647,6.99
203,F_MED,3,SVR_rbf,B_latidos,2376,595,one-beat-ahead,0.7363,0.235565,0.485351,0.153428,10.9327,1.5984,0.9111,3.597
203,F_MED,3,MLP,B_latidos,2376,595,one-beat-ahead,0.2999,0.774745,0.880196,0.579687,13.7593,0.012,0.4952,3.265
203,F_MED,5,LinReg,B_latidos,2375,594,one-beat-ahead,-1.0025,2.218178,1.489355,0.899287,18.819,0.0518,0.7389,4.027
203,F_MED,5,DT,B_latidos,2375,594,one-beat-ahead,0.0407,1.062668,1.030858,0.631384,16.5004,0.0033,0.6249,21.383
203,F_MED,5,RF,B_latidos,2375,594,one-beat-ahead,0.3485,0.721709,0.849535,0.554207,16.0694,0.0426,0.6471,11.39
203,F_MED,5,SVR_rbf,B_latidos,2375,594,one-beat-ahead,0.6992,0.268816,0.518475,0.21214,11.2473,0.1573,0.886,0.596
203,F_MED,5,MLP,B_latidos,2375,594,one-beat-ahead,0.2177,0.86652,0.93087,0.616347,15.8526,0.0044,0.489,1.696
203,F_MED,10,LinReg,B_latidos,2371,593,one-beat-ahead,-16.3174,19.181747,4.379697,2.590067,114.259,0.041,1.0,12.562
203,F_MED,10,DT,B_latidos,2371,593,one-beat-ahead,0.0335,1.070589,1.034693,0.637282,18.1548,0.0052,0.6317,42.991
203,F_MED,10,RF,B_latidos,2371,593,one-beat-ahead,0.3321,0.739782,0.860106,0.565445,18.2628,0.0674,0.6256,14.867
203,F_MED,10,SVR_rbf,B_latidos,2371,593,one-beat-ahead,0.5907,0.365925,0.604917,0.329395,12.7694,0.1575,0.8385,0.62
203,F_MED,10,MLP,B_latidos,2371,593,one-beat-ahead,0.1504,0.941048,0.970076,0.656838,17.8878,0.0039,0.3857,2.285
203,F_N+PB,3,LinReg,B_latidos,2376,595,one-beat-ahead,-2987.2281,2719.789645,52.151603,3.853852,1418.5203,0.0236,0.4787,0.592
203,F_N+PB,3,DT,B_latidos,2376,595,one-beat-ahead,0.0269,0.885709,0.941121,0.553619,13.2266,0.0022,0.4103,13.274
203,F_N+PB,3,RF,B_latidos,2376,595,one-beat-ahead,0.1633,0.761547,0.872667,0.525013,14.5023,0.0419,0.4959,7.252
203,F_N+PB,3,SVR_rbf,B_latidos,2376,595,one-beat-ahead,0.7442,0.074022,0.272069,0.108219,5.5281,1.7699,0.9511,3.763
203,F_N+PB,3,MLP,B_latidos,2376,595,one-beat-ahead,0.1213,0.799776,0.894302,0.546775,13.8162,0.0108,0.3444,3.228
203,F_N+PB,5,LinReg,B_latidos,2375,594,one-beat-ahead,-12010.5153,10941.796902,104.603044,8.21908,2272.691,0.0392,0.6502,5.374
203,F_N+PB,5,DT,B_latidos,2375,594,one-beat-ahead,0.0231,0.889868,0.943328,0.549043,15.2711,0.0031,0.4092,21.206
203,F_N+PB,5,RF,B_latidos,2375,594,one-beat-ahead,0.1519,0.772544,0.878945,0.529798,15.575,0.0427,0.4959,11.535
203,F_N+PB,5,SVR_rbf,B_latidos,2375,594,one-beat-ahead,0.6188,0.110458,0.332352,0.181824,6.2281,0.1895,0.9047,0.611
203,F_N+PB,5,MLP,B_latidos,2375,594,one-beat-ahead,0.0985,0.821249,0.906228,0.55832,14.8293,0.0041,0.2082,1.398
203,F_N+PB,10,LinReg,B_latidos,2371,593,one-beat-ahead,-184828.5761,168324.481435,410.273667,42.561124,9601.7335,0.0408,1.0,11.362
203,F_N+PB,10,DT,B_latidos,2371,593,one-beat-ahead,-0.0559,0.961628,0.980626,0.557363,14.4299,0.0049,0.4234,43.374
203,F_N+PB,10,RF,B_latidos,2371,593,one-beat-ahead,0.165,0.760465,0.872046,0.526927,15.9552,0.0449,0.4795,15.161
203,F_N+PB,10,SVR_rbf,B_latidos,2371,593,one-beat-ahead,0.5375,0.134134,0.366243,0.22516,6.7354,0.1565,0.8462,0.56
203,F_N+PB,10,MLP,B_latidos,2371,593,one-beat-ahead,0.081,0.836941,0.914845,0.561736,15.5284,0.004,0.1903,2.439
203,F_N+MED,3,LinReg,B_latidos,2376,595,one-beat-ahead,-0.1579,1.280013,1.131377,0.699643,23.7757,0.0269,0.6165,0.581
203,F_N+MED,3,DT,B_latidos,2376,595,one-beat-ahead,0.1097,0.984233,0.992085,0.615948,15.3692,0.0021,0.6451,13.007
203,F_N+MED,3,RF,B_latidos,2376,595,one-beat-ahead,0.3608,0.706674,0.840639,0.545994,14.805,0.0442,0.6563,7.562
203,F_N+MED,3,SVR_rbf,B_latidos,2376,595,one-beat-ahead,0.736,0.235171,0.484944,0.153236,10.937,1.6133,0.9115,3.319
203,F_N+MED,3,MLP,B_latidos,2376,595,one-beat-ahead,0.2981,0.776007,0.880912,0.580553,13.8737,0.0105,0.5257,3.7
203,F_N+MED,5,LinReg,B_latidos,2375,594,one-beat-ahead,-0.6888,1.868862,1.367063,0.848206,23.9569,0.0346,0.7368,4.987
203,F_N+MED,5,DT,B_latidos,2375,594,one-beat-ahead,0.0306,1.072801,1.035761,0.63546,15.7684,0.003,0.6472,20.713
203,F_N+MED,5,RF,B_latidos,2375,594,one-beat-ahead,0.3469,0.722729,0.850134,0.553875,16.314,0.0421,0.6456,11.345
203,F_N+MED,5,SVR_rbf,B_latidos,2375,594,one-beat-ahead,0.6994,0.267922,0.517612,0.210157,11.2486,0.1554,0.8863,0.612
203,F_N+MED,5,MLP,B_latidos,2375,594,one-beat-ahead,0.2568,0.822463,0.906898,0.604961,16.057,0.004,0.4713,1.625
203,F_N+MED,10,LinReg,B_latidos,2371,593,one-beat-ahead,-16.0188,18.832402,4.339632,2.52648,90.7284,0.0408,1.0,11.293
203,F_N+MED,10,DT,B_latidos,2371,593,one-beat-ahead,0.0511,1.050015,1.024702,0.632106,17.7545,0.0042,0.6322,42.76
203,F_N+MED,10,RF,B_latidos,2371,593,one-beat-ahead,0.3327,0.738412,0.859309,0.560177,18.0129,0.0641,0.63,14.916
203,F_N+MED,10,SVR_rbf,B_latidos,2371,593,one-beat-ahead,0.5906,0.36499,0.604144,0.328658,12.7787,0.1573,0.8384,0.506
203,F_N+MED,10,MLP,B_latidos,2371,593,one-beat-ahead,0.1469,0.94405,0.971622,0.659239,17.7555,0.004,0.4122,2.396
203,F_N+PB+MED,3,LinReg,B_latidos,2376,595,one-beat-ahead,-1.0902,2.093354,1.446843,0.75667,15.7069,0.0234,0.5152,0.58
203,F_N+PB+MED,3,DT,B_latidos,2376,595,one-beat-ahead,-0.0599,1.061499,1.030291,0.601154,14.6837,0.0022,0.5506,13.093
203,F_N+PB+MED,3,RF,B_latidos,2376,595,one-beat-ahead,0.1836,0.817582,0.904202,0.5581,15.2594,0.0594,0.6025,7.214
203,F_N+PB+MED,3,SVR_rbf,B_latidos,2376,595,one-beat-ahead,0.7227,0.140763,0.375184,0.12995,8.0499,1.5232,0.9239,3.217
203,F_N+PB+MED,3,MLP,B_latidos,2376,595,one-beat-ahead,0.1136,0.887727,0.942193,0.584583,14.7974,0.0103,0.4152,3.546
203,F_N+PB+MED,5,LinReg,B_latidos,2375,594,one-beat-ahead,-2.0881,3.096153,1.759589,0.964106,22.3453,0.0408,0.6712,5.328
203,F_N+PB+MED,5,DT,B_latidos,2375,594,one-beat-ahead,-0.1453,1.148225,1.071553,0.617135,15.6652,0.0029,0.5688,21.347
203,F_N+PB+MED,5,RF,B_latidos,2375,594,one-beat-ahead,0.1612,0.840985,0.917053,0.563081,16.0332,0.0597,0.5797,11.704
203,F_N+PB+MED,5,SVR_rbf,B_latidos,2375,594,one-beat-ahead,0.6548,0.175499,0.418926,0.183795,8.3015,0.1543,0.8947,0.551
203,F_N+PB+MED,5,MLP,B_latidos,2375,594,one-beat-ahead,0.1038,0.898559,0.947924,0.595438,16.0317,0.004,0.2705,1.326
203,F_N+PB+MED,10,LinReg,B_latidos,2371,593,one-beat-ahead,-46.3049,47.404583,6.885099,3.21799,104.6785,0.0404,1.0,11.809
203,F_N+PB+MED,10,DT,B_latidos,2371,593,one-beat-ahead,-0.1337,1.136055,1.065859,0.619316,16.5554,0.0054,0.5738,44.171
203,F_N+PB+MED,10,RF,B_latidos,2371,593,one-beat-ahead,0.1866,0.815111,0.902835,0.557727,18.82,0.044,0.558,15.447
203,F_N+PB+MED,10,SVR_rbf,B_latidos,2371,593,one-beat-ahead,0.5169,0.245748,0.495729,0.284622,9.6269,0.1595,0.813,0.497
203,F_N+PB+MED,10,MLP,B_latidos,2371,593,one-beat-ahead,0.0702,0.931779,0.965287,0.611059,18.5304,0.0039,0.2956,2.076
205,F_SIN,3,LinReg,B_latidos,2120,531,one-beat-ahead,-0.0087,1.233532,1.110645,0.444733,17.6323,0.0285,0.9295,0.562
205,F_SIN,3,DT,B_latidos,2120,531,one-beat-ahead,0.3657,0.775679,0.880727,0.339851,14.8095,0.0023,0.8848,11.96
205,F_SIN,3,RF,B_latidos,2120,531,one-beat-ahead,0.6043,0.483901,0.69563,0.28747,15.2411,0.0467,0.8966,6.174
205,F_SIN,3,SVR_rbf,B_latidos,2120,531,one-beat-ahead,0.4267,0.196235,0.442984,0.123192,9.2495,1.3079,0.9524,2.272
205,F_SIN,3,MLP,B_latidos,2120,531,one-beat-ahead,0.5184,0.589005,0.767466,0.309193,14.8244,0.0108,0.8718,4.007
205,F_SIN,5,LinReg,B_latidos,2119,530,one-beat-ahead,-0.3387,1.638127,1.279893,0.541603,18.79,0.04,0.9617,1.704
205,F_SIN,5,DT,B_latidos,2119,530,one-beat-ahead,0.4029,0.730605,0.854755,0.346663,15.3006,0.0034,0.8839,20.076
205,F_SIN,5,RF,B_latidos,2119,530,one-beat-ahead,0.5966,0.493646,0.7026,0.295731,15.4303,0.0473,0.893,8.048
205,F_SIN,5,SVR_rbf,B_latidos,2119,530,one-beat-ahead,0.2709,0.24986,0.49986,0.168217,10.5447,0.138,0.8883,0.472
205,F_SIN,5,MLP,B_latidos,2119,530,one-beat-ahead,0.5428,0.559517,0.748009,0.29862,15.9858,0.004,0.8946,9.023
205,F_SIN,10,LinReg,B_latidos,2115,529,one-beat-ahead,-1.7492,3.364819,1.834344,0.790055,44.0479,0.0952,1.0,8.28
205,F_SIN,10,DT,B_latidos,2115,529,one-beat-ahead,0.3103,0.844148,0.918775,0.371935,13.466,0.0047,0.8863,37.673
205,F_SIN,10,RF,B_latidos,2115,529,one-beat-ahead,0.5988,0.491018,0.700727,0.293351,14.0036,0.0494,0.8972,13.67
205,F_SIN,10,SVR_rbf,B_latidos,2115,529,one-beat-ahead,0.2207,0.267164,0.516879,0.191244,10.5301,0.1439,0.8766,0.499
205,F_SIN,10,MLP,B_latidos,2115,529,one-beat-ahead,0.4235,0.705584,0.839991,0.337232,14.5405,0.0041,0.8729,2.289
205,F_N,3,LinReg,B_latidos,2120,531,one-beat-ahead,-0.0014,1.224754,1.106686,0.445814,17.7524,0.026,0.9294,0.552
205,F_N,3,DT,B_latidos,2120,531,one-beat-ahead,0.4402,0.684579,0.827393,0.330595,15.0627,0.0024,0.8832,11.826
205,F_N,3,RF,B_latidos,2120,531,one-beat-ahead,0.6019,0.486886,0.697772,0.290642,15.1699,0.0459,0.8944,6.848
205,F_N,3,SVR_rbf,B_latidos,2120,531,one-beat-ahead,0.4263,0.196405,0.443176,0.122799,9.2541,1.0751,0.9524,2.037
205,F_N,3,MLP,B_latidos,2120,531,one-beat-ahead,0.5516,0.54838,0.740527,0.320309,14.2781,0.0108,0.8505,3.008
205,F_N,5,LinReg,B_latidos,2119,530,one-beat-ahead,-0.3236,1.619686,1.272669,0.540489,18.4441,0.0426,0.9616,1.674
205,F_N,5,DT,B_latidos,2119,530,one-beat-ahead,0.3841,0.753747,0.868186,0.343288,14.8971,0.0042,0.8823,19.74
205,F_N,5,RF,B_latidos,2119,530,one-beat-ahead,0.5988,0.490926,0.700661,0.293534,15.5253,0.0481,0.8935,8.571
205,F_N,5,SVR_rbf,B_latidos,2119,530,one-beat-ahead,0.2711,0.249821,0.499821,0.16814,10.5466,0.1351,0.8884,0.472
205,F_N,5,MLP,B_latidos,2119,530,one-beat-ahead,0.5375,0.56595,0.752296,0.293816,15.9197,0.0041,0.9039,10.298
205,F_N,10,LinReg,B_latidos,2115,529,one-beat-ahead,-1.8413,3.477711,1.864862,0.799348,37.95,0.0887,1.0,8.541
205,F_N,10,DT,B_latidos,2115,529,one-beat-ahead,0.3171,0.835865,0.914257,0.3701,14.1504,0.0045,0.8845,37.691
205,F_N,10,RF,B_latidos,2115,529,one-beat-ahead,0.602,0.487088,0.697917,0.292408,13.5929,0.0486,0.8964,13.629
205,F_N,10,SVR_rbf,B_latidos,2115,529,one-beat-ahead,0.2207,0.267224,0.516938,0.191032,10.5305,0.1385,0.8765,0.506
205,F_N,10,MLP,B_latidos,2115,529,one-beat-ahead,0.4226,0.70671,0.84066,0.336161,14.4042,0.0043,0.8776,2.469
205,F_PB,3,LinReg,B_latidos,2120,531,one-beat-ahead,-21845858096.0371,28811946112.69652,169740.820408,10000.976833,2672395.5562,0.0356,0.9496,0.515
205,F_PB,3,DT,B_latidos,2120,531,one-beat-ahead,0.4633,0.707849,0.841338,0.286675,16.3935,0.0021,0.9097,11.96
205,F_PB,3,RF,B_latidos,2120,531,one-beat-ahead,0.6289,0.489381,0.699557,0.251943,15.7706,0.0463,0.9098,7.887
205,F_PB,3,SVR_rbf,B_latidos,2120,531,one-beat-ahead,0.3228,0.215147,0.46384,0.114699,9.6773,1.0763,0.8985,1.692
205,F_PB,3,MLP,B_latidos,2120,531,one-beat-ahead,0.5369,0.610722,0.781487,0.308516,14.9014,0.0104,0.8595,2.55
205,F_PB,5,LinReg,B_latidos,2119,530,one-beat-ahead,-96643698604.8249,127547977018.1564,357138.596371,26547.086074,7481390.7378,0.0427,0.9736,1.519
205,F_PB,5,DT,B_latidos,2119,530,one-beat-ahead,0.5526,0.590526,0.768457,0.264965,15.8747,0.0039,0.9066,20.09
205,F_PB,5,RF,B_latidos,2119,530,one-beat-ahead,0.6183,0.503732,0.709741,0.25505,15.7211,0.0464,0.912,8.415
205,F_PB,5,SVR_rbf,B_latidos,2119,530,one-beat-ahead,0.1717,0.263664,0.513483,0.159921,10.9943,0.1324,0.7542,0.428
205,F_PB,5,MLP,B_latidos,2119,530,one-beat-ahead,0.4936,0.668302,0.817497,0.298741,16.845,0.0499,0.8783,3.664
205,F_PB,10,LinReg,B_latidos,2115,529,one-beat-ahead,-230703458.4306,304608300.894901,17453.031281,1420.223046,210042.0005,0.0422,1.0,6.521
205,F_PB,10,DT,B_latidos,2115,529,one-beat-ahead,0.3576,0.848207,0.920981,0.305106,14.8159,0.0048,0.9163,39.439
205,F_PB,10,RF,B_latidos,2115,529,one-beat-ahead,0.6194,0.502498,0.708871,0.253897,14.3751,0.0692,0.9149,13.606
205,F_PB,10,SVR_rbf,B_latidos,2115,529,one-beat-ahead,0.1221,0.279894,0.52905,0.176516,10.9618,0.1375,0.7245,0.74
205,F_PB,10,MLP,B_latidos,2115,529,one-beat-ahead,0.5068,0.651243,0.806996,0.301702,14.329,0.0041,0.8711,1.878
205,F_MED,3,LinReg,B_latidos,2120,531,one-beat-ahead,-1.7574,5.464055,2.337532,0.842268,38.6132,0.0271,0.905,0.599
205,F_MED,3,DT,B_latidos,2120,531,one-beat-ahead,0.1544,1.675754,1.294509,0.456868,21.3038,0.0023,0.9231,11.603
205,F_MED,3,RF,B_latidos,2120,531,one-beat-ahead,0.3968,1.195266,1.093282,0.397597,23.5171,0.0466,0.8797,6.009
205,F_MED,3,SVR_rbf,B_latidos,2120,531,one-beat-ahead,0.2978,0.97276,0.986286,0.255438,21.1493,1.9705,0.8272,1.452
205,F_MED,3,MLP,B_latidos,2120,531,one-beat-ahead,0.2997,1.387687,1.178001,0.450186,21.9662,0.0112,0.7066,4.138
205,F_MED,5,LinReg,B_latidos,2119,530,one-beat-ahead,-2.9726,7.882697,2.807614,1.103084,38.8687,0.0405,0.9491,1.684
205,F_MED,5,DT,B_latidos,2119,530,one-beat-ahead,0.1631,1.66064,1.288658,0.466129,24.1113,0.003,0.9252,18.421
205,F_MED,5,RF,B_latidos,2119,530,one-beat-ahead,0.4118,1.167163,1.080353,0.395148,23.1539,0.0466,0.8864,10.343
205,F_MED,5,SVR_rbf,B_latidos,2119,530,one-beat-ahead,0.2495,1.040679,1.020137,0.29416,21.8473,0.1371,0.7867,0.333
205,F_MED,5,MLP,B_latidos,2119,530,one-beat-ahead,0.1857,1.615717,1.271109,0.467282,20.9554,0.004,0.788,1.951
205,F_MED,10,LinReg,B_latidos,2115,529,one-beat-ahead,-5.8617,13.620396,3.690582,1.649638,71.6884,0.043,1.0,9.947
205,F_MED,10,DT,B_latidos,2115,529,one-beat-ahead,-0.0088,2.002447,1.415078,0.511575,20.9792,0.0045,0.9257,36.606
205,F_MED,10,RF,B_latidos,2115,529,one-beat-ahead,0.415,1.161285,1.077629,0.399123,21.2061,0.0489,0.8867,13.478
205,F_MED,10,SVR_rbf,B_latidos,2115,529,one-beat-ahead,0.2124,1.092313,1.045138,0.3338,20.9675,0.1363,0.7586,0.329
205,F_MED,10,MLP,B_latidos,2115,529,one-beat-ahead,0.1359,1.715131,1.30963,0.507546,22.654,0.0041,0.706,1.278
205,F_N+PB,3,LinReg,B_latidos,2120,531,one-beat-ahead,-20217915578.1298,26666173194.704136,163297.805235,9754.420122,2377631.2533,0.0302,0.9495,0.636
205,F_N+PB,3,DT,B_latidos,2120,531,one-beat-ahead,0.5304,0.619394,0.787016,0.264734,14.5124,0.0022,0.9097,12.074
205,F_N+PB,3,RF,B_latidos,2120,531,one-beat-ahead,0.6261,0.493176,0.702265,0.252285,15.711,0.0458,0.9089,8.941
205,F_N+PB,3,SVR_rbf,B_latidos,2120,531,one-beat-ahead,0.3228,0.215193,0.463889,0.114696,9.6785,1.147,0.8984,1.33
205,F_N+PB,3,MLP,B_latidos,2120,531,one-beat-ahead,0.5383,0.608955,0.780356,0.308459,14.7505,0.0108,0.8604,2.62
205,F_N+PB,5,LinReg,B_latidos,2119,530,one-beat-ahead,-103719672100.4086,136893257721.3189,369990.8887,27237.18191,6426841.877,0.0503,0.9734,3.856
205,F_N+PB,5,DT,B_latidos,2119,530,one-beat-ahead,0.4946,0.666998,0.8167,0.281078,16.0107,0.0035,0.9065,19.777
205,F_N+PB,5,RF,B_latidos,2119,530,one-beat-ahead,0.62,0.501564,0.708212,0.254986,15.6623,0.0497,0.913,9.15
205,F_N+PB,5,SVR_rbf,B_latidos,2119,530,one-beat-ahead,0.1717,0.263713,0.51353,0.159929,10.9955,0.2561,0.7541,0.65
205,F_N+PB,5,MLP,B_latidos,2119,530,one-beat-ahead,0.4935,0.668475,0.817603,0.299309,16.8374,0.0041,0.8784,3.146
205,F_N+PB,10,LinReg,B_latidos,2115,529,one-beat-ahead,-247895678.6401,327323738.824348,18092.090505,1545.525213,151085.9876,0.1239,1.0,8.062
205,F_N+PB,10,DT,B_latidos,2115,529,one-beat-ahead,0.4259,0.758029,0.870649,0.285606,15.1446,0.0046,0.9163,38.415
205,F_N+PB,10,RF,B_latidos,2115,529,one-beat-ahead,0.6238,0.496683,0.704757,0.253225,14.3311,0.0498,0.9145,14.079
205,F_N+PB,10,SVR_rbf,B_latidos,2115,529,one-beat-ahead,0.1221,0.279937,0.529091,0.176515,10.9625,0.1442,0.7246,0.456
205,F_N+PB,10,MLP,B_latidos,2115,529,one-beat-ahead,0.4912,0.671847,0.819662,0.307533,14.593,0.004,0.8739,1.799
205,F_N+MED,3,LinReg,B_latidos,2120,531,one-beat-ahead,-2.1442,6.230355,2.496068,0.858247,42.5674,0.0284,0.9088,0.567
205,F_N+MED,3,DT,B_latidos,2120,531,one-beat-ahead,0.1811,1.622625,1.273823,0.443087,19.9119,0.0021,0.9286,11.48
205,F_N+MED,3,RF,B_latidos,2120,531,one-beat-ahead,0.3903,1.20812,1.099145,0.389797,22.9308,0.0461,0.8841,6.226
205,F_N+MED,3,SVR_rbf,B_latidos,2120,531,one-beat-ahead,0.2976,0.972873,0.986343,0.254561,21.1525,1.1835,0.8272,1.863
205,F_N+MED,3,MLP,B_latidos,2120,531,one-beat-ahead,0.2913,1.404388,1.185069,0.43819,21.1065,0.0106,0.724,2.852
205,F_N+MED,5,LinReg,B_latidos,2119,530,one-beat-ahead,-3.4804,8.890012,2.981612,1.096045,41.4087,0.0441,0.9509,1.64
205,F_N+MED,5,DT,B_latidos,2119,530,one-beat-ahead,0.122,1.742162,1.31991,0.45884,21.7288,0.0036,0.9295,19.021
205,F_N+MED,5,RF,B_latidos,2119,530,one-beat-ahead,0.4053,1.179905,1.086234,0.402104,23.6103,0.0462,0.8867,9.137
205,F_N+MED,5,SVR_rbf,B_latidos,2119,530,one-beat-ahead,0.2496,1.040449,1.020024,0.293692,21.8382,0.1383,0.7869,0.332
205,F_N+MED,5,MLP,B_latidos,2119,530,one-beat-ahead,0.0222,1.9401,1.392875,0.478141,20.6204,0.0041,0.8226,1.85
205,F_N+MED,10,LinReg,B_latidos,2115,529,one-beat-ahead,-6.8694,15.620007,3.952215,1.692335,63.9335,0.0414,1.0,8.45
205,F_N+MED,10,DT,B_latidos,2115,529,one-beat-ahead,-0.017,2.018712,1.420814,0.507659,22.5871,0.0057,0.9257,37.666
205,F_N+MED,10,RF,B_latidos,2115,529,one-beat-ahead,0.3949,1.201139,1.095965,0.406865,22.3833,0.0496,0.8796,12.408
205,F_N+MED,10,SVR_rbf,B_latidos,2115,529,one-beat-ahead,0.2123,1.09228,1.045122,0.333312,20.9597,0.1366,0.7588,0.334
205,F_N+MED,10,MLP,B_latidos,2115,529,one-beat-ahead,0.1546,1.678131,1.295427,0.49783,22.8097,0.0446,0.7085,5.628
205,F_N+PB+MED,3,LinReg,B_latidos,2120,531,one-beat-ahead,-2.5812,12.724335,3.567119,1.10568,55.8985,0.0353,0.9025,0.571
205,F_N+PB+MED,3,DT,B_latidos,2120,531,one-beat-ahead,0.0513,3.370892,1.835999,0.504857,31.4444,0.0028,0.9438,11.798
205,F_N+PB+MED,3,RF,B_latidos,2120,531,one-beat-ahead,0.3928,2.157486,1.468838,0.431672,30.9042,0.0473,0.8632,7.245
205,F_N+PB+MED,3,SVR_rbf,B_latidos,2120,531,one-beat-ahead,0.1497,1.928503,1.388705,0.32722,29.9311,1.6644,0.4988,1.359
205,F_N+PB+MED,3,MLP,B_latidos,2120,531,one-beat-ahead,0.1997,2.843642,1.68631,0.516589,29.9968,0.0107,0.7395,6.368
205,F_N+PB+MED,5,LinReg,B_latidos,2119,530,one-beat-ahead,-3.0565,14.432922,3.799069,1.295646,54.236,0.0374,0.951,1.645
205,F_N+PB+MED,5,DT,B_latidos,2119,530,one-beat-ahead,0.0989,3.205899,1.790502,0.494656,30.4545,0.0027,0.9442,19.287
205,F_N+PB+MED,5,RF,B_latidos,2119,530,one-beat-ahead,0.4133,2.087368,1.444773,0.424687,31.025,0.0465,0.8669,10.628
205,F_N+PB+MED,5,SVR_rbf,B_latidos,2119,530,one-beat-ahead,0.1308,1.974218,1.405069,0.371799,30.3255,0.1392,0.4614,0.292
205,F_N+PB+MED,5,MLP,B_latidos,2119,530,one-beat-ahead,-0.0033,3.569543,1.889324,0.507562,27.6926,0.004,0.8437,2.356
205,F_N+PB+MED,10,LinReg,B_latidos,2115,529,one-beat-ahead,-6.3375,26.116528,5.110433,2.0068,86.9094,0.0415,1.0,9.659
205,F_N+PB+MED,10,DT,B_latidos,2115,529,one-beat-ahead,-0.338,4.762281,2.182265,0.61091,25.3083,0.0059,0.9465,39.182
205,F_N+PB+MED,10,RF,B_latidos,2115,529,one-beat-ahead,0.3823,2.198634,1.482779,0.441443,31.6282,0.0498,0.8611,12.945
205,F_N+PB+MED,10,SVR_rbf,B_latidos,2115,529,one-beat-ahead,0.0997,2.045992,1.430382,0.417179,29.5129,0.2661,0.4129,0.354
205,F_N+PB+MED,10,MLP,B_latidos,2115,529,one-beat-ahead,0.0767,3.28634,1.812826,0.580488,30.0349,0.0041,0.5883,4.997
207,F_SIN,3,LinReg,B_latidos,1484,371,one-beat-ahead,-0.0775,0.819339,0.905174,0.540126,13.1244,0.0408,0.9269,0.488
207,F_SIN,3,DT,B_latidos,1484,371,one-beat-ahead,0.3294,0.509923,0.714089,0.402441,11.0259,0.0024,0.8944,7.1
207,F_SIN,3,RF,B_latidos,1484,371,one-beat-ahead,0.5844,0.31601,0.562147,0.338782,9.2627,0.0729,0.8668,6.569
207,F_SIN,3,SVR_rbf,B_latidos,1484,371,one-beat-ahead,0.8768,0.025734,0.160417,0.097909,2.8239,0.7422,0.8716,0.636
207,F_SIN,3,MLP,B_latidos,1484,371,one-beat-ahead,0.5126,0.370591,0.608762,0.392475,9.713,0.0111,0.8184,2.441
207,F_SIN,5,LinReg,B_latidos,1482,371,one-beat-ahead,-1.9779,2.263316,1.504432,0.893167,24.3815,0.0386,0.9856,1.458
207,F_SIN,5,DT,B_latidos,1482,371,one-beat-ahead,0.4575,0.412315,0.642117,0.381807,10.7281,0.0033,0.8931,13.172
207,F_SIN,5,RF,B_latidos,1482,371,one-beat-ahead,0.5881,0.313064,0.559521,0.335169,9.0862,0.0687,0.8714,6.283
207,F_SIN,5,SVR_rbf,B_latidos,1482,371,one-beat-ahead,0.8138,0.038868,0.197149,0.114833,3.4523,0.1718,0.8073,0.353
207,F_SIN,5,MLP,B_latidos,1482,371,one-beat-ahead,0.5157,0.368075,0.606692,0.364074,9.8252,0.0043,0.8514,3.84
207,F_SIN,10,LinReg,B_latidos,1478,370,one-beat-ahead,-0.6801,1.27563,1.129438,0.654649,21.8257,0.043,1.0,2.497
207,F_SIN,10,DT,B_latidos,1478,370,one-beat-ahead,0.3397,0.501352,0.708062,0.406532,11.9261,0.0048,0.8962,26.425
207,F_SIN,10,RF,B_latidos,1478,370,one-beat-ahead,0.5782,0.320272,0.565926,0.336328,9.7867,0.0675,0.8672,7.62
207,F_SIN,10,SVR_rbf,B_latidos,1478,370,one-beat-ahead,0.6683,0.069308,0.263263,0.17661,4.6355,0.0913,0.8047,0.215
207,F_SIN,10,MLP,B_latidos,1478,370,one-beat-ahead,0.5312,0.355906,0.596579,0.362278,9.8432,0.0048,0.8314,6.433
207,F_N,3,LinReg,B_latidos,1484,371,one-beat-ahead,-0.3429,1.021054,1.010472,0.544357,12.1867,0.0522,0.9291,0.483
207,F_N,3,DT,B_latidos,1484,371,one-beat-ahead,0.4598,0.410733,0.640885,0.380326,9.8303,0.0025,0.8933,7.086
207,F_N,3,RF,B_latidos,1484,371,one-beat-ahead,0.5928,0.309589,0.556407,0.334163,9.2782,0.0685,0.8698,6.643
207,F_N,3,SVR_rbf,B_latidos,1484,371,one-beat-ahead,0.882,0.024658,0.15703,0.092156,2.7418,0.7144,0.8728,0.646
207,F_N,3,MLP,B_latidos,1484,371,one-beat-ahead,0.4812,0.394468,0.628067,0.390211,9.9573,0.0112,0.8386,3.037
207,F_N,5,LinReg,B_latidos,1482,371,one-beat-ahead,-3.1431,3.148638,1.77444,0.962471,39.377,0.0447,0.9855,1.435
207,F_N,5,DT,B_latidos,1482,371,one-beat-ahead,0.4604,0.4101,0.64039,0.384735,9.9698,0.0033,0.8944,13.181
207,F_N,5,RF,B_latidos,1482,371,one-beat-ahead,0.5945,0.308155,0.555117,0.332202,9.0259,0.0682,0.8717,6.877
207,F_N,5,SVR_rbf,B_latidos,1482,371,one-beat-ahead,0.8168,0.038265,0.195615,0.10909,3.4283,0.1699,0.8085,0.363
207,F_N,5,MLP,B_latidos,1482,371,one-beat-ahead,0.5324,0.355378,0.596136,0.35919,9.7664,0.0045,0.8357,2.402
207,F_N,10,LinReg,B_latidos,1478,370,one-beat-ahead,-0.8861,1.431909,1.196624,0.652771,21.8925,0.0434,1.0,2.514
207,F_N,10,DT,B_latidos,1478,370,one-beat-ahead,0.4793,0.395297,0.628727,0.380457,10.0909,0.0052,0.8995,26.534
207,F_N,10,RF,B_latidos,1478,370,one-beat-ahead,0.5786,0.319917,0.565612,0.336804,9.8576,0.0733,0.8683,7.951
207,F_N,10,SVR_rbf,B_latidos,1478,370,one-beat-ahead,0.6679,0.069477,0.263584,0.17454,4.6355,0.1736,0.806,0.35
207,F_N,10,MLP,B_latidos,1478,370,one-beat-ahead,0.5433,0.346742,0.588848,0.354998,9.8624,0.0048,0.8241,5.549
207,F_PB,3,LinReg,B_latidos,1484,371,one-beat-ahead,-11785462849.9407,11530346602.825502,107379.451492,6761.576423,1134264.4021,0.0423,0.9627,0.473
207,F_PB,3,DT,B_latidos,1484,371,one-beat-ahead,0.4977,0.491427,0.701018,0.389048,10.8076,0.0038,0.9296,7.69
207,F_PB,3,RF,B_latidos,1484,371,one-beat-ahead,0.6351,0.356968,0.597468,0.318785,10.2138,0.0663,0.9168,6.634
207,F_PB,3,SVR_rbf,B_latidos,1484,371,one-beat-ahead,0.8374,0.029481,0.171699,0.115485,3.1742,0.5735,0.9036,0.582
207,F_PB,3,MLP,B_latidos,1484,371,one-beat-ahead,0.6018,0.389588,0.62417,0.36379,10.4753,0.0113,0.8971,2.867
207,F_PB,5,LinReg,B_latidos,1482,371,one-beat-ahead,-175721230675.8682,171869832286.0175,414571.86625,32109.843543,8292246.3954,0.0387,0.991,1.488
207,F_PB,5,DT,B_latidos,1482,371,one-beat-ahead,0.0757,0.904024,0.950802,0.496645,13.1133,0.0033,0.9337,13.345
207,F_PB,5,RF,B_latidos,1482,371,one-beat-ahead,0.654,0.338424,0.581742,0.302408,10.3068,0.0662,0.9198,7.501
207,F_PB,5,SVR_rbf,B_latidos,1482,371,one-beat-ahead,0.4227,0.104656,0.323506,0.224532,5.9723,0.1607,0.8239,0.333
207,F_PB,5,MLP,B_latidos,1482,371,one-beat-ahead,0.5107,0.47859,0.691802,0.397081,10.2527,0.0045,0.9074,1.934
207,F_PB,10,LinReg,B_latidos,1478,370,one-beat-ahead,-3032.2038,2965.13501,54.453053,8.844802,1702.6805,0.0464,1.0,2.486
207,F_PB,10,DT,B_latidos,1478,370,one-beat-ahead,0.517,0.472154,0.687135,0.349674,10.8714,0.0053,0.9305,26.71
207,F_PB,10,RF,B_latidos,1478,370,one-beat-ahead,0.6657,0.326822,0.571684,0.303864,9.8173,0.0702,0.92,8.518
207,F_PB,10,SVR_rbf,B_latidos,1478,370,one-beat-ahead,0.3562,0.116889,0.34189,0.238985,5.9901,0.1661,0.8388,0.321
207,F_PB,10,MLP,B_latidos,1478,370,one-beat-ahead,0.615,0.376363,0.613485,0.352727,9.9903,0.0045,0.8888,4.257
207,F_MED,3,LinReg,B_latidos,1484,371,one-beat-ahead,-2.286,2.302041,1.517248,0.685752,20.3488,0.0256,0.92,0.514
207,F_MED,3,DT,B_latidos,1484,371,one-beat-ahead,-0.1523,0.807222,0.898456,0.527086,13.4264,0.0024,0.8934,7.057
207,F_MED,3,RF,B_latidos,1484,371,one-beat-ahead,0.5364,0.324755,0.569873,0.346604,9.9413,0.0647,0.8555,6.711
207,F_MED,3,SVR_rbf,B_latidos,1484,371,one-beat-ahead,0.8848,0.033161,0.182101,0.105293,3.1768,0.6942,0.8372,0.654
207,F_MED,3,MLP,B_latidos,1484,371,one-beat-ahead,0.5458,0.318199,0.564091,0.375039,9.9599,0.0122,0.7941,2.544
207,F_MED,5,LinReg,B_latidos,1482,371,one-beat-ahead,-15.9028,11.836295,3.440392,1.379529,107.6393,0.0442,0.9857,1.44
207,F_MED,5,DT,B_latidos,1482,371,one-beat-ahead,0.2364,0.534712,0.73124,0.43472,11.9439,0.0032,0.8919,13.135
207,F_MED,5,RF,B_latidos,1482,371,one-beat-ahead,0.5721,0.299606,0.547363,0.339236,9.733,0.0704,0.8598,6.524
207,F_MED,5,SVR_rbf,B_latidos,1482,371,one-beat-ahead,0.8138,0.053563,0.231436,0.139102,4.0131,0.1775,0.7765,0.302
207,F_MED,5,MLP,B_latidos,1482,371,one-beat-ahead,0.5121,0.341627,0.584489,0.363072,9.8333,0.0043,0.8278,3.355
207,F_MED,10,LinReg,B_latidos,1478,370,one-beat-ahead,-2.3462,2.341392,1.530161,0.885303,24.2458,0.0431,1.0,2.519
207,F_MED,10,DT,B_latidos,1478,370,one-beat-ahead,0.2074,0.554561,0.744689,0.431665,11.4303,0.0047,0.8919,26.13
207,F_MED,10,RF,B_latidos,1478,370,one-beat-ahead,0.5318,0.327614,0.572375,0.342627,9.759,0.0687,0.8571,7.678
207,F_MED,10,SVR_rbf,B_latidos,1478,370,one-beat-ahead,0.6203,0.109392,0.330745,0.241217,5.8335,0.0911,0.7754,0.22
207,F_MED,10,MLP,B_latidos,1478,370,one-beat-ahead,0.4619,0.37651,0.613604,0.401173,10.6272,0.0045,0.7832,5.995
207,F_N+PB,3,LinReg,B_latidos,1484,371,one-beat-ahead,-11295328265.5657,11051150073.149982,105124.450406,6904.424612,202972.5525,0.0261,0.9626,0.459
207,F_N+PB,3,DT,B_latidos,1484,371,one-beat-ahead,0.0262,0.952716,0.976072,0.553766,13.3418,0.0025,0.9296,7.218
207,F_N+PB,3,RF,B_latidos,1484,371,one-beat-ahead,0.6595,0.333186,0.577223,0.302215,10.251,0.0757,0.9168,6.693
207,F_N+PB,3,SVR_rbf,B_latidos,1484,371,one-beat-ahead,0.8379,0.029395,0.171449,0.115284,3.1687,0.629,0.9035,0.592
207,F_N+PB,3,MLP,B_latidos,1484,371,one-beat-ahead,0.5891,0.402044,0.63407,0.375126,11.0388,0.012,0.9005,2.93
207,F_N+PB,5,LinReg,B_latidos,1482,371,one-beat-ahead,-318961400511.7416,311979749398.3258,558551.47426,43926.764999,23217781.6479,0.0418,0.9917,1.354
207,F_N+PB,5,DT,B_latidos,1482,371,one-beat-ahead,0.5161,0.47326,0.687939,0.386726,11.3079,0.0034,0.9337,13.285
207,F_N+PB,5,RF,B_latidos,1482,371,one-beat-ahead,0.6472,0.34509,0.587443,0.306756,10.199,0.071,0.9197,6.744
207,F_N+PB,5,SVR_rbf,B_latidos,1482,371,one-beat-ahead,0.4233,0.10456,0.323358,0.224422,5.9693,0.1719,0.8239,0.353
207,F_N+PB,5,MLP,B_latidos,1482,371,one-beat-ahead,0.5148,0.474592,0.688906,0.397062,10.2553,0.0044,0.9062,3.347
207,F_N+PB,10,LinReg,B_latidos,1478,370,one-beat-ahead,-3594.504,3514.920541,59.286765,9.73148,1542.8027,0.0729,1.0,2.47
207,F_N+PB,10,DT,B_latidos,1478,370,one-beat-ahead,0.5147,0.474454,0.688806,0.346594,11.0026,0.0053,0.9305,26.452
207,F_N+PB,10,RF,B_latidos,1478,370,one-beat-ahead,0.6644,0.328125,0.572822,0.301696,9.7153,0.0753,0.9206,7.907
207,F_N+PB,10,SVR_rbf,B_latidos,1478,370,one-beat-ahead,0.3561,0.11692,0.341936,0.23894,5.9896,0.1682,0.8388,0.336
207,F_N+PB,10,MLP,B_latidos,1478,370,one-beat-ahead,0.6107,0.380569,0.616903,0.353389,9.8912,0.0042,0.8846,5.201
207,F_N+MED,3,LinReg,B_latidos,1484,371,one-beat-ahead,-4.2866,3.701797,1.924005,0.726567,17.7322,0.0267,0.929,0.482
207,F_N+MED,3,DT,B_latidos,1484,371,one-beat-ahead,0.0483,0.666415,0.816343,0.473741,11.173,0.0024,0.8943,7.048
207,F_N+MED,3,RF,B_latidos,1484,371,one-beat-ahead,0.5537,0.312482,0.559001,0.34738,9.9223,0.0702,0.8558,6.491
207,F_N+MED,3,SVR_rbf,B_latidos,1484,371,one-beat-ahead,0.8852,0.033227,0.182283,0.104572,3.1764,0.7003,0.8374,0.69
207,F_N+MED,3,MLP,B_latidos,1484,371,one-beat-ahead,0.4768,0.36638,0.605293,0.390201,10.2629,0.0111,0.7953,2.476
207,F_N+MED,5,LinReg,B_latidos,1482,371,one-beat-ahead,-18.9351,13.953114,3.735387,1.398376,131.1925,0.0475,0.9853,1.442
207,F_N+MED,5,DT,B_latidos,1482,371,one-beat-ahead,0.0947,0.633679,0.79604,0.449685,11.1319,0.0032,0.8921,13.13
207,F_N+MED,5,RF,B_latidos,1482,371,one-beat-ahead,0.578,0.295383,0.543491,0.33998,9.7743,0.0668,0.8594,6.073
207,F_N+MED,5,SVR_rbf,B_latidos,1482,371,one-beat-ahead,0.8156,0.053325,0.230922,0.138852,3.9936,0.1706,0.7766,0.314
207,F_N+MED,5,MLP,B_latidos,1482,371,one-beat-ahead,0.485,0.360492,0.60041,0.383651,10.666,0.0045,0.7862,3.755
207,F_N+MED,10,LinReg,B_latidos,1478,370,one-beat-ahead,-4.8675,4.103632,2.025742,1.204967,40.6501,0.0512,1.0,2.476
207,F_N+MED,10,DT,B_latidos,1478,370,one-beat-ahead,-0.0983,0.76813,0.87643,0.491562,13.4214,0.0045,0.892,26.144
207,F_N+MED,10,RF,B_latidos,1478,370,one-beat-ahead,0.5419,0.320402,0.56604,0.342298,9.8313,0.0708,0.8578,7.653
207,F_N+MED,10,SVR_rbf,B_latidos,1478,370,one-beat-ahead,0.6095,0.113093,0.336293,0.244747,5.907,0.0919,0.7755,0.197
207,F_N+MED,10,MLP,B_latidos,1478,370,one-beat-ahead,0.4546,0.381439,0.617607,0.408323,10.7726,0.0046,0.7407,4.914
207,F_N+PB+MED,3,LinReg,B_latidos,1484,371,one-beat-ahead,-26.4457,27.817831,5.274261,1.004411,143.4789,0.0409,0.9699,0.517
207,F_N+PB+MED,3,DT,B_latidos,1484,371,one-beat-ahead,-0.0755,1.090084,1.044071,0.56243,14.8458,0.0023,0.9312,7.149
207,F_N+PB+MED,3,RF,B_latidos,1484,371,one-beat-ahead,0.5742,0.431523,0.656904,0.354569,11.5676,0.0706,0.9132,6.252
207,F_N+PB+MED,3,SVR_rbf,B_latidos,1484,371,one-beat-ahead,0.7749,0.066782,0.258423,0.165879,4.7837,0.5915,0.8559,0.819
207,F_N+PB+MED,3,MLP,B_latidos,1484,371,one-beat-ahead,0.4487,0.558746,0.747493,0.412813,11.5272,0.0112,0.8999,2.86
207,F_N+PB+MED,5,LinReg,B_latidos,1482,371,one-beat-ahead,-108.5358,111.011223,10.536186,1.95086,348.8477,0.0622,0.9948,1.416
207,F_N+PB+MED,5,DT,B_latidos,1482,371,one-beat-ahead,0.5224,0.484061,0.695745,0.343854,11.9901,0.0043,0.922,13.325
207,F_N+PB+MED,5,RF,B_latidos,1482,371,one-beat-ahead,0.6077,0.397612,0.630565,0.342666,11.3541,0.0677,0.9149,6.229
207,F_N+PB+MED,5,SVR_rbf,B_latidos,1482,371,one-beat-ahead,0.4834,0.153235,0.391452,0.262154,7.2206,0.164,0.7555,0.291
207,F_N+PB+MED,5,MLP,B_latidos,1482,371,one-beat-ahead,0.5601,0.445872,0.667737,0.376987,11.9295,0.0046,0.8661,3.76
207,F_N+PB+MED,10,LinReg,B_latidos,1478,370,one-beat-ahead,-2.2504,3.294269,1.815012,0.914021,31.8199,0.0437,1.0,2.454
207,F_N+PB+MED,10,DT,B_latidos,1478,370,one-beat-ahead,0.5011,0.505674,0.711108,0.354041,12.5864,0.0047,0.9241,26.512
207,F_N+PB+MED,10,RF,B_latidos,1478,370,one-beat-ahead,0.65,0.354688,0.595557,0.323594,11.1268,0.0694,0.9096,7.822
207,F_N+PB+MED,10,SVR_rbf,B_latidos,1478,370,one-beat-ahead,0.4027,0.177544,0.42136,0.292663,7.4287,0.1799,0.7784,0.177
207,F_N+PB+MED,10,MLP,B_latidos,1478,370,one-beat-ahead,0.5719,0.433919,0.658725,0.378789,12.0137,0.0046,0.867,6.11
208,F_SIN,3,LinReg,B_latidos,2358,590,one-beat-ahead,0.1701,0.6748,0.821462,0.500539,13.0128,0.0266,0.8133,0.605
208,F_SIN,3,DT,B_latidos,2358,590,one-beat-ahead,0.2853,0.581066,0.762277,0.447985,11.862,0.0023,0.7662,12.967
208,F_SIN,3,RF,B_latidos,2358,590,one-beat-ahead,0.4586,0.440186,0.663465,0.386076,11.6734,0.0426,0.8368,6.663
208,F_SIN,3,SVR_rbf,B_latidos,2358,590,one-beat-ahead,0.9328,0.012951,0.113804,0.069053,2.4612,1.5468,0.8892,2.238
208,F_SIN,3,MLP,B_latidos,2358,590,one-beat-ahead,0.439,0.456117,0.675365,0.40067,12.1417,0.0106,0.7428,3.857
208,F_SIN,5,LinReg,B_latidos,2356,590,one-beat-ahead,-0.1788,0.958419,0.978989,0.615215,14.347,0.0323,0.8795,1.679
208,F_SIN,5,DT,B_latidos,2356,590,one-beat-ahead,0.3068,0.563615,0.750743,0.441248,11.9771,0.0031,0.7669,21.964
208,F_SIN,5,RF,B_latidos,2356,590,one-beat-ahead,0.4487,0.448212,0.669486,0.395332,11.9593,0.0429,0.8356,8.559
208,F_SIN,5,SVR_rbf,B_latidos,2356,590,one-beat-ahead,0.868,0.025429,0.159464,0.110052,3.3503,0.2854,0.8726,0.594
208,F_SIN,5,MLP,B_latidos,2356,590,one-beat-ahead,0.3911,0.495058,0.703603,0.426345,12.1124,0.006,0.7569,6.704
208,F_SIN,10,LinReg,B_latidos,2352,589,one-beat-ahead,-6.0548,5.731986,2.394157,1.536625,40.4767,0.0732,1.0,11.537
208,F_SIN,10,DT,B_latidos,2352,589,one-beat-ahead,0.2269,0.62811,0.792534,0.460179,13.377,0.0061,0.7774,41.125
208,F_SIN,10,RF,B_latidos,2352,589,one-beat-ahead,0.4345,0.45949,0.677857,0.405458,13.1386,0.044,0.838,14.243
208,F_SIN,10,SVR_rbf,B_latidos,2352,589,one-beat-ahead,0.7194,0.054113,0.232623,0.16496,4.7263,0.3099,0.8563,0.848
208,F_SIN,10,MLP,B_latidos,2352,589,one-beat-ahead,0.3434,0.533499,0.73041,0.450307,13.4788,0.004,0.7732,5.59
208,F_N,3,LinReg,B_latidos,2358,590,one-beat-ahead,0.1591,0.683561,0.826777,0.499213,13.1318,0.0269,0.8156,0.58
208,F_N,3,DT,B_latidos,2358,590,one-beat-ahead,0.2874,0.579278,0.761103,0.449979,12.5031,0.0023,0.7545,13.006
208,F_N,3,RF,B_latidos,2358,590,one-beat-ahead,0.4577,0.440806,0.663932,0.38761,11.8768,0.0417,0.841,6.67
208,F_N,3,SVR_rbf,B_latidos,2358,590,one-beat-ahead,0.9399,0.011543,0.10744,0.063591,2.329,1.5359,0.8898,2.129
208,F_N,3,MLP,B_latidos,2358,590,one-beat-ahead,0.4726,0.428725,0.654771,0.383721,11.8755,0.0107,0.7642,5.784
208,F_N,5,LinReg,B_latidos,2356,590,one-beat-ahead,-0.209,0.982834,0.99138,0.618457,13.8247,0.0521,0.8822,2.466
208,F_N,5,DT,B_latidos,2356,590,one-beat-ahead,0.2827,0.583094,0.763606,0.450668,12.3828,0.0031,0.7534,21.764
208,F_N,5,RF,B_latidos,2356,590,one-beat-ahead,0.4566,0.441768,0.664656,0.393218,11.8829,0.0602,0.8389,10.051
208,F_N,5,SVR_rbf,B_latidos,2356,590,one-beat-ahead,0.8743,0.024119,0.155302,0.107746,3.2832,0.2482,0.8737,0.884
208,F_N,5,MLP,B_latidos,2356,590,one-beat-ahead,0.3971,0.490136,0.700097,0.41807,12.0977,0.0041,0.7869,4.149
208,F_N,10,LinReg,B_latidos,2352,589,one-beat-ahead,-7.1786,6.643702,2.577538,1.580172,41.6029,0.0421,1.0,11.514
208,F_N,10,DT,B_latidos,2352,589,one-beat-ahead,0.2742,0.589595,0.767851,0.452762,13.629,0.0044,0.7574,42.718
208,F_N,10,RF,B_latidos,2352,589,one-beat-ahead,0.4375,0.456925,0.675963,0.403548,12.9938,0.0511,0.8389,13.964
208,F_N,10,SVR_rbf,B_latidos,2352,589,one-beat-ahead,0.7224,0.053309,0.230887,0.16329,4.6967,0.1551,0.8571,0.707
208,F_N,10,MLP,B_latidos,2352,589,one-beat-ahead,0.3431,0.533586,0.73047,0.449568,13.5702,0.0041,0.7738,2.456
208,F_PB,3,LinReg,B_latidos,2358,590,one-beat-ahead,-5.8634,6.513934,2.552241,0.757971,37.8767,0.0349,0.809,0.562
208,F_PB,3,DT,B_latidos,2358,590,one-beat-ahead,0.2791,0.684214,0.827172,0.435261,12.3429,0.0024,0.8081,12.753
208,F_PB,3,RF,B_latidos,2358,590,one-beat-ahead,0.523,0.452677,0.672813,0.366429,12.2555,0.0423,0.8701,6.573
208,F_PB,3,SVR_rbf,B_latidos,2358,590,one-beat-ahead,0.9529,0.006837,0.082689,0.054157,1.86,1.3228,0.9739,2.782
208,F_PB,3,MLP,B_latidos,2358,590,one-beat-ahead,0.499,0.475453,0.689531,0.381515,11.9999,0.0105,0.7873,6.131
208,F_PB,5,LinReg,B_latidos,2356,590,one-beat-ahead,-17.8333,17.876304,4.228038,1.126555,40.4511,0.0463,0.8782,5.341
208,F_PB,5,DT,B_latidos,2356,590,one-beat-ahead,0.2907,0.673268,0.820529,0.429187,12.0094,0.0028,0.8094,20.437
208,F_PB,5,RF,B_latidos,2356,590,one-beat-ahead,0.5379,0.438654,0.66231,0.368234,12.1944,0.042,0.8731,11.063
208,F_PB,5,SVR_rbf,B_latidos,2356,590,one-beat-ahead,0.8227,0.025726,0.160393,0.109273,3.2825,0.1526,0.9422,0.552
208,F_PB,5,MLP,B_latidos,2356,590,one-beat-ahead,0.4391,0.532435,0.729681,0.410971,12.6307,0.004,0.775,3.913
208,F_PB,10,LinReg,B_latidos,2352,589,one-beat-ahead,-8587.9375,8147.573187,90.263909,13.081624,1792.1879,0.0441,1.0,10.734
208,F_PB,10,DT,B_latidos,2352,589,one-beat-ahead,0.28,0.682969,0.82642,0.433909,12.4038,0.0044,0.8168,42.412
208,F_PB,10,RF,B_latidos,2352,589,one-beat-ahead,0.4984,0.475778,0.689767,0.387956,13.2541,0.0672,0.8735,13.67
208,F_PB,10,SVR_rbf,B_latidos,2352,589,one-beat-ahead,0.6016,0.057922,0.24067,0.168321,4.7625,0.148,0.911,0.846
208,F_PB,10,MLP,B_latidos,2352,589,one-beat-ahead,0.3357,0.630177,0.793837,0.448562,13.1364,0.0041,0.8204,3.807
208,F_MED,3,LinReg,B_latidos,2358,590,one-beat-ahead,0.2073,0.590616,0.768515,0.486024,12.1787,0.0249,0.82,0.589
208,F_MED,3,DT,B_latidos,2358,590,one-beat-ahead,0.2412,0.565402,0.751932,0.440478,10.7718,0.0022,0.8103,12.808
208,F_MED,3,RF,B_latidos,2358,590,one-beat-ahead,0.4449,0.413588,0.643108,0.370415,10.6021,0.0429,0.86,7.013
208,F_MED,3,SVR_rbf,B_latidos,2358,590,one-beat-ahead,0.9505,0.012582,0.112168,0.060894,2.5108,1.2564,0.879,2.527
208,F_MED,3,MLP,B_latidos,2358,590,one-beat-ahead,0.4135,0.436979,0.661044,0.367504,11.1541,0.011,0.7721,6.033
208,F_MED,5,LinReg,B_latidos,2356,590,one-beat-ahead,-0.0771,0.802537,0.895844,0.592868,14.2157,0.039,0.8824,4.303
208,F_MED,5,DT,B_latidos,2356,590,one-beat-ahead,0.2025,0.594173,0.770826,0.446994,11.4665,0.003,0.8169,20.533
208,F_MED,5,RF,B_latidos,2356,590,one-beat-ahead,0.4481,0.411177,0.641231,0.375078,10.9435,0.0428,0.8566,11.125
208,F_MED,5,SVR_rbf,B_latidos,2356,590,one-beat-ahead,0.9094,0.023022,0.151729,0.10038,3.2979,0.1477,0.8621,0.5
208,F_MED,5,MLP,B_latidos,2356,590,one-beat-ahead,0.4008,0.446482,0.668193,0.39453,11.2372,0.0044,0.7806,2.796
208,F_MED,10,LinReg,B_latidos,2352,589,one-beat-ahead,-6.3775,5.495331,2.344212,1.613254,37.106,0.0409,1.0,10.859
208,F_MED,10,DT,B_latidos,2352,589,one-beat-ahead,0.199,0.596634,0.772421,0.45166,11.2544,0.0048,0.8284,42.101
208,F_MED,10,RF,B_latidos,2352,589,one-beat-ahead,0.425,0.428327,0.654467,0.385892,11.2203,0.0694,0.8564,13.737
208,F_MED,10,SVR_rbf,B_latidos,2352,589,one-beat-ahead,0.7927,0.052719,0.229606,0.160741,4.6981,0.1502,0.8335,0.835
208,F_MED,10,MLP,B_latidos,2352,589,one-beat-ahead,0.3767,0.464291,0.681389,0.418593,11.0669,0.004,0.7541,1.691
208,F_N+PB,3,LinReg,B_latidos,2358,590,one-beat-ahead,-8.0251,8.565349,2.926662,0.781799,42.7539,0.0254,0.8088,0.595
208,F_N+PB,3,DT,B_latidos,2358,590,one-beat-ahead,0.2888,0.674941,0.821548,0.42923,12.0366,0.0022,0.8087,12.763
208,F_N+PB,3,RF,B_latidos,2358,590,one-beat-ahead,0.5264,0.449484,0.670436,0.3672,12.1348,0.0416,0.8709,6.55
208,F_N+PB,3,SVR_rbf,B_latidos,2358,590,one-beat-ahead,0.9529,0.006829,0.082639,0.054127,1.8589,1.2227,0.9739,1.862
208,F_N+PB,3,MLP,B_latidos,2358,590,one-beat-ahead,0.4902,0.483801,0.695558,0.39287,12.5655,0.0103,0.7447,3.627
208,F_N+PB,5,LinReg,B_latidos,2356,590,one-beat-ahead,-25.0432,24.719416,4.971862,1.186425,53.9087,0.0383,0.8774,1.632
208,F_N+PB,5,DT,B_latidos,2356,590,one-beat-ahead,0.2862,0.677554,0.823136,0.428961,12.1946,0.0039,0.8103,21.577
208,F_N+PB,5,RF,B_latidos,2356,590,one-beat-ahead,0.53,0.44611,0.667914,0.370062,12.2107,0.042,0.8736,8.415
208,F_N+PB,5,SVR_rbf,B_latidos,2356,590,one-beat-ahead,0.8228,0.025703,0.160321,0.109239,3.2811,0.1768,0.9423,0.552
208,F_N+PB,5,MLP,B_latidos,2356,590,one-beat-ahead,0.4356,0.535689,0.731908,0.411514,12.7066,0.0046,0.7746,8.252
208,F_N+PB,10,LinReg,B_latidos,2352,589,one-beat-ahead,-9712.7284,9214.388183,95.991605,12.726597,2794.6896,0.0412,1.0,11.534
208,F_N+PB,10,DT,B_latidos,2352,589,one-beat-ahead,0.3059,0.658393,0.811414,0.42523,12.2412,0.0053,0.8171,40.811
208,F_N+PB,10,RF,B_latidos,2352,589,one-beat-ahead,0.4892,0.484523,0.696077,0.389547,12.9771,0.0481,0.8747,13.561
208,F_N+PB,10,SVR_rbf,B_latidos,2352,589,one-beat-ahead,0.6017,0.057905,0.240635,0.168262,4.7612,0.3032,0.911,0.548
208,F_N+PB,10,MLP,B_latidos,2352,589,one-beat-ahead,0.3295,0.63603,0.797515,0.449033,13.0115,0.0041,0.8208,7.654
208,F_N+MED,3,LinReg,B_latidos,2358,590,one-beat-ahead,0.2131,0.58611,0.765578,0.490806,12.3165,0.03,0.8223,0.575
208,F_N+MED,3,DT,B_latidos,2358,590,one-beat-ahead,0.1894,0.603726,0.776998,0.432433,14.021,0.0023,0.8185,12.864
208,F_N+MED,3,RF,B_latidos,2358,590,one-beat-ahead,0.4363,0.419837,0.647948,0.369335,10.6493,0.0412,0.8576,6.685
208,F_N+MED,3,SVR_rbf,B_latidos,2358,590,one-beat-ahead,0.9511,0.012472,0.111679,0.059789,2.5051,1.3457,0.8796,2.409
208,F_N+MED,3,MLP,B_latidos,2358,590,one-beat-ahead,0.4073,0.441453,0.66442,0.372182,11.11,0.0109,0.7729,6.046
208,F_N+MED,5,LinReg,B_latidos,2356,590,one-beat-ahead,-0.1193,0.833623,0.913029,0.610281,14.3693,0.0351,0.8844,5.816
208,F_N+MED,5,DT,B_latidos,2356,590,one-beat-ahead,0.1264,0.650665,0.806638,0.452218,14.7578,0.0029,0.8188,20.605
208,F_N+MED,5,RF,B_latidos,2356,590,one-beat-ahead,0.4554,0.405573,0.636846,0.371734,10.7984,0.0462,0.8595,11.108
208,F_N+MED,5,SVR_rbf,B_latidos,2356,590,one-beat-ahead,0.9071,0.023692,0.153922,0.102791,3.3591,0.1456,0.8626,0.504
208,F_N+MED,5,MLP,B_latidos,2356,590,one-beat-ahead,0.4079,0.441024,0.664096,0.388302,11.2695,0.004,0.7805,2.898
208,F_N+MED,10,LinReg,B_latidos,2352,589,one-beat-ahead,-5.4041,4.768191,2.183619,1.503064,32.8846,0.0415,1.0,10.967
208,F_N+MED,10,DT,B_latidos,2352,589,one-beat-ahead,0.1686,0.619047,0.786795,0.443574,12.3553,0.0044,0.8226,42.47
208,F_N+MED,10,RF,B_latidos,2352,589,one-beat-ahead,0.4332,0.421984,0.649603,0.383031,11.189,0.0452,0.8582,14.085
208,F_N+MED,10,SVR_rbf,B_latidos,2352,589,one-beat-ahead,0.7917,0.053137,0.230514,0.161515,4.7453,0.1509,0.8335,0.671
208,F_N+MED,10,MLP,B_latidos,2352,589,one-beat-ahead,0.3762,0.464449,0.681505,0.421969,11.1918,0.004,0.7695,2.008
208,F_N+PB+MED,3,LinReg,B_latidos,2358,590,one-beat-ahead,0.0802,0.864473,0.92977,0.572928,14.274,0.0236,0.8083,0.635
208,F_N+PB+MED,3,DT,B_latidos,2358,590,one-beat-ahead,0.3572,0.604093,0.777234,0.379938,11.1342,0.0022,0.8615,12.722
208,F_N+PB+MED,3,RF,B_latidos,2358,590,one-beat-ahead,0.5697,0.404399,0.635924,0.345057,10.9432,0.0418,0.9,6.634
208,F_N+PB+MED,3,SVR_rbf,B_latidos,2358,590,one-beat-ahead,0.9616,0.00805,0.089723,0.056229,1.9739,1.2886,0.9781,2.038
208,F_N+PB+MED,3,MLP,B_latidos,2358,590,one-beat-ahead,0.4882,0.480982,0.693529,0.366273,11.4537,0.0104,0.7632,3.592
208,F_N+PB+MED,5,LinReg,B_latidos,2356,590,one-beat-ahead,-0.4139,1.328985,1.152816,0.720592,17.3136,0.0382,0.877,1.68
208,F_N+PB+MED,5,DT,B_latidos,2356,590,one-beat-ahead,0.3162,0.642715,0.801695,0.390996,12.2118,0.0028,0.861,21.676
208,F_N+PB+MED,5,RF,B_latidos,2356,590,one-beat-ahead,0.5538,0.419397,0.647608,0.360145,11.2952,0.0447,0.8978,8.53
208,F_N+PB+MED,5,SVR_rbf,B_latidos,2356,590,one-beat-ahead,0.885,0.024111,0.155277,0.103957,3.2972,0.2732,0.9553,0.453
208,F_N+PB+MED,5,MLP,B_latidos,2356,590,one-beat-ahead,0.4684,0.499723,0.706911,0.38715,11.8284,0.0038,0.7864,7.386
208,F_N+PB+MED,10,LinReg,B_latidos,2352,589,one-beat-ahead,-7.8293,8.299642,2.88091,1.884126,48.8162,0.0417,1.0,11.528
208,F_N+PB+MED,10,DT,B_latidos,2352,589,one-beat-ahead,0.2871,0.670103,0.818598,0.407602,11.2652,0.0057,0.8725,41.118
208,F_N+PB+MED,10,RF,B_latidos,2352,589,one-beat-ahead,0.5092,0.461326,0.67921,0.378693,11.3052,0.0493,0.8969,13.371
208,F_N+PB+MED,10,SVR_rbf,B_latidos,2352,589,one-beat-ahead,0.6872,0.065734,0.256387,0.176764,4.9455,0.2897,0.9031,0.751
208,F_N+PB+MED,10,MLP,B_latidos,2352,589,one-beat-ahead,0.3458,0.614922,0.784169,0.423404,12.7794,0.0041,0.8544,6.786
209,F_SIN,3,LinReg,B_latidos,2400,600,one-beat-ahead,0.3541,0.675319,0.821778,0.458436,13.4986,0.0269,0.7681,0.576
209,F_SIN,3,DT,B_latidos,2400,600,one-beat-ahead,0.4446,0.580699,0.762036,0.411335,11.72,0.0021,0.7388,12.829
209,F_SIN,3,RF,B_latidos,2400,600,one-beat-ahead,0.5547,0.46564,0.682378,0.37174,11.4172,0.0411,0.7806,6.697
209,F_SIN,3,SVR_rbf,B_latidos,2400,600,one-beat-ahead,0.9286,0.023388,0.15293,0.108521,3.4106,1.516,0.968,2.717
209,F_SIN,3,MLP,B_latidos,2400,600,one-beat-ahead,0.565,0.454879,0.674448,0.369946,11.2007,0.0106,0.7134,3.842
209,F_SIN,5,LinReg,B_latidos,2398,600,one-beat-ahead,0.0398,1.003895,1.001946,0.574859,15.0436,0.0459,0.8467,1.938
209,F_SIN,5,DT,B_latidos,2398,600,one-beat-ahead,0.4167,0.609847,0.780927,0.4171,12.4393,0.003,0.7371,21.488
209,F_SIN,5,RF,B_latidos,2398,600,one-beat-ahead,0.5504,0.470015,0.685576,0.377353,11.7857,0.0652,0.7852,9.611
209,F_SIN,5,SVR_rbf,B_latidos,2398,600,one-beat-ahead,0.8336,0.054524,0.233503,0.168193,4.9842,0.3011,0.9504,1.014
209,F_SIN,5,MLP,B_latidos,2398,600,one-beat-ahead,0.5331,0.488114,0.698651,0.403038,11.3958,0.004,0.6872,2.492
209,F_SIN,10,LinReg,B_latidos,2394,599,one-beat-ahead,-13.4306,15.090617,3.884664,2.233038,81.1369,0.0413,1.0,11.433
209,F_SIN,10,DT,B_latidos,2394,599,one-beat-ahead,0.408,0.619025,0.786781,0.424101,14.7442,0.0061,0.7419,41.767
209,F_SIN,10,RF,B_latidos,2394,599,one-beat-ahead,0.5408,0.480163,0.692938,0.384198,14.485,0.0429,0.7824,13.486
209,F_SIN,10,SVR_rbf,B_latidos,2394,599,one-beat-ahead,0.7418,0.084737,0.291096,0.21185,6.1079,0.3244,0.9357,1.006
209,F_SIN,10,MLP,B_latidos,2394,599,one-beat-ahead,0.4862,0.537333,0.73303,0.432495,14.2369,0.004,0.6574,4.434
209,F_N,3,LinReg,B_latidos,2400,600,one-beat-ahead,0.3503,0.679372,0.82424,0.46227,13.9624,0.0261,0.7701,0.614
209,F_N,3,DT,B_latidos,2400,600,one-beat-ahead,0.371,0.657731,0.811006,0.431052,11.8745,0.0023,0.7394,12.846
209,F_N,3,RF,B_latidos,2400,600,one-beat-ahead,0.5616,0.458382,0.677039,0.366765,11.5207,0.0409,0.7871,6.712
209,F_N,3,SVR_rbf,B_latidos,2400,600,one-beat-ahead,0.9321,0.022302,0.149339,0.103692,3.3299,1.7723,0.9702,1.997
209,F_N,3,MLP,B_latidos,2400,600,one-beat-ahead,0.5707,0.44895,0.670038,0.375343,11.1978,0.0106,0.7054,4.016
209,F_N,5,LinReg,B_latidos,2398,600,one-beat-ahead,0.0682,0.974227,0.987029,0.565877,14.8246,0.0349,0.8469,1.687
209,F_N,5,DT,B_latidos,2398,600,one-beat-ahead,0.3895,0.638307,0.798941,0.426155,13.6283,0.0031,0.7411,21.861
209,F_N,5,RF,B_latidos,2398,600,one-beat-ahead,0.5496,0.470857,0.68619,0.375236,11.6099,0.0419,0.7867,8.593
209,F_N,5,SVR_rbf,B_latidos,2398,600,one-beat-ahead,0.8358,0.053939,0.232247,0.16638,4.9635,0.3145,0.9516,0.654
209,F_N,5,MLP,B_latidos,2398,600,one-beat-ahead,0.5294,0.491971,0.701406,0.402923,11.2351,0.0039,0.6792,6.188
209,F_N,10,LinReg,B_latidos,2394,599,one-beat-ahead,-13.4931,15.156417,3.893124,2.290323,72.1466,0.091,1.0,9.265
209,F_N,10,DT,B_latidos,2394,599,one-beat-ahead,0.3959,0.631774,0.794842,0.437067,14.0828,0.0047,0.7368,41.826
209,F_N,10,RF,B_latidos,2394,599,one-beat-ahead,0.5449,0.475897,0.689853,0.382361,14.4455,0.044,0.7851,14.61
209,F_N,10,SVR_rbf,B_latidos,2394,599,one-beat-ahead,0.7434,0.084403,0.290521,0.210423,6.0861,0.1567,0.937,0.647
209,F_N,10,MLP,B_latidos,2394,599,one-beat-ahead,0.4868,0.536641,0.732558,0.431762,14.1544,0.0394,0.6582,5.848
209,F_PB,3,LinReg,B_latidos,2400,600,one-beat-ahead,-15631.2786,15655.297899,125.121133,12.111766,1097.1828,0.034,0.7701,0.545
209,F_PB,3,DT,B_latidos,2400,600,one-beat-ahead,0.4355,0.565296,0.751862,0.326781,11.8749,0.0028,0.7338,12.963
209,F_PB,3,RF,B_latidos,2400,600,one-beat-ahead,0.5699,0.430781,0.656339,0.299212,10.6093,0.0406,0.7725,7.215
209,F_PB,3,SVR_rbf,B_latidos,2400,600,one-beat-ahead,0.867,0.01549,0.12446,0.081277,2.6442,2.3531,0.943,1.948
209,F_PB,3,MLP,B_latidos,2400,600,one-beat-ahead,0.5428,0.457909,0.67669,0.307615,10.3061,0.0132,0.736,5.871
209,F_PB,5,LinReg,B_latidos,2398,600,one-beat-ahead,-57021.7394,57103.991149,238.964414,25.975159,6917.1528,0.0391,0.8515,1.592
209,F_PB,5,DT,B_latidos,2398,600,one-beat-ahead,0.3982,0.602684,0.776327,0.335093,12.1998,0.003,0.7361,22.47
209,F_PB,5,RF,B_latidos,2398,600,one-beat-ahead,0.5617,0.438895,0.662492,0.303017,10.8747,0.0599,0.771,9.438
209,F_PB,5,SVR_rbf,B_latidos,2398,600,one-beat-ahead,0.6671,0.038777,0.196919,0.136926,3.8945,0.3682,0.8751,0.976
209,F_PB,5,MLP,B_latidos,2398,600,one-beat-ahead,0.515,0.485665,0.696897,0.323631,11.0928,0.0041,0.7309,4.317
209,F_PB,10,LinReg,B_latidos,2394,599,one-beat-ahead,-27477.1118,27520.143354,165.891963,21.593081,3716.7379,0.0419,1.0,12.292
209,F_PB,10,DT,B_latidos,2394,599,one-beat-ahead,0.4439,0.556974,0.746307,0.32819,13.7344,0.0048,0.7474,43.897
209,F_PB,10,RF,B_latidos,2394,599,one-beat-ahead,0.5612,0.439448,0.662909,0.307181,14.0854,0.0436,0.781,14.972
209,F_PB,10,SVR_rbf,B_latidos,2394,599,one-beat-ahead,0.5043,0.057828,0.240474,0.164585,4.4846,0.1567,0.8414,0.622
209,F_PB,10,MLP,B_latidos,2394,599,one-beat-ahead,0.489,0.511746,0.715364,0.332573,12.9062,0.004,0.7477,2.875
209,F_MED,3,LinReg,B_latidos,2400,600,one-beat-ahead,0.6305,0.431158,0.656626,0.463741,13.2238,0.0236,0.8765,0.601
209,F_MED,3,DT,B_latidos,2400,600,one-beat-ahead,0.6828,0.370178,0.608423,0.416554,11.8899,0.0023,0.8647,12.831
209,F_MED,3,RF,B_latidos,2400,600,one-beat-ahead,0.7571,0.283462,0.532412,0.370222,10.9256,0.0582,0.8938,7.012
209,F_MED,3,SVR_rbf,B_latidos,2400,600,one-beat-ahead,0.9738,0.024168,0.155459,0.087768,3.593,1.4401,0.9772,2.868
209,F_MED,3,MLP,B_latidos,2400,600,one-beat-ahead,0.7553,0.285566,0.534384,0.370624,10.9868,0.0103,0.8257,3.951
209,F_MED,5,LinReg,B_latidos,2398,600,one-beat-ahead,0.472,0.615925,0.784809,0.555621,14.3923,0.0617,0.9171,5.458
209,F_MED,5,DT,B_latidos,2398,600,one-beat-ahead,0.6718,0.382887,0.618779,0.420197,12.147,0.003,0.8655,20.512
209,F_MED,5,RF,B_latidos,2398,600,one-beat-ahead,0.7433,0.29947,0.547238,0.379597,11.3649,0.0413,0.8924,11.122
209,F_MED,5,SVR_rbf,B_latidos,2398,600,one-beat-ahead,0.932,0.062723,0.250446,0.152109,5.4387,0.1522,0.9638,0.541
209,F_MED,5,MLP,B_latidos,2398,600,one-beat-ahead,0.7172,0.329903,0.574372,0.409704,11.6956,0.0039,0.8226,1.793
209,F_MED,10,LinReg,B_latidos,2394,599,one-beat-ahead,-3.8145,5.618464,2.37033,1.707968,42.0467,0.0415,1.0,12.051
209,F_MED,10,DT,B_latidos,2394,599,one-beat-ahead,0.6774,0.376463,0.613566,0.420856,11.5353,0.0061,0.8658,42.222
209,F_MED,10,RF,B_latidos,2394,599,one-beat-ahead,0.7389,0.304689,0.551986,0.387238,10.207,0.0619,0.8888,13.494
209,F_MED,10,SVR_rbf,B_latidos,2394,599,one-beat-ahead,0.8503,0.138197,0.371748,0.246729,7.8069,0.3076,0.9382,0.879
209,F_MED,10,MLP,B_latidos,2394,599,one-beat-ahead,0.7,0.35013,0.591718,0.429196,10.3746,0.0095,0.7875,1.848
209,F_N+PB,3,LinReg,B_latidos,2400,600,one-beat-ahead,-18904.4576,18933.370004,137.598583,12.584225,1139.6382,0.0225,0.7706,0.586
209,F_N+PB,3,DT,B_latidos,2400,600,one-beat-ahead,0.4255,0.575318,0.758497,0.329098,12.0938,0.0021,0.7337,13.148
209,F_N+PB,3,RF,B_latidos,2400,600,one-beat-ahead,0.5696,0.431023,0.656523,0.299464,10.5665,0.0409,0.7717,6.882
209,F_N+PB,3,SVR_rbf,B_latidos,2400,600,one-beat-ahead,0.8669,0.015507,0.124528,0.081261,2.6463,1.3778,0.9431,2.465
209,F_N+PB,3,MLP,B_latidos,2400,600,one-beat-ahead,0.5315,0.469206,0.684986,0.310013,10.1614,0.0106,0.7452,6.271
209,F_N+PB,5,LinReg,B_latidos,2398,600,one-beat-ahead,-62560.4059,62650.791444,250.301401,27.451504,8667.8638,0.0328,0.8528,5.516
209,F_N+PB,5,DT,B_latidos,2398,600,one-beat-ahead,0.3834,0.617431,0.785768,0.340577,10.9128,0.0029,0.7353,20.893
209,F_N+PB,5,RF,B_latidos,2398,600,one-beat-ahead,0.5604,0.440216,0.663488,0.303597,10.7703,0.043,0.776,11.319
209,F_N+PB,5,SVR_rbf,B_latidos,2398,600,one-beat-ahead,0.6669,0.038811,0.197005,0.136978,3.8948,0.1542,0.8752,0.622
209,F_N+PB,5,MLP,B_latidos,2398,600,one-beat-ahead,0.4907,0.509986,0.714133,0.328555,11.0519,0.004,0.7541,3.169
209,F_N+PB,10,LinReg,B_latidos,2394,599,one-beat-ahead,-24475.62,24514.154737,156.569968,20.151392,7591.4462,0.0441,1.0,10.636
209,F_N+PB,10,DT,B_latidos,2394,599,one-beat-ahead,0.4434,0.557472,0.74664,0.328633,13.7938,0.0042,0.7464,43.068
209,F_N+PB,10,RF,B_latidos,2394,599,one-beat-ahead,0.5578,0.442872,0.665486,0.306558,13.9178,0.0439,0.7773,14.993
209,F_N+PB,10,SVR_rbf,B_latidos,2394,599,one-beat-ahead,0.5042,0.057865,0.240552,0.1646,4.486,0.1843,0.8415,0.63
209,F_N+PB,10,MLP,B_latidos,2394,599,one-beat-ahead,0.4876,0.51315,0.716345,0.333643,13.1625,0.004,0.7479,2.892
209,F_N+MED,3,LinReg,B_latidos,2400,600,one-beat-ahead,0.6432,0.416189,0.645127,0.446983,11.9491,0.0244,0.876,0.636
209,F_N+MED,3,DT,B_latidos,2400,600,one-beat-ahead,0.6504,0.4078,0.638592,0.420956,11.3624,0.0022,0.8715,13.025
209,F_N+MED,3,RF,B_latidos,2400,600,one-beat-ahead,0.7536,0.287375,0.536074,0.372432,11.034,0.043,0.8952,7.659
209,F_N+MED,3,SVR_rbf,B_latidos,2400,600,one-beat-ahead,0.9723,0.025491,0.159659,0.089557,3.6821,1.3516,0.977,2.656
209,F_N+MED,3,MLP,B_latidos,2400,600,one-beat-ahead,0.7344,0.309807,0.556603,0.387881,11.401,0.0208,0.852,10.866
209,F_N+MED,5,LinReg,B_latidos,2398,600,one-beat-ahead,0.4767,0.610239,0.781178,0.552089,13.8491,0.0415,0.9226,1.747
209,F_N+MED,5,DT,B_latidos,2398,600,one-beat-ahead,0.6192,0.444092,0.666402,0.439579,11.5804,0.003,0.8701,20.707
209,F_N+MED,5,RF,B_latidos,2398,600,one-beat-ahead,0.7546,0.286108,0.534891,0.374035,10.9758,0.0419,0.8918,11.069
209,F_N+MED,5,SVR_rbf,B_latidos,2398,600,one-beat-ahead,0.9289,0.065464,0.25586,0.155641,5.5401,0.1495,0.9632,0.578
209,F_N+MED,5,MLP,B_latidos,2398,600,one-beat-ahead,0.717,0.330023,0.574476,0.411378,11.6152,0.0039,0.8205,1.868
209,F_N+MED,10,LinReg,B_latidos,2394,599,one-beat-ahead,-3.6744,5.452836,2.335131,1.693836,40.0175,0.0417,1.0,10.9
209,F_N+MED,10,DT,B_latidos,2394,599,one-beat-ahead,0.55,0.524901,0.724501,0.455084,15.333,0.0046,0.87,42.703
209,F_N+MED,10,RF,B_latidos,2394,599,one-beat-ahead,0.7427,0.300099,0.547813,0.386884,10.4554,0.0435,0.8894,14.593
209,F_N+MED,10,SVR_rbf,B_latidos,2394,599,one-beat-ahead,0.8483,0.139877,0.374001,0.24787,7.86,0.1558,0.9378,0.55
209,F_N+MED,10,MLP,B_latidos,2394,599,one-beat-ahead,0.6967,0.353817,0.594825,0.434457,10.571,0.0042,0.7931,1.815
209,F_N+PB+MED,3,LinReg,B_latidos,2400,600,one-beat-ahead,0.6751,0.348119,0.590016,0.407728,11.7494,0.0236,0.887,0.596
209,F_N+PB+MED,3,DT,B_latidos,2400,600,one-beat-ahead,0.7457,0.272394,0.521914,0.343646,11.1678,0.0024,0.8712,13.181
209,F_N+PB+MED,3,RF,B_latidos,2400,600,one-beat-ahead,0.8151,0.19806,0.445039,0.304302,9.6492,0.041,0.8843,8.153
209,F_N+PB+MED,3,SVR_rbf,B_latidos,2400,600,one-beat-ahead,0.9563,0.021853,0.147828,0.082572,3.3913,1.5362,0.9554,2.784
209,F_N+PB+MED,3,MLP,B_latidos,2400,600,one-beat-ahead,0.8291,0.183095,0.427896,0.287169,9.2445,0.0106,0.8307,3.502
209,F_N+PB+MED,5,LinReg,B_latidos,2398,600,one-beat-ahead,0.5128,0.521934,0.72245,0.501855,13.2647,0.0217,0.9288,5.768
209,F_N+PB+MED,5,DT,B_latidos,2398,600,one-beat-ahead,0.7133,0.307178,0.554236,0.3568,11.3323,0.0033,0.8696,21.277
209,F_N+PB+MED,5,RF,B_latidos,2398,600,one-beat-ahead,0.8119,0.201552,0.448946,0.308649,9.8537,0.0423,0.8779,11.541
209,F_N+PB+MED,5,SVR_rbf,B_latidos,2398,600,one-beat-ahead,0.8449,0.077522,0.278428,0.174076,5.8806,0.1576,0.9259,0.552
209,F_N+PB+MED,5,MLP,B_latidos,2398,600,one-beat-ahead,0.8062,0.207621,0.455654,0.314367,9.4867,0.0041,0.849,2.497
209,F_N+PB+MED,10,LinReg,B_latidos,2394,599,one-beat-ahead,-6.3181,7.838106,2.799662,1.915988,50.7975,0.0418,1.0,11.23
209,F_N+PB+MED,10,DT,B_latidos,2394,599,one-beat-ahead,0.7394,0.279081,0.528281,0.345501,10.1171,0.0043,0.8661,44.37
209,F_N+PB+MED,10,RF,B_latidos,2394,599,one-beat-ahead,0.7999,0.214307,0.462933,0.317538,9.3213,0.0436,0.8783,15.249
209,F_N+PB+MED,10,SVR_rbf,B_latidos,2394,599,one-beat-ahead,0.7731,0.113604,0.337052,0.223837,7.1907,0.1571,0.8925,0.532
209,F_N+PB+MED,10,MLP,B_latidos,2394,599,one-beat-ahead,0.7909,0.223986,0.473272,0.325495,9.2567,0.0039,0.8282,2.197
210,F_SIN,3,LinReg,B_latidos,2116,529,one-beat-ahead,-0.0076,0.941187,0.970148,0.573776,12.9541,0.0352,0.654,0.578
210,F_SIN,3,DT,B_latidos,2116,529,one-beat-ahead,0.1918,0.754906,0.868853,0.468002,12.9894,0.0023,0.5849,11.711
210,F_SIN,3,RF,B_latidos,2116,529,one-beat-ahead,0.3318,0.624105,0.790003,0.433753,13.4146,0.0482,0.6555,7.202
210,F_SIN,3,SVR_rbf,B_latidos,2116,529,one-beat-ahead,0.8767,0.013014,0.114078,0.085441,2.4477,1.4022,0.7763,2.477
210,F_SIN,3,MLP,B_latidos,2116,529,one-beat-ahead,0.2864,0.666519,0.816406,0.462013,13.2188,0.0116,0.3803,1.548
210,F_SIN,5,LinReg,B_latidos,2114,529,one-beat-ahead,-0.5744,1.470581,1.212675,0.7353,17.452,0.0473,0.789,1.692
210,F_SIN,5,DT,B_latidos,2114,529,one-beat-ahead,0.2157,0.732568,0.855902,0.464461,12.94,0.0036,0.541,19.584
210,F_SIN,5,RF,B_latidos,2114,529,one-beat-ahead,0.3281,0.627596,0.79221,0.436987,13.0869,0.048,0.6438,8.321
210,F_SIN,5,SVR_rbf,B_latidos,2114,529,one-beat-ahead,0.745,0.026916,0.164062,0.123498,3.3579,0.1423,0.7564,0.526
210,F_SIN,5,MLP,B_latidos,2114,529,one-beat-ahead,0.2375,0.712197,0.843918,0.48837,13.2454,0.0042,0.5099,2.26
210,F_SIN,10,LinReg,B_latidos,2110,528,one-beat-ahead,-3.0276,3.761647,1.939497,1.188072,34.3778,0.0474,1.0,7.63
210,F_SIN,10,DT,B_latidos,2110,528,one-beat-ahead,0.1954,0.751445,0.866859,0.46925,13.3156,0.0059,0.541,38.647
210,F_SIN,10,RF,B_latidos,2110,528,one-beat-ahead,0.3251,0.630321,0.793928,0.437459,13.7194,0.0527,0.653,11.392
210,F_SIN,10,SVR_rbf,B_latidos,2110,528,one-beat-ahead,0.5205,0.050676,0.225114,0.167653,3.9664,0.2767,0.7394,0.868
210,F_SIN,10,MLP,B_latidos,2110,528,one-beat-ahead,0.2383,0.711357,0.84342,0.499043,13.8935,0.0041,0.4102,4.001
210,F_N,3,LinReg,B_latidos,2116,529,one-beat-ahead,-0.0021,0.936052,0.967498,0.566652,13.4932,0.0244,0.658,0.559
210,F_N,3,DT,B_latidos,2116,529,one-beat-ahead,0.2213,0.727427,0.852893,0.460059,13.0225,0.0029,0.5528,11.413
210,F_N,3,RF,B_latidos,2116,529,one-beat-ahead,0.3327,0.623334,0.789515,0.431169,13.0502,0.0458,0.6545,6.603
210,F_N,3,SVR_rbf,B_latidos,2116,529,one-beat-ahead,0.8915,0.011347,0.106525,0.078163,2.304,1.5937,0.777,1.613
210,F_N,3,MLP,B_latidos,2116,529,one-beat-ahead,0.3003,0.653625,0.808471,0.455944,13.257,0.0263,0.4048,5.666
210,F_N,5,LinReg,B_latidos,2114,529,one-beat-ahead,-0.5803,1.476191,1.214986,0.727283,17.0218,0.0502,0.791,1.657
210,F_N,5,DT,B_latidos,2114,529,one-beat-ahead,0.1922,0.754527,0.868635,0.468788,13.1395,0.0032,0.5805,18.546
210,F_N,5,RF,B_latidos,2114,529,one-beat-ahead,0.3321,0.623892,0.789868,0.433471,13.254,0.0487,0.6393,10.266
210,F_N,5,SVR_rbf,B_latidos,2114,529,one-beat-ahead,0.7574,0.025369,0.159277,0.118523,3.2515,0.1378,0.7558,0.559
210,F_N,5,MLP,B_latidos,2114,529,one-beat-ahead,0.241,0.708942,0.841987,0.486335,13.0862,0.004,0.5046,2.233
210,F_N,10,LinReg,B_latidos,2110,528,one-beat-ahead,-2.891,3.634334,1.906393,1.161508,30.1932,0.0416,1.0,10.481
210,F_N,10,DT,B_latidos,2110,528,one-beat-ahead,0.2128,0.735237,0.85746,0.465058,12.9862,0.0048,0.5625,36.88
210,F_N,10,RF,B_latidos,2110,528,one-beat-ahead,0.3288,0.62695,0.791802,0.435963,13.5622,0.0495,0.651,13.401
210,F_N,10,SVR_rbf,B_latidos,2110,528,one-beat-ahead,0.5337,0.048822,0.220957,0.164603,3.9056,0.1379,0.7375,0.539
210,F_N,10,MLP,B_latidos,2110,528,one-beat-ahead,0.232,0.717309,0.846941,0.501785,13.7894,0.004,0.4129,1.448
210,F_PB,3,LinReg,B_latidos,2116,529,one-beat-ahead,-1436.0519,1530.938485,39.127209,2.57663,452.6682,0.0343,0.6301,0.988
210,F_PB,3,DT,B_latidos,2116,529,one-beat-ahead,0.163,0.891635,0.944264,0.451237,13.5765,0.0023,0.5768,11.288
210,F_PB,3,RF,B_latidos,2116,529,one-beat-ahead,0.3439,0.698932,0.836021,0.414439,13.8474,0.0481,0.6454,8.402
210,F_PB,3,SVR_rbf,B_latidos,2116,529,one-beat-ahead,0.8005,0.007683,0.087655,0.06408,1.7967,1.3219,0.9001,1.53
210,F_PB,3,MLP,B_latidos,2116,529,one-beat-ahead,0.312,0.732973,0.856139,0.441613,13.7194,0.0107,0.4356,2.351
210,F_PB,5,LinReg,B_latidos,2114,529,one-beat-ahead,-6400.441,6820.242877,82.584762,6.299018,748.0449,0.0507,0.7688,2.438
210,F_PB,5,DT,B_latidos,2114,529,one-beat-ahead,0.1196,0.938051,0.96853,0.462932,13.9043,0.003,0.5788,19.251
210,F_PB,5,RF,B_latidos,2114,529,one-beat-ahead,0.3426,0.700411,0.836906,0.416001,13.737,0.0479,0.6402,7.716
210,F_PB,5,SVR_rbf,B_latidos,2114,529,one-beat-ahead,0.4848,0.019842,0.140863,0.107424,2.5887,0.1349,0.8416,0.523
210,F_PB,5,MLP,B_latidos,2114,529,one-beat-ahead,0.2847,0.762126,0.872998,0.44691,14.2745,0.004,0.4565,6.418
210,F_PB,10,LinReg,B_latidos,2110,528,one-beat-ahead,-497.5773,531.226824,23.048358,5.35271,724.3424,0.0411,1.0,6.375
210,F_PB,10,DT,B_latidos,2110,528,one-beat-ahead,0.1354,0.921191,0.959787,0.459597,13.9432,0.005,0.571,37.879
210,F_PB,10,RF,B_latidos,2110,528,one-beat-ahead,0.3368,0.706615,0.840604,0.41856,14.1819,0.0732,0.6462,13.121
210,F_PB,10,SVR_rbf,B_latidos,2110,528,one-beat-ahead,0.2045,0.030573,0.174852,0.130775,2.8671,0.1328,0.8073,0.528
210,F_PB,10,MLP,B_latidos,2110,528,one-beat-ahead,0.2222,0.82873,0.910346,0.469937,13.2446,0.0076,0.5156,2.381
210,F_MED,3,LinReg,B_latidos,2116,529,one-beat-ahead,0.003,0.690092,0.830718,0.556332,11.8258,0.0268,0.7695,0.597
210,F_MED,3,DT,B_latidos,2116,529,one-beat-ahead,0.0536,0.655035,0.809343,0.4679,12.5054,0.0023,0.8054,11.714
210,F_MED,3,RF,B_latidos,2116,529,one-beat-ahead,0.3922,0.420725,0.648633,0.411648,11.1338,0.046,0.7635,6.107
210,F_MED,3,SVR_rbf,B_latidos,2116,529,one-beat-ahead,0.9276,0.020646,0.143686,0.075429,3.1644,1.9061,0.7352,1.451
210,F_MED,3,MLP,B_latidos,2116,529,one-beat-ahead,0.3719,0.434709,0.659324,0.432181,11.0424,0.0107,0.5836,2.721
210,F_MED,5,LinReg,B_latidos,2114,529,one-beat-ahead,-0.549,1.071976,1.035363,0.724191,14.2392,0.0405,0.8594,1.702
210,F_MED,5,DT,B_latidos,2114,529,one-beat-ahead,0.1201,0.608911,0.780328,0.459725,12.2514,0.0029,0.8065,18.528
210,F_MED,5,RF,B_latidos,2114,529,one-beat-ahead,0.3866,0.424508,0.651543,0.414083,11.0458,0.0475,0.7512,10.364
210,F_MED,5,SVR_rbf,B_latidos,2114,529,one-beat-ahead,0.8419,0.045091,0.212347,0.140133,4.6061,0.1369,0.709,0.454
210,F_MED,5,MLP,B_latidos,2114,529,one-beat-ahead,0.3486,0.450818,0.67143,0.441092,11.1065,0.0041,0.6321,2.043
210,F_MED,10,LinReg,B_latidos,2110,528,one-beat-ahead,-3.6965,3.251126,1.803088,1.267011,27.4989,0.0417,1.0,9.739
210,F_MED,10,DT,B_latidos,2110,528,one-beat-ahead,0.1812,0.56681,0.752868,0.455137,11.3405,0.0045,0.8069,36.708
210,F_MED,10,RF,B_latidos,2110,528,one-beat-ahead,0.3925,0.420577,0.648519,0.417685,10.9283,0.0501,0.7551,13.787
210,F_MED,10,SVR_rbf,B_latidos,2110,528,one-beat-ahead,0.7463,0.072439,0.269145,0.183218,5.439,0.1377,0.687,0.421
210,F_MED,10,MLP,B_latidos,2110,528,one-beat-ahead,0.2189,0.540701,0.735324,0.495804,11.6384,0.0042,0.5486,1.685
210,F_N+PB,3,LinReg,B_latidos,2116,529,one-beat-ahead,-1224.1292,1305.170137,36.127139,2.502117,471.2122,0.0324,0.6284,3.358
210,F_N+PB,3,DT,B_latidos,2116,529,one-beat-ahead,0.1423,0.91374,0.955897,0.455793,13.4228,0.0023,0.5868,10.42
210,F_N+PB,3,RF,B_latidos,2116,529,one-beat-ahead,0.3471,0.695512,0.833974,0.411924,13.7954,0.0469,0.645,8.475
210,F_N+PB,3,SVR_rbf,B_latidos,2116,529,one-beat-ahead,0.8009,0.007665,0.087552,0.063953,1.7941,1.3003,0.9002,1.612
210,F_N+PB,3,MLP,B_latidos,2116,529,one-beat-ahead,0.3064,0.738866,0.859573,0.441478,13.5392,0.0655,0.4394,2.919
210,F_N+PB,5,LinReg,B_latidos,2114,529,one-beat-ahead,-5701.1071,6075.155858,77.943286,5.649907,695.6206,0.042,0.769,2.751
210,F_N+PB,5,DT,B_latidos,2114,529,one-beat-ahead,0.1548,0.900493,0.948943,0.45558,12.9466,0.003,0.5597,18.624
210,F_N+PB,5,RF,B_latidos,2114,529,one-beat-ahead,0.3503,0.692233,0.832006,0.41382,13.8374,0.0717,0.6473,9.645
210,F_N+PB,5,SVR_rbf,B_latidos,2114,529,one-beat-ahead,0.4848,0.019837,0.140844,0.107409,2.5886,0.1345,0.8416,0.81
210,F_N+PB,5,MLP,B_latidos,2114,529,one-beat-ahead,0.2795,0.767672,0.876169,0.449286,14.1888,0.004,0.4584,1.865
210,F_N+PB,10,LinReg,B_latidos,2110,528,one-beat-ahead,-580.0765,619.128518,24.882293,5.050174,1069.744,0.0843,1.0,8.585
210,F_N+PB,10,DT,B_latidos,2110,528,one-beat-ahead,0.052,1.010091,1.005033,0.478918,13.7088,0.0049,0.5827,37.574
210,F_N+PB,10,RF,B_latidos,2110,528,one-beat-ahead,0.335,0.708594,0.84178,0.420534,14.4917,0.0726,0.6423,13.613
210,F_N+PB,10,SVR_rbf,B_latidos,2110,528,one-beat-ahead,0.2042,0.030576,0.174861,0.130805,2.8665,0.1378,0.8073,0.509
210,F_N+PB,10,MLP,B_latidos,2110,528,one-beat-ahead,0.254,0.794834,0.891535,0.461654,13.7291,0.0042,0.4242,1.798
210,F_N+MED,3,LinReg,B_latidos,2116,529,one-beat-ahead,-0.0073,0.696221,0.834398,0.557109,11.9839,0.0285,0.7772,0.578
210,F_N+MED,3,DT,B_latidos,2116,529,one-beat-ahead,0.177,0.568823,0.754203,0.45732,12.0176,0.0023,0.8024,11.865
210,F_N+MED,3,RF,B_latidos,2116,529,one-beat-ahead,0.3919,0.420273,0.648285,0.410846,10.9438,0.0481,0.7664,7.024
210,F_N+MED,3,SVR_rbf,B_latidos,2116,529,one-beat-ahead,0.9288,0.020349,0.14265,0.075253,3.1582,1.2177,0.7345,2.395
210,F_N+MED,3,MLP,B_latidos,2116,529,one-beat-ahead,0.3355,0.459295,0.677713,0.444986,11.2414,0.0112,0.497,1.759
210,F_N+MED,5,LinReg,B_latidos,2114,529,one-beat-ahead,-0.7938,1.239625,1.113385,0.752689,16.7886,0.042,0.867,1.677
210,F_N+MED,5,DT,B_latidos,2114,529,one-beat-ahead,0.2012,0.551998,0.742966,0.451325,11.8481,0.0033,0.8034,19.475
210,F_N+MED,5,RF,B_latidos,2114,529,one-beat-ahead,0.3884,0.422673,0.650133,0.41602,11.0358,0.0476,0.7505,8.737
210,F_N+MED,5,SVR_rbf,B_latidos,2114,529,one-beat-ahead,0.842,0.045153,0.212491,0.14029,4.6094,0.1339,0.7082,0.448
210,F_N+MED,5,MLP,B_latidos,2114,529,one-beat-ahead,0.3556,0.44534,0.667338,0.436082,11.1916,0.0041,0.6402,2.22
210,F_N+MED,10,LinReg,B_latidos,2110,528,one-beat-ahead,-4.034,3.479759,1.865411,1.317714,30.3636,0.0832,1.0,7.521
210,F_N+MED,10,DT,B_latidos,2110,528,one-beat-ahead,0.1971,0.555032,0.745005,0.449864,11.6999,0.0057,0.8034,38.228
210,F_N+MED,10,RF,B_latidos,2110,528,one-beat-ahead,0.3837,0.425986,0.652676,0.417429,10.9525,0.0699,0.7535,11.815
210,F_N+MED,10,SVR_rbf,B_latidos,2110,528,one-beat-ahead,0.7472,0.07234,0.268962,0.183514,5.4343,0.2693,0.6865,0.709
210,F_N+MED,10,MLP,B_latidos,2110,528,one-beat-ahead,0.2291,0.532873,0.729982,0.491274,11.5818,0.004,0.5476,3.638
210,F_N+PB+MED,3,LinReg,B_latidos,2116,529,one-beat-ahead,-0.0363,1.096801,1.047283,0.659801,14.9614,0.0247,0.7196,0.569
210,F_N+PB+MED,3,DT,B_latidos,2116,529,one-beat-ahead,0.2542,0.789349,0.888453,0.500224,14.8748,0.0028,0.7125,11.895
210,F_N+PB+MED,3,RF,B_latidos,2116,529,one-beat-ahead,0.4071,0.627504,0.792151,0.462918,14.3543,0.0458,0.7021,6.549
210,F_N+PB+MED,3,SVR_rbf,B_latidos,2116,529,one-beat-ahead,0.8556,0.023832,0.154377,0.087305,3.3208,1.8118,0.7699,1.499
210,F_N+PB+MED,3,MLP,B_latidos,2116,529,one-beat-ahead,0.3986,0.636445,0.797775,0.470475,13.8043,0.0106,0.6297,6.555
210,F_N+PB+MED,5,LinReg,B_latidos,2114,529,one-beat-ahead,-0.5107,1.599498,1.264713,0.841824,17.2678,0.0444,0.8262,1.723
210,F_N+PB+MED,5,DT,B_latidos,2114,529,one-beat-ahead,0.2161,0.830007,0.911047,0.512041,15.3799,0.0028,0.7131,19.079
210,F_N+PB+MED,5,RF,B_latidos,2114,529,one-beat-ahead,0.4161,0.618227,0.786274,0.462329,13.949,0.0468,0.7007,10.55
210,F_N+PB+MED,5,SVR_rbf,B_latidos,2114,529,one-beat-ahead,0.6556,0.056877,0.238489,0.159682,4.8201,0.1353,0.7304,0.439
210,F_N+PB+MED,5,MLP,B_latidos,2114,529,one-beat-ahead,0.3891,0.646856,0.804274,0.477737,14.0729,0.0044,0.6094,1.875
210,F_N+PB+MED,10,LinReg,B_latidos,2110,528,one-beat-ahead,-4.6268,5.962592,2.441842,1.651723,39.5283,0.0415,1.0,9.437
210,F_N+PB+MED,10,DT,B_latidos,2110,528,one-beat-ahead,0.1473,0.903606,0.950582,0.514859,14.8171,0.0059,0.7174,38.732
210,F_N+PB+MED,10,RF,B_latidos,2110,528,one-beat-ahead,0.4069,0.628454,0.792751,0.464808,13.7731,0.0499,0.7019,12.667
210,F_N+PB+MED,10,SVR_rbf,B_latidos,2110,528,one-beat-ahead,0.4856,0.084925,0.291419,0.196354,5.5946,0.2985,0.689,0.436
210,F_N+PB+MED,10,MLP,B_latidos,2110,528,one-beat-ahead,0.3293,0.710751,0.843061,0.502987,13.4453,0.0041,0.5753,6.169
212,F_SIN,3,LinReg,B_latidos,2194,549,one-beat-ahead,0.639,0.373121,0.610836,0.350221,11.6815,0.0294,0.8812,0.608
212,F_SIN,3,DT,B_latidos,2194,549,one-beat-ahead,0.642,0.370108,0.608365,0.335477,11.8965,0.0023,0.861,11.909
212,F_SIN,3,RF,B_latidos,2194,549,one-beat-ahead,0.7323,0.276683,0.526007,0.290987,10.8914,0.0444,0.902,6.099
212,F_SIN,3,SVR_rbf,B_latidos,2194,549,one-beat-ahead,0.7988,0.058556,0.241983,0.087101,5.6348,2.1059,0.9595,1.89
212,F_SIN,3,MLP,B_latidos,2194,549,one-beat-ahead,0.7438,0.264884,0.514669,0.289021,10.3005,0.0108,0.8383,5.182
212,F_SIN,5,LinReg,B_latidos,2192,549,one-beat-ahead,0.4833,0.534108,0.730827,0.443399,12.279,0.0422,0.9321,1.675
212,F_SIN,5,DT,B_latidos,2192,549,one-beat-ahead,0.6392,0.372923,0.610674,0.336929,11.8459,0.004,0.8681,19.633
212,F_SIN,5,RF,B_latidos,2192,549,one-beat-ahead,0.7339,0.275044,0.524447,0.291544,11.1885,0.0449,0.908,9.802
212,F_SIN,5,SVR_rbf,B_latidos,2192,549,one-beat-ahead,0.6471,0.102675,0.320429,0.138845,6.9952,0.1478,0.9506,0.588
212,F_SIN,5,MLP,B_latidos,2192,549,one-beat-ahead,0.7408,0.267882,0.517573,0.306239,9.9965,0.0041,0.8508,1.993
212,F_SIN,10,LinReg,B_latidos,2188,548,one-beat-ahead,-0.5879,1.641862,1.281352,0.757618,20.5306,0.0413,1.0,9.96
212,F_SIN,10,DT,B_latidos,2188,548,one-beat-ahead,0.639,0.373239,0.610933,0.339806,11.0335,0.006,0.8689,39.206
212,F_SIN,10,RF,B_latidos,2188,548,one-beat-ahead,0.7297,0.279471,0.528651,0.296555,10.4354,0.0699,0.9077,11.244
212,F_SIN,10,SVR_rbf,B_latidos,2188,548,one-beat-ahead,0.6475,0.102733,0.32052,0.157866,6.9614,0.2779,0.9657,0.906
212,F_SIN,10,MLP,B_latidos,2188,548,one-beat-ahead,0.7179,0.291696,0.540089,0.328141,10.705,0.0041,0.8375,4.329
212,F_N,3,LinReg,B_latidos,2194,549,one-beat-ahead,0.6405,0.371696,0.609669,0.345281,11.9005,0.0246,0.8832,0.593
212,F_N,3,DT,B_latidos,2194,549,one-beat-ahead,0.6224,0.390419,0.624835,0.344366,11.7965,0.003,0.861,11.725
212,F_N,3,RF,B_latidos,2194,549,one-beat-ahead,0.7347,0.274344,0.523779,0.287883,10.9557,0.0452,0.9046,6.256
212,F_N,3,SVR_rbf,B_latidos,2194,549,one-beat-ahead,0.7994,0.057937,0.240701,0.081721,5.5959,1.9698,0.9628,1.724
212,F_N,3,MLP,B_latidos,2194,549,one-beat-ahead,0.7438,0.264883,0.514668,0.287654,10.2962,0.0109,0.8295,6.816
212,F_N,5,LinReg,B_latidos,2192,549,one-beat-ahead,0.4851,0.532363,0.729632,0.428963,12.1837,0.0424,0.9337,1.675
212,F_N,5,DT,B_latidos,2192,549,one-beat-ahead,0.6253,0.38738,0.622399,0.35518,11.2979,0.0037,0.8658,18.871
212,F_N,5,RF,B_latidos,2192,549,one-beat-ahead,0.7333,0.275733,0.525103,0.290627,10.7174,0.0457,0.9077,9.895
212,F_N,5,SVR_rbf,B_latidos,2192,549,one-beat-ahead,0.6467,0.102003,0.31938,0.135805,6.9966,0.1427,0.9533,0.587
212,F_N,5,MLP,B_latidos,2192,549,one-beat-ahead,0.7408,0.268018,0.517705,0.304122,10.0228,0.0041,0.843,1.946
212,F_N,10,LinReg,B_latidos,2188,548,one-beat-ahead,-0.7179,1.776767,1.332954,0.758887,26.1379,0.0422,1.0,9.857
212,F_N,10,DT,B_latidos,2188,548,one-beat-ahead,0.6269,0.385914,0.62122,0.352576,12.2275,0.0053,0.8691,37.905
212,F_N,10,RF,B_latidos,2188,548,one-beat-ahead,0.7282,0.281113,0.530201,0.296624,10.4333,0.0465,0.9061,12.256
212,F_N,10,SVR_rbf,B_latidos,2188,548,one-beat-ahead,0.6471,0.102068,0.319481,0.154678,6.9508,0.2562,0.9678,0.595
212,F_N,10,MLP,B_latidos,2188,548,one-beat-ahead,0.7179,0.291777,0.540164,0.32896,10.4179,0.0057,0.8503,6.504
212,F_PB,3,LinReg,B_latidos,2194,549,one-beat-ahead,-9.3569,9.716399,3.117114,0.528033,118.2326,0.0342,0.9081,0.559
212,F_PB,3,DT,B_latidos,2194,549,one-beat-ahead,0.6905,0.290381,0.53887,0.24175,9.5135,0.0028,0.9009,11.652
212,F_PB,3,RF,B_latidos,2194,549,one-beat-ahead,0.7724,0.213499,0.462059,0.216437,9.995,0.0438,0.927,6.365
212,F_PB,3,SVR_rbf,B_latidos,2194,549,one-beat-ahead,0.8462,0.00438,0.066179,0.041712,1.4038,1.7941,0.9028,1.557
212,F_PB,3,MLP,B_latidos,2194,549,one-beat-ahead,0.7662,0.219305,0.4683,0.212408,9.2616,0.0105,0.8713,9.795
212,F_PB,5,LinReg,B_latidos,2192,549,one-beat-ahead,-39.6594,38.146138,6.176256,0.88155,302.5336,0.0406,0.9482,1.552
212,F_PB,5,DT,B_latidos,2192,549,one-beat-ahead,0.7057,0.276132,0.525483,0.240298,10.2146,0.0037,0.9052,19.594
212,F_PB,5,RF,B_latidos,2192,549,one-beat-ahead,0.7783,0.207982,0.45605,0.215221,9.2301,0.0457,0.9294,8.548
212,F_PB,5,SVR_rbf,B_latidos,2192,549,one-beat-ahead,0.5132,0.013865,0.117749,0.077003,2.2732,0.1393,0.8956,0.579
212,F_PB,5,MLP,B_latidos,2192,549,one-beat-ahead,0.7519,0.232769,0.482461,0.225467,9.5553,0.0041,0.9157,8.585
212,F_PB,10,LinReg,B_latidos,2188,548,one-beat-ahead,-162.5505,153.438563,12.387032,2.95058,189.6716,0.0412,1.0,6.701
212,F_PB,10,DT,B_latidos,2188,548,one-beat-ahead,0.6915,0.289401,0.53796,0.247894,11.0578,0.0045,0.9077,38.705
212,F_PB,10,RF,B_latidos,2188,548,one-beat-ahead,0.7809,0.205528,0.453352,0.21787,9.4982,0.0457,0.9302,13.383
212,F_PB,10,SVR_rbf,B_latidos,2188,548,one-beat-ahead,0.3453,0.018682,0.136681,0.093081,2.3703,0.1411,0.9087,0.588
212,F_PB,10,MLP,B_latidos,2188,548,one-beat-ahead,0.7418,0.242239,0.492178,0.233333,9.2374,0.004,0.9223,4.39
212,F_MED,3,LinReg,B_latidos,2194,549,one-beat-ahead,0.7354,0.269682,0.519309,0.335457,10.2115,0.0208,0.9182,0.586
212,F_MED,3,DT,B_latidos,2194,549,one-beat-ahead,0.682,0.324087,0.569286,0.354832,11.754,0.0024,0.9178,11.712
212,F_MED,3,RF,B_latidos,2194,549,one-beat-ahead,0.7747,0.229535,0.479098,0.284241,9.4772,0.0798,0.9306,6.704
212,F_MED,3,SVR_rbf,B_latidos,2194,549,one-beat-ahead,0.77,0.137958,0.371428,0.091319,8.5399,1.2642,0.9758,2.014
212,F_MED,3,MLP,B_latidos,2194,549,one-beat-ahead,0.7989,0.204912,0.452673,0.282294,9.018,0.0122,0.8814,4.462
212,F_MED,5,LinReg,B_latidos,2192,549,one-beat-ahead,0.5991,0.408472,0.639118,0.43004,11.3487,0.0571,0.9507,2.016
212,F_MED,5,DT,B_latidos,2192,549,one-beat-ahead,0.7028,0.302863,0.55033,0.346921,12.1663,0.0033,0.9196,20.01
212,F_MED,5,RF,B_latidos,2192,549,one-beat-ahead,0.7728,0.231483,0.481127,0.288672,9.9998,0.0458,0.9336,7.636
212,F_MED,5,SVR_rbf,B_latidos,2192,549,one-beat-ahead,0.6653,0.200772,0.448076,0.143614,9.6442,0.1331,0.9596,0.487
212,F_MED,5,MLP,B_latidos,2192,549,one-beat-ahead,0.7897,0.214232,0.462852,0.292073,9.0022,0.0039,0.8942,6.586
212,F_MED,10,LinReg,B_latidos,2188,548,one-beat-ahead,-0.3324,1.358647,1.16561,0.82187,18.1689,0.089,1.0,7.023
212,F_MED,10,DT,B_latidos,2188,548,one-beat-ahead,0.7367,0.268438,0.51811,0.339278,10.4835,0.0047,0.9185,38.497
212,F_MED,10,RF,B_latidos,2188,548,one-beat-ahead,0.7645,0.24013,0.490031,0.300615,10.137,0.0472,0.9316,13.274
212,F_MED,10,SVR_rbf,B_latidos,2188,548,one-beat-ahead,0.6611,0.203676,0.451305,0.184093,9.5374,0.1427,0.9628,0.531
212,F_MED,10,MLP,B_latidos,2188,548,one-beat-ahead,0.7195,0.286021,0.53481,0.33627,10.436,0.0041,0.8876,2.032
212,F_N+PB,3,LinReg,B_latidos,2194,549,one-beat-ahead,-11.3814,11.615756,3.40819,0.541182,155.7555,0.025,0.9096,0.56
212,F_N+PB,3,DT,B_latidos,2194,549,one-beat-ahead,0.6888,0.291941,0.540316,0.24308,11.0951,0.0022,0.9041,11.781
212,F_N+PB,3,RF,B_latidos,2194,549,one-beat-ahead,0.7738,0.21225,0.460706,0.21606,9.5865,0.045,0.9258,6.047
212,F_N+PB,3,SVR_rbf,B_latidos,2194,549,one-beat-ahead,0.8458,0.004393,0.066278,0.041791,1.4056,1.1441,0.9028,1.774
212,F_N+PB,3,MLP,B_latidos,2194,549,one-beat-ahead,0.7698,0.216006,0.464765,0.211645,9.3815,0.0216,0.872,6.291
212,F_N+PB,5,LinReg,B_latidos,2192,549,one-beat-ahead,-51.3306,49.096243,7.006871,0.857342,338.713,0.0484,0.9494,1.814
212,F_N+PB,5,DT,B_latidos,2192,549,one-beat-ahead,0.701,0.280495,0.529618,0.241683,9.8443,0.0031,0.9046,19.957
212,F_N+PB,5,RF,B_latidos,2192,549,one-beat-ahead,0.779,0.207327,0.455331,0.215486,9.2914,0.0464,0.9288,7.723
212,F_N+PB,5,SVR_rbf,B_latidos,2192,549,one-beat-ahead,0.5127,0.013878,0.117807,0.077129,2.2734,0.1344,0.8957,0.596
212,F_N+PB,5,MLP,B_latidos,2192,549,one-beat-ahead,0.7521,0.232546,0.48223,0.224924,9.2788,0.0041,0.9136,8.494
212,F_N+PB,10,LinReg,B_latidos,2188,548,one-beat-ahead,-67.429,64.198606,8.012403,2.301355,114.2155,0.085,1.0,8.518
212,F_N+PB,10,DT,B_latidos,2188,548,one-beat-ahead,0.6901,0.290697,0.539164,0.248023,11.105,0.0048,0.9086,37.704
212,F_N+PB,10,RF,B_latidos,2188,548,one-beat-ahead,0.7796,0.206779,0.454729,0.217993,9.3092,0.0472,0.9323,13.374
212,F_N+PB,10,SVR_rbf,B_latidos,2188,548,one-beat-ahead,0.3455,0.018677,0.136665,0.09304,2.3691,0.1386,0.9087,0.598
212,F_N+PB,10,MLP,B_latidos,2188,548,one-beat-ahead,0.7438,0.240402,0.490308,0.233621,9.3287,0.0041,0.9184,4.345
212,F_N+MED,3,LinReg,B_latidos,2194,549,one-beat-ahead,0.732,0.273223,0.522707,0.329086,10.2551,0.0319,0.9199,0.802
212,F_N+MED,3,DT,B_latidos,2194,549,one-beat-ahead,0.7036,0.302197,0.549725,0.340808,10.0163,0.0022,0.9201,11.605
212,F_N+MED,3,RF,B_latidos,2194,549,one-beat-ahead,0.7712,0.233306,0.483018,0.290268,9.6443,0.0453,0.9318,8.44
212,F_N+MED,3,SVR_rbf,B_latidos,2194,549,one-beat-ahead,0.7693,0.13844,0.372076,0.091004,8.5268,1.1654,0.9763,1.577
212,F_N+MED,3,MLP,B_latidos,2194,549,one-beat-ahead,0.7901,0.214033,0.462637,0.285878,9.6087,0.0108,0.8677,2.487
212,F_N+MED,5,LinReg,B_latidos,2192,549,one-beat-ahead,0.6152,0.392314,0.62635,0.413143,11.0102,0.0476,0.9516,2.525
212,F_N+MED,5,DT,B_latidos,2192,549,one-beat-ahead,0.7008,0.305041,0.552305,0.343194,10.9011,0.0032,0.9212,19.657
212,F_N+MED,5,RF,B_latidos,2192,549,one-beat-ahead,0.7738,0.230674,0.480285,0.290028,9.6668,0.0642,0.9323,7.674
212,F_N+MED,5,SVR_rbf,B_latidos,2192,549,one-beat-ahead,0.6641,0.201519,0.448909,0.143684,9.6397,0.2677,0.9599,0.535
212,F_N+MED,5,MLP,B_latidos,2192,549,one-beat-ahead,0.7779,0.226448,0.475865,0.301396,9.3492,0.004,0.8972,5.911
212,F_N+MED,10,LinReg,B_latidos,2188,548,one-beat-ahead,-0.2543,1.27969,1.131234,0.80205,18.6659,0.0914,1.0,9.156
212,F_N+MED,10,DT,B_latidos,2188,548,one-beat-ahead,0.7071,0.29882,0.546644,0.346272,11.2089,0.0048,0.9218,38.186
212,F_N+MED,10,RF,B_latidos,2188,548,one-beat-ahead,0.7721,0.232554,0.482239,0.297128,9.7878,0.0464,0.9312,13.314
212,F_N+MED,10,SVR_rbf,B_latidos,2188,548,one-beat-ahead,0.6597,0.204495,0.452211,0.184067,9.5261,0.1405,0.9627,0.522
212,F_N+MED,10,MLP,B_latidos,2188,548,one-beat-ahead,0.7199,0.285827,0.534628,0.335865,10.475,0.0041,0.8963,2.427
212,F_N+PB+MED,3,LinReg,B_latidos,2194,549,one-beat-ahead,0.8319,0.122472,0.349961,0.220962,6.8593,0.0266,0.9617,0.608
212,F_N+PB+MED,3,DT,B_latidos,2194,549,one-beat-ahead,0.8268,0.126168,0.355202,0.214159,6.8683,0.0029,0.946,11.974
212,F_N+PB+MED,3,RF,B_latidos,2194,549,one-beat-ahead,0.8863,0.082851,0.287838,0.183242,5.6653,0.0467,0.957,7.817
212,F_N+PB+MED,3,SVR_rbf,B_latidos,2194,549,one-beat-ahead,0.9315,0.004954,0.070385,0.035258,1.6255,1.1318,0.9636,1.981
212,F_N+PB+MED,3,MLP,B_latidos,2194,549,one-beat-ahead,0.8976,0.074603,0.273135,0.176394,5.7788,0.012,0.9435,6.193
212,F_N+PB+MED,5,LinReg,B_latidos,2192,549,one-beat-ahead,0.743,0.187218,0.432686,0.280861,7.8862,0.0416,0.9782,3.502
212,F_N+PB+MED,5,DT,B_latidos,2192,549,one-beat-ahead,0.8112,0.137574,0.370909,0.21849,6.8063,0.0032,0.9469,18.962
212,F_N+PB+MED,5,RF,B_latidos,2192,549,one-beat-ahead,0.8864,0.082755,0.287672,0.184123,5.6513,0.0676,0.9574,10.175
212,F_N+PB+MED,5,SVR_rbf,B_latidos,2192,549,one-beat-ahead,0.6879,0.022586,0.150287,0.079045,3.191,0.139,0.937,0.63
212,F_N+PB+MED,5,MLP,B_latidos,2192,549,one-beat-ahead,0.8811,0.086644,0.294353,0.189152,6.0556,0.004,0.9506,2.851
212,F_N+PB+MED,10,LinReg,B_latidos,2188,548,one-beat-ahead,0.0554,0.687888,0.82939,0.555917,14.5798,0.0413,1.0,10.926
212,F_N+PB+MED,10,DT,B_latidos,2188,548,one-beat-ahead,0.8174,0.13299,0.364679,0.215194,6.5416,0.0044,0.9481,37.863
212,F_N+PB+MED,10,RF,B_latidos,2188,548,one-beat-ahead,0.8821,0.085855,0.29301,0.187405,5.6895,0.0477,0.9567,13.74
212,F_N+PB+MED,10,SVR_rbf,B_latidos,2188,548,one-beat-ahead,0.6154,0.027896,0.167022,0.104168,3.4011,0.1413,0.9175,0.493
212,F_N+PB+MED,10,MLP,B_latidos,2188,548,one-beat-ahead,0.8613,0.100986,0.317783,0.208365,6.2978,0.0041,0.9514,8.363
213,F_SIN,3,LinReg,B_latidos,2596,650,one-beat-ahead,0.1205,0.915679,0.956911,0.417086,13.8741,0.0297,0.8747,0.567
213,F_SIN,3,DT,B_latidos,2596,650,one-beat-ahead,0.6186,0.397131,0.630183,0.360768,10.8902,0.0021,0.8642,13.921
213,F_SIN,3,RF,B_latidos,2596,650,one-beat-ahead,0.7173,0.29437,0.542559,0.330391,10.2646,0.0387,0.8974,7.307
213,F_SIN,3,SVR_rbf,B_latidos,2596,650,one-beat-ahead,0.9581,0.010574,0.102832,0.051494,2.253,1.3875,0.9925,2.739
213,F_SIN,3,MLP,B_latidos,2596,650,one-beat-ahead,0.7356,0.275258,0.52465,0.307021,9.0242,0.0105,0.8297,4.096
213,F_SIN,5,LinReg,B_latidos,2595,649,one-beat-ahead,-0.4914,1.553181,1.246267,0.545545,20.2446,0.0494,0.9109,2.229
213,F_SIN,5,DT,B_latidos,2595,649,one-beat-ahead,0.567,0.450989,0.671557,0.37913,10.9282,0.003,0.8665,23.301
213,F_SIN,5,RF,B_latidos,2595,649,one-beat-ahead,0.713,0.298852,0.546674,0.333779,9.5814,0.0384,0.9002,11.87
213,F_SIN,5,SVR_rbf,B_latidos,2595,649,one-beat-ahead,0.854,0.036897,0.192085,0.121619,4.1944,0.1589,0.9843,0.773
213,F_SIN,5,MLP,B_latidos,2595,649,one-beat-ahead,0.7224,0.289063,0.537646,0.323248,9.824,0.0039,0.8516,2.807
213,F_SIN,10,LinReg,B_latidos,2591,648,one-beat-ahead,-8.1822,9.566053,3.092904,1.347458,56.6641,0.0409,0.9824,11.847
213,F_SIN,10,DT,B_latidos,2591,648,one-beat-ahead,0.5734,0.444453,0.666673,0.378273,12.0793,0.0044,0.8651,46.059
213,F_SIN,10,RF,B_latidos,2591,648,one-beat-ahead,0.7083,0.303889,0.551261,0.336849,11.3733,0.0399,0.8988,15.771
213,F_SIN,10,SVR_rbf,B_latidos,2591,648,one-beat-ahead,0.7947,0.051946,0.227916,0.158568,4.717,0.1997,0.9728,0.763
213,F_SIN,10,MLP,B_latidos,2591,648,one-beat-ahead,0.6984,0.31422,0.560553,0.340848,11.3612,0.0353,0.8642,7.159
213,F_N,3,LinReg,B_latidos,2596,650,one-beat-ahead,0.129,0.906864,0.952294,0.415863,13.9189,0.0226,0.8749,0.834
213,F_N,3,DT,B_latidos,2596,650,one-beat-ahead,0.6191,0.396599,0.629761,0.36142,10.822,0.0028,0.8627,13.787
213,F_N,3,RF,B_latidos,2596,650,one-beat-ahead,0.717,0.294648,0.542815,0.330406,10.0716,0.038,0.8986,7.552
213,F_N,3,SVR_rbf,B_latidos,2596,650,one-beat-ahead,0.958,0.01059,0.102907,0.051555,2.2559,1.4254,0.9925,2.285
213,F_N,3,MLP,B_latidos,2596,650,one-beat-ahead,0.737,0.273837,0.523294,0.305655,8.9828,0.0104,0.8295,4.1
213,F_N,5,LinReg,B_latidos,2595,649,one-beat-ahead,-0.4627,1.523294,1.234218,0.541296,19.4502,0.0323,0.911,1.72
213,F_N,5,DT,B_latidos,2595,649,one-beat-ahead,0.5804,0.436975,0.661041,0.373789,10.5018,0.003,0.8655,23.679
213,F_N,5,RF,B_latidos,2595,649,one-beat-ahead,0.7099,0.30214,0.549673,0.334814,9.6577,0.0572,0.9006,10.462
213,F_N,5,SVR_rbf,B_latidos,2595,649,one-beat-ahead,0.854,0.036891,0.192071,0.121556,4.1923,0.305,0.9843,1.229
213,F_N,5,MLP,B_latidos,2595,649,one-beat-ahead,0.7234,0.2881,0.536749,0.321751,9.7157,0.0041,0.851,2.888
213,F_N,10,LinReg,B_latidos,2591,648,one-beat-ahead,-8.7518,10.159553,3.187405,1.352807,56.2479,0.0412,0.9825,12.818
213,F_N,10,DT,B_latidos,2591,648,one-beat-ahead,0.571,0.446929,0.668528,0.380045,12.0576,0.0047,0.8637,45.93
213,F_N,10,RF,B_latidos,2591,648,one-beat-ahead,0.7038,0.308617,0.555533,0.338675,10.9385,0.0404,0.8998,15.744
213,F_N,10,SVR_rbf,B_latidos,2591,648,one-beat-ahead,0.7947,0.051948,0.227921,0.158587,4.7172,0.1699,0.9728,0.763
213,F_N,10,MLP,B_latidos,2591,648,one-beat-ahead,0.6998,0.31278,0.559268,0.341247,11.456,0.0042,0.8639,4.18
213,F_PB,3,LinReg,B_latidos,2596,650,one-beat-ahead,-682965917407.358,669717066533.1602,818362.429815,40497.19712,11065690.8421,0.0299,0.8873,0.783
213,F_PB,3,DT,B_latidos,2596,650,one-beat-ahead,0.6316,0.361218,0.601014,0.301459,10.1676,0.0022,0.8811,14.244
213,F_PB,3,RF,B_latidos,2596,650,one-beat-ahead,0.7256,0.269034,0.518685,0.27752,8.7932,0.038,0.9034,10.094
213,F_PB,3,SVR_rbf,B_latidos,2596,650,one-beat-ahead,0.8897,0.010507,0.102502,0.038925,2.4446,1.0514,0.9901,2.154
213,F_PB,3,MLP,B_latidos,2596,650,one-beat-ahead,0.7352,0.259651,0.50956,0.27016,8.3905,0.0104,0.8561,11.475
213,F_PB,5,LinReg,B_latidos,2595,649,one-beat-ahead,-45810209007.4838,44927138394.28187,211960.228331,10444.135683,840360.37,0.0302,0.9242,1.612
213,F_PB,5,DT,B_latidos,2595,649,one-beat-ahead,0.6238,0.368946,0.607409,0.302804,10.7391,0.0031,0.8837,24.313
213,F_PB,5,RF,B_latidos,2595,649,one-beat-ahead,0.7317,0.263115,0.512947,0.274293,9.1958,0.055,0.9055,11.756
213,F_PB,5,SVR_rbf,B_latidos,2595,649,one-beat-ahead,0.7319,0.025563,0.159884,0.085592,3.2288,0.1895,0.9814,0.917
213,F_PB,5,MLP,B_latidos,2595,649,one-beat-ahead,0.7102,0.284181,0.533086,0.277803,9.5067,0.0039,0.8928,4.717
213,F_PB,10,LinReg,B_latidos,2591,648,one-beat-ahead,-392627867879.8316,385104224145.1905,620567.662826,46968.126826,10454947.3904,0.0408,0.9856,11.251
213,F_PB,10,DT,B_latidos,2591,648,one-beat-ahead,0.5911,0.401044,0.63328,0.314709,10.6729,0.0043,0.8859,47.036
213,F_PB,10,RF,B_latidos,2591,648,one-beat-ahead,0.7215,0.273189,0.522675,0.280974,10.8321,0.0415,0.9052,16.141
213,F_PB,10,SVR_rbf,B_latidos,2591,648,one-beat-ahead,0.6878,0.029802,0.172631,0.105832,3.6253,0.1641,0.9699,0.767
213,F_PB,10,MLP,B_latidos,2591,648,one-beat-ahead,0.7008,0.2935,0.541756,0.293785,11.367,0.0045,0.8701,8.979
213,F_MED,3,LinReg,B_latidos,2596,650,one-beat-ahead,0.2591,0.81555,0.903078,0.474599,13.1435,0.0295,0.8361,0.576
213,F_MED,3,DT,B_latidos,2596,650,one-beat-ahead,0.4151,0.643872,0.802416,0.453592,14.3552,0.0022,0.8624,14.074
213,F_MED,3,RF,B_latidos,2596,650,one-beat-ahead,0.6038,0.436123,0.660396,0.397834,11.0209,0.0379,0.8872,7.399
213,F_MED,3,SVR_rbf,B_latidos,2596,650,one-beat-ahead,0.952,0.024544,0.156665,0.075345,3.2787,1.3877,0.9894,2.889
213,F_MED,3,MLP,B_latidos,2596,650,one-beat-ahead,0.647,0.388563,0.623348,0.347882,10.3083,0.0106,0.7579,4.927
213,F_MED,5,LinReg,B_latidos,2595,649,one-beat-ahead,-0.6383,1.804802,1.343429,0.614015,15.459,0.0245,0.8809,5.796
213,F_MED,5,DT,B_latidos,2595,649,one-beat-ahead,0.3914,0.670469,0.818822,0.465292,13.1644,0.0029,0.8709,22.374
213,F_MED,5,RF,B_latidos,2595,649,one-beat-ahead,0.5932,0.448132,0.669427,0.406678,12.0934,0.0389,0.8882,11.996
213,F_MED,5,SVR_rbf,B_latidos,2595,649,one-beat-ahead,0.8908,0.055863,0.236354,0.129431,5.2372,0.156,0.9831,0.696
213,F_MED,5,MLP,B_latidos,2595,649,one-beat-ahead,0.5879,0.453989,0.673787,0.372299,11.8546,0.0038,0.8015,2.728
213,F_MED,10,LinReg,B_latidos,2591,648,one-beat-ahead,-13.4803,15.96234,3.99529,1.696195,52.3291,0.0415,0.9794,11.681
213,F_MED,10,DT,B_latidos,2591,648,one-beat-ahead,0.3445,0.722535,0.85002,0.467179,16.605,0.005,0.8711,46.006
213,F_MED,10,RF,B_latidos,2591,648,one-beat-ahead,0.5959,0.445408,0.667389,0.404327,13.8312,0.0408,0.8906,15.855
213,F_MED,10,SVR_rbf,B_latidos,2591,648,one-beat-ahead,0.8408,0.081567,0.285599,0.189405,6.1066,0.1946,0.9677,0.671
213,F_MED,10,MLP,B_latidos,2591,648,one-beat-ahead,0.5589,0.486191,0.697274,0.415814,14.0863,0.0039,0.7897,7.302
213,F_N+PB,3,LinReg,B_latidos,2596,650,one-beat-ahead,-652286007347.8188,639644386838.386,799777.710891,39919.926332,11224152.6707,0.0255,0.8876,0.588
213,F_N+PB,3,DT,B_latidos,2596,650,one-beat-ahead,0.6345,0.358398,0.598664,0.300254,10.0552,0.002,0.8812,14.338
213,F_N+PB,3,RF,B_latidos,2596,650,one-beat-ahead,0.7303,0.264469,0.514266,0.275713,8.7779,0.038,0.9032,7.592
213,F_N+PB,3,SVR_rbf,B_latidos,2596,650,one-beat-ahead,0.8897,0.010508,0.10251,0.038936,2.4449,1.0599,0.9901,2.785
213,F_N+PB,3,MLP,B_latidos,2596,650,one-beat-ahead,0.7342,0.26069,0.510578,0.269971,8.3876,0.0163,0.8583,7.97
213,F_N+PB,5,LinReg,B_latidos,2595,649,one-beat-ahead,-52342866369.7377,51334836671.94326,226571.923839,11011.8988,735336.0892,0.0261,0.9244,3.309
213,F_N+PB,5,DT,B_latidos,2595,649,one-beat-ahead,0.6319,0.361035,0.600862,0.297931,9.8453,0.0032,0.8837,23.034
213,F_N+PB,5,RF,B_latidos,2595,649,one-beat-ahead,0.7308,0.264021,0.513829,0.274869,9.1364,0.0386,0.9051,12.212
213,F_N+PB,5,SVR_rbf,B_latidos,2595,649,one-beat-ahead,0.7319,0.025571,0.15991,0.085612,3.2297,0.1558,0.9814,0.738
213,F_N+PB,5,MLP,B_latidos,2595,649,one-beat-ahead,0.7084,0.285948,0.534741,0.278832,9.2524,0.004,0.8975,9.756
213,F_N+PB,10,LinReg,B_latidos,2591,648,one-beat-ahead,-363191949073.8822,356239101934.7656,596857.689851,45642.338667,14038585.9076,0.0411,0.9856,12.617
213,F_N+PB,10,DT,B_latidos,2591,648,one-beat-ahead,0.5956,0.396661,0.62981,0.312082,10.516,0.0046,0.8859,47.387
213,F_N+PB,10,RF,B_latidos,2591,648,one-beat-ahead,0.721,0.273679,0.523143,0.281473,10.7944,0.0417,0.9058,16.193
213,F_N+PB,10,SVR_rbf,B_latidos,2591,648,one-beat-ahead,0.6878,0.029809,0.172654,0.105849,3.6256,0.1637,0.9699,0.762
213,F_N+PB,10,MLP,B_latidos,2591,648,one-beat-ahead,0.7045,0.289876,0.538401,0.294863,10.9656,0.0039,0.859,3.89
213,F_N+MED,3,LinReg,B_latidos,2596,650,one-beat-ahead,0.2768,0.796149,0.892272,0.47233,13.7558,0.0445,0.8359,0.617
213,F_N+MED,3,DT,B_latidos,2596,650,one-beat-ahead,0.4214,0.63688,0.798048,0.45125,14.2702,0.0021,0.8682,13.965
213,F_N+MED,3,RF,B_latidos,2596,650,one-beat-ahead,0.6096,0.429735,0.655542,0.396341,11.4185,0.0382,0.8886,9.919
213,F_N+MED,3,SVR_rbf,B_latidos,2596,650,one-beat-ahead,0.952,0.02452,0.156589,0.075382,3.277,1.2929,0.9894,2.285
213,F_N+MED,3,MLP,B_latidos,2596,650,one-beat-ahead,0.6465,0.389086,0.623768,0.345895,10.1931,0.0107,0.7718,10.625
213,F_N+MED,5,LinReg,B_latidos,2595,649,one-beat-ahead,-0.4236,1.568301,1.252318,0.592298,15.4681,0.0311,0.8806,1.694
213,F_N+MED,5,DT,B_latidos,2595,649,one-beat-ahead,0.3922,0.66959,0.818285,0.461516,14.3707,0.003,0.8691,23.643
213,F_N+MED,5,RF,B_latidos,2595,649,one-beat-ahead,0.5945,0.446746,0.668391,0.407566,11.7934,0.0428,0.8895,10.207
213,F_N+MED,5,SVR_rbf,B_latidos,2595,649,one-beat-ahead,0.8908,0.055903,0.236438,0.129442,5.2397,0.3035,0.983,1.09
213,F_N+MED,5,MLP,B_latidos,2595,649,one-beat-ahead,0.5946,0.446646,0.668316,0.365487,11.6734,0.004,0.8116,3.785
213,F_N+MED,10,LinReg,B_latidos,2591,648,one-beat-ahead,-10.4429,12.613943,3.551611,1.610722,46.9706,0.0404,0.9799,12.829
213,F_N+MED,10,DT,B_latidos,2591,648,one-beat-ahead,0.3226,0.746734,0.864137,0.48026,15.9062,0.0045,0.8765,46.407
213,F_N+MED,10,RF,B_latidos,2591,648,one-beat-ahead,0.5986,0.442426,0.665151,0.402367,13.7866,0.0401,0.8892,15.734
213,F_N+MED,10,SVR_rbf,B_latidos,2591,648,one-beat-ahead,0.8407,0.081618,0.285688,0.189407,6.1084,0.1723,0.9676,0.652
213,F_N+MED,10,MLP,B_latidos,2591,648,one-beat-ahead,0.5817,0.461057,0.679012,0.399173,13.6801,0.0042,0.8007,3.022
213,F_N+PB+MED,3,LinReg,B_latidos,2596,650,one-beat-ahead,-1.0709,2.010985,1.418092,0.499658,25.1247,0.035,0.8282,0.562
213,F_N+PB+MED,3,DT,B_latidos,2596,650,one-beat-ahead,0.3559,0.625441,0.790849,0.369317,10.2182,0.002,0.8681,14.392
213,F_N+PB+MED,3,RF,B_latidos,2596,650,one-beat-ahead,0.5669,0.420576,0.648519,0.338786,9.9008,0.0377,0.8916,10.154
213,F_N+PB+MED,3,SVR_rbf,B_latidos,2596,650,one-beat-ahead,0.8748,0.026895,0.163997,0.056656,3.757,0.9938,0.9882,1.891
213,F_N+PB+MED,3,MLP,B_latidos,2596,650,one-beat-ahead,0.5518,0.43521,0.659705,0.338024,10.1258,0.011,0.8017,13.164
213,F_N+PB+MED,5,LinReg,B_latidos,2595,649,one-beat-ahead,-3.2816,4.160157,2.039646,0.661334,31.9893,0.0266,0.8763,1.656
213,F_N+PB+MED,5,DT,B_latidos,2595,649,one-beat-ahead,0.3782,0.604135,0.777261,0.360775,13.2828,0.003,0.8777,24.18
213,F_N+PB+MED,5,RF,B_latidos,2595,649,one-beat-ahead,0.5605,0.427048,0.653489,0.345957,10.991,0.0388,0.8906,12.174
213,F_N+PB+MED,5,SVR_rbf,B_latidos,2595,649,one-beat-ahead,0.8037,0.042207,0.205444,0.089354,4.3785,0.1437,0.9789,0.563
213,F_N+PB+MED,5,MLP,B_latidos,2595,649,one-beat-ahead,0.5806,0.407467,0.638332,0.332708,10.1346,0.0039,0.7801,1.912
213,F_N+PB+MED,10,LinReg,B_latidos,2591,648,one-beat-ahead,-50.4599,50.009243,7.071721,2.255842,133.9126,0.0414,0.9793,12.066
213,F_N+PB+MED,10,DT,B_latidos,2591,648,one-beat-ahead,0.2859,0.693979,0.833054,0.382725,14.6762,0.0043,0.8815,47.504
213,F_N+PB+MED,10,RF,B_latidos,2591,648,one-beat-ahead,0.5264,0.46026,0.678425,0.362411,13.938,0.0424,0.8901,16.366
213,F_N+PB+MED,10,SVR_rbf,B_latidos,2591,648,one-beat-ahead,0.7833,0.046637,0.215955,0.121649,4.8304,0.1968,0.9624,0.613
213,F_N+PB+MED,10,MLP,B_latidos,2591,648,one-beat-ahead,0.5055,0.48055,0.693217,0.369009,13.9107,0.041,0.8106,3.986
214,F_SIN,3,LinReg,B_latidos,1804,451,one-beat-ahead,0.2672,0.702106,0.837918,0.488703,12.8621,0.0469,0.774,1.722
214,F_SIN,3,DT,B_latidos,1804,451,one-beat-ahead,0.4164,0.559153,0.747766,0.355271,12.6405,0.0024,0.7322,8.75
214,F_SIN,3,RF,B_latidos,1804,451,one-beat-ahead,0.6131,0.370748,0.608891,0.295458,10.8566,0.0546,0.7788,7.446
214,F_SIN,3,SVR_rbf,B_latidos,1804,451,one-beat-ahead,0.8938,0.007313,0.085517,0.04653,1.7525,0.8729,0.9772,0.973
214,F_SIN,3,MLP,B_latidos,1804,451,one-beat-ahead,0.5968,0.386362,0.62158,0.31615,10.1724,0.0111,0.6143,2.235
214,F_SIN,5,LinReg,B_latidos,1802,451,one-beat-ahead,-0.5883,1.521632,1.233545,0.75988,19.9895,0.0587,0.8911,1.722
214,F_SIN,5,DT,B_latidos,1802,451,one-beat-ahead,0.4625,0.514934,0.717589,0.336818,12.2799,0.0033,0.735,15.773
214,F_SIN,5,RF,B_latidos,1802,451,one-beat-ahead,0.6077,0.375781,0.61301,0.297597,10.7729,0.0543,0.7798,9.04
214,F_SIN,5,SVR_rbf,B_latidos,1802,451,one-beat-ahead,0.7736,0.015598,0.124894,0.073945,2.3689,0.111,0.9383,0.335
214,F_SIN,5,MLP,B_latidos,1802,451,one-beat-ahead,0.5833,0.39923,0.631847,0.327094,10.5558,0.0052,0.6683,1.745
214,F_SIN,10,LinReg,B_latidos,1798,450,one-beat-ahead,-1.1692,2.078662,1.441757,0.901735,23.5079,0.0418,1.0,8.711
214,F_SIN,10,DT,B_latidos,1798,450,one-beat-ahead,0.4685,0.509283,0.713641,0.341161,9.6357,0.0044,0.7388,31.495
214,F_SIN,10,RF,B_latidos,1798,450,one-beat-ahead,0.6081,0.37554,0.612813,0.30075,9.3535,0.0604,0.7828,9.973
214,F_SIN,10,SVR_rbf,B_latidos,1798,450,one-beat-ahead,0.6471,0.024351,0.156048,0.100098,2.6117,0.235,0.8973,0.535
214,F_SIN,10,MLP,B_latidos,1798,450,one-beat-ahead,0.5387,0.442042,0.664863,0.356008,9.9548,0.0041,0.7037,3.748
214,F_N,3,LinReg,B_latidos,1804,451,one-beat-ahead,0.2655,0.703776,0.838914,0.492289,13.7941,0.0308,0.7748,0.549
214,F_N,3,DT,B_latidos,1804,451,one-beat-ahead,0.4689,0.508883,0.71336,0.33873,12.1279,0.0028,0.7443,9.19
214,F_N,3,RF,B_latidos,1804,451,one-beat-ahead,0.615,0.36885,0.60733,0.294586,10.9587,0.0574,0.7832,6.552
214,F_N,3,SVR_rbf,B_latidos,1804,451,one-beat-ahead,0.8999,0.006889,0.083,0.042475,1.7111,0.8553,0.9794,0.997
214,F_N,3,MLP,B_latidos,1804,451,one-beat-ahead,0.6024,0.380959,0.617219,0.306118,10.2852,0.0108,0.6386,2.967
214,F_N,5,LinReg,B_latidos,1802,451,one-beat-ahead,-0.4922,1.429471,1.195605,0.73391,18.021,0.0382,0.8888,5.165
214,F_N,5,DT,B_latidos,1802,451,one-beat-ahead,0.4599,0.517429,0.719325,0.33373,11.7677,0.003,0.7448,15.854
214,F_N,5,RF,B_latidos,1802,451,one-beat-ahead,0.6079,0.375617,0.612876,0.297458,10.8462,0.0542,0.7802,6.568
214,F_N,5,SVR_rbf,B_latidos,1802,451,one-beat-ahead,0.7714,0.015728,0.125413,0.07265,2.3819,0.1092,0.939,0.359
214,F_N,5,MLP,B_latidos,1802,451,one-beat-ahead,0.5803,0.402114,0.634125,0.329248,10.6505,0.0132,0.6679,1.938
214,F_N,10,LinReg,B_latidos,1798,450,one-beat-ahead,-1.1012,2.013472,1.418969,0.871696,19.7289,0.0418,1.0,5.826
214,F_N,10,DT,B_latidos,1798,450,one-beat-ahead,0.4349,0.541544,0.735897,0.34711,9.9396,0.0048,0.7413,31.797
214,F_N,10,RF,B_latidos,1798,450,one-beat-ahead,0.6042,0.379292,0.615867,0.300526,9.35,0.058,0.7809,11.673
214,F_N,10,SVR_rbf,B_latidos,1798,450,one-beat-ahead,0.6482,0.024243,0.1557,0.099258,2.609,0.1168,0.8977,0.357
214,F_N,10,MLP,B_latidos,1798,450,one-beat-ahead,0.5312,0.449274,0.670279,0.357128,10.0672,0.0045,0.7176,2.186
214,F_PB,3,LinReg,B_latidos,1804,451,one-beat-ahead,-984.054,965.052653,31.065297,2.151075,2033.1466,0.0283,0.7944,0.499
214,F_PB,3,DT,B_latidos,1804,451,one-beat-ahead,0.5438,0.446952,0.668545,0.298562,11.3514,0.0025,0.7611,10.258
214,F_PB,3,RF,B_latidos,1804,451,one-beat-ahead,0.6269,0.365541,0.604599,0.287407,10.7685,0.0539,0.7937,5.15
214,F_PB,3,SVR_rbf,B_latidos,1804,451,one-beat-ahead,0.9013,0.006582,0.081131,0.035876,1.6498,0.7455,0.9772,0.955
214,F_PB,3,MLP,B_latidos,1804,451,one-beat-ahead,0.6022,0.389717,0.624273,0.305032,10.4531,0.011,0.6026,6.477
214,F_PB,5,LinReg,B_latidos,1802,451,one-beat-ahead,-13025.5035,12759.928799,112.959855,7.901737,2422.1021,0.044,0.901,1.752
214,F_PB,5,DT,B_latidos,1802,451,one-beat-ahead,0.4694,0.519733,0.720925,0.31741,11.2541,0.0035,0.7609,16.353
214,F_PB,5,RF,B_latidos,1802,451,one-beat-ahead,0.6329,0.359583,0.599652,0.283724,10.9983,0.0574,0.7971,7.703
214,F_PB,5,SVR_rbf,B_latidos,1802,451,one-beat-ahead,0.8097,0.01269,0.11265,0.054779,1.9419,0.2148,0.9456,0.554
214,F_PB,5,MLP,B_latidos,1802,451,one-beat-ahead,0.5863,0.405243,0.636587,0.314645,11.1333,0.0042,0.6871,3.502
214,F_PB,10,LinReg,B_latidos,1798,450,one-beat-ahead,-32.9027,33.218963,5.763589,3.174152,109.5589,0.0435,1.0,5.323
214,F_PB,10,DT,B_latidos,1798,450,one-beat-ahead,0.4375,0.551132,0.742382,0.320725,9.9463,0.0063,0.7728,32.417
214,F_PB,10,RF,B_latidos,1798,450,one-beat-ahead,0.6248,0.367653,0.606344,0.289191,9.498,0.0558,0.8035,11.049
214,F_PB,10,SVR_rbf,B_latidos,1798,450,one-beat-ahead,0.7458,0.016989,0.130341,0.067453,2.0282,0.1485,0.9091,0.345
214,F_PB,10,MLP,B_latidos,1798,450,one-beat-ahead,0.5432,0.447622,0.669045,0.336674,10.6831,0.0042,0.7036,2.112
214,F_MED,3,LinReg,B_latidos,1804,451,one-beat-ahead,0.1425,0.761302,0.872526,0.545782,14.7732,0.0357,0.7864,2.839
214,F_MED,3,DT,B_latidos,1804,451,one-beat-ahead,0.5268,0.42012,0.648167,0.334788,11.3057,0.0025,0.8114,9.403
214,F_MED,3,RF,B_latidos,1804,451,one-beat-ahead,0.6517,0.30921,0.556066,0.297699,10.9827,0.0538,0.8296,7.678
214,F_MED,3,SVR_rbf,B_latidos,1804,451,one-beat-ahead,0.9188,0.012076,0.109893,0.037608,2.3199,0.9288,0.9779,1.024
214,F_MED,3,MLP,B_latidos,1804,451,one-beat-ahead,0.6329,0.325935,0.570907,0.324023,11.2034,0.0111,0.6873,4.433
214,F_MED,5,LinReg,B_latidos,1802,451,one-beat-ahead,-0.7363,1.540874,1.241319,0.823694,22.5308,0.0533,0.8932,5.671
214,F_MED,5,DT,B_latidos,1802,451,one-beat-ahead,0.4685,0.471721,0.686819,0.336523,12.2752,0.0048,0.8073,16.631
214,F_MED,5,RF,B_latidos,1802,451,one-beat-ahead,0.6458,0.31434,0.560661,0.295972,11.0298,0.0551,0.8251,6.726
214,F_MED,5,SVR_rbf,B_latidos,1802,451,one-beat-ahead,0.8688,0.019514,0.139692,0.071249,2.8641,0.1099,0.9459,0.341
214,F_MED,5,MLP,B_latidos,1802,451,one-beat-ahead,0.5929,0.361276,0.601063,0.339114,11.0331,0.021,0.645,1.837
214,F_MED,10,LinReg,B_latidos,1798,450,one-beat-ahead,-1.4991,2.219173,1.489689,0.992194,23.6179,0.0425,1.0,6.592
214,F_MED,10,DT,B_latidos,1798,450,one-beat-ahead,0.4475,0.49066,0.700471,0.340447,10.4807,0.0047,0.8196,32.068
214,F_MED,10,RF,B_latidos,1798,450,one-beat-ahead,0.6455,0.314793,0.561064,0.298616,8.8619,0.0578,0.8299,11.694
214,F_MED,10,SVR_rbf,B_latidos,1798,450,one-beat-ahead,0.7514,0.037004,0.192365,0.118965,3.6332,0.1145,0.8944,0.323
214,F_MED,10,MLP,B_latidos,1798,450,one-beat-ahead,0.5503,0.399305,0.631906,0.361721,10.188,0.0042,0.722,2.518
214,F_N+PB,3,LinReg,B_latidos,1804,451,one-beat-ahead,-1166.5182,1143.809287,33.82025,2.163017,1246.3504,0.0249,0.792,0.507
214,F_N+PB,3,DT,B_latidos,1804,451,one-beat-ahead,0.4818,0.507642,0.71249,0.317409,11.2586,0.0025,0.7702,10.431
214,F_N+PB,3,RF,B_latidos,1804,451,one-beat-ahead,0.6325,0.360042,0.600035,0.284424,10.8747,0.0545,0.7965,5.158
214,F_N+PB,3,SVR_rbf,B_latidos,1804,451,one-beat-ahead,0.9012,0.006588,0.081167,0.035909,1.6496,1.2,0.9772,0.94
214,F_N+PB,3,MLP,B_latidos,1804,451,one-beat-ahead,0.6016,0.390356,0.624785,0.305214,10.4581,0.0113,0.6028,4.357
214,F_N+PB,5,LinReg,B_latidos,1802,451,one-beat-ahead,-12465.4357,12211.293947,110.504724,8.176904,2865.3243,0.042,0.899,1.767
214,F_N+PB,5,DT,B_latidos,1802,451,one-beat-ahead,0.4425,0.546078,0.738971,0.326539,11.247,0.0034,0.7594,16.933
214,F_N+PB,5,RF,B_latidos,1802,451,one-beat-ahead,0.632,0.360506,0.600421,0.283883,11.006,0.06,0.7933,9.396
214,F_N+PB,5,SVR_rbf,B_latidos,1802,451,one-beat-ahead,0.8096,0.012697,0.112682,0.05481,1.9422,0.1068,0.9456,0.357
214,F_N+PB,5,MLP,B_latidos,1802,451,one-beat-ahead,0.5873,0.404252,0.635808,0.313969,11.1942,0.0054,0.6868,2.218
214,F_N+PB,10,LinReg,B_latidos,1798,450,one-beat-ahead,-23.4837,23.989868,4.897945,2.701527,89.6489,0.1064,1.0,6.663
214,F_N+PB,10,DT,B_latidos,1798,450,one-beat-ahead,0.475,0.514422,0.717232,0.313718,10.0004,0.0051,0.7732,34.089
214,F_N+PB,10,RF,B_latidos,1798,450,one-beat-ahead,0.6256,0.366822,0.605658,0.287616,9.4441,0.0577,0.7964,9.619
214,F_N+PB,10,SVR_rbf,B_latidos,1798,450,one-beat-ahead,0.7458,0.016992,0.130354,0.067409,2.0281,0.2213,0.9091,0.565
214,F_N+PB,10,MLP,B_latidos,1798,450,one-beat-ahead,0.5424,0.448411,0.669635,0.337168,10.8246,0.0042,0.7035,5.382
214,F_N+MED,3,LinReg,B_latidos,1804,451,one-beat-ahead,0.1935,0.716449,0.846433,0.534984,14.5441,0.0273,0.7862,0.531
214,F_N+MED,3,DT,B_latidos,1804,451,one-beat-ahead,0.5141,0.431601,0.656964,0.335765,11.7874,0.0029,0.7912,9.741
214,F_N+MED,3,RF,B_latidos,1804,451,one-beat-ahead,0.6591,0.302795,0.550268,0.294808,10.8006,0.0561,0.8321,6.275
214,F_N+MED,3,SVR_rbf,B_latidos,1804,451,one-beat-ahead,0.9208,0.011767,0.108475,0.037232,2.2843,0.8677,0.978,1.11
214,F_N+MED,3,MLP,B_latidos,1804,451,one-beat-ahead,0.6264,0.331848,0.576062,0.316313,11.0837,0.0108,0.6622,3.154
214,F_N+MED,5,LinReg,B_latidos,1802,451,one-beat-ahead,-0.8536,1.646008,1.282969,0.850749,22.2147,0.0488,0.8913,3.583
214,F_N+MED,5,DT,B_latidos,1802,451,one-beat-ahead,0.5297,0.417587,0.64621,0.328763,11.2029,0.0034,0.7976,16.037
214,F_N+MED,5,RF,B_latidos,1802,451,one-beat-ahead,0.6543,0.307002,0.554078,0.294084,11.0157,0.054,0.8286,6.562
214,F_N+MED,5,SVR_rbf,B_latidos,1802,451,one-beat-ahead,0.8724,0.018936,0.137609,0.07001,2.8162,0.1122,0.9455,0.333
214,F_N+MED,5,MLP,B_latidos,1802,451,one-beat-ahead,0.5923,0.362032,0.601691,0.339218,11.0743,0.0094,0.645,5.244
214,F_N+MED,10,LinReg,B_latidos,1798,450,one-beat-ahead,-1.659,2.362609,1.537078,1.025946,26.1497,0.0424,1.0,5.799
214,F_N+MED,10,DT,B_latidos,1798,450,one-beat-ahead,0.476,0.465574,0.68233,0.342524,10.7479,0.0049,0.8024,32.104
214,F_N+MED,10,RF,B_latidos,1798,450,one-beat-ahead,0.64,0.319902,0.565599,0.299098,8.6144,0.0586,0.83,11.816
214,F_N+MED,10,SVR_rbf,B_latidos,1798,450,one-beat-ahead,0.7526,0.036769,0.191752,0.118961,3.6154,0.1153,0.8942,0.327
214,F_N+MED,10,MLP,B_latidos,1798,450,one-beat-ahead,0.5481,0.401505,0.633644,0.359404,9.9238,0.0042,0.7002,2.235
214,F_N+PB+MED,3,LinReg,B_latidos,1804,451,one-beat-ahead,0.1114,0.834027,0.913251,0.567921,14.9294,0.0335,0.7894,0.548
214,F_N+PB+MED,3,DT,B_latidos,1804,451,one-beat-ahead,0.5364,0.435191,0.65969,0.308368,10.7193,0.0023,0.833,10.468
214,F_N+PB+MED,3,RF,B_latidos,1804,451,one-beat-ahead,0.6976,0.283823,0.53275,0.284561,10.5447,0.0562,0.8341,5.556
214,F_N+PB+MED,3,SVR_rbf,B_latidos,1804,451,one-beat-ahead,0.9162,0.012924,0.113685,0.034371,2.3472,1.0842,0.9722,1.273
214,F_N+PB+MED,3,MLP,B_latidos,1804,451,one-beat-ahead,0.6512,0.327408,0.572196,0.313865,11.0055,0.0114,0.619,2.131
214,F_N+PB+MED,5,LinReg,B_latidos,1802,451,one-beat-ahead,-1.0777,1.949529,1.396255,0.90634,21.4171,0.0536,0.8921,1.819
214,F_N+PB+MED,5,DT,B_latidos,1802,451,one-beat-ahead,0.505,0.464454,0.681508,0.313056,9.6987,0.0033,0.8468,16.287
214,F_N+PB+MED,5,RF,B_latidos,1802,451,one-beat-ahead,0.6987,0.282748,0.531741,0.284992,10.4281,0.0573,0.8257,9.369
214,F_N+PB+MED,5,SVR_rbf,B_latidos,1802,451,one-beat-ahead,0.8454,0.023818,0.154331,0.067293,2.8585,0.1076,0.9358,0.299
214,F_N+PB+MED,5,MLP,B_latidos,1802,451,one-beat-ahead,0.6346,0.342892,0.58557,0.333458,10.9331,0.0106,0.6622,1.388
214,F_N+PB+MED,10,LinReg,B_latidos,1798,450,one-beat-ahead,-2.6336,3.411343,1.846982,1.234222,30.8781,0.1025,1.0,6.504
214,F_N+PB+MED,10,DT,B_latidos,1798,450,one-beat-ahead,0.4703,0.497264,0.705169,0.335018,12.2032,0.0051,0.8217,33.724
214,F_N+PB+MED,10,RF,B_latidos,1798,450,one-beat-ahead,0.6774,0.302876,0.550341,0.291001,8.6966,0.0822,0.8288,9.555
214,F_N+PB+MED,10,SVR_rbf,B_latidos,1798,450,one-beat-ahead,0.784,0.03335,0.182619,0.096067,3.179,0.2292,0.911,0.468
214,F_N+PB+MED,10,MLP,B_latidos,1798,450,one-beat-ahead,0.55,0.422475,0.649981,0.348326,10.3111,0.0043,0.6879,5.543
215,F_SIN,3,LinReg,B_latidos,2686,672,one-beat-ahead,-64.5813,71.886517,8.478592,1.180938,90.8793,0.0245,0.784,0.643
215,F_SIN,3,DT,B_latidos,2686,672,one-beat-ahead,0.4429,0.610672,0.781455,0.330879,11.5019,0.0023,0.7977,15.308
215,F_SIN,3,RF,B_latidos,2686,672,one-beat-ahead,0.6422,0.392215,0.626271,0.282621,10.9339,0.0541,0.8204,9.363
215,F_SIN,3,SVR_rbf,B_latidos,2686,672,one-beat-ahead,0.9146,0.012618,0.11233,0.067692,2.0645,2.0131,0.9539,3.944
215,F_SIN,3,MLP,B_latidos,2686,672,one-beat-ahead,0.6324,0.402983,0.634809,0.283891,10.9641,0.0111,0.7416,8.583
215,F_SIN,5,LinReg,B_latidos,2684,672,one-beat-ahead,-99.6877,110.340528,10.50431,1.773796,128.868,0.0275,0.8498,1.826
215,F_SIN,5,DT,B_latidos,2684,672,one-beat-ahead,0.4657,0.585507,0.765184,0.323852,12.236,0.003,0.816,25.799
215,F_SIN,5,RF,B_latidos,2684,672,one-beat-ahead,0.6436,0.390562,0.624949,0.283198,11.0962,0.0557,0.8305,10.922
215,F_SIN,5,SVR_rbf,B_latidos,2684,672,one-beat-ahead,0.8562,0.021249,0.145771,0.089369,2.5612,0.3299,0.9266,1.13
215,F_SIN,5,MLP,B_latidos,2684,672,one-beat-ahead,0.633,0.402167,0.634167,0.289766,11.7271,0.004,0.7749,3.625
215,F_SIN,10,LinReg,B_latidos,2680,671,one-beat-ahead,-1722.6041,1889.045093,43.463146,8.311638,1112.2981,0.0431,0.9805,13.793
215,F_SIN,10,DT,B_latidos,2680,671,one-beat-ahead,0.4629,0.588673,0.76725,0.327162,14.6013,0.0049,0.8056,51.815
215,F_SIN,10,RF,B_latidos,2680,671,one-beat-ahead,0.6168,0.419956,0.64804,0.291209,13.9245,0.0595,0.8245,17.996
215,F_SIN,10,SVR_rbf,B_latidos,2680,671,one-beat-ahead,0.6871,0.046268,0.2151,0.127796,4.2575,0.3512,0.8991,1.244
215,F_SIN,10,MLP,B_latidos,2680,671,one-beat-ahead,0.6044,0.4336,0.658483,0.311861,14.7433,0.0041,0.777,4.499
215,F_N,3,LinReg,B_latidos,2686,672,one-beat-ahead,-53.965,60.265916,7.763113,1.091513,75.9017,0.0344,0.7857,0.631
215,F_N,3,DT,B_latidos,2686,672,one-beat-ahead,0.4165,0.63978,0.799863,0.321069,11.9352,0.0022,0.8076,15.473
215,F_N,3,RF,B_latidos,2686,672,one-beat-ahead,0.6326,0.40285,0.634704,0.280557,11.2566,0.0536,0.822,10.474
215,F_N,3,SVR_rbf,B_latidos,2686,672,one-beat-ahead,0.9249,0.011018,0.104966,0.058973,1.9005,1.8654,0.9588,3.445
215,F_N,3,MLP,B_latidos,2686,672,one-beat-ahead,0.6359,0.399261,0.631871,0.283789,11.2082,0.0106,0.7509,8.954
215,F_N,5,LinReg,B_latidos,2684,672,one-beat-ahead,-172.0012,189.637967,13.77091,2.031581,162.5543,0.031,0.8516,1.775
215,F_N,5,DT,B_latidos,2684,672,one-beat-ahead,0.4636,0.587985,0.766802,0.314288,10.8508,0.0032,0.8106,26.166
215,F_N,5,RF,B_latidos,2684,672,one-beat-ahead,0.64,0.394673,0.62823,0.279454,11.4531,0.0552,0.8343,12.485
215,F_N,5,SVR_rbf,B_latidos,2684,672,one-beat-ahead,0.8681,0.019351,0.139107,0.080809,2.4393,0.2073,0.9341,0.848
215,F_N,5,MLP,B_latidos,2684,672,one-beat-ahead,0.632,0.403354,0.635102,0.287766,11.589,0.004,0.7766,2.692
215,F_N,10,LinReg,B_latidos,2680,671,one-beat-ahead,-2714.9453,2977.447785,54.565995,10.195572,849.9878,0.0457,0.9813,13.021
215,F_N,10,DT,B_latidos,2680,671,one-beat-ahead,0.4584,0.593771,0.770565,0.316137,11.463,0.005,0.8126,50.832
215,F_N,10,RF,B_latidos,2680,671,one-beat-ahead,0.6283,0.407459,0.638325,0.285393,13.8247,0.0608,0.8275,17.141
215,F_N,10,SVR_rbf,B_latidos,2680,671,one-beat-ahead,0.6916,0.045275,0.21278,0.123837,4.2417,0.3513,0.9049,1.226
215,F_N,10,MLP,B_latidos,2680,671,one-beat-ahead,0.6058,0.432167,0.657394,0.309316,14.7488,0.0039,0.7839,5.079
215,F_PB,3,LinReg,B_latidos,2686,672,one-beat-ahead,-449513737.9051,498788512.914268,22333.573671,1399.083955,566822.7776,0.0345,0.8194,0.601
215,F_PB,3,DT,B_latidos,2686,672,one-beat-ahead,0.5106,0.543063,0.736928,0.281121,13.1823,0.0022,0.814,15.696
215,F_PB,3,RF,B_latidos,2686,672,one-beat-ahead,0.6789,0.356322,0.596927,0.252421,12.0069,0.0372,0.837,10.674
215,F_PB,3,SVR_rbf,B_latidos,2686,672,one-beat-ahead,0.9251,0.007623,0.08731,0.041534,1.5106,1.7058,0.9583,2.954
215,F_PB,3,MLP,B_latidos,2686,672,one-beat-ahead,0.6722,0.363773,0.603136,0.264017,11.3736,0.0103,0.7911,11.345
215,F_PB,5,LinReg,B_latidos,2684,672,one-beat-ahead,-1082719735.1359,1201125018.997304,34657.250598,2422.874752,1320902.9611,0.0209,0.878,1.658
215,F_PB,5,DT,B_latidos,2684,672,one-beat-ahead,0.5394,0.51093,0.714793,0.273354,11.8983,0.003,0.8262,26.506
215,F_PB,5,RF,B_latidos,2684,672,one-beat-ahead,0.6791,0.356031,0.596683,0.254569,11.6009,0.0387,0.8509,13.086
215,F_PB,5,SVR_rbf,B_latidos,2684,672,one-beat-ahead,0.8502,0.015241,0.123453,0.066702,2.1355,0.188,0.9122,0.709
215,F_PB,5,MLP,B_latidos,2684,672,one-beat-ahead,0.6267,0.414154,0.643548,0.274055,11.3649,0.0041,0.8128,3.737
215,F_PB,10,LinReg,B_latidos,2680,671,one-beat-ahead,-472546966.9224,524260561.533044,22896.736919,3747.404631,863660.0955,0.0414,0.9828,12.724
215,F_PB,10,DT,B_latidos,2680,671,one-beat-ahead,0.5142,0.538915,0.734108,0.276735,14.9333,0.006,0.8273,52.465
215,F_PB,10,RF,B_latidos,2680,671,one-beat-ahead,0.6787,0.356489,0.597067,0.252029,13.0906,0.0565,0.8526,17.693
215,F_PB,10,SVR_rbf,B_latidos,2680,671,one-beat-ahead,0.6667,0.033936,0.184217,0.09524,3.4766,0.1695,0.885,0.743
215,F_PB,10,MLP,B_latidos,2680,671,one-beat-ahead,0.6139,0.428316,0.654458,0.278852,15.7684,0.0039,0.7699,2.903
215,F_MED,3,LinReg,B_latidos,2686,672,one-beat-ahead,-68.6622,76.411739,8.741381,1.237809,152.2256,0.0245,0.8538,0.66
215,F_MED,3,DT,B_latidos,2686,672,one-beat-ahead,0.5822,0.458233,0.676929,0.269517,12.1816,0.0023,0.9326,15.144
215,F_MED,3,RF,B_latidos,2686,672,one-beat-ahead,0.7834,0.237617,0.487459,0.227022,11.3099,0.0367,0.8996,10.458
215,F_MED,3,SVR_rbf,B_latidos,2686,672,one-beat-ahead,0.9615,0.014796,0.121639,0.058135,2.2267,1.7464,0.9743,3.012
215,F_MED,3,MLP,B_latidos,2686,672,one-beat-ahead,0.7819,0.239178,0.489058,0.226339,10.809,0.0106,0.8068,8.424
215,F_MED,5,LinReg,B_latidos,2684,672,one-beat-ahead,-166.4622,183.646242,13.551614,2.134524,252.9405,0.0261,0.8932,1.79
215,F_MED,5,DT,B_latidos,2684,672,one-beat-ahead,0.5042,0.543699,0.73736,0.280547,12.261,0.003,0.9322,25.283
215,F_MED,5,RF,B_latidos,2684,672,one-beat-ahead,0.7865,0.23418,0.483921,0.232456,11.6438,0.0559,0.899,11.154
215,F_MED,5,SVR_rbf,B_latidos,2684,672,one-beat-ahead,0.9217,0.030049,0.173347,0.09458,3.3062,0.3366,0.9523,0.934
215,F_MED,5,MLP,B_latidos,2684,672,one-beat-ahead,0.7754,0.246308,0.496294,0.243049,11.0379,0.0047,0.8278,3.471
215,F_MED,10,LinReg,B_latidos,2680,671,one-beat-ahead,-2135.6913,2344.041485,48.415302,11.44124,1017.2426,0.0419,0.9858,13.271
215,F_MED,10,DT,B_latidos,2680,671,one-beat-ahead,0.6712,0.360704,0.600587,0.258501,8.8523,0.0063,0.9152,49.898
215,F_MED,10,RF,B_latidos,2680,671,one-beat-ahead,0.7663,0.256347,0.506308,0.241916,8.9761,0.0401,0.8962,17.011
215,F_MED,10,SVR_rbf,B_latidos,2680,671,one-beat-ahead,0.7501,0.095974,0.309796,0.155534,6.717,0.3376,0.8817,0.617
215,F_MED,10,MLP,B_latidos,2680,671,one-beat-ahead,0.7403,0.284866,0.533728,0.26815,9.0412,0.0039,0.7985,6.345
215,F_N+PB,3,LinReg,B_latidos,2686,672,one-beat-ahead,-355274646.6254,394225359.359462,19855.10915,1238.678113,471790.2094,0.0253,0.8201,0.633
215,F_N+PB,3,DT,B_latidos,2686,672,one-beat-ahead,0.5763,0.470124,0.685656,0.266505,13.1038,0.0023,0.8137,15.965
215,F_N+PB,3,RF,B_latidos,2686,672,one-beat-ahead,0.671,0.365098,0.604233,0.253095,12.3144,0.0552,0.8377,10.057
215,F_N+PB,3,SVR_rbf,B_latidos,2686,672,one-beat-ahead,0.9252,0.007612,0.087249,0.041438,1.5087,1.691,0.9584,3.423
215,F_N+PB,3,MLP,B_latidos,2686,672,one-beat-ahead,0.6633,0.373643,0.611263,0.271844,11.5454,0.0106,0.7836,11.275
215,F_N+PB,5,LinReg,B_latidos,2684,672,one-beat-ahead,-826412991.4209,916803252.69682,30278.759101,2124.539329,1863500.36,0.0268,0.878,1.674
215,F_N+PB,5,DT,B_latidos,2684,672,one-beat-ahead,0.575,0.471494,0.686654,0.267902,11.135,0.0029,0.8242,26.052
215,F_N+PB,5,RF,B_latidos,2684,672,one-beat-ahead,0.6839,0.350659,0.592165,0.252459,11.7343,0.0376,0.8508,12.86
215,F_N+PB,5,SVR_rbf,B_latidos,2684,672,one-beat-ahead,0.8502,0.015242,0.123458,0.066716,2.1349,0.1893,0.9123,0.69
215,F_N+PB,5,MLP,B_latidos,2684,672,one-beat-ahead,0.6234,0.417789,0.646366,0.274129,11.5816,0.004,0.8119,3.594
215,F_N+PB,10,LinReg,B_latidos,2680,671,one-beat-ahead,-637399072.7924,707164550.922154,26592.565708,4344.67012,684767.5077,0.041,0.984,12.215
215,F_N+PB,10,DT,B_latidos,2680,671,one-beat-ahead,0.4646,0.593957,0.770686,0.289871,14.5935,0.0064,0.8272,51.947
215,F_N+PB,10,RF,B_latidos,2680,671,one-beat-ahead,0.6713,0.364652,0.603864,0.25316,12.9879,0.056,0.8531,17.629
215,F_N+PB,10,SVR_rbf,B_latidos,2680,671,one-beat-ahead,0.6668,0.033939,0.184226,0.095289,3.4764,0.2025,0.8851,1.175
215,F_N+PB,10,MLP,B_latidos,2680,671,one-beat-ahead,0.6126,0.429785,0.65558,0.280151,15.8064,0.0043,0.7687,2.753
215,F_N+MED,3,LinReg,B_latidos,2686,672,one-beat-ahead,-758.0813,832.892896,28.859884,3.547722,602.9826,0.0288,0.8539,0.651
215,F_N+MED,3,DT,B_latidos,2686,672,one-beat-ahead,0.5235,0.522793,0.723044,0.277058,12.8043,0.0022,0.93,15.106
215,F_N+MED,3,RF,B_latidos,2686,672,one-beat-ahead,0.7782,0.243381,0.493337,0.228041,11.3536,0.0387,0.8979,10.576
215,F_N+MED,3,SVR_rbf,B_latidos,2686,672,one-beat-ahead,0.9614,0.014771,0.121536,0.0568,2.2447,1.8215,0.9742,3.383
215,F_N+MED,3,MLP,B_latidos,2686,672,one-beat-ahead,0.7968,0.222985,0.472213,0.214758,9.8798,0.0108,0.8351,10.097
215,F_N+MED,5,LinReg,B_latidos,2684,672,one-beat-ahead,-2108.7474,2314.370215,48.107902,6.971279,690.7655,0.0265,0.8918,1.783
215,F_N+MED,5,DT,B_latidos,2684,672,one-beat-ahead,0.5602,0.482408,0.694556,0.282431,11.8838,0.0039,0.9215,25.54
215,F_N+MED,5,RF,B_latidos,2684,672,one-beat-ahead,0.7822,0.238951,0.488826,0.232132,11.5394,0.055,0.8999,12.477
215,F_N+MED,5,SVR_rbf,B_latidos,2684,672,one-beat-ahead,0.9223,0.029756,0.1725,0.094734,3.345,0.1681,0.9516,0.591
215,F_N+MED,5,MLP,B_latidos,2684,672,one-beat-ahead,0.7791,0.242376,0.492317,0.2391,11.1366,0.0048,0.8347,2.856
215,F_N+MED,10,LinReg,B_latidos,2680,671,one-beat-ahead,-45812.5026,50276.837404,224.224971,42.292504,3527.7107,0.0432,0.9847,13.007
215,F_N+MED,10,DT,B_latidos,2680,671,one-beat-ahead,0.5842,0.456322,0.675516,0.272841,10.0857,0.006,0.9184,49.11
215,F_N+MED,10,RF,B_latidos,2680,671,one-beat-ahead,0.7635,0.25953,0.509441,0.239429,9.7566,0.0392,0.8977,16.729
215,F_N+MED,10,SVR_rbf,B_latidos,2680,671,one-beat-ahead,0.7497,0.09594,0.309741,0.156944,6.6867,0.1802,0.8811,0.614
215,F_N+MED,10,MLP,B_latidos,2680,671,one-beat-ahead,0.7371,0.288467,0.537091,0.277405,9.2568,0.0039,0.7933,6.713
215,F_N+PB+MED,3,LinReg,B_latidos,2686,672,one-beat-ahead,-20980.3454,23636.500297,153.741667,10.42374,4742.2772,0.0295,0.8509,0.631
215,F_N+PB+MED,3,DT,B_latidos,2686,672,one-beat-ahead,0.5999,0.450699,0.671341,0.229738,12.6741,0.0022,0.9496,16.016
215,F_N+PB+MED,3,RF,B_latidos,2686,672,one-beat-ahead,0.8018,0.223235,0.472477,0.201893,11.7793,0.0529,0.9081,10.003
215,F_N+PB+MED,3,SVR_rbf,B_latidos,2686,672,one-beat-ahead,0.9575,0.012088,0.109945,0.046812,1.815,1.7055,0.9609,3.331
215,F_N+PB+MED,3,MLP,B_latidos,2686,672,one-beat-ahead,0.7953,0.230577,0.480184,0.20721,10.3133,0.0114,0.8336,10.424
215,F_N+PB+MED,5,LinReg,B_latidos,2684,672,one-beat-ahead,-76093.3604,85708.105378,292.759467,24.37901,6686.7979,0.024,0.8932,1.772
215,F_N+PB+MED,5,DT,B_latidos,2684,672,one-beat-ahead,0.6005,0.450004,0.670824,0.22704,13.418,0.0031,0.9497,27.307
215,F_N+PB+MED,5,RF,B_latidos,2684,672,one-beat-ahead,0.8037,0.221091,0.470203,0.207101,11.9572,0.04,0.9079,13.342
215,F_N+PB+MED,5,SVR_rbf,B_latidos,2684,672,one-beat-ahead,0.9103,0.025521,0.159754,0.080504,2.7968,0.1764,0.9221,0.516
215,F_N+PB+MED,5,MLP,B_latidos,2684,672,one-beat-ahead,0.801,0.224171,0.473467,0.211952,11.3563,0.0039,0.874,3.06
215,F_N+PB+MED,10,LinReg,B_latidos,2680,671,one-beat-ahead,-1364695.5573,1537438.606854,1239.93492,149.888564,11964.0824,0.0411,0.9871,12.551
215,F_N+PB+MED,10,DT,B_latidos,2680,671,one-beat-ahead,0.5508,0.506104,0.71141,0.238395,12.0326,0.0049,0.9413,55.587
215,F_N+PB+MED,10,RF,B_latidos,2680,671,one-beat-ahead,0.7958,0.230007,0.479591,0.210114,9.7364,0.0402,0.9051,17.822
215,F_N+PB+MED,10,SVR_rbf,B_latidos,2680,671,one-beat-ahead,0.7646,0.067052,0.258943,0.121587,5.2758,0.1759,0.8579,0.551
215,F_N+PB+MED,10,MLP,B_latidos,2680,671,one-beat-ahead,0.7396,0.293415,0.541678,0.235111,9.1098,0.0039,0.8218,2.901
217,F_SIN,3,LinReg,B_latidos,1762,441,one-beat-ahead,0.6327,0.425088,0.651988,0.416901,11.4499,0.0257,0.8267,0.563
217,F_SIN,3,DT,B_latidos,1762,441,one-beat-ahead,0.7266,0.316476,0.562562,0.297037,10.7861,0.0024,0.7846,9.925
217,F_SIN,3,RF,B_latidos,1762,441,one-beat-ahead,0.8127,0.216813,0.465631,0.258024,9.1936,0.0549,0.8314,5.076
217,F_SIN,3,SVR_rbf,B_latidos,1762,441,one-beat-ahead,0.9615,0.006856,0.082802,0.050919,1.7074,1.7559,0.9488,1.467
217,F_SIN,3,MLP,B_latidos,1762,441,one-beat-ahead,0.8097,0.22023,0.469287,0.267224,9.0936,0.0129,0.7506,3.126
217,F_SIN,5,LinReg,B_latidos,1760,441,one-beat-ahead,0.1822,0.94669,0.97298,0.652162,17.9879,0.0444,0.9211,1.78
217,F_SIN,5,DT,B_latidos,1760,441,one-beat-ahead,0.7681,0.268463,0.518134,0.282761,9.2846,0.0032,0.7884,15.697
217,F_SIN,5,RF,B_latidos,1760,441,one-beat-ahead,0.8144,0.214807,0.463473,0.260783,9.4929,0.0563,0.8325,9.035
217,F_SIN,5,SVR_rbf,B_latidos,1760,441,one-beat-ahead,0.8964,0.018477,0.13593,0.08049,2.7953,0.1143,0.9174,0.296
217,F_SIN,5,MLP,B_latidos,1760,441,one-beat-ahead,0.7854,0.24842,0.498418,0.289484,9.8336,0.0043,0.7378,1.615
217,F_SIN,10,LinReg,B_latidos,1756,440,one-beat-ahead,-0.0058,1.164236,1.078998,0.708435,17.4819,0.1081,1.0,5.623
217,F_SIN,10,DT,B_latidos,1756,440,one-beat-ahead,0.6829,0.367011,0.605814,0.319932,9.1505,0.0061,0.7887,32.253
217,F_SIN,10,RF,B_latidos,1756,440,one-beat-ahead,0.8072,0.223202,0.472442,0.267064,8.8958,0.059,0.8334,10.08
217,F_SIN,10,SVR_rbf,B_latidos,1756,440,one-beat-ahead,0.5516,0.080035,0.282905,0.152583,5.784,0.1208,0.8486,0.289
217,F_SIN,10,MLP,B_latidos,1756,440,one-beat-ahead,0.7581,0.279992,0.529142,0.307007,9.2525,0.0046,0.6903,1.94
217,F_N,3,LinReg,B_latidos,1762,441,one-beat-ahead,0.6261,0.432743,0.657832,0.426703,11.5795,0.0571,0.8287,2.691
217,F_N,3,DT,B_latidos,1762,441,one-beat-ahead,0.7465,0.293458,0.541718,0.288102,10.4048,0.0023,0.785,8.77
217,F_N,3,RF,B_latidos,1762,441,one-beat-ahead,0.8098,0.220158,0.46921,0.260595,9.1326,0.0559,0.8316,7.16
217,F_N,3,SVR_rbf,B_latidos,1762,441,one-beat-ahead,0.9642,0.006401,0.080005,0.048779,1.6495,0.8955,0.9499,1.268
217,F_N,3,MLP,B_latidos,1762,441,one-beat-ahead,0.8075,0.222857,0.472078,0.27238,9.3876,0.0112,0.7074,2.19
217,F_N,5,LinReg,B_latidos,1760,441,one-beat-ahead,0.1558,0.977203,0.988536,0.662556,18.6741,0.0433,0.9212,1.755
217,F_N,5,DT,B_latidos,1760,441,one-beat-ahead,0.7343,0.307613,0.554629,0.296846,10.9663,0.003,0.7907,15.522
217,F_N,5,RF,B_latidos,1760,441,one-beat-ahead,0.8136,0.215769,0.464509,0.260125,9.3737,0.0564,0.8286,8.932
217,F_N,5,SVR_rbf,B_latidos,1760,441,one-beat-ahead,0.9,0.017859,0.133637,0.078481,2.7461,0.113,0.9184,0.292
217,F_N,5,MLP,B_latidos,1760,441,one-beat-ahead,0.7852,0.248612,0.49861,0.28912,9.7696,0.0043,0.7382,1.76
217,F_N,10,LinReg,B_latidos,1756,440,one-beat-ahead,0.158,0.974708,0.987273,0.668058,16.5261,0.0746,1.0,8.478
217,F_N,10,DT,B_latidos,1756,440,one-beat-ahead,0.6645,0.388389,0.623209,0.320258,10.4624,0.0048,0.7952,31.048
217,F_N,10,RF,B_latidos,1756,440,one-beat-ahead,0.8087,0.221489,0.470626,0.266677,8.78,0.0861,0.8253,9.137
217,F_N,10,SVR_rbf,B_latidos,1756,440,one-beat-ahead,0.5584,0.078927,0.28094,0.151679,5.7387,0.2278,0.8494,0.478
217,F_N,10,MLP,B_latidos,1756,440,one-beat-ahead,0.7584,0.279682,0.528849,0.306595,9.2242,0.0043,0.6906,5.296
217,F_PB,3,LinReg,B_latidos,1762,441,one-beat-ahead,0.6928,0.3867,0.621852,0.366234,11.7536,0.0273,0.8628,0.534
217,F_PB,3,DT,B_latidos,1762,441,one-beat-ahead,0.6896,0.390733,0.625086,0.289196,12.7054,0.0034,0.8194,8.871
217,F_PB,3,RF,B_latidos,1762,441,one-beat-ahead,0.831,0.212774,0.461275,0.245915,9.6184,0.0583,0.867,6.887
217,F_PB,3,SVR_rbf,B_latidos,1762,441,one-beat-ahead,0.9684,0.005659,0.075226,0.044493,1.5621,0.8299,0.9738,1.036
217,F_PB,3,MLP,B_latidos,1762,441,one-beat-ahead,0.8189,0.22795,0.477441,0.262202,9.4058,0.0115,0.7611,2.571
217,F_PB,5,LinReg,B_latidos,1760,441,one-beat-ahead,0.3368,0.835139,0.91386,0.555745,15.5807,0.058,0.9386,4.898
217,F_PB,5,DT,B_latidos,1760,441,one-beat-ahead,0.7441,0.322273,0.567691,0.269121,10.6313,0.0041,0.825,15.87
217,F_PB,5,RF,B_latidos,1760,441,one-beat-ahead,0.8428,0.198008,0.444981,0.237863,9.1488,0.057,0.8651,6.378
217,F_PB,5,SVR_rbf,B_latidos,1760,441,one-beat-ahead,0.9061,0.016824,0.129706,0.074206,2.6386,0.1086,0.9413,0.273
217,F_PB,5,MLP,B_latidos,1760,441,one-beat-ahead,0.8184,0.228642,0.478165,0.261222,9.4391,0.0043,0.764,1.61
217,F_PB,10,LinReg,B_latidos,1756,440,one-beat-ahead,-2.6349,4.577825,2.139585,1.368224,33.0454,0.0489,1.0,6.88
217,F_PB,10,DT,B_latidos,1756,440,one-beat-ahead,0.6749,0.409413,0.639854,0.305069,11.2598,0.0046,0.8235,31.147
217,F_PB,10,RF,B_latidos,1756,440,one-beat-ahead,0.8273,0.217466,0.466333,0.248237,8.9769,0.0846,0.8561,11.471
217,F_PB,10,SVR_rbf,B_latidos,1756,440,one-beat-ahead,0.6698,0.059282,0.24348,0.121197,4.9016,0.1166,0.87,0.287
217,F_PB,10,MLP,B_latidos,1756,440,one-beat-ahead,0.787,0.268261,0.517939,0.280509,8.4579,0.0043,0.7637,2.176
217,F_MED,3,LinReg,B_latidos,1762,441,one-beat-ahead,0.6434,0.408731,0.63932,0.419848,11.7166,0.042,0.8526,0.589
217,F_MED,3,DT,B_latidos,1762,441,one-beat-ahead,0.7316,0.307622,0.554637,0.280943,9.3074,0.0031,0.8232,9.84
217,F_MED,3,RF,B_latidos,1762,441,one-beat-ahead,0.8387,0.18482,0.429907,0.242308,8.6664,0.0549,0.8507,5.355
217,F_MED,3,SVR_rbf,B_latidos,1762,441,one-beat-ahead,0.9668,0.007209,0.084906,0.052323,1.7567,1.0638,0.933,1.077
217,F_MED,3,MLP,B_latidos,1762,441,one-beat-ahead,0.8571,0.16382,0.404747,0.239926,8.0004,0.0211,0.7778,7.963
217,F_MED,5,LinReg,B_latidos,1760,441,one-beat-ahead,0.26,0.848287,0.921025,0.62234,16.5618,0.0651,0.9296,1.71
217,F_MED,5,DT,B_latidos,1760,441,one-beat-ahead,0.7917,0.238716,0.488586,0.265272,8.5532,0.0042,0.8196,15.583
217,F_MED,5,RF,B_latidos,1760,441,one-beat-ahead,0.8449,0.177845,0.421717,0.237092,8.7096,0.062,0.8505,6.907
217,F_MED,5,SVR_rbf,B_latidos,1760,441,one-beat-ahead,0.9023,0.021213,0.145648,0.083052,3.0128,0.2143,0.9158,0.461
217,F_MED,5,MLP,B_latidos,1760,441,one-beat-ahead,0.8196,0.206803,0.454756,0.271482,9.4104,0.0044,0.7815,4.389
217,F_MED,10,LinReg,B_latidos,1756,440,one-beat-ahead,-0.0091,1.156635,1.075469,0.742715,18.677,0.0421,1.0,5.253
217,F_MED,10,DT,B_latidos,1756,440,one-beat-ahead,0.7637,0.270831,0.520414,0.273071,9.8904,0.0051,0.8258,31.081
217,F_MED,10,RF,B_latidos,1756,440,one-beat-ahead,0.8428,0.180199,0.424498,0.24452,8.2607,0.0573,0.851,11.59
217,F_MED,10,SVR_rbf,B_latidos,1756,440,one-beat-ahead,0.5192,0.104442,0.323174,0.16688,6.6058,0.1158,0.8085,0.275
217,F_MED,10,MLP,B_latidos,1756,440,one-beat-ahead,0.7981,0.231424,0.481066,0.289146,8.9237,0.0044,0.7288,2.066
217,F_N+PB,3,LinReg,B_latidos,1762,441,one-beat-ahead,0.6944,0.38476,0.62029,0.367435,12.0609,0.0277,0.8622,0.526
217,F_N+PB,3,DT,B_latidos,1762,441,one-beat-ahead,0.6793,0.403694,0.635369,0.295167,12.7664,0.0024,0.8203,9.947
217,F_N+PB,3,RF,B_latidos,1762,441,one-beat-ahead,0.8303,0.213685,0.462261,0.246988,9.5561,0.0552,0.8671,5.0
217,F_N+PB,3,SVR_rbf,B_latidos,1762,441,one-beat-ahead,0.9684,0.005657,0.075214,0.044504,1.5618,1.5788,0.9738,1.344
217,F_N+PB,3,MLP,B_latidos,1762,441,one-beat-ahead,0.8205,0.226014,0.47541,0.255227,9.3932,0.0112,0.7582,2.994
217,F_N+PB,5,LinReg,B_latidos,1760,441,one-beat-ahead,0.3379,0.833721,0.913083,0.553985,16.048,0.0455,0.9383,1.67
217,F_N+PB,5,DT,B_latidos,1760,441,one-beat-ahead,0.673,0.411716,0.641651,0.297472,12.686,0.0033,0.8229,15.627
217,F_N+PB,5,RF,B_latidos,1760,441,one-beat-ahead,0.8417,0.199308,0.446439,0.240544,9.2224,0.0616,0.866,8.547
217,F_N+PB,5,SVR_rbf,B_latidos,1760,441,one-beat-ahead,0.9062,0.016816,0.129677,0.074204,2.6385,0.1518,0.9414,0.454
217,F_N+PB,5,MLP,B_latidos,1760,441,one-beat-ahead,0.8184,0.228656,0.47818,0.261026,9.4932,0.0043,0.764,1.665
217,F_N+PB,10,LinReg,B_latidos,1756,440,one-beat-ahead,-3.0176,5.059705,2.249379,1.390331,41.8123,0.0435,1.0,5.274
217,F_N+PB,10,DT,B_latidos,1756,440,one-beat-ahead,0.719,0.353835,0.59484,0.282743,11.1558,0.0064,0.8228,31.839
217,F_N+PB,10,RF,B_latidos,1756,440,one-beat-ahead,0.8254,0.219937,0.468974,0.251885,9.2539,0.058,0.8575,10.923
217,F_N+PB,10,SVR_rbf,B_latidos,1756,440,one-beat-ahead,0.6699,0.059263,0.24344,0.121198,4.9009,0.1102,0.87,0.286
217,F_N+PB,10,MLP,B_latidos,1756,440,one-beat-ahead,0.7863,0.269105,0.518753,0.279604,8.5675,0.0043,0.7681,2.21
217,F_N+MED,3,LinReg,B_latidos,1762,441,one-beat-ahead,0.6586,0.390905,0.625224,0.410967,11.2275,0.0504,0.8537,3.278
217,F_N+MED,3,DT,B_latidos,1762,441,one-beat-ahead,0.7812,0.250546,0.500546,0.26666,8.5464,0.0025,0.8157,8.939
217,F_N+MED,3,RF,B_latidos,1762,441,one-beat-ahead,0.8518,0.169739,0.411994,0.232801,8.5429,0.0864,0.8524,7.525
217,F_N+MED,3,SVR_rbf,B_latidos,1762,441,one-beat-ahead,0.9684,0.006875,0.082918,0.050636,1.7122,1.1155,0.9335,1.214
217,F_N+MED,3,MLP,B_latidos,1762,441,one-beat-ahead,0.8478,0.174258,0.417442,0.246962,8.4538,0.0138,0.755,3.0
217,F_N+MED,5,LinReg,B_latidos,1760,441,one-beat-ahead,0.2101,0.904555,0.951081,0.643344,15.2648,0.0794,0.9315,2.107
217,F_N+MED,5,DT,B_latidos,1760,441,one-beat-ahead,0.7817,0.249982,0.499982,0.267032,8.7465,0.0042,0.821,16.121
217,F_N+MED,5,RF,B_latidos,1760,441,one-beat-ahead,0.8444,0.178175,0.422108,0.243133,8.8263,0.0634,0.8477,8.019
217,F_N+MED,5,SVR_rbf,B_latidos,1760,441,one-beat-ahead,0.9044,0.02081,0.144256,0.081669,2.9822,0.1117,0.9162,0.28
217,F_N+MED,5,MLP,B_latidos,1760,441,one-beat-ahead,0.824,0.201586,0.448983,0.267652,9.3056,0.0044,0.7583,1.657
217,F_N+MED,10,LinReg,B_latidos,1756,440,one-beat-ahead,-0.0213,1.169435,1.081404,0.742483,18.8819,0.0438,1.0,8.911
217,F_N+MED,10,DT,B_latidos,1756,440,one-beat-ahead,0.7049,0.337938,0.581324,0.296413,10.2816,0.0049,0.8196,31.931
217,F_N+MED,10,RF,B_latidos,1756,440,one-beat-ahead,0.8423,0.18063,0.425006,0.246314,8.3194,0.0593,0.8519,11.165
217,F_N+MED,10,SVR_rbf,B_latidos,1756,440,one-beat-ahead,0.5115,0.106359,0.326127,0.166164,6.658,0.1166,0.8088,0.439
217,F_N+MED,10,MLP,B_latidos,1756,440,one-beat-ahead,0.7864,0.244579,0.494549,0.290477,8.7457,0.0043,0.7245,2.008
217,F_N+PB+MED,3,LinReg,B_latidos,1762,441,one-beat-ahead,0.6906,0.401388,0.633552,0.381608,12.3009,0.0352,0.8822,0.556
217,F_N+PB+MED,3,DT,B_latidos,1762,441,one-beat-ahead,0.6798,0.415506,0.644597,0.290258,11.5603,0.0037,0.8569,9.732
217,F_N+PB+MED,3,RF,B_latidos,1762,441,one-beat-ahead,0.8627,0.17817,0.422102,0.233432,9.0296,0.0565,0.8868,5.736
217,F_N+PB+MED,3,SVR_rbf,B_latidos,1762,441,one-beat-ahead,0.9724,0.006209,0.078796,0.046053,1.6367,0.9592,0.9602,1.014
217,F_N+PB+MED,3,MLP,B_latidos,1762,441,one-beat-ahead,0.8691,0.16987,0.412153,0.226006,8.7493,0.0162,0.7781,2.462
217,F_N+PB+MED,5,LinReg,B_latidos,1760,441,one-beat-ahead,0.2747,0.941331,0.970222,0.600518,16.2826,0.0613,0.9498,3.672
217,F_N+PB+MED,5,DT,B_latidos,1760,441,one-beat-ahead,0.7701,0.298344,0.546209,0.254914,10.3573,0.003,0.8595,15.682
217,F_N+PB+MED,5,RF,B_latidos,1760,441,one-beat-ahead,0.8699,0.168796,0.410848,0.224586,8.5546,0.0581,0.8888,6.422
217,F_N+PB+MED,5,SVR_rbf,B_latidos,1760,441,one-beat-ahead,0.9145,0.019264,0.138794,0.077381,2.8373,0.1511,0.9306,0.265
217,F_N+PB+MED,5,MLP,B_latidos,1760,441,one-beat-ahead,0.8583,0.183892,0.428827,0.238527,9.4433,0.0115,0.827,6.434
217,F_N+PB+MED,10,LinReg,B_latidos,1756,440,one-beat-ahead,0.004,1.292844,1.137033,0.745234,20.0695,0.043,1.0,5.368
217,F_N+PB+MED,10,DT,B_latidos,1756,440,one-beat-ahead,0.7015,0.387487,0.622485,0.285545,10.3233,0.0051,0.8744,31.095
217,F_N+PB+MED,10,RF,B_latidos,1756,440,one-beat-ahead,0.8543,0.18915,0.434914,0.239203,8.7887,0.0589,0.882,11.771
217,F_N+PB+MED,10,SVR_rbf,B_latidos,1756,440,one-beat-ahead,0.6201,0.085714,0.29277,0.135858,6.014,0.1162,0.8535,0.265
217,F_N+PB+MED,10,MLP,B_latidos,1756,440,one-beat-ahead,0.8302,0.220384,0.469451,0.26436,9.0717,0.0043,0.7359,1.437
219,F_SIN,3,LinReg,B_latidos,1719,430,one-beat-ahead,0.0902,0.818492,0.904706,0.56216,13.8392,0.0277,0.7424,0.569
219,F_SIN,3,DT,B_latidos,1719,430,one-beat-ahead,0.3158,0.615537,0.784561,0.45241,12.5045,0.0025,0.6438,9.723
219,F_SIN,3,RF,B_latidos,1719,430,one-beat-ahead,0.4497,0.495125,0.703651,0.395533,12.9536,0.0617,0.7451,4.718
219,F_SIN,3,SVR_rbf,B_latidos,1719,430,one-beat-ahead,0.9586,0.013479,0.116101,0.082625,2.3784,1.7512,0.991,1.199
219,F_SIN,3,MLP,B_latidos,1719,430,one-beat-ahead,0.45,0.494772,0.7034,0.413215,12.7527,0.0114,0.5787,5.319
219,F_SIN,5,LinReg,B_latidos,1717,430,one-beat-ahead,-0.8663,1.678792,1.295682,0.832996,19.2316,0.0564,0.8815,1.788
219,F_SIN,5,DT,B_latidos,1717,430,one-beat-ahead,0.3486,0.585989,0.765499,0.442352,12.2988,0.0032,0.6428,15.255
219,F_SIN,5,RF,B_latidos,1717,430,one-beat-ahead,0.4495,0.49515,0.703669,0.396609,13.0328,0.0627,0.7457,6.507
219,F_SIN,5,SVR_rbf,B_latidos,1717,430,one-beat-ahead,0.8451,0.050394,0.224487,0.152061,4.2593,0.224,0.9564,0.538
219,F_SIN,5,MLP,B_latidos,1717,430,one-beat-ahead,0.4044,0.535793,0.731979,0.444731,12.8969,0.0043,0.5659,4.186
219,F_SIN,10,LinReg,B_latidos,1713,429,one-beat-ahead,-0.9721,1.77127,1.330891,0.842693,19.948,0.0507,1.0,5.236
219,F_SIN,10,DT,B_latidos,1713,429,one-beat-ahead,0.3297,0.602024,0.775902,0.443208,14.5049,0.0051,0.6473,30.294
219,F_SIN,10,RF,B_latidos,1713,429,one-beat-ahead,0.445,0.498476,0.706028,0.398852,14.5201,0.0586,0.7408,11.034
219,F_SIN,10,SVR_rbf,B_latidos,1713,429,one-beat-ahead,0.7225,0.090254,0.300423,0.205797,5.4573,0.1141,0.9373,0.322
219,F_SIN,10,MLP,B_latidos,1713,429,one-beat-ahead,0.3532,0.580924,0.762184,0.469118,15.2478,0.0046,0.475,1.374
219,F_N,3,LinReg,B_latidos,1719,430,one-beat-ahead,0.0954,0.813812,0.902115,0.55896,13.6031,0.0262,0.7426,0.529
219,F_N,3,DT,B_latidos,1719,430,one-beat-ahead,0.3212,0.610731,0.781493,0.447071,12.4195,0.0026,0.6427,9.764
219,F_N,3,RF,B_latidos,1719,430,one-beat-ahead,0.4501,0.494757,0.703389,0.395139,12.8549,0.0567,0.7466,4.74
219,F_N,3,SVR_rbf,B_latidos,1719,430,one-beat-ahead,0.9587,0.013455,0.115996,0.082571,2.3763,1.5999,0.991,1.138
219,F_N,3,MLP,B_latidos,1719,430,one-beat-ahead,0.4511,0.493866,0.702756,0.412785,12.7459,0.0118,0.5782,5.197
219,F_N,5,LinReg,B_latidos,1717,430,one-beat-ahead,-0.8635,1.676263,1.294706,0.826734,19.4355,0.0443,0.8822,1.684
219,F_N,5,DT,B_latidos,1717,430,one-beat-ahead,0.3238,0.608231,0.779892,0.450436,12.8072,0.004,0.636,15.15
219,F_N,5,RF,B_latidos,1717,430,one-beat-ahead,0.4518,0.493139,0.702238,0.39644,12.8741,0.0591,0.7443,6.555
219,F_N,5,SVR_rbf,B_latidos,1717,430,one-beat-ahead,0.8452,0.050381,0.224457,0.152088,4.2588,0.2213,0.9564,0.548
219,F_N,5,MLP,B_latidos,1717,430,one-beat-ahead,0.4047,0.535511,0.731786,0.444798,13.0098,0.0046,0.5655,3.927
219,F_N,10,LinReg,B_latidos,1713,429,one-beat-ahead,-0.9376,1.740205,1.319168,0.835389,19.3492,0.0427,1.0,4.857
219,F_N,10,DT,B_latidos,1713,429,one-beat-ahead,0.2878,0.639684,0.799802,0.459566,14.6051,0.0049,0.6416,29.993
219,F_N,10,RF,B_latidos,1713,429,one-beat-ahead,0.4466,0.497039,0.70501,0.398861,14.5507,0.0622,0.7394,10.93
219,F_N,10,SVR_rbf,B_latidos,1713,429,one-beat-ahead,0.7227,0.090181,0.300301,0.205692,5.4569,0.1164,0.9373,0.314
219,F_N,10,MLP,B_latidos,1713,429,one-beat-ahead,0.3525,0.581519,0.762574,0.465748,15.193,0.0043,0.4672,1.275
219,F_PB,3,LinReg,B_latidos,1719,430,one-beat-ahead,-3991.5036,4282.922597,65.444042,4.467851,1410.2989,0.0276,0.654,0.488
219,F_PB,3,DT,B_latidos,1719,430,one-beat-ahead,0.1563,0.905114,0.951375,0.46257,13.9186,0.0023,0.597,9.686
219,F_PB,3,RF,B_latidos,1719,430,one-beat-ahead,0.3626,0.683811,0.826928,0.425746,14.6268,0.056,0.6855,4.717
219,F_PB,3,SVR_rbf,B_latidos,1719,430,one-beat-ahead,0.9356,0.010415,0.102056,0.072013,1.9616,1.0897,0.9845,1.079
219,F_PB,3,MLP,B_latidos,1719,430,one-beat-ahead,0.3275,0.721388,0.849346,0.464739,14.8371,0.0224,0.4155,5.794
219,F_PB,5,LinReg,B_latidos,1717,430,one-beat-ahead,-64249.6931,68951.891054,262.586921,19.428135,4929.6412,0.041,0.8446,1.597
219,F_PB,5,DT,B_latidos,1717,430,one-beat-ahead,0.1703,0.890391,0.943605,0.456404,13.6465,0.0033,0.6078,15.111
219,F_PB,5,RF,B_latidos,1717,430,one-beat-ahead,0.3665,0.679848,0.824529,0.424561,14.6356,0.0569,0.6843,6.109
219,F_PB,5,SVR_rbf,B_latidos,1717,430,one-beat-ahead,0.7383,0.042372,0.205844,0.144549,3.6943,0.113,0.9428,0.329
219,F_PB,5,MLP,B_latidos,1717,430,one-beat-ahead,0.294,0.757648,0.87043,0.47754,14.5616,0.0044,0.4475,6.39
219,F_PB,10,LinReg,B_latidos,1713,429,one-beat-ahead,-41.2201,45.311702,6.731397,3.315,111.1,0.0428,1.0,4.74
219,F_PB,10,DT,B_latidos,1713,429,one-beat-ahead,0.1796,0.88045,0.938323,0.456277,15.3341,0.0052,0.6144,29.857
219,F_PB,10,RF,B_latidos,1713,429,one-beat-ahead,0.3669,0.679504,0.82432,0.426206,16.9919,0.0598,0.6902,10.979
219,F_PB,10,SVR_rbf,B_latidos,1713,429,one-beat-ahead,0.4191,0.09432,0.307116,0.208097,5.088,0.1109,0.8756,0.3
219,F_PB,10,MLP,B_latidos,1713,429,one-beat-ahead,0.2757,0.777347,0.881673,0.485621,16.718,0.0043,0.4164,1.774
219,F_MED,3,LinReg,B_latidos,1719,430,one-beat-ahead,0.4332,0.413494,0.643035,0.447206,12.3443,0.0379,0.865,0.52
219,F_MED,3,DT,B_latidos,1719,430,one-beat-ahead,0.5121,0.355949,0.596614,0.366016,11.0778,0.0024,0.854,9.587
219,F_MED,3,RF,B_latidos,1719,430,one-beat-ahead,0.7008,0.218267,0.46719,0.293533,10.5237,0.0594,0.8762,4.714
219,F_MED,3,SVR_rbf,B_latidos,1719,430,one-beat-ahead,0.9724,0.016362,0.127916,0.081484,2.6248,1.0293,0.9762,0.956
219,F_MED,3,MLP,B_latidos,1719,430,one-beat-ahead,0.7017,0.217607,0.466484,0.297637,10.3905,0.0195,0.7744,6.457
219,F_MED,5,LinReg,B_latidos,1717,430,one-beat-ahead,-0.4217,1.036708,1.018189,0.720707,16.7996,0.0479,0.936,1.724
219,F_MED,5,DT,B_latidos,1717,430,one-beat-ahead,0.4711,0.385725,0.621067,0.378319,11.4956,0.0032,0.8574,15.074
219,F_MED,5,RF,B_latidos,1717,430,one-beat-ahead,0.695,0.222447,0.471643,0.298576,10.4857,0.0571,0.8769,6.019
219,F_MED,5,SVR_rbf,B_latidos,1717,430,one-beat-ahead,0.9388,0.036315,0.190566,0.126946,3.8856,0.1141,0.9593,0.267
219,F_MED,5,MLP,B_latidos,1717,430,one-beat-ahead,0.6702,0.240523,0.490431,0.326799,10.2941,0.0046,0.7845,5.844
219,F_MED,10,LinReg,B_latidos,1713,429,one-beat-ahead,-0.483,1.078253,1.03839,0.742184,17.3202,0.0422,1.0,4.988
219,F_MED,10,DT,B_latidos,1713,429,one-beat-ahead,0.5218,0.34766,0.589627,0.367822,10.1106,0.0048,0.8503,30.044
219,F_MED,10,RF,B_latidos,1713,429,one-beat-ahead,0.6912,0.224507,0.473821,0.300366,8.3573,0.0586,0.8723,11.001
219,F_MED,10,SVR_rbf,B_latidos,1713,429,one-beat-ahead,0.8229,0.104991,0.324023,0.208799,6.1703,0.1234,0.9133,0.277
219,F_MED,10,MLP,B_latidos,1713,429,one-beat-ahead,0.6105,0.283177,0.532144,0.358809,8.7894,0.0043,0.8061,2.295
219,F_N+PB,3,LinReg,B_latidos,1719,430,one-beat-ahead,-7766.8936,8332.957312,91.285033,5.252412,1246.97,0.0379,0.6567,0.485
219,F_N+PB,3,DT,B_latidos,1719,430,one-beat-ahead,0.1368,0.925952,0.962264,0.467425,13.1255,0.0022,0.5998,9.715
219,F_N+PB,3,RF,B_latidos,1719,430,one-beat-ahead,0.3618,0.684632,0.827425,0.426127,14.7602,0.0569,0.6784,4.71
219,F_N+PB,3,SVR_rbf,B_latidos,1719,430,one-beat-ahead,0.9357,0.010412,0.10204,0.072004,1.9613,0.8415,0.9845,1.068
219,F_N+PB,3,MLP,B_latidos,1719,430,one-beat-ahead,0.3259,0.723129,0.85037,0.459133,14.8683,0.0681,0.4305,6.351
219,F_N+PB,5,LinReg,B_latidos,1717,430,one-beat-ahead,-66519.2204,71387.641712,267.184658,19.454168,5307.4859,0.0439,0.8449,1.59
219,F_N+PB,5,DT,B_latidos,1717,430,one-beat-ahead,0.1558,0.905952,0.951815,0.461071,12.3649,0.0032,0.6093,15.155
219,F_N+PB,5,RF,B_latidos,1717,430,one-beat-ahead,0.3602,0.686581,0.828602,0.427118,14.8004,0.0571,0.69,6.053
219,F_N+PB,5,SVR_rbf,B_latidos,1717,430,one-beat-ahead,0.7383,0.042372,0.205845,0.144554,3.6945,0.2119,0.9428,0.33
219,F_N+PB,5,MLP,B_latidos,1717,430,one-beat-ahead,0.2927,0.759025,0.87122,0.477755,14.5277,0.0044,0.4475,6.225
219,F_N+PB,10,LinReg,B_latidos,1713,429,one-beat-ahead,-43.7019,47.97531,6.926421,3.274879,117.9629,0.0424,1.0,4.963
219,F_N+PB,10,DT,B_latidos,1713,429,one-beat-ahead,0.1793,0.880797,0.938508,0.457861,15.4634,0.005,0.6145,30.181
219,F_N+PB,10,RF,B_latidos,1713,429,one-beat-ahead,0.3651,0.681425,0.825484,0.426524,16.5705,0.0606,0.6919,11.003
219,F_N+PB,10,SVR_rbf,B_latidos,1713,429,one-beat-ahead,0.4191,0.094321,0.307117,0.208108,5.0881,0.1095,0.8756,0.291
219,F_N+PB,10,MLP,B_latidos,1713,429,one-beat-ahead,0.2754,0.77771,0.881878,0.486442,16.7329,0.0043,0.4158,1.761
219,F_N+MED,3,LinReg,B_latidos,1719,430,one-beat-ahead,0.4258,0.41901,0.64731,0.450126,12.5275,0.0237,0.8651,0.519
219,F_N+MED,3,DT,B_latidos,1719,430,one-beat-ahead,0.514,0.354654,0.595528,0.368835,10.3056,0.0026,0.8585,9.605
219,F_N+MED,3,RF,B_latidos,1719,430,one-beat-ahead,0.7008,0.218325,0.467253,0.296549,10.5702,0.0564,0.8781,4.747
219,F_N+MED,3,SVR_rbf,B_latidos,1719,430,one-beat-ahead,0.9725,0.016319,0.127747,0.081388,2.6209,1.1714,0.9763,1.039
219,F_N+MED,3,MLP,B_latidos,1719,430,one-beat-ahead,0.7089,0.212451,0.460924,0.297241,10.1382,0.0112,0.8154,8.694
219,F_N+MED,5,LinReg,B_latidos,1717,430,one-beat-ahead,-0.4925,1.08864,1.043379,0.729515,18.6812,0.0445,0.9379,1.714
219,F_N+MED,5,DT,B_latidos,1717,430,one-beat-ahead,0.5355,0.338826,0.582088,0.363913,10.6577,0.0031,0.8563,15.234
219,F_N+MED,5,RF,B_latidos,1717,430,one-beat-ahead,0.6903,0.225903,0.475293,0.299955,10.5123,0.0599,0.8747,7.443
219,F_N+MED,5,SVR_rbf,B_latidos,1717,430,one-beat-ahead,0.9389,0.03627,0.190447,0.126866,3.8819,0.2263,0.9593,0.437
219,F_N+MED,5,MLP,B_latidos,1717,430,one-beat-ahead,0.669,0.241395,0.491319,0.32753,10.3214,0.0044,0.7841,2.541
219,F_N+MED,10,LinReg,B_latidos,1713,429,one-beat-ahead,-0.5714,1.142808,1.069022,0.775917,17.0419,0.0484,1.0,5.35
219,F_N+MED,10,DT,B_latidos,1713,429,one-beat-ahead,0.4596,0.393002,0.626899,0.382015,10.9266,0.005,0.8522,30.951
219,F_N+MED,10,RF,B_latidos,1713,429,one-beat-ahead,0.6872,0.227461,0.476929,0.305808,8.4628,0.0591,0.8684,11.107
219,F_N+MED,10,SVR_rbf,B_latidos,1713,429,one-beat-ahead,0.8234,0.104684,0.323549,0.208582,6.1614,0.1142,0.9134,0.26
219,F_N+MED,10,MLP,B_latidos,1713,429,one-beat-ahead,0.6187,0.277331,0.526622,0.355011,8.7615,0.0042,0.7929,2.104
219,F_N+PB+MED,3,LinReg,B_latidos,1719,430,one-beat-ahead,0.2185,0.827547,0.909696,0.606933,17.3781,0.0278,0.7495,0.555
219,F_N+PB+MED,3,DT,B_latidos,1719,430,one-beat-ahead,0.2073,0.839439,0.916209,0.466453,17.6243,0.0023,0.7697,10.016
219,F_N+PB+MED,3,RF,B_latidos,1719,430,one-beat-ahead,0.5475,0.479191,0.692236,0.40498,16.5872,0.0575,0.767,4.996
219,F_N+PB+MED,3,SVR_rbf,B_latidos,1719,430,one-beat-ahead,0.9572,0.026461,0.162669,0.088161,3.3161,1.5407,0.9618,1.197
219,F_N+PB+MED,3,MLP,B_latidos,1719,430,one-beat-ahead,0.5454,0.481448,0.693865,0.428933,15.7978,0.011,0.6135,3.673
219,F_N+PB+MED,5,LinReg,B_latidos,1717,430,one-beat-ahead,-0.591,1.686944,1.298824,0.904023,20.7313,0.0412,0.8838,1.716
219,F_N+PB+MED,5,DT,B_latidos,1717,430,one-beat-ahead,0.2466,0.798837,0.893777,0.455868,17.4366,0.0032,0.7703,15.595
219,F_N+PB+MED,5,RF,B_latidos,1717,430,one-beat-ahead,0.5392,0.488568,0.698976,0.409523,16.8239,0.0601,0.7782,8.461
219,F_N+PB+MED,5,SVR_rbf,B_latidos,1717,430,one-beat-ahead,0.8636,0.084408,0.29053,0.163227,5.4646,0.1109,0.9211,0.419
219,F_N+PB+MED,5,MLP,B_latidos,1717,430,one-beat-ahead,0.5044,0.52544,0.724872,0.44565,16.1745,0.0048,0.6681,1.683
219,F_N+PB+MED,10,LinReg,B_latidos,1713,429,one-beat-ahead,-1.6314,2.796022,1.672131,1.175816,25.6338,0.0433,1.0,4.984
219,F_N+PB+MED,10,DT,B_latidos,1713,429,one-beat-ahead,0.2188,0.830063,0.911078,0.470661,11.0533,0.0074,0.7773,31.303
219,F_N+PB+MED,10,RF,B_latidos,1713,429,one-beat-ahead,0.5434,0.485127,0.69651,0.410084,11.1108,0.0622,0.7659,11.345
219,F_N+PB+MED,10,SVR_rbf,B_latidos,1713,429,one-beat-ahead,0.6798,0.198848,0.445923,0.271102,8.0927,0.114,0.8201,0.266
219,F_N+PB+MED,10,MLP,B_latidos,1713,429,one-beat-ahead,0.5291,0.50035,0.707354,0.4472,11.2364,0.0042,0.6515,1.444
220,F_SIN,3,LinReg,B_latidos,1634,409,one-beat-ahead,0.3802,0.677193,0.822917,0.357961,13.2316,0.0244,0.8595,0.547
220,F_SIN,3,DT,B_latidos,1634,409,one-beat-ahead,0.5286,0.515012,0.717643,0.311009,12.4605,0.0025,0.8024,9.3
220,F_SIN,3,RF,B_latidos,1634,409,one-beat-ahead,0.7009,0.326738,0.57161,0.261492,12.5016,0.0594,0.8181,4.651
220,F_SIN,3,SVR_rbf,B_latidos,1634,409,one-beat-ahead,0.8938,0.007716,0.087839,0.060397,1.6491,1.3649,0.9706,0.975
220,F_SIN,3,MLP,B_latidos,1634,409,one-beat-ahead,0.7371,0.287235,0.535943,0.240748,10.7285,0.0114,0.7151,4.535
220,F_SIN,5,LinReg,B_latidos,1632,409,one-beat-ahead,-0.3403,1.464628,1.210218,0.556905,18.7029,0.0413,0.9505,1.632
220,F_SIN,5,DT,B_latidos,1632,409,one-beat-ahead,0.4997,0.546662,0.739366,0.319516,14.3544,0.0031,0.8091,14.492
220,F_SIN,5,RF,B_latidos,1632,409,one-beat-ahead,0.6988,0.32918,0.573742,0.262698,12.8047,0.0616,0.8152,6.166
220,F_SIN,5,SVR_rbf,B_latidos,1632,409,one-beat-ahead,0.7013,0.021704,0.147323,0.104217,2.624,0.2049,0.9439,0.494
220,F_SIN,5,MLP,B_latidos,1632,409,one-beat-ahead,0.7065,0.320727,0.566327,0.257785,9.9732,0.0044,0.7295,5.2
220,F_SIN,10,LinReg,B_latidos,1628,408,one-beat-ahead,-0.1989,1.311829,1.145351,0.469457,20.1571,0.0428,1.0,4.62
220,F_SIN,10,DT,B_latidos,1628,408,one-beat-ahead,0.5649,0.47606,0.689971,0.310475,10.753,0.0049,0.8038,28.945
220,F_SIN,10,RF,B_latidos,1628,408,one-beat-ahead,0.7031,0.324908,0.570007,0.266138,10.3708,0.0643,0.8227,11.017
220,F_SIN,10,SVR_rbf,B_latidos,1628,408,one-beat-ahead,0.5585,0.032181,0.179391,0.132298,3.1709,0.104,0.9564,0.309
220,F_SIN,10,MLP,B_latidos,1628,408,one-beat-ahead,0.6995,0.328812,0.573421,0.271235,11.2279,0.0044,0.7456,2.312
220,F_N,3,LinReg,B_latidos,1634,409,one-beat-ahead,0.4053,0.649819,0.806113,0.359297,14.1325,0.045,0.858,0.546
220,F_N,3,DT,B_latidos,1634,409,one-beat-ahead,0.5108,0.534525,0.731112,0.313426,12.4737,0.0025,0.7991,9.392
220,F_N,3,RF,B_latidos,1634,409,one-beat-ahead,0.7043,0.323057,0.568381,0.261296,12.3993,0.0597,0.8157,4.65
220,F_N,3,SVR_rbf,B_latidos,1634,409,one-beat-ahead,0.8926,0.007825,0.088459,0.060846,1.6607,0.8195,0.97,0.905
220,F_N,3,MLP,B_latidos,1634,409,one-beat-ahead,0.7198,0.306193,0.553347,0.24466,11.3471,0.0277,0.747,7.43
220,F_N,5,LinReg,B_latidos,1632,409,one-beat-ahead,-0.3642,1.490769,1.220971,0.552957,19.6797,0.042,0.9497,1.61
220,F_N,5,DT,B_latidos,1632,409,one-beat-ahead,0.4858,0.561884,0.749589,0.330827,14.632,0.0031,0.8032,14.57
220,F_N,5,RF,B_latidos,1632,409,one-beat-ahead,0.6904,0.338336,0.581666,0.268856,12.3063,0.0606,0.8208,5.905
220,F_N,5,SVR_rbf,B_latidos,1632,409,one-beat-ahead,0.7012,0.021773,0.147558,0.104236,2.6268,0.1093,0.9437,0.308
220,F_N,5,MLP,B_latidos,1632,409,one-beat-ahead,0.7059,0.321403,0.566924,0.258013,10.0157,0.0047,0.7295,6.763
220,F_N,10,LinReg,B_latidos,1628,408,one-beat-ahead,-0.2542,1.372458,1.17152,0.479591,17.2926,0.0434,1.0,4.643
220,F_N,10,DT,B_latidos,1628,408,one-beat-ahead,0.4467,0.605493,0.778134,0.348764,11.1792,0.005,0.8039,28.864
220,F_N,10,RF,B_latidos,1628,408,one-beat-ahead,0.7026,0.325452,0.570484,0.267212,10.4546,0.0635,0.8192,10.993
220,F_N,10,SVR_rbf,B_latidos,1628,408,one-beat-ahead,0.5596,0.032202,0.179448,0.132246,3.1738,0.1084,0.9561,0.322
220,F_N,10,MLP,B_latidos,1628,408,one-beat-ahead,0.694,0.334855,0.578667,0.272492,11.3722,0.0044,0.7562,2.541
220,F_PB,3,LinReg,B_latidos,1634,409,one-beat-ahead,-1990319.5622,2177285.767051,1475.562864,88.400111,34415.5624,0.0386,0.8795,0.526
220,F_PB,3,DT,B_latidos,1634,409,one-beat-ahead,0.5741,0.465871,0.682547,0.258931,9.9744,0.0031,0.8077,9.471
220,F_PB,3,RF,B_latidos,1634,409,one-beat-ahead,0.7352,0.289705,0.538243,0.228498,11.1924,0.059,0.8347,4.65
220,F_PB,3,SVR_rbf,B_latidos,1634,409,one-beat-ahead,0.8074,0.004834,0.069526,0.044406,1.2789,0.8488,0.9534,0.902
220,F_PB,3,MLP,B_latidos,1634,409,one-beat-ahead,0.7457,0.278156,0.527405,0.224343,10.5163,0.0171,0.7536,6.984
220,F_PB,5,LinReg,B_latidos,1632,409,one-beat-ahead,-31502416.7629,34462443.545155,5870.472174,385.716193,156897.0147,0.0427,0.9607,1.576
220,F_PB,5,DT,B_latidos,1632,409,one-beat-ahead,0.5441,0.498736,0.706212,0.268056,12.358,0.003,0.8121,14.86
220,F_PB,5,RF,B_latidos,1632,409,one-beat-ahead,0.728,0.297551,0.545482,0.235569,11.2196,0.0601,0.838,6.011
220,F_PB,5,SVR_rbf,B_latidos,1632,409,one-beat-ahead,0.4485,0.01384,0.117643,0.07776,1.9614,0.0951,0.9269,0.298
220,F_PB,5,MLP,B_latidos,1632,409,one-beat-ahead,0.7268,0.298873,0.546693,0.233656,9.5831,0.0042,0.7478,6.827
220,F_PB,10,LinReg,B_latidos,1628,408,one-beat-ahead,-36.3908,40.921018,6.396954,1.607838,133.6452,0.0445,1.0,4.549
220,F_PB,10,DT,B_latidos,1628,408,one-beat-ahead,0.5525,0.489717,0.699798,0.271319,10.5266,0.0053,0.8223,29.194
220,F_PB,10,RF,B_latidos,1628,408,one-beat-ahead,0.7345,0.290594,0.539067,0.232479,9.7129,0.0639,0.8484,11.018
220,F_PB,10,SVR_rbf,B_latidos,1628,408,one-beat-ahead,0.3034,0.017512,0.132332,0.089391,2.0916,0.1023,0.9546,0.351
220,F_PB,10,MLP,B_latidos,1628,408,one-beat-ahead,0.6744,0.356373,0.59697,0.248903,11.5642,0.0044,0.8287,4.276
220,F_MED,3,LinReg,B_latidos,1634,409,one-beat-ahead,0.7898,0.340142,0.583217,0.407476,11.1301,0.0291,0.9374,0.516
220,F_MED,3,DT,B_latidos,1634,409,one-beat-ahead,0.6568,0.555349,0.745217,0.468538,12.432,0.0025,0.9184,9.238
220,F_MED,3,RF,B_latidos,1634,409,one-beat-ahead,0.8395,0.25968,0.509588,0.339458,10.257,0.06,0.9274,4.548
220,F_MED,3,SVR_rbf,B_latidos,1634,409,one-beat-ahead,0.8809,0.078032,0.279342,0.159331,5.2028,1.0127,0.9078,0.893
220,F_MED,3,MLP,B_latidos,1634,409,one-beat-ahead,0.8772,0.198775,0.445841,0.30177,8.7039,0.0184,0.8722,7.14
220,F_MED,5,LinReg,B_latidos,1632,409,one-beat-ahead,0.5634,0.707616,0.841199,0.611108,14.748,0.0421,0.978,1.641
220,F_MED,5,DT,B_latidos,1632,409,one-beat-ahead,0.6017,0.645598,0.803491,0.509025,12.7352,0.0036,0.9193,14.397
220,F_MED,5,RF,B_latidos,1632,409,one-beat-ahead,0.8343,0.268599,0.518266,0.346316,10.5526,0.0641,0.9263,5.759
220,F_MED,5,SVR_rbf,B_latidos,1632,409,one-beat-ahead,0.7339,0.174639,0.417898,0.238102,7.6462,0.1025,0.8811,0.24
220,F_MED,5,MLP,B_latidos,1632,409,one-beat-ahead,0.8715,0.208248,0.456342,0.306008,8.7555,0.0044,0.8978,6.781
220,F_MED,10,LinReg,B_latidos,1628,408,one-beat-ahead,0.6504,0.572359,0.756544,0.544329,13.7727,0.0456,1.0,4.657
220,F_MED,10,DT,B_latidos,1628,408,one-beat-ahead,0.7396,0.426429,0.653015,0.425992,11.6552,0.0052,0.9189,28.463
220,F_MED,10,RF,B_latidos,1628,408,one-beat-ahead,0.8319,0.275286,0.524677,0.349139,10.3212,0.0621,0.9271,10.568
220,F_MED,10,SVR_rbf,B_latidos,1628,408,one-beat-ahead,0.5981,0.266872,0.516597,0.318346,9.424,0.1066,0.8712,0.23
220,F_MED,10,MLP,B_latidos,1628,408,one-beat-ahead,0.8383,0.264753,0.514542,0.345815,10.1821,0.0043,0.8696,1.764
220,F_N+PB,3,LinReg,B_latidos,1634,409,one-beat-ahead,-2482542.3651,2715784.31428,1647.963687,95.556888,44713.2033,0.0452,0.8793,0.484
220,F_N+PB,3,DT,B_latidos,1634,409,one-beat-ahead,0.5851,0.453864,0.673694,0.257015,9.6669,0.0032,0.8072,9.067
220,F_N+PB,3,RF,B_latidos,1634,409,one-beat-ahead,0.7359,0.288871,0.537468,0.230602,10.8022,0.0593,0.8344,5.105
220,F_N+PB,3,SVR_rbf,B_latidos,1634,409,one-beat-ahead,0.8074,0.004834,0.069528,0.044425,1.279,0.8071,0.9534,0.802
220,F_N+PB,3,MLP,B_latidos,1634,409,one-beat-ahead,0.7401,0.284364,0.533258,0.229027,10.7465,0.0203,0.7436,3.102
220,F_N+PB,5,LinReg,B_latidos,1632,409,one-beat-ahead,-37499432.5901,41023521.430184,6404.960689,415.611848,177417.0456,0.0417,0.9612,3.81
220,F_N+PB,5,DT,B_latidos,1632,409,one-beat-ahead,0.4894,0.558592,0.74739,0.284669,11.3667,0.0043,0.8169,14.593
220,F_N+PB,5,RF,B_latidos,1632,409,one-beat-ahead,0.7267,0.299002,0.546811,0.23544,11.3409,0.0615,0.838,6.005
220,F_N+PB,5,SVR_rbf,B_latidos,1632,409,one-beat-ahead,0.4484,0.013846,0.117668,0.077776,1.962,0.0961,0.9269,0.315
220,F_N+PB,5,MLP,B_latidos,1632,409,one-beat-ahead,0.7258,0.300021,0.547741,0.23414,9.6604,0.0044,0.7454,2.004
220,F_N+PB,10,LinReg,B_latidos,1628,408,one-beat-ahead,-38.7689,43.524268,6.597292,1.667381,110.8266,0.044,1.0,6.48
220,F_N+PB,10,DT,B_latidos,1628,408,one-beat-ahead,0.6072,0.429859,0.655636,0.255832,10.9927,0.0056,0.8242,28.918
220,F_N+PB,10,RF,B_latidos,1628,408,one-beat-ahead,0.7378,0.286921,0.53565,0.232649,9.6645,0.0628,0.8458,8.403
220,F_N+PB,10,SVR_rbf,B_latidos,1628,408,one-beat-ahead,0.3034,0.017516,0.132349,0.089389,2.092,0.191,0.9546,0.472
220,F_N+PB,10,MLP,B_latidos,1628,408,one-beat-ahead,0.6752,0.35547,0.596213,0.248355,11.756,0.0043,0.83,8.127
220,F_N+MED,3,LinReg,B_latidos,1634,409,one-beat-ahead,0.7865,0.345609,0.587885,0.410062,10.8824,0.029,0.9392,0.529
220,F_N+MED,3,DT,B_latidos,1634,409,one-beat-ahead,0.7319,0.434034,0.658812,0.407064,12.2608,0.0032,0.9138,8.75
220,F_N+MED,3,RF,B_latidos,1634,409,one-beat-ahead,0.8363,0.265036,0.514816,0.342645,10.4914,0.0594,0.9273,5.104
220,F_N+MED,3,SVR_rbf,B_latidos,1634,409,one-beat-ahead,0.88,0.078555,0.280277,0.158604,5.2035,0.9586,0.9078,0.93
220,F_N+MED,3,MLP,B_latidos,1634,409,one-beat-ahead,0.8802,0.193993,0.440446,0.297275,8.6472,0.0112,0.875,2.898
220,F_N+MED,5,LinReg,B_latidos,1632,409,one-beat-ahead,0.5666,0.702811,0.838338,0.613308,15.3017,0.0961,0.9792,4.33
220,F_N+MED,5,DT,B_latidos,1632,409,one-beat-ahead,0.7128,0.465754,0.682461,0.427001,12.3859,0.0043,0.914,14.21
220,F_N+MED,5,RF,B_latidos,1632,409,one-beat-ahead,0.8354,0.266933,0.516655,0.342391,10.4809,0.0616,0.9264,6.016
220,F_N+MED,5,SVR_rbf,B_latidos,1632,409,one-beat-ahead,0.7314,0.176045,0.419577,0.23944,7.6959,0.152,0.8813,0.25
220,F_N+MED,5,MLP,B_latidos,1632,409,one-beat-ahead,0.8699,0.210926,0.459266,0.304749,8.6759,0.0046,0.8944,2.15
220,F_N+MED,10,LinReg,B_latidos,1628,408,one-beat-ahead,0.6158,0.629331,0.793304,0.575864,15.2078,0.0476,1.0,7.347
220,F_N+MED,10,DT,B_latidos,1628,408,one-beat-ahead,0.6975,0.495522,0.703933,0.436598,12.4954,0.0047,0.9183,28.8
220,F_N+MED,10,RF,B_latidos,1628,408,one-beat-ahead,0.8391,0.263629,0.513448,0.342536,10.4652,0.0656,0.9284,8.08
220,F_N+MED,10,SVR_rbf,B_latidos,1628,408,one-beat-ahead,0.5982,0.266464,0.516201,0.319243,9.4128,0.1061,0.8716,0.241
220,F_N+MED,10,MLP,B_latidos,1628,408,one-beat-ahead,0.8387,0.264189,0.513993,0.34487,9.8293,0.0045,0.8769,6.583
220,F_N+PB+MED,3,LinReg,B_latidos,1634,409,one-beat-ahead,0.8252,0.324121,0.569316,0.363623,9.7901,0.0286,0.9383,0.583
220,F_N+PB+MED,3,DT,B_latidos,1634,409,one-beat-ahead,0.7943,0.381444,0.617611,0.348468,11.0122,0.0022,0.935,7.777
220,F_N+PB+MED,3,RF,B_latidos,1634,409,one-beat-ahead,0.8731,0.235242,0.485017,0.294263,8.1206,0.0587,0.9333,7.055
220,F_N+PB+MED,3,SVR_rbf,B_latidos,1634,409,one-beat-ahead,0.8936,0.030793,0.175479,0.116308,3.4352,0.9224,0.9462,0.884
220,F_N+PB+MED,3,MLP,B_latidos,1634,409,one-beat-ahead,0.8886,0.206603,0.454536,0.260165,7.3193,0.0112,0.8975,3.573
220,F_N+PB+MED,5,LinReg,B_latidos,1632,409,one-beat-ahead,0.667,0.617727,0.785956,0.539351,14.5656,0.0675,0.9787,1.927
220,F_N+PB+MED,5,DT,B_latidos,1632,409,one-beat-ahead,0.8212,0.331652,0.575892,0.32061,9.1187,0.0043,0.9383,14.217
220,F_N+PB+MED,5,RF,B_latidos,1632,409,one-beat-ahead,0.8761,0.229786,0.47936,0.291254,8.1967,0.0601,0.9332,8.335
220,F_N+PB+MED,5,SVR_rbf,B_latidos,1632,409,one-beat-ahead,0.6872,0.090565,0.300939,0.196972,5.5221,0.1031,0.9227,0.226
220,F_N+PB+MED,5,MLP,B_latidos,1632,409,one-beat-ahead,0.8903,0.20348,0.451088,0.276431,7.727,0.0045,0.8813,1.556
220,F_N+PB+MED,10,LinReg,B_latidos,1628,408,one-beat-ahead,0.6881,0.579246,0.761082,0.523876,13.1559,0.114,1.0,6.092
220,F_N+PB+MED,10,DT,B_latidos,1628,408,one-beat-ahead,0.7913,0.387621,0.622592,0.341296,10.9502,0.0062,0.9392,28.938
220,F_N+PB+MED,10,RF,B_latidos,1628,408,one-beat-ahead,0.877,0.228473,0.477989,0.296122,9.105,0.0621,0.9328,9.961
220,F_N+PB+MED,10,SVR_rbf,B_latidos,1628,408,one-beat-ahead,0.3575,0.186487,0.431842,0.314655,7.2913,0.1028,0.8827,0.22
220,F_N+PB+MED,10,MLP,B_latidos,1628,408,one-beat-ahead,0.8811,0.220829,0.469924,0.293358,8.5796,0.0043,0.8861,2.035
221,F_SIN,3,LinReg,B_latidos,1937,485,one-beat-ahead,-0.4739,1.072997,1.035856,0.608416,13.8748,0.0396,0.6498,0.686
221,F_SIN,3,DT,B_latidos,1937,485,one-beat-ahead,-0.0165,0.74002,0.860244,0.431718,11.2704,0.0021,0.5703,10.597
221,F_SIN,3,RF,B_latidos,1937,485,one-beat-ahead,0.2146,0.571795,0.756171,0.387649,10.8249,0.0498,0.6955,6.492
221,F_SIN,3,SVR_rbf,B_latidos,1937,485,one-beat-ahead,0.8743,0.008977,0.094745,0.071998,1.9822,1.3287,0.9421,2.092
221,F_SIN,3,MLP,B_latidos,1937,485,one-beat-ahead,0.1798,0.597088,0.772715,0.410449,10.8735,0.0108,0.497,2.397
221,F_SIN,5,LinReg,B_latidos,1936,484,one-beat-ahead,-1.6431,1.924618,1.387306,0.855317,18.5659,0.0421,0.8044,1.933
221,F_SIN,5,DT,B_latidos,1936,484,one-beat-ahead,-0.0181,0.741372,0.86103,0.433249,11.4728,0.0039,0.5672,17.421
221,F_SIN,5,RF,B_latidos,1936,484,one-beat-ahead,0.2245,0.564712,0.751473,0.38651,12.56,0.0542,0.7019,8.478
221,F_SIN,5,SVR_rbf,B_latidos,1936,484,one-beat-ahead,0.6185,0.027288,0.165192,0.13018,3.0105,0.1269,0.8837,0.429
221,F_SIN,5,MLP,B_latidos,1936,484,one-beat-ahead,0.1007,0.654818,0.809208,0.44131,12.8213,0.0042,0.4498,1.575
221,F_SIN,10,LinReg,B_latidos,1932,483,one-beat-ahead,-3.9721,3.621918,1.903134,1.187695,27.8828,0.046,1.0,8.709
221,F_SIN,10,DT,B_latidos,1932,483,one-beat-ahead,-0.0371,0.755455,0.869169,0.438018,11.7647,0.0052,0.5748,34.155
221,F_SIN,10,RF,B_latidos,1932,483,one-beat-ahead,0.2148,0.571995,0.756304,0.393495,13.021,0.0734,0.7,12.214
221,F_SIN,10,SVR_rbf,B_latidos,1932,483,one-beat-ahead,0.5734,0.030588,0.174894,0.134396,3.1851,0.1314,0.8798,0.41
221,F_SIN,10,MLP,B_latidos,1932,483,one-beat-ahead,0.0724,0.675711,0.822017,0.447233,12.8135,0.0041,0.45,2.11
221,F_N,3,LinReg,B_latidos,1937,485,one-beat-ahead,-0.4294,1.040185,1.019894,0.595032,14.2968,0.0387,0.651,0.573
221,F_N,3,DT,B_latidos,1937,485,one-beat-ahead,-0.0005,0.728075,0.853273,0.430437,11.0001,0.0024,0.5676,10.771
221,F_N,3,RF,B_latidos,1937,485,one-beat-ahead,0.21,0.574915,0.758232,0.387882,10.9899,0.0522,0.6976,5.347
221,F_N,3,SVR_rbf,B_latidos,1937,485,one-beat-ahead,0.8933,0.007666,0.087556,0.067634,1.8172,1.3323,0.9454,1.913
221,F_N,3,MLP,B_latidos,1937,485,one-beat-ahead,0.1869,0.591737,0.769244,0.406529,10.9831,0.0108,0.4914,2.401
221,F_N,5,LinReg,B_latidos,1936,484,one-beat-ahead,-1.5506,1.856527,1.362544,0.832925,18.3685,0.054,0.8057,1.943
221,F_N,5,DT,B_latidos,1936,484,one-beat-ahead,-0.0058,0.732129,0.855645,0.429347,11.8141,0.0029,0.5661,17.02
221,F_N,5,RF,B_latidos,1936,484,one-beat-ahead,0.2132,0.572683,0.756758,0.38872,12.3044,0.0527,0.7008,9.478
221,F_N,5,SVR_rbf,B_latidos,1936,484,one-beat-ahead,0.6426,0.025713,0.160352,0.125773,2.9202,0.1295,0.8846,0.448
221,F_N,5,MLP,B_latidos,1936,484,one-beat-ahead,0.1024,0.653375,0.808316,0.438117,12.7933,0.0042,0.4626,1.601
221,F_N,10,LinReg,B_latidos,1932,483,one-beat-ahead,-3.4674,3.253077,1.803629,1.117215,29.1155,0.0419,1.0,10.059
221,F_N,10,DT,B_latidos,1932,483,one-beat-ahead,-0.0345,0.753338,0.867951,0.43242,11.2115,0.0063,0.5664,34.218
221,F_N,10,RF,B_latidos,1932,483,one-beat-ahead,0.2139,0.572425,0.756588,0.391026,13.0561,0.0551,0.6983,12.077
221,F_N,10,SVR_rbf,B_latidos,1932,483,one-beat-ahead,0.5987,0.028932,0.170094,0.128295,3.0834,0.1268,0.8795,0.415
221,F_N,10,MLP,B_latidos,1932,483,one-beat-ahead,0.0708,0.676636,0.822579,0.446887,13.0281,0.004,0.4583,2.151
221,F_PB,3,LinReg,B_latidos,1937,485,one-beat-ahead,-20.5781,15.511866,3.938511,1.131653,52.3942,0.0243,0.655,0.513
221,F_PB,3,DT,B_latidos,1937,485,one-beat-ahead,0.0596,0.676025,0.822207,0.372633,9.8379,0.0024,0.5906,10.78
221,F_PB,3,RF,B_latidos,1937,485,one-beat-ahead,0.2451,0.542678,0.736667,0.346147,10.0631,0.0501,0.7029,5.435
221,F_PB,3,SVR_rbf,B_latidos,1937,485,one-beat-ahead,0.6086,0.006287,0.079289,0.063287,1.4563,1.8182,0.8767,1.474
221,F_PB,3,MLP,B_latidos,1937,485,one-beat-ahead,0.1773,0.591421,0.769039,0.392488,10.6979,0.011,0.499,3.451
221,F_PB,5,LinReg,B_latidos,1936,484,one-beat-ahead,-108.0491,78.40593,8.854712,2.377173,105.105,0.042,0.807,1.85
221,F_PB,5,DT,B_latidos,1936,484,one-beat-ahead,0.0854,0.657616,0.810936,0.365815,11.1994,0.0033,0.5946,17.107
221,F_PB,5,RF,B_latidos,1936,484,one-beat-ahead,0.2528,0.537222,0.732954,0.344279,12.6098,0.0519,0.7062,9.529
221,F_PB,5,SVR_rbf,B_latidos,1936,484,one-beat-ahead,-0.3279,0.021374,0.146197,0.117455,2.0971,0.1205,0.765,0.425
221,F_PB,5,MLP,B_latidos,1936,484,one-beat-ahead,0.1095,0.640239,0.800149,0.403315,12.5723,0.0041,0.4614,1.73
221,F_PB,10,LinReg,B_latidos,1932,483,one-beat-ahead,-193.5146,139.891628,11.827579,5.538477,203.12,0.0416,1.0,10.034
221,F_PB,10,DT,B_latidos,1932,483,one-beat-ahead,0.0586,0.677016,0.82281,0.372722,11.2473,0.0049,0.5996,34.485
221,F_PB,10,RF,B_latidos,1932,483,one-beat-ahead,0.2343,0.550645,0.742055,0.351153,11.4364,0.0533,0.7096,12.266
221,F_PB,10,SVR_rbf,B_latidos,1932,483,one-beat-ahead,-0.3731,0.022122,0.148734,0.118468,2.0063,0.1228,0.8061,0.437
221,F_PB,10,MLP,B_latidos,1932,483,one-beat-ahead,0.0652,0.672323,0.819953,0.415732,12.2862,0.0041,0.4088,1.653
221,F_MED,3,LinReg,B_latidos,1937,485,one-beat-ahead,-0.0092,0.477295,0.690866,0.467246,10.9975,0.0279,0.7472,0.57
221,F_MED,3,DT,B_latidos,1937,485,one-beat-ahead,0.1598,0.397351,0.630358,0.337838,11.1409,0.0025,0.83,10.651
221,F_MED,3,RF,B_latidos,1937,485,one-beat-ahead,0.4814,0.245255,0.495232,0.290576,8.8741,0.0499,0.8434,5.347
221,F_MED,3,SVR_rbf,B_latidos,1937,485,one-beat-ahead,0.9572,0.008021,0.089559,0.060693,1.8898,1.8727,0.9287,1.335
221,F_MED,3,MLP,B_latidos,1937,485,one-beat-ahead,0.4685,0.251368,0.501366,0.298807,9.0229,0.0113,0.6792,4.688
221,F_MED,5,LinReg,B_latidos,1936,484,one-beat-ahead,-0.7787,0.842421,0.917835,0.641919,13.6843,0.0486,0.8598,1.879
221,F_MED,5,DT,B_latidos,1936,484,one-beat-ahead,0.1874,0.384861,0.620372,0.334969,10.4107,0.0033,0.8282,16.749
221,F_MED,5,RF,B_latidos,1936,484,one-beat-ahead,0.4926,0.240294,0.490198,0.290464,8.3848,0.0514,0.8383,9.334
221,F_MED,5,SVR_rbf,B_latidos,1936,484,one-beat-ahead,0.8774,0.022995,0.151641,0.110957,3.0344,0.1283,0.8957,0.324
221,F_MED,5,MLP,B_latidos,1936,484,one-beat-ahead,0.3828,0.292298,0.540646,0.316119,10.4157,0.0042,0.7053,1.739
221,F_MED,10,LinReg,B_latidos,1932,483,one-beat-ahead,-2.3091,1.571152,1.253456,0.879369,19.878,0.1075,1.0,7.837
221,F_MED,10,DT,B_latidos,1932,483,one-beat-ahead,0.1304,0.412872,0.642551,0.343462,9.9398,0.005,0.8229,34.091
221,F_MED,10,RF,B_latidos,1932,483,one-beat-ahead,0.4628,0.255083,0.505057,0.299837,8.2908,0.0538,0.8345,11.37
221,F_MED,10,SVR_rbf,B_latidos,1932,483,one-beat-ahead,0.7767,0.042019,0.204985,0.152132,3.9983,0.2524,0.8706,0.594
221,F_MED,10,MLP,B_latidos,1932,483,one-beat-ahead,0.251,0.355605,0.596327,0.373626,8.8994,0.0042,0.6605,2.127
221,F_N+PB,3,LinReg,B_latidos,1937,485,one-beat-ahead,-15.615,11.943776,3.455977,1.069982,36.6792,0.0386,0.6561,0.513
221,F_N+PB,3,DT,B_latidos,1937,485,one-beat-ahead,0.039,0.690842,0.831169,0.374577,10.756,0.0031,0.5912,10.498
221,F_N+PB,3,RF,B_latidos,1937,485,one-beat-ahead,0.2547,0.535746,0.731946,0.343154,10.1827,0.0504,0.7086,5.922
221,F_N+PB,3,SVR_rbf,B_latidos,1937,485,one-beat-ahead,0.6093,0.006276,0.079218,0.063233,1.456,1.3059,0.8767,1.55
221,F_N+PB,3,MLP,B_latidos,1937,485,one-beat-ahead,0.1874,0.584134,0.764286,0.389852,10.2966,0.0137,0.5136,7.179
221,F_N+PB,5,LinReg,B_latidos,1936,484,one-beat-ahead,-64.2065,46.882196,6.847057,2.194568,96.1108,0.0399,0.8087,1.845
221,F_N+PB,5,DT,B_latidos,1936,484,one-beat-ahead,0.0623,0.674196,0.821094,0.372626,11.1399,0.0042,0.5965,17.463
221,F_N+PB,5,RF,B_latidos,1936,484,one-beat-ahead,0.2384,0.547555,0.73997,0.348557,12.4375,0.0531,0.7025,9.545
221,F_N+PB,5,SVR_rbf,B_latidos,1936,484,one-beat-ahead,-0.3264,0.021349,0.146112,0.117356,2.0959,0.1231,0.7649,0.455
221,F_N+PB,5,MLP,B_latidos,1936,484,one-beat-ahead,0.1059,0.642834,0.801769,0.403452,12.4673,0.0042,0.4617,1.781
221,F_N+PB,10,LinReg,B_latidos,1932,483,one-beat-ahead,-215.1427,155.4427,12.467666,5.137074,213.4457,0.1087,1.0,7.521
221,F_N+PB,10,DT,B_latidos,1932,483,one-beat-ahead,0.0567,0.678358,0.823625,0.372787,11.378,0.0049,0.6009,35.066
221,F_N+PB,10,RF,B_latidos,1932,483,one-beat-ahead,0.2361,0.549343,0.741177,0.350832,11.7054,0.0849,0.7149,11.583
221,F_N+PB,10,SVR_rbf,B_latidos,1932,483,one-beat-ahead,-0.372,0.022105,0.148677,0.118416,2.0059,0.1248,0.806,0.717
221,F_N+PB,10,MLP,B_latidos,1932,483,one-beat-ahead,0.0529,0.681096,0.825286,0.417013,12.005,0.0041,0.4362,1.937
221,F_N+MED,3,LinReg,B_latidos,1937,485,one-beat-ahead,-0.0383,0.491981,0.701414,0.472112,11.5239,0.0315,0.7446,0.582
221,F_N+MED,3,DT,B_latidos,1937,485,one-beat-ahead,0.2545,0.353243,0.594343,0.319172,10.4696,0.0028,0.8282,10.527
221,F_N+MED,3,RF,B_latidos,1937,485,one-beat-ahead,0.4695,0.251397,0.501395,0.292142,9.2205,0.0497,0.8391,5.592
221,F_N+MED,3,SVR_rbf,B_latidos,1937,485,one-beat-ahead,0.9588,0.007812,0.088387,0.060224,1.8537,1.295,0.93,1.35
221,F_N+MED,3,MLP,B_latidos,1937,485,one-beat-ahead,0.4707,0.250808,0.500808,0.300317,8.9502,0.0249,0.6775,6.197
221,F_N+MED,5,LinReg,B_latidos,1936,484,one-beat-ahead,-0.8087,0.858301,0.926445,0.636776,14.8186,0.0396,0.858,1.93
221,F_N+MED,5,DT,B_latidos,1936,484,one-beat-ahead,0.2228,0.368836,0.607319,0.321906,9.9558,0.003,0.8292,16.827
221,F_N+MED,5,RF,B_latidos,1936,484,one-beat-ahead,0.4688,0.252095,0.50209,0.292912,8.6711,0.0592,0.8401,8.71
221,F_N+MED,5,SVR_rbf,B_latidos,1936,484,one-beat-ahead,0.8765,0.02343,0.153067,0.11345,3.089,0.1246,0.8958,0.547
221,F_N+MED,5,MLP,B_latidos,1936,484,one-beat-ahead,0.3782,0.295079,0.543212,0.318887,10.5914,0.0041,0.7104,1.778
221,F_N+MED,10,LinReg,B_latidos,1932,483,one-beat-ahead,-2.3438,1.590751,1.26125,0.892643,20.702,0.0826,1.0,6.336
221,F_N+MED,10,DT,B_latidos,1932,483,one-beat-ahead,0.1696,0.395025,0.62851,0.329884,8.5856,0.0051,0.8375,35.008
221,F_N+MED,10,RF,B_latidos,1932,483,one-beat-ahead,0.4529,0.260262,0.510159,0.301367,8.26,0.0657,0.8299,9.872
221,F_N+MED,10,SVR_rbf,B_latidos,1932,483,one-beat-ahead,0.7701,0.043762,0.209193,0.154408,4.0814,0.2584,0.87,0.571
221,F_N+MED,10,MLP,B_latidos,1932,483,one-beat-ahead,0.2658,0.349277,0.590996,0.363993,8.8294,0.0042,0.6686,4.787
221,F_N+PB+MED,3,LinReg,B_latidos,1937,485,one-beat-ahead,-0.1321,0.439187,0.662712,0.437231,10.6699,0.0324,0.7609,0.576
221,F_N+PB+MED,3,DT,B_latidos,1937,485,one-beat-ahead,0.3104,0.267543,0.517245,0.248795,8.277,0.0029,0.8483,10.209
221,F_N+PB+MED,3,RF,B_latidos,1937,485,one-beat-ahead,0.4533,0.212088,0.46053,0.245567,8.4664,0.0498,0.8578,6.662
221,F_N+PB+MED,3,SVR_rbf,B_latidos,1937,485,one-beat-ahead,0.874,0.005165,0.07187,0.055064,1.5053,1.0828,0.8251,1.323
221,F_N+PB+MED,3,MLP,B_latidos,1937,485,one-beat-ahead,0.4112,0.228434,0.477948,0.272171,8.7098,0.0252,0.6875,4.189
221,F_N+PB+MED,5,LinReg,B_latidos,1936,484,one-beat-ahead,-1.3472,0.9121,0.955039,0.635945,14.4774,0.0433,0.8743,2.169
221,F_N+PB+MED,5,DT,B_latidos,1936,484,one-beat-ahead,0.3813,0.240425,0.490331,0.243372,7.4371,0.003,0.8437,17.135
221,F_N+PB+MED,5,RF,B_latidos,1936,484,one-beat-ahead,0.4556,0.211567,0.459964,0.244483,7.9571,0.0535,0.8542,7.714
221,F_N+PB+MED,5,SVR_rbf,B_latidos,1936,484,one-beat-ahead,0.499,0.020577,0.143447,0.114566,2.7227,0.2632,0.7465,0.471
221,F_N+PB+MED,5,MLP,B_latidos,1936,484,one-beat-ahead,0.3676,0.245748,0.49573,0.275531,8.7705,0.0043,0.7423,4.614
221,F_N+PB+MED,10,LinReg,B_latidos,1932,483,one-beat-ahead,-4.3978,2.102628,1.450044,0.993374,23.8761,0.1055,1.0,6.659
221,F_N+PB+MED,10,DT,B_latidos,1932,483,one-beat-ahead,0.2796,0.28062,0.529735,0.257497,7.3178,0.0047,0.836,35.516
221,F_N+PB+MED,10,RF,B_latidos,1932,483,one-beat-ahead,0.4138,0.228362,0.477872,0.252313,6.6516,0.0566,0.8546,10.681
221,F_N+PB+MED,10,SVR_rbf,B_latidos,1932,483,one-beat-ahead,0.0315,0.039823,0.199556,0.160558,3.0907,0.2565,0.6871,0.528
221,F_N+PB+MED,10,MLP,B_latidos,1932,483,one-beat-ahead,0.3091,0.26913,0.518778,0.300032,7.3577,0.0043,0.6693,3.543
222,F_SIN,3,LinReg,B_latidos,1982,496,one-beat-ahead,-0.0611,1.080093,1.039275,0.737107,15.368,0.0263,0.6497,0.541
222,F_SIN,3,DT,B_latidos,1982,496,one-beat-ahead,0.0444,0.972776,0.986294,0.687585,15.5381,0.0029,0.5329,10.332
222,F_SIN,3,RF,B_latidos,1982,496,one-beat-ahead,0.2791,0.733788,0.856614,0.590748,16.4283,0.0489,0.6473,6.451
222,F_SIN,3,SVR_rbf,B_latidos,1982,496,one-beat-ahead,0.8527,0.089733,0.299554,0.226557,6.5035,1.2802,0.9711,1.457
222,F_SIN,3,MLP,B_latidos,1982,496,one-beat-ahead,0.2503,0.763152,0.873586,0.600722,15.4981,0.0631,0.5301,5.589
222,F_SIN,5,LinReg,B_latidos,1980,496,one-beat-ahead,-0.6695,1.699437,1.303624,0.948833,17.9638,0.047,0.8035,1.969
222,F_SIN,5,DT,B_latidos,1980,496,one-beat-ahead,0.0616,0.955201,0.977344,0.686046,15.7881,0.0033,0.5354,17.159
222,F_SIN,5,RF,B_latidos,1980,496,one-beat-ahead,0.2866,0.72615,0.852145,0.587511,16.5357,0.0854,0.643,8.314
222,F_SIN,5,SVR_rbf,B_latidos,1980,496,one-beat-ahead,0.7081,0.177805,0.421669,0.332013,8.605,0.246,0.929,0.614
222,F_SIN,5,MLP,B_latidos,1980,496,one-beat-ahead,0.272,0.741026,0.860829,0.593624,16.0047,0.0089,0.4206,1.751
222,F_SIN,10,LinReg,B_latidos,1976,495,one-beat-ahead,-2.6703,3.748554,1.936118,1.401389,28.4974,0.0414,1.0,6.4
222,F_SIN,10,DT,B_latidos,1976,495,one-beat-ahead,0.0322,0.988419,0.994193,0.696815,16.1384,0.0047,0.5397,35.819
222,F_SIN,10,RF,B_latidos,1976,495,one-beat-ahead,0.2823,0.732971,0.856137,0.590057,17.1608,0.0751,0.6318,10.029
222,F_SIN,10,SVR_rbf,B_latidos,1976,495,one-beat-ahead,0.6466,0.216038,0.464799,0.357968,8.6874,0.2696,0.9125,0.616
222,F_SIN,10,MLP,B_latidos,1976,495,one-beat-ahead,0.1988,0.818322,0.904611,0.635217,17.2308,0.0041,0.3372,4.072
222,F_N,3,LinReg,B_latidos,1982,496,one-beat-ahead,-0.0449,1.063654,1.031336,0.733327,15.4887,0.0233,0.646,0.547
222,F_N,3,DT,B_latidos,1982,496,one-beat-ahead,0.073,0.943667,0.971425,0.67901,15.8344,0.0027,0.5385,10.025
222,F_N,3,RF,B_latidos,1982,496,one-beat-ahead,0.2797,0.733185,0.856262,0.588508,16.469,0.0494,0.6479,7.052
222,F_N,3,SVR_rbf,B_latidos,1982,496,one-beat-ahead,0.8609,0.084694,0.291023,0.220561,6.3038,1.2365,0.9725,1.472
222,F_N,3,MLP,B_latidos,1982,496,one-beat-ahead,0.2525,0.760884,0.872287,0.598734,15.6848,0.0695,0.5269,4.421
222,F_N,5,LinReg,B_latidos,1980,496,one-beat-ahead,-0.7248,1.755782,1.325059,0.960148,17.9479,0.0468,0.8044,2.435
222,F_N,5,DT,B_latidos,1980,496,one-beat-ahead,0.0067,1.011072,1.005521,0.703238,16.1359,0.0029,0.541,17.144
222,F_N,5,RF,B_latidos,1980,496,one-beat-ahead,0.2984,0.714234,0.845124,0.579327,16.196,0.0534,0.6423,7.67
222,F_N,5,SVR_rbf,B_latidos,1980,496,one-beat-ahead,0.7142,0.174019,0.417156,0.330247,8.5327,0.2607,0.9309,0.628
222,F_N,5,MLP,B_latidos,1980,496,one-beat-ahead,0.2602,0.753062,0.867791,0.600912,16.0453,0.0047,0.4335,3.2
222,F_N,10,LinReg,B_latidos,1976,495,one-beat-ahead,-2.8997,3.983034,1.995754,1.416668,25.8405,0.0479,1.0,6.455
222,F_N,10,DT,B_latidos,1976,495,one-beat-ahead,0.021,0.999938,0.999969,0.700973,16.0486,0.0047,0.5386,35.89
222,F_N,10,RF,B_latidos,1976,495,one-beat-ahead,0.2891,0.726034,0.852076,0.586685,17.0491,0.0535,0.6373,10.171
222,F_N,10,SVR_rbf,B_latidos,1976,495,one-beat-ahead,0.6481,0.215003,0.463685,0.359761,8.7401,0.2592,0.9153,0.609
222,F_N,10,MLP,B_latidos,1976,495,one-beat-ahead,0.1983,0.818801,0.904876,0.635259,17.3019,0.0041,0.3387,3.827
222,F_PB,3,LinReg,B_latidos,1982,496,one-beat-ahead,-2.5959,4.064945,2.016171,1.138524,36.7672,0.0271,0.6298,0.519
222,F_PB,3,DT,B_latidos,1982,496,one-beat-ahead,-0.1259,1.272703,1.128142,0.710122,17.1622,0.0032,0.431,10.164
222,F_PB,3,RF,B_latidos,1982,496,one-beat-ahead,0.1364,0.976223,0.98804,0.628799,18.1029,0.0503,0.5284,6.99
222,F_PB,3,SVR_rbf,B_latidos,1982,496,one-beat-ahead,0.6654,0.112601,0.33556,0.250189,6.8358,1.4278,0.9683,1.489
222,F_PB,3,MLP,B_latidos,1982,496,one-beat-ahead,0.0741,1.046712,1.023089,0.666858,17.2153,0.0232,0.3749,5.576
222,F_PB,5,LinReg,B_latidos,1980,496,one-beat-ahead,-13.6159,16.526526,4.065283,2.157101,62.4017,0.0496,0.8341,1.9
222,F_PB,5,DT,B_latidos,1980,496,one-beat-ahead,-0.1599,1.311495,1.145205,0.715653,16.4066,0.0036,0.4295,17.4
222,F_PB,5,RF,B_latidos,1980,496,one-beat-ahead,0.1316,0.981873,0.990895,0.632229,18.3363,0.0531,0.5243,9.246
222,F_PB,5,SVR_rbf,B_latidos,1980,496,one-beat-ahead,0.1697,0.279513,0.52869,0.407809,8.7359,0.1301,0.8642,0.622
222,F_PB,5,MLP,B_latidos,1980,496,one-beat-ahead,0.096,1.02221,1.011044,0.652022,18.2471,0.004,0.2317,1.135
222,F_PB,10,LinReg,B_latidos,1976,495,one-beat-ahead,-143.011,163.083069,12.770398,6.498265,234.8603,0.0889,1.0,6.691
222,F_PB,10,DT,B_latidos,1976,495,one-beat-ahead,-0.1329,1.282964,1.13268,0.7152,17.3119,0.005,0.4355,35.815
222,F_PB,10,RF,B_latidos,1976,495,one-beat-ahead,0.1339,0.980811,0.990359,0.63176,19.3534,0.0529,0.5113,11.255
222,F_PB,10,SVR_rbf,B_latidos,1976,495,one-beat-ahead,0.0995,0.303847,0.551223,0.426813,8.9801,0.2439,0.8288,0.62
222,F_PB,10,MLP,B_latidos,1976,495,one-beat-ahead,0.0832,1.038259,1.01895,0.659232,18.7614,0.0044,0.2264,2.428
222,F_MED,3,LinReg,B_latidos,1982,496,one-beat-ahead,-0.0624,0.99526,0.997627,0.753679,15.3833,0.0236,0.7509,0.582
222,F_MED,3,DT,B_latidos,1982,496,one-beat-ahead,0.2601,0.693151,0.832557,0.62376,13.3472,0.0029,0.7085,10.294
222,F_MED,3,RF,B_latidos,1982,496,one-beat-ahead,0.461,0.504959,0.710605,0.544828,12.9422,0.0488,0.8005,6.568
222,F_MED,3,SVR_rbf,B_latidos,1982,496,one-beat-ahead,0.9526,0.042028,0.205007,0.147886,4.5018,1.3605,0.9641,1.466
222,F_MED,3,MLP,B_latidos,1982,496,one-beat-ahead,0.4455,0.519443,0.720724,0.553143,12.6835,0.0256,0.6192,6.188
222,F_MED,5,LinReg,B_latidos,1980,496,one-beat-ahead,-1.0962,1.963693,1.401318,1.051621,20.6431,0.03,0.8674,2.23
222,F_MED,5,DT,B_latidos,1980,496,one-beat-ahead,0.1647,0.782483,0.884581,0.653088,13.4647,0.0032,0.7134,17.578
222,F_MED,5,RF,B_latidos,1980,496,one-beat-ahead,0.4819,0.485311,0.696643,0.536735,12.9039,0.0523,0.7941,9.444
222,F_MED,5,SVR_rbf,B_latidos,1980,496,one-beat-ahead,0.9133,0.076905,0.277318,0.202144,6.0125,0.1282,0.9573,0.41
222,F_MED,5,MLP,B_latidos,1980,496,one-beat-ahead,0.4264,0.537372,0.733057,0.571815,12.6996,0.004,0.5685,0.983
222,F_MED,10,LinReg,B_latidos,1976,495,one-beat-ahead,-3.2139,3.965042,1.991241,1.506928,30.1039,0.0939,1.0,8.287
222,F_MED,10,DT,B_latidos,1976,495,one-beat-ahead,0.238,0.71701,0.846765,0.638049,14.0943,0.0052,0.7265,35.058
222,F_MED,10,RF,B_latidos,1976,495,one-beat-ahead,0.4659,0.502594,0.708938,0.54725,14.2241,0.0759,0.7919,11.854
222,F_MED,10,SVR_rbf,B_latidos,1976,495,one-beat-ahead,0.8171,0.163039,0.403781,0.313107,8.2583,0.1281,0.9348,0.599
222,F_MED,10,MLP,B_latidos,1976,495,one-beat-ahead,0.4194,0.546359,0.739161,0.578499,13.6361,0.0041,0.5992,1.385
222,F_N+PB,3,LinReg,B_latidos,1982,496,one-beat-ahead,-5.0076,6.790995,2.605954,1.246466,30.0893,0.0391,0.6349,0.525
222,F_N+PB,3,DT,B_latidos,1982,496,one-beat-ahead,-0.1028,1.246568,1.116498,0.70376,17.0341,0.0031,0.4347,10.684
222,F_N+PB,3,RF,B_latidos,1982,496,one-beat-ahead,0.1366,0.975936,0.987895,0.628391,18.3866,0.0489,0.5238,6.048
222,F_N+PB,3,SVR_rbf,B_latidos,1982,496,one-beat-ahead,0.6654,0.112601,0.335561,0.250096,6.836,1.33,0.9683,1.451
222,F_N+PB,3,MLP,B_latidos,1982,496,one-beat-ahead,0.0775,1.042746,1.02115,0.666427,17.4235,0.0145,0.3764,6.634
222,F_N+PB,5,LinReg,B_latidos,1980,496,one-beat-ahead,-26.1106,30.654025,5.536608,2.419761,79.2545,0.0548,0.8404,1.882
222,F_N+PB,5,DT,B_latidos,1980,496,one-beat-ahead,-0.1503,1.300606,1.140441,0.716265,16.2256,0.0032,0.4348,17.276
222,F_N+PB,5,RF,B_latidos,1980,496,one-beat-ahead,0.1403,0.972054,0.985928,0.626779,18.3887,0.0514,0.5229,9.689
222,F_N+PB,5,SVR_rbf,B_latidos,1980,496,one-beat-ahead,0.1697,0.279453,0.528634,0.407766,8.7371,0.132,0.8642,0.398
222,F_N+PB,5,MLP,B_latidos,1980,496,one-beat-ahead,0.0959,1.022281,1.011079,0.652582,18.222,0.0053,0.2319,1.326
222,F_N+PB,10,LinReg,B_latidos,1976,495,one-beat-ahead,-434.1097,492.725372,22.197418,9.902172,678.4906,0.094,1.0,7.966
222,F_N+PB,10,DT,B_latidos,1976,495,one-beat-ahead,-0.129,1.278471,1.130695,0.714254,17.8246,0.0049,0.429,35.27
222,F_N+PB,10,RF,B_latidos,1976,495,one-beat-ahead,0.1352,0.979336,0.989614,0.632642,19.4286,0.0769,0.5152,12.498
222,F_N+PB,10,SVR_rbf,B_latidos,1976,495,one-beat-ahead,0.0994,0.30383,0.551208,0.426783,8.9798,0.1308,0.8288,0.421
222,F_N+PB,10,MLP,B_latidos,1976,495,one-beat-ahead,0.0832,1.038168,1.018905,0.658769,18.7871,0.0043,0.2267,1.428
222,F_N+MED,3,LinReg,B_latidos,1982,496,one-beat-ahead,-0.2536,1.174791,1.083878,0.808098,15.7211,0.0269,0.7577,0.552
222,F_N+MED,3,DT,B_latidos,1982,496,one-beat-ahead,0.2063,0.743762,0.862416,0.649947,13.4272,0.0028,0.7199,10.793
222,F_N+MED,3,RF,B_latidos,1982,496,one-beat-ahead,0.4743,0.492629,0.701876,0.5382,12.8852,0.0493,0.799,5.572
222,F_N+MED,3,SVR_rbf,B_latidos,1982,496,one-beat-ahead,0.9518,0.04289,0.2071,0.148251,4.4927,1.6372,0.9635,1.394
222,F_N+MED,3,MLP,B_latidos,1982,496,one-beat-ahead,0.4251,0.538728,0.733981,0.558082,12.3971,0.0107,0.6483,7.156
222,F_N+MED,5,LinReg,B_latidos,1980,496,one-beat-ahead,-1.5561,2.395157,1.547629,1.152904,22.5144,0.0542,0.8746,1.987
222,F_N+MED,5,DT,B_latidos,1980,496,one-beat-ahead,0.2337,0.718015,0.847358,0.635815,13.4052,0.0031,0.7168,17.249
222,F_N+MED,5,RF,B_latidos,1980,496,one-beat-ahead,0.4902,0.477666,0.691134,0.531025,12.9387,0.0505,0.7963,9.556
222,F_N+MED,5,SVR_rbf,B_latidos,1980,496,one-beat-ahead,0.9132,0.077134,0.27773,0.200854,5.9713,0.1236,0.9575,0.395
222,F_N+MED,5,MLP,B_latidos,1980,496,one-beat-ahead,0.4409,0.523926,0.723827,0.564862,12.5176,0.0042,0.5917,1.064
222,F_N+MED,10,LinReg,B_latidos,1976,495,one-beat-ahead,-3.2715,4.020557,2.005133,1.505681,29.3756,0.0415,1.0,10.15
222,F_N+MED,10,DT,B_latidos,1976,495,one-beat-ahead,0.2067,0.746721,0.86413,0.652837,14.6218,0.0047,0.7183,34.389
222,F_N+MED,10,RF,B_latidos,1976,495,one-beat-ahead,0.4618,0.506622,0.711774,0.54969,14.1645,0.0754,0.792,12.439
222,F_N+MED,10,SVR_rbf,B_latidos,1976,495,one-beat-ahead,0.8191,0.161622,0.402022,0.311325,8.1824,0.1361,0.9343,0.364
222,F_N+MED,10,MLP,B_latidos,1976,495,one-beat-ahead,0.4153,0.550385,0.74188,0.581519,13.65,0.004,0.5619,1.325
222,F_N+PB+MED,3,LinReg,B_latidos,1982,496,one-beat-ahead,-0.6441,1.739914,1.319058,0.999865,16.5591,0.0282,0.6892,0.578
222,F_N+PB+MED,3,DT,B_latidos,1982,496,one-beat-ahead,-0.1853,1.254399,1.119999,0.85231,15.1932,0.0022,0.5707,11.013
222,F_N+PB+MED,3,RF,B_latidos,1982,496,one-beat-ahead,0.2151,0.830679,0.911416,0.714379,14.0252,0.0486,0.6893,5.495
222,F_N+PB+MED,3,SVR_rbf,B_latidos,1982,496,one-beat-ahead,0.8074,0.160946,0.401181,0.281675,8.4873,1.9027,0.955,1.499
222,F_N+PB+MED,3,MLP,B_latidos,1982,496,one-beat-ahead,0.1355,0.914919,0.956514,0.749646,13.6194,0.0165,0.4651,3.274
222,F_N+PB+MED,5,LinReg,B_latidos,1980,496,one-beat-ahead,-2.0312,3.210321,1.791737,1.358321,26.8838,0.0478,0.8471,1.99
222,F_N+PB+MED,5,DT,B_latidos,1980,496,one-beat-ahead,-0.0941,1.158744,1.07645,0.824019,14.0087,0.0031,0.5723,17.36
222,F_N+PB+MED,5,RF,B_latidos,1980,496,one-beat-ahead,0.2239,0.821908,0.906591,0.713951,14.0552,0.0519,0.6793,9.635
222,F_N+PB+MED,5,SVR_rbf,B_latidos,1980,496,one-beat-ahead,0.6446,0.297313,0.545264,0.397528,10.5849,0.1315,0.9257,0.361
222,F_N+PB+MED,5,MLP,B_latidos,1980,496,one-beat-ahead,0.0959,0.957459,0.978498,0.767114,13.586,0.0043,0.4765,1.38
222,F_N+PB+MED,10,LinReg,B_latidos,1976,495,one-beat-ahead,-5.4327,6.825884,2.612639,1.985693,41.3585,0.0975,1.0,8.172
222,F_N+PB+MED,10,DT,B_latidos,1976,495,one-beat-ahead,-0.1543,1.224859,1.106733,0.844303,15.2481,0.0052,0.574,35.06
222,F_N+PB+MED,10,RF,B_latidos,1976,495,one-beat-ahead,0.2131,0.835004,0.913785,0.719435,16.2238,0.0524,0.674,12.448
222,F_N+PB+MED,10,SVR_rbf,B_latidos,1976,495,one-beat-ahead,0.1818,0.686339,0.828456,0.641933,12.7922,0.1666,0.831,0.33
222,F_N+PB+MED,10,MLP,B_latidos,1976,495,one-beat-ahead,0.1679,0.88296,0.93966,0.744285,16.0886,0.0041,0.4408,1.52
223,F_SIN,3,LinReg,B_latidos,2080,520,one-beat-ahead,0.5049,0.568738,0.754147,0.405384,10.4439,0.024,0.8679,0.586
223,F_SIN,3,DT,B_latidos,2080,520,one-beat-ahead,0.4816,0.595496,0.771684,0.345099,10.6053,0.0023,0.8485,11.38
223,F_SIN,3,RF,B_latidos,2080,520,one-beat-ahead,0.6456,0.407085,0.638032,0.283966,9.5519,0.0477,0.873,5.818
223,F_SIN,3,SVR_rbf,B_latidos,2080,520,one-beat-ahead,0.85,0.026324,0.162248,0.062847,3.6349,1.7381,0.9701,1.445
223,F_SIN,3,MLP,B_latidos,2080,520,one-beat-ahead,0.6292,0.425961,0.652657,0.312289,9.9569,0.011,0.8232,6.057
223,F_SIN,5,LinReg,B_latidos,2078,520,one-beat-ahead,0.3098,0.792664,0.890317,0.512706,12.7517,0.0402,0.9226,1.75
223,F_SIN,5,DT,B_latidos,2078,520,one-beat-ahead,0.4641,0.615474,0.784521,0.348601,10.5267,0.0032,0.8487,18.355
223,F_SIN,5,RF,B_latidos,2078,520,one-beat-ahead,0.6394,0.414108,0.643512,0.28767,9.5963,0.0479,0.8753,10.124
223,F_SIN,5,SVR_rbf,B_latidos,2078,520,one-beat-ahead,0.7405,0.045538,0.213396,0.10245,4.593,0.1251,0.9584,0.466
223,F_SIN,5,MLP,B_latidos,2078,520,one-beat-ahead,0.6312,0.423497,0.650767,0.328462,10.8225,0.0041,0.8436,3.155
223,F_SIN,10,LinReg,B_latidos,2074,519,one-beat-ahead,-0.4439,1.657613,1.287483,0.772009,24.1135,0.0415,1.0,9.468
223,F_SIN,10,DT,B_latidos,2074,519,one-beat-ahead,0.4544,0.626321,0.791404,0.355916,12.3792,0.0062,0.8515,38.715
223,F_SIN,10,RF,B_latidos,2074,519,one-beat-ahead,0.628,0.427027,0.653473,0.294441,12.0572,0.0511,0.872,12.216
223,F_SIN,10,SVR_rbf,B_latidos,2074,519,one-beat-ahead,0.7202,0.044361,0.21062,0.119877,4.1468,0.137,0.9403,0.484
223,F_SIN,10,MLP,B_latidos,2074,519,one-beat-ahead,0.5779,0.4846,0.696132,0.356569,12.3369,0.0045,0.8081,7.487
223,F_N,3,LinReg,B_latidos,2080,520,one-beat-ahead,0.5031,0.570791,0.755507,0.406759,10.5855,0.0306,0.868,0.596
223,F_N,3,DT,B_latidos,2080,520,one-beat-ahead,0.4835,0.59321,0.770202,0.342552,10.3464,0.0025,0.8489,12.172
223,F_N,3,RF,B_latidos,2080,520,one-beat-ahead,0.6409,0.412509,0.642269,0.287485,9.6805,0.0709,0.8751,6.026
223,F_N,3,SVR_rbf,B_latidos,2080,520,one-beat-ahead,0.8501,0.026316,0.162222,0.06282,3.6353,1.8539,0.9701,1.716
223,F_N,3,MLP,B_latidos,2080,520,one-beat-ahead,0.6326,0.422055,0.649658,0.309188,10.0033,0.0108,0.8228,6.35
223,F_N,5,LinReg,B_latidos,2078,520,one-beat-ahead,0.3049,0.798306,0.89348,0.517554,12.6929,0.0419,0.923,1.793
223,F_N,5,DT,B_latidos,2078,520,one-beat-ahead,0.4718,0.606578,0.778831,0.345819,10.3123,0.0031,0.8494,18.565
223,F_N,5,RF,B_latidos,2078,520,one-beat-ahead,0.6387,0.414908,0.644133,0.287384,9.6956,0.0486,0.8756,10.062
223,F_N,5,SVR_rbf,B_latidos,2078,520,one-beat-ahead,0.7403,0.045582,0.213499,0.10262,4.5932,0.1275,0.9585,0.428
223,F_N,5,MLP,B_latidos,2078,520,one-beat-ahead,0.6307,0.424094,0.651225,0.327584,10.7643,0.0042,0.8439,3.252
223,F_N,10,LinReg,B_latidos,2074,519,one-beat-ahead,-0.4673,1.684398,1.297844,0.778818,24.409,0.0412,1.0,8.932
223,F_N,10,DT,B_latidos,2074,519,one-beat-ahead,0.4705,0.607821,0.779629,0.345287,11.5357,0.0062,0.8547,37.384
223,F_N,10,RF,B_latidos,2074,519,one-beat-ahead,0.6281,0.426889,0.653367,0.294138,12.2277,0.0521,0.87,12.178
223,F_N,10,SVR_rbf,B_latidos,2074,519,one-beat-ahead,0.7203,0.044361,0.21062,0.119917,4.1449,0.1289,0.9404,0.435
223,F_N,10,MLP,B_latidos,2074,519,one-beat-ahead,0.5837,0.477936,0.691329,0.353564,12.2332,0.0042,0.8045,7.079
223,F_PB,3,LinReg,B_latidos,2080,520,one-beat-ahead,-0.1254,1.368323,1.169753,0.44948,16.2342,0.0226,0.886,0.549
223,F_PB,3,DT,B_latidos,2080,520,one-beat-ahead,0.4508,0.667698,0.817128,0.319018,13.0247,0.0032,0.8853,11.284
223,F_PB,3,RF,B_latidos,2080,520,one-beat-ahead,0.6795,0.389736,0.624289,0.260223,9.5853,0.0497,0.8891,6.495
223,F_PB,3,SVR_rbf,B_latidos,2080,520,one-beat-ahead,0.8644,0.018656,0.136589,0.050575,3.0744,1.2328,0.9847,1.621
223,F_PB,3,MLP,B_latidos,2080,520,one-beat-ahead,0.6202,0.461767,0.679535,0.29899,9.7227,0.0109,0.8796,15.074
223,F_PB,5,LinReg,B_latidos,2078,520,one-beat-ahead,-2.6433,4.42929,2.104588,0.728429,24.8638,0.0509,0.9362,5.358
223,F_PB,5,DT,B_latidos,2078,520,one-beat-ahead,0.4557,0.661714,0.813458,0.316586,12.2152,0.003,0.8873,18.203
223,F_PB,5,RF,B_latidos,2078,520,one-beat-ahead,0.6774,0.392195,0.626255,0.259941,9.4102,0.0514,0.889,8.373
223,F_PB,5,SVR_rbf,B_latidos,2078,520,one-beat-ahead,0.7454,0.035026,0.187152,0.084442,3.9495,0.2549,0.9694,0.628
223,F_PB,5,MLP,B_latidos,2078,520,one-beat-ahead,0.6348,0.443985,0.666322,0.298779,10.8881,0.0042,0.872,6.589
223,F_PB,10,LinReg,B_latidos,2074,519,one-beat-ahead,-35.6194,44.514156,6.671893,2.590823,149.5225,0.0436,1.0,10.574
223,F_PB,10,DT,B_latidos,2074,519,one-beat-ahead,0.4275,0.695938,0.834229,0.325982,12.0725,0.0052,0.8914,37.161
223,F_PB,10,RF,B_latidos,2074,519,one-beat-ahead,0.6681,0.403422,0.635155,0.265691,12.2192,0.0527,0.8891,13.717
223,F_PB,10,SVR_rbf,B_latidos,2074,519,one-beat-ahead,0.7529,0.030052,0.173354,0.096483,3.409,0.1239,0.9501,0.42
223,F_PB,10,MLP,B_latidos,2074,519,one-beat-ahead,0.5683,0.524773,0.724412,0.331677,12.902,0.0058,0.8513,8.611
223,F_MED,3,LinReg,B_latidos,2080,520,one-beat-ahead,0.2552,0.660277,0.812574,0.500323,13.9018,0.0287,0.8864,0.584
223,F_MED,3,DT,B_latidos,2080,520,one-beat-ahead,0.3284,0.595456,0.771658,0.38906,14.4544,0.0031,0.8747,11.724
223,F_MED,3,RF,B_latidos,2080,520,one-beat-ahead,0.6283,0.329561,0.574074,0.305386,10.3041,0.0486,0.8839,6.811
223,F_MED,3,SVR_rbf,B_latidos,2080,520,one-beat-ahead,0.8141,0.099111,0.314819,0.093408,6.9951,0.9382,0.9315,1.36
223,F_MED,3,MLP,B_latidos,2080,520,one-beat-ahead,0.5983,0.356108,0.596748,0.331984,9.9848,0.0108,0.8359,8.89
223,F_MED,5,LinReg,B_latidos,2078,520,one-beat-ahead,-0.2167,1.078272,1.038399,0.668513,15.8579,0.0297,0.9404,1.733
223,F_MED,5,DT,B_latidos,2078,520,one-beat-ahead,0.427,0.507805,0.712605,0.369991,13.3944,0.003,0.8753,18.673
223,F_MED,5,RF,B_latidos,2078,520,one-beat-ahead,0.6202,0.336577,0.580153,0.306162,10.1431,0.0488,0.8839,10.099
223,F_MED,5,SVR_rbf,B_latidos,2078,520,one-beat-ahead,0.7605,0.127644,0.357273,0.135641,7.8417,0.1242,0.9244,0.393
223,F_MED,5,MLP,B_latidos,2078,520,one-beat-ahead,0.5494,0.399365,0.631953,0.360936,10.7488,0.0041,0.8455,2.562
223,F_MED,10,LinReg,B_latidos,2074,519,one-beat-ahead,-2.0086,2.651168,1.628241,1.089103,24.9652,0.0422,1.0,9.823
223,F_MED,10,DT,B_latidos,2074,519,one-beat-ahead,0.3018,0.615216,0.784357,0.404049,14.107,0.0049,0.8763,36.535
223,F_MED,10,RF,B_latidos,2074,519,one-beat-ahead,0.6296,0.326371,0.571289,0.308529,10.589,0.0497,0.8783,13.175
223,F_MED,10,SVR_rbf,B_latidos,2074,519,one-beat-ahead,0.7674,0.112518,0.335437,0.18015,7.0833,0.1289,0.8986,0.379
223,F_MED,10,MLP,B_latidos,2074,519,one-beat-ahead,0.544,0.401816,0.633889,0.386877,11.4388,0.0044,0.7972,1.846
223,F_N+PB,3,LinReg,B_latidos,2080,520,one-beat-ahead,-0.0659,1.295976,1.13841,0.448099,15.9619,0.0378,0.8858,3.649
223,F_N+PB,3,DT,B_latidos,2080,520,one-beat-ahead,0.4467,0.672702,0.820184,0.320914,12.8252,0.0023,0.8853,10.349
223,F_N+PB,3,RF,B_latidos,2080,520,one-beat-ahead,0.6792,0.390077,0.624561,0.259654,9.6351,0.0484,0.89,8.4
223,F_N+PB,3,SVR_rbf,B_latidos,2080,520,one-beat-ahead,0.8644,0.018654,0.136579,0.050535,3.0743,1.1077,0.9848,1.477
223,F_N+PB,3,MLP,B_latidos,2080,520,one-beat-ahead,0.6445,0.432267,0.65747,0.29476,9.703,0.0186,0.8464,8.623
223,F_N+PB,5,LinReg,B_latidos,2078,520,one-beat-ahead,-2.5978,4.374032,2.091419,0.728886,24.3855,0.0399,0.9366,1.588
223,F_N+PB,5,DT,B_latidos,2078,520,one-beat-ahead,0.438,0.683195,0.826556,0.321077,12.1961,0.0038,0.8873,18.096
223,F_N+PB,5,RF,B_latidos,2078,520,one-beat-ahead,0.6783,0.391159,0.625427,0.258999,9.28,0.0486,0.8873,9.934
223,F_N+PB,5,SVR_rbf,B_latidos,2078,520,one-beat-ahead,0.7454,0.035024,0.187146,0.084416,3.9494,0.1283,0.9694,0.391
223,F_N+PB,5,MLP,B_latidos,2078,520,one-beat-ahead,0.6368,0.441608,0.664536,0.298444,10.492,0.0046,0.8725,4.863
223,F_N+PB,10,LinReg,B_latidos,2074,519,one-beat-ahead,-38.4597,47.966505,6.925785,2.566228,131.9854,0.0415,1.0,9.877
223,F_N+PB,10,DT,B_latidos,2074,519,one-beat-ahead,0.4209,0.703971,0.83903,0.328601,12.077,0.0047,0.8914,36.322
223,F_N+PB,10,RF,B_latidos,2074,519,one-beat-ahead,0.669,0.402397,0.634348,0.264821,11.9257,0.0512,0.8894,13.152
223,F_N+PB,10,SVR_rbf,B_latidos,2074,519,one-beat-ahead,0.7529,0.030055,0.173364,0.09647,3.4095,0.1224,0.9501,0.407
223,F_N+PB,10,MLP,B_latidos,2074,519,one-beat-ahead,0.5615,0.533021,0.730083,0.330921,12.8579,0.0041,0.8553,4.247
223,F_N+MED,3,LinReg,B_latidos,2080,520,one-beat-ahead,0.238,0.675563,0.821926,0.505922,14.071,0.0498,0.8875,2.965
223,F_N+MED,3,DT,B_latidos,2080,520,one-beat-ahead,0.3994,0.532493,0.729721,0.371742,11.3915,0.0023,0.8783,10.234
223,F_N+MED,3,RF,B_latidos,2080,520,one-beat-ahead,0.63,0.328007,0.572719,0.305505,10.2373,0.0469,0.8834,8.408
223,F_N+MED,3,SVR_rbf,B_latidos,2080,520,one-beat-ahead,0.8141,0.099044,0.314712,0.093058,6.9962,0.9016,0.9315,1.228
223,F_N+MED,3,MLP,B_latidos,2080,520,one-beat-ahead,0.6038,0.351247,0.592661,0.338649,10.1049,0.0108,0.8106,3.464
223,F_N+MED,5,LinReg,B_latidos,2078,520,one-beat-ahead,-0.26,1.116721,1.05675,0.67333,15.5936,0.0407,0.942,4.786
223,F_N+MED,5,DT,B_latidos,2078,520,one-beat-ahead,0.4536,0.484259,0.695887,0.363925,11.3529,0.0029,0.8776,18.44
223,F_N+MED,5,RF,B_latidos,2078,520,one-beat-ahead,0.6197,0.337067,0.580574,0.309389,10.1738,0.0524,0.8827,8.909
223,F_N+MED,5,SVR_rbf,B_latidos,2078,520,one-beat-ahead,0.7609,0.127372,0.356893,0.135374,7.8318,0.2279,0.9245,0.625
223,F_N+MED,5,MLP,B_latidos,2078,520,one-beat-ahead,0.5444,0.40377,0.635429,0.361522,10.8493,0.0042,0.8539,3.637
223,F_N+MED,10,LinReg,B_latidos,2074,519,one-beat-ahead,-2.2529,2.866477,1.693067,1.12252,25.7182,0.0805,1.0,9.605
223,F_N+MED,10,DT,B_latidos,2074,519,one-beat-ahead,0.3762,0.549691,0.741412,0.386709,12.4071,0.0048,0.8781,36.985
223,F_N+MED,10,RF,B_latidos,2074,519,one-beat-ahead,0.6313,0.324866,0.56997,0.308864,10.5343,0.0491,0.8782,13.185
223,F_N+MED,10,SVR_rbf,B_latidos,2074,519,one-beat-ahead,0.7676,0.112337,0.335167,0.179849,7.0805,0.1289,0.8987,0.381
223,F_N+MED,10,MLP,B_latidos,2074,519,one-beat-ahead,0.5477,0.398573,0.631326,0.382675,11.2461,0.0041,0.8195,2.246
223,F_N+PB+MED,3,LinReg,B_latidos,2080,520,one-beat-ahead,0.3737,0.663152,0.814342,0.483544,13.283,0.0315,0.8995,0.594
223,F_N+PB+MED,3,DT,B_latidos,2080,520,one-beat-ahead,0.4994,0.530049,0.728045,0.34237,12.6574,0.0025,0.8753,11.805
223,F_N+PB+MED,3,RF,B_latidos,2080,520,one-beat-ahead,0.6805,0.338276,0.581615,0.290457,10.7507,0.0493,0.889,7.145
223,F_N+PB+MED,3,SVR_rbf,B_latidos,2080,520,one-beat-ahead,0.8363,0.087445,0.29571,0.084235,6.105,0.8804,0.9754,1.787
223,F_N+PB+MED,3,MLP,B_latidos,2080,520,one-beat-ahead,0.6678,0.351739,0.593076,0.312645,11.5363,0.0109,0.8649,4.843
223,F_N+PB+MED,5,LinReg,B_latidos,2078,520,one-beat-ahead,-0.0353,1.096001,1.046901,0.64759,15.4645,0.0509,0.9481,2.562
223,F_N+PB+MED,5,DT,B_latidos,2078,520,one-beat-ahead,0.4963,0.533255,0.730243,0.348427,11.7949,0.003,0.8759,19.76
223,F_N+PB+MED,5,RF,B_latidos,2078,520,one-beat-ahead,0.6786,0.340203,0.583269,0.293547,10.9803,0.0475,0.8878,7.643
223,F_N+PB+MED,5,SVR_rbf,B_latidos,2078,520,one-beat-ahead,0.7433,0.137101,0.370271,0.134891,7.5811,0.2248,0.9657,0.355
223,F_N+PB+MED,5,MLP,B_latidos,2078,520,one-beat-ahead,0.6118,0.410954,0.641057,0.337194,11.3552,0.0095,0.8523,7.095
223,F_N+PB+MED,10,LinReg,B_latidos,2074,519,one-beat-ahead,-2.4774,3.660921,1.913353,1.221704,31.5108,0.0686,1.0,6.96
223,F_N+PB+MED,10,DT,B_latidos,2074,519,one-beat-ahead,0.5145,0.511137,0.714938,0.337977,13.1057,0.005,0.8799,38.408
223,F_N+PB+MED,10,RF,B_latidos,2074,519,one-beat-ahead,0.6711,0.346208,0.588394,0.29615,11.5776,0.0506,0.8863,13.426
223,F_N+PB+MED,10,SVR_rbf,B_latidos,2074,519,one-beat-ahead,0.7336,0.126494,0.35566,0.168501,7.0895,0.1697,0.941,0.346
223,F_N+PB+MED,10,MLP,B_latidos,2074,519,one-beat-ahead,0.5598,0.463392,0.680729,0.369968,12.6363,0.0041,0.8372,2.71
228,F_SIN,3,LinReg,B_latidos,1638,410,one-beat-ahead,-0.6355,1.205903,1.098136,0.720374,16.4483,0.0453,0.7862,0.562
228,F_SIN,3,DT,B_latidos,1638,410,one-beat-ahead,0.1774,0.606515,0.778791,0.434266,10.9553,0.0027,0.79,9.332
228,F_SIN,3,RF,B_latidos,1638,410,one-beat-ahead,0.3958,0.445477,0.667441,0.390448,8.5368,0.0612,0.7903,4.713
228,F_SIN,3,SVR_rbf,B_latidos,1638,410,one-beat-ahead,0.8566,0.03247,0.180195,0.110628,3.3508,1.0087,0.8695,0.897
228,F_SIN,3,MLP,B_latidos,1638,410,one-beat-ahead,0.3848,0.45363,0.673521,0.406866,8.8322,0.0202,0.6407,5.249
228,F_SIN,5,LinReg,B_latidos,1636,410,one-beat-ahead,-3.744,3.498356,1.870389,1.222848,33.4608,0.0645,0.9201,1.629
228,F_SIN,5,DT,B_latidos,1636,410,one-beat-ahead,0.2002,0.589795,0.767981,0.429157,11.1714,0.0032,0.7918,14.509
228,F_SIN,5,RF,B_latidos,1636,410,one-beat-ahead,0.4095,0.435453,0.659888,0.390931,8.9178,0.0595,0.7919,5.996
228,F_SIN,5,SVR_rbf,B_latidos,1636,410,one-beat-ahead,0.8135,0.04223,0.205499,0.134367,3.7635,0.1057,0.8488,0.236
228,F_SIN,5,MLP,B_latidos,1636,410,one-beat-ahead,0.3185,0.502587,0.708934,0.437339,8.7557,0.0043,0.6168,1.254
228,F_SIN,10,LinReg,B_latidos,1632,409,one-beat-ahead,-4.598,4.095501,2.023734,1.31495,35.978,0.0436,1.0,5.638
228,F_SIN,10,DT,B_latidos,1632,409,one-beat-ahead,0.0714,0.679332,0.824216,0.454585,12.0687,0.0052,0.8114,29.005
228,F_SIN,10,RF,B_latidos,1632,409,one-beat-ahead,0.405,0.435271,0.659751,0.394195,12.8594,0.0684,0.7835,9.208
228,F_SIN,10,SVR_rbf,B_latidos,1632,409,one-beat-ahead,0.629,0.083874,0.289609,0.200382,5.0307,0.2045,0.7945,0.375
228,F_SIN,10,MLP,B_latidos,1632,409,one-beat-ahead,0.1989,0.586063,0.765547,0.484526,12.6825,0.0044,0.6449,4.323
228,F_N,3,LinReg,B_latidos,1638,410,one-beat-ahead,-0.8984,1.399077,1.182826,0.758514,20.9758,0.0325,0.7854,0.536
228,F_N,3,DT,B_latidos,1638,410,one-beat-ahead,-0.0132,0.746752,0.864148,0.472141,11.9987,0.003,0.7907,8.355
228,F_N,3,RF,B_latidos,1638,410,one-beat-ahead,0.3956,0.445431,0.667406,0.387967,8.5677,0.0604,0.7912,6.493
228,F_N,3,SVR_rbf,B_latidos,1638,410,one-beat-ahead,0.8647,0.03028,0.174012,0.108974,3.2391,0.9886,0.8691,0.888
228,F_N,3,MLP,B_latidos,1638,410,one-beat-ahead,0.3712,0.463452,0.680773,0.412798,8.7495,0.0112,0.6295,1.799
228,F_N,5,LinReg,B_latidos,1636,410,one-beat-ahead,-4.2522,3.871278,1.967556,1.283629,34.9496,0.0624,0.9214,1.714
228,F_N,5,DT,B_latidos,1636,410,one-beat-ahead,0.0248,0.718776,0.847807,0.467641,11.265,0.0032,0.7878,14.377
228,F_N,5,RF,B_latidos,1636,410,one-beat-ahead,0.4023,0.440545,0.663735,0.391476,8.8409,0.0604,0.7934,8.521
228,F_N,5,SVR_rbf,B_latidos,1636,410,one-beat-ahead,0.8218,0.0399,0.199749,0.132482,3.6774,0.1074,0.8488,0.257
228,F_N,5,MLP,B_latidos,1636,410,one-beat-ahead,0.3234,0.498682,0.706174,0.436296,8.7884,0.0044,0.632,1.306
228,F_N,10,LinReg,B_latidos,1632,409,one-beat-ahead,-4.4833,4.00961,2.002401,1.270916,35.1225,0.1213,1.0,6.133
228,F_N,10,DT,B_latidos,1632,409,one-beat-ahead,0.0455,0.697969,0.835445,0.468947,14.7975,0.006,0.7995,28.765
228,F_N,10,RF,B_latidos,1632,409,one-beat-ahead,0.3946,0.442702,0.665358,0.395624,12.9649,0.0634,0.7842,10.127
228,F_N,10,SVR_rbf,B_latidos,1632,409,one-beat-ahead,0.638,0.080913,0.284452,0.198196,4.9623,0.1324,0.7956,0.228
228,F_N,10,MLP,B_latidos,1632,409,one-beat-ahead,0.1959,0.588004,0.766814,0.483423,12.7335,0.0045,0.6746,2.328
228,F_PB,3,LinReg,B_latidos,1638,410,one-beat-ahead,-57.1566,57.975708,7.614178,1.426344,80.792,0.0643,0.8097,0.884
228,F_PB,3,DT,B_latidos,1638,410,one-beat-ahead,0.2844,0.713416,0.84464,0.405081,10.7891,0.0027,0.8273,9.02
228,F_PB,3,RF,B_latidos,1638,410,one-beat-ahead,0.4619,0.536408,0.732399,0.374997,9.8587,0.06,0.8122,4.677
228,F_PB,3,SVR_rbf,B_latidos,1638,410,one-beat-ahead,0.838,0.033325,0.182552,0.108392,3.3652,1.4853,0.9675,1.131
228,F_PB,3,MLP,B_latidos,1638,410,one-beat-ahead,0.4495,0.548789,0.740803,0.388833,10.4178,0.0112,0.7287,3.641
228,F_PB,5,LinReg,B_latidos,1636,410,one-beat-ahead,-105.3814,106.13213,10.302045,2.779488,139.6994,0.0566,0.932,1.501
228,F_PB,5,DT,B_latidos,1636,410,one-beat-ahead,0.2698,0.728511,0.853529,0.413363,11.822,0.0034,0.8217,14.593
228,F_PB,5,RF,B_latidos,1636,410,one-beat-ahead,0.472,0.526748,0.725774,0.376417,9.8253,0.0638,0.8121,6.77
228,F_PB,5,SVR_rbf,B_latidos,1636,410,one-beat-ahead,0.7546,0.050523,0.224774,0.140451,3.9087,0.202,0.9382,0.384
228,F_PB,5,MLP,B_latidos,1636,410,one-beat-ahead,0.4028,0.595811,0.771888,0.405071,10.4073,0.0043,0.7268,4.142
228,F_PB,10,LinReg,B_latidos,1632,409,one-beat-ahead,-46.6014,47.080617,6.861532,3.920514,192.6514,0.0424,1.0,4.419
228,F_PB,10,DT,B_latidos,1632,409,one-beat-ahead,0.16,0.830846,0.911508,0.437006,17.337,0.0051,0.8304,28.875
228,F_PB,10,RF,B_latidos,1632,409,one-beat-ahead,0.4671,0.527026,0.725966,0.378934,15.7347,0.0623,0.816,10.868
228,F_PB,10,SVR_rbf,B_latidos,1632,409,one-beat-ahead,0.4731,0.108331,0.329136,0.225023,5.2479,0.1053,0.8568,0.222
228,F_PB,10,MLP,B_latidos,1632,409,one-beat-ahead,0.2798,0.712323,0.843992,0.45349,15.4086,0.0044,0.6049,1.789
228,F_MED,3,LinReg,B_latidos,1638,410,one-beat-ahead,-0.3915,0.83031,0.911213,0.623576,12.2535,0.0455,0.8191,0.546
228,F_MED,3,DT,B_latidos,1638,410,one-beat-ahead,0.2055,0.474056,0.688518,0.391258,9.2106,0.0031,0.8254,9.301
228,F_MED,3,RF,B_latidos,1638,410,one-beat-ahead,0.48,0.310314,0.557058,0.341475,8.1932,0.0602,0.8196,4.767
228,F_MED,3,SVR_rbf,B_latidos,1638,410,one-beat-ahead,0.9591,0.010666,0.103277,0.070233,2.0794,0.8841,0.8263,0.919
228,F_MED,3,MLP,B_latidos,1638,410,one-beat-ahead,0.4184,0.34706,0.589118,0.361589,8.5829,0.0834,0.7102,3.445
228,F_MED,5,LinReg,B_latidos,1636,410,one-beat-ahead,-2.2326,1.928833,1.388824,0.966162,25.7326,0.0592,0.9311,2.714
228,F_MED,5,DT,B_latidos,1636,410,one-beat-ahead,0.1653,0.498057,0.705731,0.402881,10.686,0.0033,0.8282,14.687
228,F_MED,5,RF,B_latidos,1636,410,one-beat-ahead,0.4514,0.327336,0.572133,0.350729,8.4136,0.0604,0.8251,6.053
228,F_MED,5,SVR_rbf,B_latidos,1636,410,one-beat-ahead,0.9381,0.016162,0.12713,0.091859,2.5251,0.1043,0.8089,0.239
228,F_MED,5,MLP,B_latidos,1636,410,one-beat-ahead,0.3606,0.381546,0.617694,0.398684,8.9159,0.0045,0.6611,1.245
228,F_MED,10,LinReg,B_latidos,1632,409,one-beat-ahead,-1.9332,1.734097,1.316851,0.917263,22.6294,0.0622,1.0,6.361
228,F_MED,10,DT,B_latidos,1632,409,one-beat-ahead,0.2523,0.442044,0.664864,0.384828,11.5148,0.0047,0.8301,29.207
228,F_MED,10,RF,B_latidos,1632,409,one-beat-ahead,0.4454,0.327894,0.572621,0.354813,11.3295,0.0673,0.8039,9.2
228,F_MED,10,SVR_rbf,B_latidos,1632,409,one-beat-ahead,0.8169,0.047679,0.218356,0.151512,4.1289,0.2013,0.7697,0.381
228,F_MED,10,MLP,B_latidos,1632,409,one-beat-ahead,0.2556,0.440066,0.663375,0.430974,12.1817,0.0045,0.6743,4.096
228,F_N+PB,3,LinReg,B_latidos,1638,410,one-beat-ahead,-49.943,50.783681,7.126267,1.464048,77.8614,0.0264,0.8107,0.543
228,F_N+PB,3,DT,B_latidos,1638,410,one-beat-ahead,0.2982,0.699634,0.836441,0.405946,10.1125,0.0031,0.8275,7.994
228,F_N+PB,3,RF,B_latidos,1638,410,one-beat-ahead,0.4646,0.533694,0.730544,0.373046,9.7301,0.0592,0.8104,7.045
228,F_N+PB,3,SVR_rbf,B_latidos,1638,410,one-beat-ahead,0.8383,0.033254,0.182357,0.108353,3.3625,1.0757,0.9675,1.078
228,F_N+PB,3,MLP,B_latidos,1638,410,one-beat-ahead,0.4305,0.567719,0.753471,0.392405,10.622,0.0115,0.7773,4.176
228,F_N+PB,5,LinReg,B_latidos,1636,410,one-beat-ahead,-130.6903,131.379486,11.462089,3.047324,173.7194,0.0416,0.9329,4.307
228,F_N+PB,5,DT,B_latidos,1636,410,one-beat-ahead,0.2585,0.739798,0.860115,0.417568,10.8751,0.0041,0.8251,14.71
228,F_N+PB,5,RF,B_latidos,1636,410,one-beat-ahead,0.4767,0.522101,0.722565,0.375999,10.0131,0.062,0.8109,6.095
228,F_N+PB,5,SVR_rbf,B_latidos,1636,410,one-beat-ahead,0.7547,0.05047,0.224655,0.140417,3.9061,0.1041,0.9382,0.237
228,F_N+PB,5,MLP,B_latidos,1636,410,one-beat-ahead,0.4057,0.5929,0.77,0.404408,10.426,0.0044,0.727,2.187
228,F_N+PB,10,LinReg,B_latidos,1632,409,one-beat-ahead,-41.0483,41.587563,6.448842,3.586288,111.8164,0.0438,1.0,6.492
228,F_N+PB,10,DT,B_latidos,1632,409,one-beat-ahead,0.2201,0.771318,0.878247,0.424353,17.719,0.0049,0.8316,29.238
228,F_N+PB,10,RF,B_latidos,1632,409,one-beat-ahead,0.4644,0.529695,0.727801,0.379221,15.6859,0.066,0.8162,8.403
228,F_N+PB,10,SVR_rbf,B_latidos,1632,409,one-beat-ahead,0.4735,0.108212,0.328957,0.22496,5.2442,0.2148,0.8568,0.357
228,F_N+PB,10,MLP,B_latidos,1632,409,one-beat-ahead,0.2776,0.714525,0.845296,0.454182,15.4719,0.0043,0.6048,5.297
228,F_N+MED,3,LinReg,B_latidos,1638,410,one-beat-ahead,-0.3709,0.817922,0.904391,0.62513,13.08,0.0457,0.8153,0.549
228,F_N+MED,3,DT,B_latidos,1638,410,one-beat-ahead,0.1255,0.521779,0.722343,0.402101,10.4062,0.0032,0.8213,7.996
228,F_N+MED,3,RF,B_latidos,1638,410,one-beat-ahead,0.446,0.33054,0.574926,0.347146,8.4114,0.0604,0.8225,7.016
228,F_N+MED,3,SVR_rbf,B_latidos,1638,410,one-beat-ahead,0.9589,0.01069,0.103393,0.070546,2.0845,0.8939,0.8268,0.851
228,F_N+MED,3,MLP,B_latidos,1638,410,one-beat-ahead,0.4156,0.348668,0.590481,0.362322,8.5747,0.0114,0.6911,2.827
228,F_N+MED,5,LinReg,B_latidos,1636,410,one-beat-ahead,-2.5575,2.122513,1.456885,1.029941,24.8177,0.066,0.9341,2.484
228,F_N+MED,5,DT,B_latidos,1636,410,one-beat-ahead,0.2575,0.442999,0.665582,0.375214,9.2823,0.0044,0.8239,14.441
228,F_N+MED,5,RF,B_latidos,1636,410,one-beat-ahead,0.4472,0.32984,0.574317,0.351689,8.3833,0.0616,0.8223,7.926
228,F_N+MED,5,SVR_rbf,B_latidos,1636,410,one-beat-ahead,0.9372,0.016355,0.127888,0.091857,2.5397,0.0992,0.809,0.231
228,F_N+MED,5,MLP,B_latidos,1636,410,one-beat-ahead,0.3748,0.37302,0.610754,0.392866,9.0495,0.0047,0.6963,1.451
228,F_N+MED,10,LinReg,B_latidos,1632,409,one-beat-ahead,-2.1862,1.883502,1.372408,0.958058,21.9549,0.1045,1.0,8.36
228,F_N+MED,10,DT,B_latidos,1632,409,one-beat-ahead,0.096,0.534367,0.731004,0.407463,12.1573,0.0075,0.8287,28.794
228,F_N+MED,10,RF,B_latidos,1632,409,one-beat-ahead,0.4342,0.334473,0.578337,0.356304,11.8846,0.0641,0.8061,8.968
228,F_N+MED,10,SVR_rbf,B_latidos,1632,409,one-beat-ahead,0.8144,0.04821,0.219567,0.151733,4.1395,0.1037,0.7703,0.24
228,F_N+MED,10,MLP,B_latidos,1632,409,one-beat-ahead,0.2573,0.439042,0.662602,0.432444,12.319,0.0498,0.6941,1.844
228,F_N+PB+MED,3,LinReg,B_latidos,1638,410,one-beat-ahead,-0.1814,1.055356,1.027305,0.64532,16.2072,0.0711,0.81,2.504
228,F_N+PB+MED,3,DT,B_latidos,1638,410,one-beat-ahead,0.2392,0.679676,0.824424,0.368616,11.9088,0.0024,0.8979,8.157
228,F_N+PB+MED,3,RF,B_latidos,1638,410,one-beat-ahead,0.5377,0.412982,0.642637,0.319414,9.3219,0.0594,0.8584,6.228
228,F_N+PB+MED,3,SVR_rbf,B_latidos,1638,410,one-beat-ahead,0.958,0.011466,0.107078,0.06816,2.0821,0.9092,0.9697,1.349
228,F_N+PB+MED,3,MLP,B_latidos,1638,410,one-beat-ahead,0.5936,0.363032,0.602522,0.31172,8.9706,0.0111,0.7933,3.75
228,F_N+PB+MED,5,LinReg,B_latidos,1636,410,one-beat-ahead,-1.9791,2.663572,1.632045,1.063463,26.5333,0.0642,0.9321,1.612
228,F_N+PB+MED,5,DT,B_latidos,1636,410,one-beat-ahead,0.2199,0.697489,0.835158,0.370372,11.8557,0.0031,0.9045,14.635
228,F_N+PB+MED,5,RF,B_latidos,1636,410,one-beat-ahead,0.5383,0.412832,0.64252,0.324831,9.9503,0.0601,0.8655,8.519
228,F_N+PB+MED,5,SVR_rbf,B_latidos,1636,410,one-beat-ahead,0.9091,0.024872,0.157709,0.103822,2.9356,0.1002,0.9538,0.228
228,F_N+PB+MED,5,MLP,B_latidos,1636,410,one-beat-ahead,0.506,0.441695,0.664602,0.349476,10.165,0.0044,0.7164,1.447
228,F_N+PB+MED,10,LinReg,B_latidos,1632,409,one-beat-ahead,-1.4202,2.139834,1.462817,0.974127,21.8566,0.0428,1.0,4.477
228,F_N+PB+MED,10,DT,B_latidos,1632,409,one-beat-ahead,0.0929,0.802029,0.895561,0.39279,14.0322,0.0048,0.8969,29.133
228,F_N+PB+MED,10,RF,B_latidos,1632,409,one-beat-ahead,0.5644,0.385131,0.62059,0.323722,14.237,0.063,0.865,10.93
228,F_N+PB+MED,10,SVR_rbf,B_latidos,1632,409,one-beat-ahead,0.7523,0.0676,0.260001,0.176406,4.5081,0.1032,0.9277,0.22
228,F_N+PB+MED,10,MLP,B_latidos,1632,409,one-beat-ahead,0.422,0.511033,0.714865,0.385882,14.8766,0.0043,0.6645,1.412
230,F_SIN,3,LinReg,B_latidos,1800,451,one-beat-ahead,0.3966,0.846186,0.919883,0.49829,18.6689,0.0239,0.8546,0.545
230,F_SIN,3,DT,B_latidos,1800,451,one-beat-ahead,0.591,0.573547,0.757329,0.444338,14.7121,0.0024,0.7895,9.992
230,F_SIN,3,RF,B_latidos,1800,451,one-beat-ahead,0.725,0.385714,0.621059,0.373072,13.6034,0.0597,0.8591,5.003
230,F_SIN,3,SVR_rbf,B_latidos,1800,451,one-beat-ahead,0.8383,0.046292,0.215155,0.117091,4.3664,1.4916,0.9475,1.13
230,F_SIN,3,MLP,B_latidos,1800,451,one-beat-ahead,0.7087,0.408479,0.639124,0.378192,13.5905,0.0108,0.7491,5.756
230,F_SIN,5,LinReg,B_latidos,1799,450,one-beat-ahead,-0.2848,1.801031,1.342025,0.694219,19.3132,0.0533,0.931,1.753
230,F_SIN,5,DT,B_latidos,1799,450,one-beat-ahead,0.5721,0.599811,0.774475,0.44981,13.3542,0.003,0.791,15.728
230,F_SIN,5,RF,B_latidos,1799,450,one-beat-ahead,0.7217,0.390103,0.624582,0.377161,13.068,0.0557,0.8608,8.475
230,F_SIN,5,SVR_rbf,B_latidos,1799,450,one-beat-ahead,0.6003,0.114678,0.338642,0.199909,6.8607,0.1124,0.9004,0.639
230,F_SIN,5,MLP,B_latidos,1799,450,one-beat-ahead,0.6811,0.447045,0.668614,0.399764,13.1427,0.0042,0.7917,1.999
230,F_SIN,10,LinReg,B_latidos,1795,449,one-beat-ahead,-0.9077,2.674644,1.635434,0.833151,31.6926,0.0413,1.0,5.388
230,F_SIN,10,DT,B_latidos,1795,449,one-beat-ahead,0.5446,0.638508,0.799067,0.469952,17.4776,0.0063,0.7953,32.174
230,F_SIN,10,RF,B_latidos,1795,449,one-beat-ahead,0.7109,0.40529,0.636624,0.385754,14.9311,0.0574,0.8601,10.35
230,F_SIN,10,SVR_rbf,B_latidos,1795,449,one-beat-ahead,0.4976,0.144483,0.380109,0.246725,7.4251,0.1159,0.914,0.396
230,F_SIN,10,MLP,B_latidos,1795,449,one-beat-ahead,0.6974,0.424226,0.651326,0.405885,14.9956,0.0042,0.7403,1.486
230,F_N,3,LinReg,B_latidos,1800,451,one-beat-ahead,0.3961,0.846863,0.920252,0.498363,18.5205,0.0358,0.8552,1.614
230,F_N,3,DT,B_latidos,1800,451,one-beat-ahead,0.5525,0.62758,0.792199,0.461283,14.804,0.0026,0.7946,9.57
230,F_N,3,RF,B_latidos,1800,451,one-beat-ahead,0.7248,0.385919,0.621223,0.372102,13.5485,0.0552,0.8599,6.121
230,F_N,3,SVR_rbf,B_latidos,1800,451,one-beat-ahead,0.8386,0.046214,0.214975,0.117179,4.3653,0.9933,0.9477,1.456
230,F_N,3,MLP,B_latidos,1800,451,one-beat-ahead,0.7161,0.398154,0.630994,0.373184,13.4375,0.0109,0.733,2.667
230,F_N,5,LinReg,B_latidos,1799,450,one-beat-ahead,-0.3095,1.83564,1.354858,0.705792,17.7064,0.0525,0.9321,1.809
230,F_N,5,DT,B_latidos,1799,450,one-beat-ahead,0.6043,0.554638,0.74474,0.43581,13.2472,0.0041,0.7927,15.722
230,F_N,5,RF,B_latidos,1799,450,one-beat-ahead,0.7211,0.390946,0.625257,0.378208,13.295,0.0562,0.8605,8.912
230,F_N,5,SVR_rbf,B_latidos,1799,450,one-beat-ahead,0.6009,0.114506,0.338388,0.199869,6.855,0.1143,0.9002,0.425
230,F_N,5,MLP,B_latidos,1799,450,one-beat-ahead,0.6866,0.43933,0.66282,0.397037,13.0716,0.0041,0.7836,1.81
230,F_N,10,LinReg,B_latidos,1795,449,one-beat-ahead,-0.8934,2.65459,1.629291,0.839525,31.4235,0.0417,1.0,9.13
230,F_N,10,DT,B_latidos,1795,449,one-beat-ahead,0.5837,0.583709,0.764009,0.455009,17.0049,0.0046,0.7932,31.591
230,F_N,10,RF,B_latidos,1795,449,one-beat-ahead,0.7081,0.409301,0.639766,0.38662,15.4285,0.0571,0.8601,9.919
230,F_N,10,SVR_rbf,B_latidos,1795,449,one-beat-ahead,0.4974,0.144533,0.380175,0.246882,7.426,0.2281,0.914,0.607
230,F_N,10,MLP,B_latidos,1795,449,one-beat-ahead,0.6983,0.423064,0.650433,0.405263,15.026,0.0042,0.7403,3.18
230,F_PB,3,LinReg,B_latidos,1800,451,one-beat-ahead,-0.0056,1.366517,1.168981,0.461395,19.5497,0.0271,0.859,0.508
230,F_PB,3,DT,B_latidos,1800,451,one-beat-ahead,0.6273,0.506512,0.711697,0.356855,13.5481,0.003,0.8564,8.964
230,F_PB,3,RF,B_latidos,1800,451,one-beat-ahead,0.7648,0.319618,0.565348,0.30286,13.2657,0.0572,0.8948,6.541
230,F_PB,3,SVR_rbf,B_latidos,1800,451,one-beat-ahead,0.6869,0.025748,0.160462,0.090505,3.3025,0.9724,0.8822,1.122
230,F_PB,3,MLP,B_latidos,1800,451,one-beat-ahead,0.7127,0.390378,0.624802,0.323341,14.169,0.0774,0.7771,4.42
230,F_PB,5,LinReg,B_latidos,1799,450,one-beat-ahead,-616.8552,838.856884,28.963026,2.112745,49.0269,0.0452,0.9356,3.46
230,F_PB,5,DT,B_latidos,1799,450,one-beat-ahead,0.6415,0.486791,0.697704,0.357127,11.6858,0.003,0.8589,15.654
230,F_PB,5,RF,B_latidos,1799,450,one-beat-ahead,0.7619,0.323285,0.568581,0.302511,11.4969,0.0555,0.8959,6.252
230,F_PB,5,SVR_rbf,B_latidos,1799,450,one-beat-ahead,0.3055,0.057244,0.239258,0.141024,4.5713,0.1083,0.8905,0.452
230,F_PB,5,MLP,B_latidos,1799,450,one-beat-ahead,0.5596,0.597971,0.773286,0.377936,12.5962,0.0044,0.8845,9.521
230,F_PB,10,LinReg,B_latidos,1795,449,one-beat-ahead,-135.8355,185.728879,13.628238,2.959412,158.8761,0.0421,1.0,5.281
230,F_PB,10,DT,B_latidos,1795,449,one-beat-ahead,0.6123,0.526294,0.725461,0.366173,15.5187,0.0065,0.8616,31.531
230,F_PB,10,RF,B_latidos,1795,449,one-beat-ahead,0.7604,0.325228,0.570288,0.305936,14.2698,0.057,0.8963,10.574
230,F_PB,10,SVR_rbf,B_latidos,1795,449,one-beat-ahead,-0.0321,0.085262,0.291997,0.183017,4.9749,0.1511,0.8583,0.403
230,F_PB,10,MLP,B_latidos,1795,449,one-beat-ahead,0.656,0.466855,0.683268,0.353554,14.0085,0.0044,0.8653,7.19
230,F_MED,3,LinReg,B_latidos,1800,451,one-beat-ahead,0.3914,0.87197,0.933794,0.629265,16.8808,0.026,0.8636,0.566
230,F_MED,3,DT,B_latidos,1800,451,one-beat-ahead,0.4684,0.761636,0.872718,0.581616,16.6625,0.0025,0.8218,8.693
230,F_MED,3,RF,B_latidos,1800,451,one-beat-ahead,0.6075,0.562259,0.749839,0.516028,15.8256,0.0541,0.8678,7.617
230,F_MED,3,SVR_rbf,B_latidos,1800,451,one-beat-ahead,0.7213,0.248208,0.498205,0.220841,10.4695,0.9346,0.826,1.07
230,F_MED,3,MLP,B_latidos,1800,451,one-beat-ahead,0.568,0.618973,0.786749,0.520063,15.4198,0.0221,0.7687,2.875
230,F_MED,5,LinReg,B_latidos,1799,450,one-beat-ahead,-0.2451,1.785969,1.336402,0.907317,22.4918,0.0612,0.9376,2.117
230,F_MED,5,DT,B_latidos,1799,450,one-beat-ahead,0.3246,0.968744,0.984248,0.626201,16.6646,0.0035,0.8209,16.306
230,F_MED,5,RF,B_latidos,1799,450,one-beat-ahead,0.6098,0.559626,0.748081,0.513372,15.1662,0.0544,0.868,7.906
230,F_MED,5,SVR_rbf,B_latidos,1799,450,one-beat-ahead,0.5541,0.398047,0.63091,0.322179,12.9179,0.112,0.7971,0.322
230,F_MED,5,MLP,B_latidos,1799,450,one-beat-ahead,0.5244,0.682165,0.825933,0.560236,15.7472,0.0042,0.7881,1.686
230,F_MED,10,LinReg,B_latidos,1795,449,one-beat-ahead,-0.5023,2.158363,1.469137,0.99602,25.9695,0.0418,1.0,8.482
230,F_MED,10,DT,B_latidos,1795,449,one-beat-ahead,0.2308,1.105185,1.051278,0.664685,18.8464,0.005,0.8192,31.63
230,F_MED,10,RF,B_latidos,1795,449,one-beat-ahead,0.5952,0.581616,0.762638,0.528099,14.6479,0.0897,0.864,11.173
230,F_MED,10,SVR_rbf,B_latidos,1795,449,one-beat-ahead,0.4523,0.490093,0.700066,0.424727,13.78,0.1202,0.794,0.514
230,F_MED,10,MLP,B_latidos,1795,449,one-beat-ahead,0.5305,0.674586,0.821332,0.573897,15.3172,0.0041,0.744,1.304
230,F_N+PB,3,LinReg,B_latidos,1800,451,one-beat-ahead,0.0702,1.263646,1.12412,0.459754,19.0521,0.0358,0.8595,0.492
230,F_N+PB,3,DT,B_latidos,1800,451,one-beat-ahead,0.625,0.509591,0.713856,0.355187,13.3422,0.0032,0.8589,9.213
230,F_N+PB,3,RF,B_latidos,1800,451,one-beat-ahead,0.7618,0.323736,0.568978,0.303613,13.418,0.054,0.8948,6.1
230,F_N+PB,3,SVR_rbf,B_latidos,1800,451,one-beat-ahead,0.687,0.025749,0.160465,0.090491,3.3025,0.9286,0.8822,1.078
230,F_N+PB,3,MLP,B_latidos,1800,451,one-beat-ahead,0.6073,0.533702,0.730549,0.35327,13.9586,0.0111,0.8396,12.606
230,F_N+PB,5,LinReg,B_latidos,1799,450,one-beat-ahead,-962.0756,1307.578423,36.160454,2.208458,52.3319,0.0432,0.9352,1.689
230,F_N+PB,5,DT,B_latidos,1799,450,one-beat-ahead,0.6449,0.48215,0.69437,0.352966,14.142,0.003,0.8615,15.654
230,F_N+PB,5,RF,B_latidos,1799,450,one-beat-ahead,0.7636,0.320904,0.566484,0.301732,11.6177,0.0567,0.8967,8.789
230,F_N+PB,5,SVR_rbf,B_latidos,1799,450,one-beat-ahead,0.3055,0.057254,0.239277,0.141034,4.5716,0.1066,0.8905,0.448
230,F_N+PB,5,MLP,B_latidos,1799,450,one-beat-ahead,0.6292,0.50348,0.709563,0.358488,12.0245,0.0043,0.8532,3.271
230,F_N+PB,10,LinReg,B_latidos,1795,449,one-beat-ahead,-88.6485,121.682964,11.031,2.796171,152.6511,0.0415,1.0,9.359
230,F_N+PB,10,DT,B_latidos,1795,449,one-beat-ahead,0.6249,0.509123,0.713528,0.359306,14.1585,0.0049,0.8611,31.287
230,F_N+PB,10,RF,B_latidos,1795,449,one-beat-ahead,0.7616,0.323528,0.568795,0.305386,14.0777,0.0586,0.8968,8.924
230,F_N+PB,10,SVR_rbf,B_latidos,1795,449,one-beat-ahead,-0.032,0.085262,0.291997,0.183005,4.9751,0.2604,0.8584,0.616
230,F_N+PB,10,MLP,B_latidos,1795,449,one-beat-ahead,0.6829,0.430364,0.656022,0.346732,14.3329,0.0042,0.8411,5.787
230,F_N+MED,3,LinReg,B_latidos,1800,451,one-beat-ahead,0.3721,0.899203,0.948263,0.640023,16.8744,0.0224,0.8642,0.524
230,F_N+MED,3,DT,B_latidos,1800,451,one-beat-ahead,0.5022,0.712889,0.844327,0.562874,16.6612,0.0028,0.8303,9.511
230,F_N+MED,3,RF,B_latidos,1800,451,one-beat-ahead,0.6174,0.547942,0.740231,0.505014,15.6479,0.0545,0.8672,6.021
230,F_N+MED,3,SVR_rbf,B_latidos,1800,451,one-beat-ahead,0.7216,0.247966,0.497962,0.219939,10.4643,0.9568,0.8266,0.995
230,F_N+MED,3,MLP,B_latidos,1800,451,one-beat-ahead,0.5585,0.63223,0.795129,0.523886,15.7262,0.011,0.7681,2.798
230,F_N+MED,5,LinReg,B_latidos,1799,450,one-beat-ahead,-0.2472,1.788271,1.337263,0.902949,21.5772,0.0387,0.9378,4.653
230,F_N+MED,5,DT,B_latidos,1799,450,one-beat-ahead,0.2553,1.067809,1.033349,0.639316,17.2526,0.0038,0.8255,15.873
230,F_N+MED,5,RF,B_latidos,1799,450,one-beat-ahead,0.6064,0.564401,0.751266,0.515718,14.9431,0.0549,0.8661,6.469
230,F_N+MED,5,SVR_rbf,B_latidos,1799,450,one-beat-ahead,0.5543,0.397972,0.63085,0.321948,12.9175,0.1076,0.7975,0.324
230,F_N+MED,5,MLP,B_latidos,1799,450,one-beat-ahead,0.5263,0.679202,0.824137,0.558389,15.7542,0.049,0.7875,4.415
230,F_N+MED,10,LinReg,B_latidos,1795,449,one-beat-ahead,-0.6021,2.300957,1.51689,1.026264,24.6666,0.0415,1.0,5.227
230,F_N+MED,10,DT,B_latidos,1795,449,one-beat-ahead,0.2515,1.075077,1.036859,0.650147,18.3532,0.0049,0.8271,31.42
230,F_N+MED,10,RF,B_latidos,1795,449,one-beat-ahead,0.5957,0.580737,0.762061,0.527473,14.7576,0.0564,0.8662,11.689
230,F_N+MED,10,SVR_rbf,B_latidos,1795,449,one-beat-ahead,0.4525,0.490044,0.700032,0.424625,13.7734,0.1147,0.7944,0.308
230,F_N+MED,10,MLP,B_latidos,1795,449,one-beat-ahead,0.5231,0.684891,0.827581,0.57514,15.4604,0.0043,0.7853,1.787
230,F_N+PB+MED,3,LinReg,B_latidos,1800,451,one-beat-ahead,0.2874,0.876598,0.936268,0.603174,15.2155,0.0283,0.8742,0.535
230,F_N+PB+MED,3,DT,B_latidos,1800,451,one-beat-ahead,0.37,0.774983,0.880331,0.53361,14.3318,0.0023,0.8875,10.034
230,F_N+PB+MED,3,RF,B_latidos,1800,451,one-beat-ahead,0.6391,0.443916,0.66627,0.426321,13.631,0.0559,0.9037,5.04
230,F_N+PB+MED,3,SVR_rbf,B_latidos,1800,451,one-beat-ahead,0.6554,0.096425,0.310523,0.135831,6.4639,1.2324,0.9375,0.94
230,F_N+PB+MED,3,MLP,B_latidos,1800,451,one-beat-ahead,0.5007,0.614167,0.783688,0.478553,14.8377,0.0112,0.865,8.514
230,F_N+PB+MED,5,LinReg,B_latidos,1799,450,one-beat-ahead,-0.5656,1.925983,1.387798,0.889384,22.4391,0.0425,0.9453,1.78
230,F_N+PB+MED,5,DT,B_latidos,1799,450,one-beat-ahead,0.3627,0.783969,0.88542,0.536188,13.4296,0.003,0.8902,15.846
230,F_N+PB+MED,5,RF,B_latidos,1799,450,one-beat-ahead,0.6372,0.446337,0.668084,0.428762,13.4921,0.0547,0.8999,8.916
230,F_N+PB+MED,5,SVR_rbf,B_latidos,1799,450,one-beat-ahead,0.4235,0.161702,0.402122,0.215293,7.9415,0.1055,0.8686,0.326
230,F_N+PB+MED,5,MLP,B_latidos,1799,450,one-beat-ahead,0.5007,0.614289,0.783766,0.493917,13.3467,0.0047,0.8565,2.223
230,F_N+PB+MED,10,LinReg,B_latidos,1795,449,one-beat-ahead,-1.1621,2.660661,1.631153,1.049616,25.2912,0.0459,1.0,9.303
230,F_N+PB+MED,10,DT,B_latidos,1795,449,one-beat-ahead,0.4333,0.697306,0.835048,0.503804,13.3067,0.0053,0.8928,31.278
230,F_N+PB+MED,10,RF,B_latidos,1795,449,one-beat-ahead,0.6284,0.457269,0.676217,0.435383,13.1388,0.0602,0.8994,9.894
230,F_N+PB+MED,10,SVR_rbf,B_latidos,1795,449,one-beat-ahead,0.2318,0.215859,0.464606,0.282209,8.6971,0.2308,0.7603,0.473
230,F_N+PB+MED,10,MLP,B_latidos,1795,449,one-beat-ahead,0.4341,0.69643,0.834524,0.541994,14.1004,0.0043,0.8703,4.827
231,F_SIN,3,LinReg,B_latidos,1252,314,one-beat-ahead,0.3185,0.748249,0.865014,0.391823,12.4381,0.05,0.8891,0.508
231,F_SIN,3,DT,B_latidos,1252,314,one-beat-ahead,0.4658,0.586531,0.765853,0.363985,10.6194,0.0024,0.8238,5.828
231,F_SIN,3,RF,B_latidos,1252,314,one-beat-ahead,0.6408,0.394444,0.628048,0.297705,13.4928,0.078,0.8701,5.372
231,F_SIN,3,SVR_rbf,B_latidos,1252,314,one-beat-ahead,0.9172,0.006812,0.082536,0.064586,1.4383,0.6892,0.9825,0.652
231,F_SIN,3,MLP,B_latidos,1252,314,one-beat-ahead,0.6721,0.360007,0.600006,0.274502,12.0835,0.0119,0.7797,3.782
231,F_SIN,5,LinReg,B_latidos,1251,313,one-beat-ahead,-10.2648,12.374078,3.517681,1.613605,50.4359,0.0426,1.0,1.312
231,F_SIN,5,DT,B_latidos,1251,313,one-beat-ahead,0.4204,0.636692,0.79793,0.382556,14.0754,0.0035,0.8272,11.239
231,F_SIN,5,RF,B_latidos,1251,313,one-beat-ahead,0.6269,0.409822,0.640173,0.307173,12.759,0.0793,0.8686,4.211
231,F_SIN,5,SVR_rbf,B_latidos,1251,313,one-beat-ahead,0.7905,0.017293,0.131503,0.102726,2.0746,0.0799,0.9711,0.188
231,F_SIN,5,MLP,B_latidos,1251,313,one-beat-ahead,0.6528,0.381349,0.617534,0.310449,11.5709,0.0049,0.728,3.525
231,F_SIN,10,LinReg,B_latidos,1247,312,one-beat-ahead,0.1148,0.972779,0.986295,0.427547,17.921,0.0643,1.0,2.277
231,F_SIN,10,DT,B_latidos,1247,312,one-beat-ahead,0.404,0.655004,0.809323,0.393677,12.5817,0.0053,0.8308,20.741
231,F_SIN,10,RF,B_latidos,1247,312,one-beat-ahead,0.6126,0.425724,0.652475,0.319869,10.813,0.1169,0.8703,8.063
231,F_SIN,10,SVR_rbf,B_latidos,1247,312,one-beat-ahead,0.5277,0.039129,0.19781,0.151839,3.0433,0.0822,0.9318,0.212
231,F_SIN,10,MLP,B_latidos,1247,312,one-beat-ahead,0.607,0.431871,0.657169,0.334169,10.8815,0.0049,0.7686,2.086
231,F_N,3,LinReg,B_latidos,1252,314,one-beat-ahead,0.308,0.759773,0.87165,0.392151,12.5869,0.0252,0.8905,0.492
231,F_N,3,DT,B_latidos,1252,314,one-beat-ahead,0.4591,0.593847,0.770614,0.368739,11.1141,0.0027,0.8289,5.763
231,F_N,3,RF,B_latidos,1252,314,one-beat-ahead,0.6439,0.390977,0.625281,0.296828,12.7737,0.0802,0.8674,5.366
231,F_N,3,SVR_rbf,B_latidos,1252,314,one-beat-ahead,0.9174,0.006792,0.082414,0.064185,1.4369,0.6494,0.9826,0.624
231,F_N,3,MLP,B_latidos,1252,314,one-beat-ahead,0.6801,0.351198,0.59262,0.274389,12.0917,0.0119,0.7737,3.501
231,F_N,5,LinReg,B_latidos,1251,313,one-beat-ahead,-9.5131,11.548352,3.398287,1.551012,58.1684,0.0428,1.0,1.275
231,F_N,5,DT,B_latidos,1251,313,one-beat-ahead,0.4168,0.640663,0.800414,0.384816,12.789,0.0037,0.8299,11.164
231,F_N,5,RF,B_latidos,1251,313,one-beat-ahead,0.6291,0.407423,0.638297,0.307457,12.1396,0.0791,0.8671,4.139
231,F_N,5,SVR_rbf,B_latidos,1251,313,one-beat-ahead,0.7907,0.01726,0.131377,0.102401,2.0733,0.0793,0.9712,0.178
231,F_N,5,MLP,B_latidos,1251,313,one-beat-ahead,0.6536,0.380531,0.616872,0.310022,11.5276,0.0054,0.728,1.531
231,F_N,10,LinReg,B_latidos,1247,312,one-beat-ahead,0.105,0.983606,0.991769,0.43062,17.7156,0.0678,1.0,3.569
231,F_N,10,DT,B_latidos,1247,312,one-beat-ahead,0.4239,0.633176,0.795724,0.389955,11.9825,0.0057,0.8353,20.793
231,F_N,10,RF,B_latidos,1247,312,one-beat-ahead,0.6105,0.428017,0.65423,0.32126,10.7044,0.1181,0.8677,7.94
231,F_N,10,SVR_rbf,B_latidos,1247,312,one-beat-ahead,0.5267,0.039178,0.197935,0.151729,3.041,0.0899,0.9319,0.289
231,F_N,10,MLP,B_latidos,1247,312,one-beat-ahead,0.6054,0.433661,0.658529,0.336763,11.0613,0.0048,0.7778,2.24
231,F_PB,3,LinReg,B_latidos,1252,314,one-beat-ahead,-0.8796,2.111226,1.453006,0.381071,20.5092,0.0258,0.8774,0.444
231,F_PB,3,DT,B_latidos,1252,314,one-beat-ahead,0.5189,0.540378,0.735104,0.30417,12.0886,0.0028,0.8527,5.811
231,F_PB,3,RF,B_latidos,1252,314,one-beat-ahead,0.6688,0.371993,0.609912,0.264308,12.4473,0.0802,0.8808,5.497
231,F_PB,3,SVR_rbf,B_latidos,1252,314,one-beat-ahead,0.5445,0.002989,0.054676,0.041505,0.7543,0.6065,0.9807,0.596
231,F_PB,3,MLP,B_latidos,1252,314,one-beat-ahead,0.6826,0.356471,0.597052,0.259263,11.6824,0.0117,0.7768,3.929
231,F_PB,5,LinReg,B_latidos,1251,313,one-beat-ahead,-281.6296,317.548524,17.819891,3.376142,118.0695,0.0454,1.0,1.165
231,F_PB,5,DT,B_latidos,1251,313,one-beat-ahead,0.4891,0.574038,0.757653,0.308996,10.2027,0.0035,0.8555,11.087
231,F_PB,5,RF,B_latidos,1251,313,one-beat-ahead,0.6521,0.390884,0.625207,0.270451,11.4698,0.0761,0.8843,4.214
231,F_PB,5,SVR_rbf,B_latidos,1251,313,one-beat-ahead,0.0599,0.006186,0.078649,0.060533,0.9282,0.0758,0.9729,0.185
231,F_PB,5,MLP,B_latidos,1251,313,one-beat-ahead,0.6394,0.405159,0.636521,0.280562,10.8185,0.0079,0.7879,6.224
231,F_PB,10,LinReg,B_latidos,1247,312,one-beat-ahead,-6.543,8.477642,2.911639,1.075024,52.1306,0.0533,1.0,1.771
231,F_PB,10,DT,B_latidos,1247,312,one-beat-ahead,0.4323,0.63806,0.798787,0.324441,11.4117,0.005,0.8723,20.579
231,F_PB,10,RF,B_latidos,1247,312,one-beat-ahead,0.6474,0.396296,0.629521,0.273229,10.651,0.0801,0.8878,8.278
231,F_PB,10,SVR_rbf,B_latidos,1247,312,one-beat-ahead,-0.6272,0.010706,0.10347,0.077673,1.0211,0.0762,0.9255,0.183
231,F_PB,10,MLP,B_latidos,1247,312,one-beat-ahead,0.6286,0.417429,0.646088,0.302923,10.1852,0.0045,0.7728,2.077
231,F_MED,3,LinReg,B_latidos,1252,314,one-beat-ahead,0.824,0.194978,0.441563,0.302752,8.8189,0.0274,0.97,0.463
231,F_MED,3,DT,B_latidos,1252,314,one-beat-ahead,0.7522,0.274618,0.52404,0.333084,10.3921,0.0033,0.9467,6.271
231,F_MED,3,RF,B_latidos,1252,314,one-beat-ahead,0.892,0.119631,0.345878,0.22585,6.7374,0.0789,0.9493,4.877
231,F_MED,3,SVR_rbf,B_latidos,1252,314,one-beat-ahead,0.9414,0.011342,0.1065,0.07355,1.8766,0.6149,0.9733,0.478
231,F_MED,3,MLP,B_latidos,1252,314,one-beat-ahead,0.9203,0.088326,0.297198,0.185753,5.3458,0.0117,0.9391,5.667
231,F_MED,5,LinReg,B_latidos,1251,313,one-beat-ahead,-1.9949,3.321666,1.822544,1.291969,28.7328,0.0944,1.0,1.58
231,F_MED,5,DT,B_latidos,1251,313,one-beat-ahead,0.8211,0.198462,0.445491,0.292387,8.0472,0.0032,0.9482,10.71
231,F_MED,5,RF,B_latidos,1251,313,one-beat-ahead,0.8827,0.130117,0.360717,0.23474,6.1257,0.0792,0.9481,4.81
231,F_MED,5,SVR_rbf,B_latidos,1251,313,one-beat-ahead,0.8882,0.021712,0.147349,0.106113,2.5806,0.1505,0.9634,0.249
231,F_MED,5,MLP,B_latidos,1251,313,one-beat-ahead,0.9065,0.103753,0.322107,0.21077,5.7199,0.0048,0.938,5.65
231,F_MED,10,LinReg,B_latidos,1247,312,one-beat-ahead,0.7892,0.233903,0.483635,0.334002,9.3352,0.0766,1.0,1.815
231,F_MED,10,DT,B_latidos,1247,312,one-beat-ahead,0.7463,0.281561,0.530623,0.327434,9.6523,0.0066,0.95,21.261
231,F_MED,10,RF,B_latidos,1247,312,one-beat-ahead,0.8707,0.143526,0.378848,0.242811,7.5004,0.0794,0.9462,7.315
231,F_MED,10,SVR_rbf,B_latidos,1247,312,one-beat-ahead,0.5541,0.086906,0.294799,0.187812,4.4704,0.0787,0.9493,0.153
231,F_MED,10,MLP,B_latidos,1247,312,one-beat-ahead,0.8807,0.132395,0.363861,0.244629,7.1063,0.0046,0.9038,1.488
231,F_N+PB,3,LinReg,B_latidos,1252,314,one-beat-ahead,-0.8608,2.090189,1.445749,0.386051,22.4336,0.051,0.8783,0.469
231,F_N+PB,3,DT,B_latidos,1252,314,one-beat-ahead,0.5167,0.542886,0.736808,0.304551,12.3484,0.0034,0.8539,7.074
231,F_N+PB,3,RF,B_latidos,1252,314,one-beat-ahead,0.6701,0.370598,0.608768,0.263843,12.6429,0.0781,0.8817,3.492
231,F_N+PB,3,SVR_rbf,B_latidos,1252,314,one-beat-ahead,0.5447,0.002989,0.054669,0.041498,0.7543,0.6217,0.9807,0.501
231,F_N+PB,3,MLP,B_latidos,1252,314,one-beat-ahead,0.6826,0.35652,0.597093,0.260874,11.7659,0.0119,0.7779,4.024
231,F_N+PB,5,LinReg,B_latidos,1251,313,one-beat-ahead,-499.0805,561.869084,23.703778,4.068185,387.8254,0.0725,1.0,4.321
231,F_N+PB,5,DT,B_latidos,1251,313,one-beat-ahead,0.4607,0.605887,0.778387,0.323339,10.8894,0.0034,0.8571,10.027
231,F_N+PB,5,RF,B_latidos,1251,313,one-beat-ahead,0.6517,0.391372,0.625597,0.271696,11.6446,0.0814,0.8833,6.507
231,F_N+PB,5,SVR_rbf,B_latidos,1251,313,one-beat-ahead,0.0605,0.006182,0.078626,0.060525,0.928,0.0781,0.9729,0.202
231,F_N+PB,5,MLP,B_latidos,1251,313,one-beat-ahead,0.6585,0.38371,0.619443,0.279007,10.6393,0.0047,0.7705,2.01
231,F_N+PB,10,LinReg,B_latidos,1247,312,one-beat-ahead,-6.4872,8.414959,2.900855,1.075046,52.1051,0.0555,1.0,1.785
231,F_N+PB,10,DT,B_latidos,1247,312,one-beat-ahead,0.4151,0.657382,0.810791,0.333318,11.3417,0.0061,0.8724,21.324
231,F_N+PB,10,RF,B_latidos,1247,312,one-beat-ahead,0.6465,0.397284,0.630305,0.274287,10.5232,0.0802,0.8863,7.217
231,F_N+PB,10,SVR_rbf,B_latidos,1247,312,one-beat-ahead,-0.6275,0.010709,0.103483,0.077697,1.0213,0.0766,0.9255,0.195
231,F_N+PB,10,MLP,B_latidos,1247,312,one-beat-ahead,0.6326,0.412918,0.642587,0.303338,10.1242,0.0052,0.7685,2.034
231,F_N+MED,3,LinReg,B_latidos,1252,314,one-beat-ahead,0.8137,0.206585,0.454517,0.307956,9.0087,0.0246,0.9705,0.501
231,F_N+MED,3,DT,B_latidos,1252,314,one-beat-ahead,0.7608,0.265196,0.514972,0.320231,8.95,0.0027,0.9493,7.265
231,F_N+MED,3,RF,B_latidos,1252,314,one-beat-ahead,0.8928,0.11888,0.34479,0.224348,6.8854,0.0768,0.9494,3.269
231,F_N+MED,3,SVR_rbf,B_latidos,1252,314,one-beat-ahead,0.943,0.011032,0.105031,0.072771,1.8508,0.6663,0.9733,0.483
231,F_N+MED,3,MLP,B_latidos,1252,314,one-beat-ahead,0.9211,0.087483,0.295775,0.185503,5.4536,0.0249,0.9396,9.052
231,F_N+MED,5,LinReg,B_latidos,1251,313,one-beat-ahead,-1.7157,3.013281,1.73588,1.240394,28.1127,0.0841,1.0,1.237
231,F_N+MED,5,DT,B_latidos,1251,313,one-beat-ahead,0.836,0.181953,0.426559,0.283551,7.7376,0.0044,0.9486,10.334
231,F_N+MED,5,RF,B_latidos,1251,313,one-beat-ahead,0.8874,0.124959,0.353495,0.229594,6.2161,0.0775,0.9491,5.473
231,F_N+MED,5,SVR_rbf,B_latidos,1251,313,one-beat-ahead,0.888,0.021749,0.147476,0.105918,2.5834,0.0879,0.9635,0.146
231,F_N+MED,5,MLP,B_latidos,1251,313,one-beat-ahead,0.909,0.100981,0.317776,0.210397,5.7774,0.0046,0.9344,2.548
231,F_N+MED,10,LinReg,B_latidos,1247,312,one-beat-ahead,0.7828,0.241087,0.491006,0.337717,9.4992,0.0725,1.0,1.784
231,F_N+MED,10,DT,B_latidos,1247,312,one-beat-ahead,0.7651,0.260742,0.510629,0.304459,9.4505,0.0047,0.951,22.073
231,F_N+MED,10,RF,B_latidos,1247,312,one-beat-ahead,0.874,0.139865,0.373985,0.240773,7.5966,0.0793,0.9463,5.875
231,F_N+MED,10,SVR_rbf,B_latidos,1247,312,one-beat-ahead,0.5557,0.086583,0.294249,0.187792,4.4758,0.0794,0.9495,0.15
231,F_N+MED,10,MLP,B_latidos,1247,312,one-beat-ahead,0.8811,0.131971,0.363278,0.244361,7.0745,0.0051,0.9039,1.529
231,F_N+PB+MED,3,LinReg,B_latidos,1252,314,one-beat-ahead,0.8422,0.188941,0.434673,0.274707,8.3042,0.0345,0.9751,0.508
231,F_N+PB+MED,3,DT,B_latidos,1252,314,one-beat-ahead,0.8546,0.174161,0.417326,0.217831,6.5725,0.0028,0.9602,7.194
231,F_N+PB+MED,3,RF,B_latidos,1252,314,one-beat-ahead,0.9208,0.094876,0.308019,0.174854,5.3197,0.0773,0.9584,3.337
231,F_N+PB+MED,3,SVR_rbf,B_latidos,1252,314,one-beat-ahead,0.8086,0.002575,0.050746,0.03601,0.7993,0.6089,0.9741,0.444
231,F_N+PB+MED,3,MLP,B_latidos,1252,314,one-beat-ahead,0.9289,0.085139,0.291786,0.1674,4.8558,0.0116,0.9464,10.452
231,F_N+PB+MED,5,LinReg,B_latidos,1251,313,one-beat-ahead,-0.9223,2.303226,1.517638,1.014876,24.6717,0.044,1.0,1.201
231,F_N+PB+MED,5,DT,B_latidos,1251,313,one-beat-ahead,0.8564,0.172,0.414729,0.218515,6.6899,0.0035,0.9612,11.166
231,F_N+PB+MED,5,RF,B_latidos,1251,313,one-beat-ahead,0.9183,0.097934,0.312945,0.178157,5.6002,0.0779,0.9594,4.291
231,F_N+PB+MED,5,SVR_rbf,B_latidos,1251,313,one-beat-ahead,0.6683,0.004477,0.06691,0.047363,0.9748,0.0725,0.9748,0.145
231,F_N+PB+MED,5,MLP,B_latidos,1251,313,one-beat-ahead,0.9185,0.097656,0.312499,0.187896,6.0298,0.0046,0.9292,1.699
231,F_N+PB+MED,10,LinReg,B_latidos,1247,312,one-beat-ahead,0.7458,0.304568,0.551876,0.362965,10.2756,0.1412,1.0,4.54
231,F_N+PB+MED,10,DT,B_latidos,1247,312,one-beat-ahead,0.8395,0.192365,0.438595,0.226459,7.3032,0.0051,0.9627,21.21
231,F_N+PB+MED,10,RF,B_latidos,1247,312,one-beat-ahead,0.9147,0.102238,0.319747,0.183882,5.9589,0.0871,0.9569,6.816
231,F_N+PB+MED,10,SVR_rbf,B_latidos,1247,312,one-beat-ahead,0.4347,0.007623,0.087309,0.063966,1.1884,0.1495,0.9629,0.238
231,F_N+PB+MED,10,MLP,B_latidos,1247,312,one-beat-ahead,0.9049,0.113992,0.337628,0.198709,6.1916,0.0046,0.95,6.611
232,F_SIN,3,LinReg,B_latidos,1420,355,one-beat-ahead,0.0648,1.011083,1.005526,0.627723,16.369,0.044,0.8564,0.517
232,F_SIN,3,DT,B_latidos,1420,355,one-beat-ahead,0.5598,0.475866,0.68983,0.409245,11.7023,0.0032,0.7841,7.3
232,F_SIN,3,RF,B_latidos,1420,355,one-beat-ahead,0.696,0.328688,0.573313,0.343509,10.4746,0.068,0.8432,4.918
232,F_SIN,3,SVR_rbf,B_latidos,1420,355,one-beat-ahead,0.9224,0.027733,0.166531,0.122033,2.9557,0.8087,0.9783,0.66
232,F_SIN,3,MLP,B_latidos,1420,355,one-beat-ahead,0.6971,0.327445,0.572228,0.353672,10.5395,0.013,0.7042,3.295
232,F_SIN,5,LinReg,B_latidos,1418,355,one-beat-ahead,-5.5541,7.084384,2.661651,1.67903,39.7597,0.0704,0.967,1.7
232,F_SIN,5,DT,B_latidos,1418,355,one-beat-ahead,0.5431,0.493888,0.702772,0.421921,11.3069,0.003,0.7813,12.171
232,F_SIN,5,RF,B_latidos,1418,355,one-beat-ahead,0.6964,0.328216,0.572902,0.344086,10.5329,0.0754,0.8387,6.85
232,F_SIN,5,SVR_rbf,B_latidos,1418,355,one-beat-ahead,0.8808,0.04256,0.206301,0.155764,3.6958,0.0929,0.9658,0.335
232,F_SIN,5,MLP,B_latidos,1418,355,one-beat-ahead,0.6678,0.359027,0.599188,0.373714,11.4402,0.0044,0.6719,1.571
232,F_SIN,10,LinReg,B_latidos,1414,354,one-beat-ahead,-0.8103,1.957015,1.398933,0.945764,20.3673,0.048,1.0,2.373
232,F_SIN,10,DT,B_latidos,1414,354,one-beat-ahead,0.5532,0.483036,0.695008,0.416747,13.4974,0.005,0.7866,25.012
232,F_SIN,10,RF,B_latidos,1414,354,one-beat-ahead,0.6903,0.334754,0.578579,0.349215,13.6213,0.0729,0.8385,6.711
232,F_SIN,10,SVR_rbf,B_latidos,1414,354,one-beat-ahead,0.8054,0.069658,0.263928,0.197467,4.4007,0.1133,0.948,0.2
232,F_SIN,10,MLP,B_latidos,1414,354,one-beat-ahead,0.6436,0.38524,0.620677,0.392913,14.068,0.0109,0.6395,5.745
232,F_N,3,LinReg,B_latidos,1420,355,one-beat-ahead,0.055,1.021607,1.010746,0.633771,16.1642,0.0263,0.8571,0.524
232,F_N,3,DT,B_latidos,1420,355,one-beat-ahead,0.5296,0.508516,0.713103,0.417961,11.857,0.0027,0.7954,6.651
232,F_N,3,RF,B_latidos,1420,355,one-beat-ahead,0.6923,0.332675,0.57678,0.345033,10.5181,0.0684,0.8429,4.573
232,F_N,3,SVR_rbf,B_latidos,1420,355,one-beat-ahead,0.9219,0.027892,0.167009,0.122466,2.9606,0.8582,0.9783,0.961
232,F_N,3,MLP,B_latidos,1420,355,one-beat-ahead,0.6938,0.331075,0.575391,0.355926,10.6056,0.0113,0.6849,2.818
232,F_N,5,LinReg,B_latidos,1418,355,one-beat-ahead,-5.6781,7.218598,2.686745,1.682017,38.8889,0.0396,0.9684,1.476
232,F_N,5,DT,B_latidos,1418,355,one-beat-ahead,0.5509,0.485435,0.696732,0.41434,11.6492,0.0036,0.7875,12.653
232,F_N,5,RF,B_latidos,1418,355,one-beat-ahead,0.6949,0.329771,0.574257,0.345768,10.7622,0.0715,0.8414,4.785
232,F_N,5,SVR_rbf,B_latidos,1418,355,one-beat-ahead,0.8811,0.042465,0.20607,0.155236,3.6912,0.0917,0.9658,0.192
232,F_N,5,MLP,B_latidos,1418,355,one-beat-ahead,0.6684,0.358425,0.598686,0.373332,11.4948,0.0163,0.6721,5.713
232,F_N,10,LinReg,B_latidos,1414,354,one-beat-ahead,-0.8206,1.968164,1.402913,0.948724,20.4411,0.0479,1.0,2.528
232,F_N,10,DT,B_latidos,1414,354,one-beat-ahead,0.5171,0.521988,0.722488,0.427368,14.5343,0.0072,0.8021,25.239
232,F_N,10,RF,B_latidos,1414,354,one-beat-ahead,0.6936,0.331274,0.575564,0.34707,13.1528,0.0752,0.8408,7.091
232,F_N,10,SVR_rbf,B_latidos,1414,354,one-beat-ahead,0.8058,0.069477,0.263585,0.197371,4.3884,0.0995,0.948,0.224
232,F_N,10,MLP,B_latidos,1414,354,one-beat-ahead,0.6448,0.383936,0.619626,0.392484,14.1097,0.0046,0.6409,2.186
232,F_PB,3,LinReg,B_latidos,1420,355,one-beat-ahead,-8307.2476,9082.677646,95.303083,18.878944,907.9095,0.0784,0.8371,1.431
232,F_PB,3,DT,B_latidos,1420,355,one-beat-ahead,0.6015,0.43562,0.660015,0.3333,11.9302,0.0026,0.7651,7.763
232,F_PB,3,RF,B_latidos,1420,355,one-beat-ahead,0.6798,0.350074,0.59167,0.319195,9.5144,0.0686,0.8212,3.847
232,F_PB,3,SVR_rbf,B_latidos,1420,355,one-beat-ahead,0.8315,0.021194,0.145583,0.10608,2.5874,1.3577,0.9567,0.663
232,F_PB,3,MLP,B_latidos,1420,355,one-beat-ahead,0.6715,0.359133,0.599277,0.330824,9.9551,0.0114,0.6704,7.082
232,F_PB,5,LinReg,B_latidos,1418,355,one-beat-ahead,-198772.3618,217341.003209,466.198459,120.193165,6348.0079,0.0391,0.9626,1.435
232,F_PB,5,DT,B_latidos,1418,355,one-beat-ahead,0.5691,0.471123,0.686384,0.3437,11.7692,0.0034,0.7684,12.64
232,F_PB,5,RF,B_latidos,1418,355,one-beat-ahead,0.6833,0.346284,0.588459,0.316311,9.4078,0.0687,0.8154,4.922
232,F_PB,5,SVR_rbf,B_latidos,1418,355,one-beat-ahead,0.7232,0.034821,0.186604,0.138838,3.1157,0.0922,0.9196,0.189
232,F_PB,5,MLP,B_latidos,1418,355,one-beat-ahead,0.64,0.393654,0.627419,0.351668,10.5196,0.016,0.6763,3.712
232,F_PB,10,LinReg,B_latidos,1414,354,one-beat-ahead,-15.447,17.991807,4.241675,2.603773,80.0127,0.0436,1.0,3.321
232,F_PB,10,DT,B_latidos,1414,354,one-beat-ahead,0.5434,0.499455,0.706721,0.355755,14.4543,0.0062,0.7668,24.014
232,F_PB,10,RF,B_latidos,1414,354,one-beat-ahead,0.6759,0.354505,0.595403,0.32013,13.8227,0.0723,0.8157,8.825
232,F_PB,10,SVR_rbf,B_latidos,1414,354,one-beat-ahead,0.593,0.050989,0.225806,0.164899,3.3978,0.0955,0.8985,0.214
232,F_PB,10,MLP,B_latidos,1414,354,one-beat-ahead,0.6256,0.409591,0.639993,0.363636,14.2266,0.0045,0.6086,2.12
232,F_MED,3,LinReg,B_latidos,1420,355,one-beat-ahead,0.4229,0.602584,0.776263,0.542761,14.0713,0.0273,0.8836,0.481
232,F_MED,3,DT,B_latidos,1420,355,one-beat-ahead,0.6395,0.376348,0.613472,0.419515,11.5716,0.0026,0.846,8.094
232,F_MED,3,RF,B_latidos,1420,355,one-beat-ahead,0.7813,0.228386,0.477898,0.328933,9.8683,0.0686,0.8798,3.716
232,F_MED,3,SVR_rbf,B_latidos,1420,355,one-beat-ahead,0.9511,0.030482,0.17459,0.124173,3.2291,0.8516,0.9725,0.659
232,F_MED,3,MLP,B_latidos,1420,355,one-beat-ahead,0.7781,0.231653,0.481303,0.333331,9.7252,0.0114,0.7674,8.476
232,F_MED,5,LinReg,B_latidos,1418,355,one-beat-ahead,-2.2224,3.362877,1.833815,1.243686,31.052,0.0509,0.9743,1.49
232,F_MED,5,DT,B_latidos,1418,355,one-beat-ahead,0.6418,0.373799,0.611391,0.415998,11.787,0.0034,0.8485,12.433
232,F_MED,5,RF,B_latidos,1418,355,one-beat-ahead,0.7791,0.230554,0.48016,0.333191,9.7579,0.0706,0.8793,4.757
232,F_MED,5,SVR_rbf,B_latidos,1418,355,one-beat-ahead,0.9289,0.044305,0.210488,0.156155,3.8518,0.0933,0.9622,0.186
232,F_MED,5,MLP,B_latidos,1418,355,one-beat-ahead,0.7524,0.258393,0.508323,0.360931,10.7137,0.0046,0.7562,1.575
232,F_MED,10,LinReg,B_latidos,1414,354,one-beat-ahead,0.0394,1.00242,1.001209,0.718146,17.4674,0.0483,1.0,6.39
232,F_MED,10,DT,B_latidos,1414,354,one-beat-ahead,0.6571,0.357866,0.598219,0.400332,10.8686,0.005,0.8597,23.405
232,F_MED,10,RF,B_latidos,1414,354,one-beat-ahead,0.7784,0.231272,0.480908,0.332711,9.3236,0.07,0.8842,9.313
232,F_MED,10,SVR_rbf,B_latidos,1414,354,one-beat-ahead,0.9075,0.057742,0.240295,0.176355,4.1899,0.1031,0.9582,0.196
232,F_MED,10,MLP,B_latidos,1414,354,one-beat-ahead,0.7303,0.281395,0.530467,0.384425,10.6419,0.0044,0.6995,1.674
232,F_N+PB,3,LinReg,B_latidos,1420,355,one-beat-ahead,-10762.383,11766.643585,108.474161,20.722505,921.3618,0.0514,0.8372,0.474
232,F_N+PB,3,DT,B_latidos,1420,355,one-beat-ahead,0.5827,0.456233,0.67545,0.340681,11.7536,0.0039,0.7651,7.896
232,F_N+PB,3,RF,B_latidos,1420,355,one-beat-ahead,0.6793,0.3506,0.592115,0.319848,9.5447,0.07,0.8194,4.295
232,F_N+PB,3,SVR_rbf,B_latidos,1420,355,one-beat-ahead,0.8315,0.0212,0.145601,0.106089,2.5879,0.8058,0.9567,0.677
232,F_N+PB,3,MLP,B_latidos,1420,355,one-beat-ahead,0.667,0.363988,0.603315,0.33747,10.2399,0.0116,0.6457,2.538
232,F_N+PB,5,LinReg,B_latidos,1418,355,one-beat-ahead,-224410.964,245374.149952,495.352551,128.98244,7589.0336,0.0826,0.9629,2.213
232,F_N+PB,5,DT,B_latidos,1418,355,one-beat-ahead,0.5767,0.46289,0.68036,0.341993,11.4747,0.0032,0.7677,12.172
232,F_N+PB,5,RF,B_latidos,1418,355,one-beat-ahead,0.683,0.346607,0.588734,0.316048,9.3667,0.0704,0.8122,7.448
232,F_N+PB,5,SVR_rbf,B_latidos,1418,355,one-beat-ahead,0.7232,0.034817,0.186594,0.138836,3.1158,0.091,0.9197,0.184
232,F_N+PB,5,MLP,B_latidos,1418,355,one-beat-ahead,0.6363,0.397706,0.63064,0.36251,10.7366,0.0044,0.6342,1.722
232,F_N+PB,10,LinReg,B_latidos,1414,354,one-beat-ahead,-15.5079,18.058337,4.24951,2.60782,79.957,0.0474,1.0,2.288
232,F_N+PB,10,DT,B_latidos,1414,354,one-beat-ahead,0.5618,0.479384,0.692375,0.348392,14.371,0.0044,0.7668,25.163
232,F_N+PB,10,RF,B_latidos,1414,354,one-beat-ahead,0.6771,0.353278,0.594372,0.320065,13.8992,0.0741,0.8147,6.966
232,F_N+PB,10,SVR_rbf,B_latidos,1414,354,one-beat-ahead,0.5931,0.050978,0.225782,0.164884,3.3973,0.0959,0.8985,0.205
232,F_N+PB,10,MLP,B_latidos,1414,354,one-beat-ahead,0.6291,0.405766,0.636998,0.361833,14.1326,0.0045,0.6058,6.879
232,F_N+MED,3,LinReg,B_latidos,1420,355,one-beat-ahead,0.3914,0.635317,0.797068,0.549425,14.0348,0.0276,0.8831,0.518
232,F_N+MED,3,DT,B_latidos,1420,355,one-beat-ahead,0.702,0.311102,0.557765,0.379906,11.4522,0.0026,0.8337,6.704
232,F_N+MED,3,RF,B_latidos,1420,355,one-beat-ahead,0.7834,0.226147,0.47555,0.326491,10.0986,0.0693,0.882,6.076
232,F_N+MED,3,SVR_rbf,B_latidos,1420,355,one-beat-ahead,0.9512,0.030406,0.174372,0.123258,3.2247,0.8474,0.9725,0.749
232,F_N+MED,3,MLP,B_latidos,1420,355,one-beat-ahead,0.755,0.255696,0.505664,0.353557,10.5081,0.0113,0.7129,1.599
232,F_N+MED,5,LinReg,B_latidos,1418,355,one-beat-ahead,-1.8867,3.012045,1.735524,1.198356,28.1107,0.0406,0.9749,1.421
232,F_N+MED,5,DT,B_latidos,1418,355,one-beat-ahead,0.696,0.31716,0.563169,0.381309,11.0827,0.0035,0.8365,12.508
232,F_N+MED,5,RF,B_latidos,1418,355,one-beat-ahead,0.7803,0.229288,0.47884,0.332672,9.9015,0.0703,0.8783,4.773
232,F_N+MED,5,SVR_rbf,B_latidos,1418,355,one-beat-ahead,0.9293,0.044026,0.209824,0.154636,3.8405,0.0966,0.9622,0.178
232,F_N+MED,5,MLP,B_latidos,1418,355,one-beat-ahead,0.7508,0.259991,0.509893,0.362312,10.6439,0.0045,0.7563,6.286
232,F_N+MED,10,LinReg,B_latidos,1414,354,one-beat-ahead,0.0526,0.988472,0.994219,0.712874,16.2471,0.0437,1.0,2.314
232,F_N+MED,10,DT,B_latidos,1414,354,one-beat-ahead,0.6836,0.330051,0.5745,0.388765,10.5448,0.0068,0.8519,24.637
232,F_N+MED,10,RF,B_latidos,1414,354,one-beat-ahead,0.7773,0.232292,0.481967,0.333755,9.5749,0.0719,0.8794,6.965
232,F_N+MED,10,SVR_rbf,B_latidos,1414,354,one-beat-ahead,0.9081,0.057282,0.239336,0.175377,4.1726,0.1031,0.9581,0.197
232,F_N+MED,10,MLP,B_latidos,1414,354,one-beat-ahead,0.734,0.27748,0.526763,0.380771,10.4471,0.0046,0.7017,1.634
232,F_N+PB+MED,3,LinReg,B_latidos,1420,355,one-beat-ahead,-0.0541,1.079213,1.038852,0.653406,17.0881,0.0258,0.8496,0.482
232,F_N+PB+MED,3,DT,B_latidos,1420,355,one-beat-ahead,0.6838,0.32375,0.568991,0.330089,10.3193,0.0025,0.7893,8.158
232,F_N+PB+MED,3,RF,B_latidos,1420,355,one-beat-ahead,0.7371,0.269203,0.518848,0.327379,10.0836,0.0676,0.8304,3.941
232,F_N+PB+MED,3,SVR_rbf,B_latidos,1420,355,one-beat-ahead,0.9063,0.026403,0.16249,0.120477,2.9794,0.8068,0.9494,0.641
232,F_N+PB+MED,3,MLP,B_latidos,1420,355,one-beat-ahead,0.7376,0.26864,0.518305,0.330446,10.2575,0.0112,0.7065,7.582
232,F_N+PB+MED,5,LinReg,B_latidos,1418,355,one-beat-ahead,-4.9007,6.041827,2.458013,1.582481,40.2064,0.0444,0.968,1.44
232,F_N+PB+MED,5,DT,B_latidos,1418,355,one-beat-ahead,0.701,0.306192,0.553346,0.323495,9.8719,0.0033,0.7869,12.646
232,F_N+PB+MED,5,RF,B_latidos,1418,355,one-beat-ahead,0.7362,0.270097,0.519708,0.327643,10.0352,0.071,0.8333,5.042
232,F_N+PB+MED,5,SVR_rbf,B_latidos,1418,355,one-beat-ahead,0.826,0.049046,0.221464,0.162944,3.9261,0.0937,0.9272,0.16
232,F_N+PB+MED,5,MLP,B_latidos,1418,355,one-beat-ahead,0.7202,0.286524,0.535279,0.344184,10.2899,0.0047,0.7261,2.248
232,F_N+PB+MED,10,LinReg,B_latidos,1414,354,one-beat-ahead,-0.5365,1.574459,1.254774,0.885794,19.2433,0.0482,1.0,4.107
232,F_N+PB+MED,10,DT,B_latidos,1414,354,one-beat-ahead,0.6584,0.35,0.591608,0.337161,10.3518,0.0081,0.7829,24.004
232,F_N+PB+MED,10,RF,B_latidos,1414,354,one-beat-ahead,0.7356,0.270938,0.520517,0.32765,10.0993,0.0708,0.834,9.196
232,F_N+PB+MED,10,SVR_rbf,B_latidos,1414,354,one-beat-ahead,0.7763,0.062797,0.250594,0.191193,4.0533,0.0916,0.9161,0.172
232,F_N+PB+MED,10,MLP,B_latidos,1414,354,one-beat-ahead,0.7025,0.30488,0.55216,0.364027,10.8559,0.0048,0.6503,2.135
233,F_SIN,3,LinReg,B_latidos,2459,615,one-beat-ahead,0.4763,0.525359,0.724817,0.441075,11.7379,0.0306,0.738,0.641
233,F_SIN,3,DT,B_latidos,2459,615,one-beat-ahead,0.5092,0.49234,0.701669,0.362304,12.3421,0.0022,0.7441,13.625
233,F_SIN,3,RF,B_latidos,2459,615,one-beat-ahead,0.7013,0.299635,0.547389,0.288355,9.8348,0.04,0.8265,9.422
233,F_SIN,3,SVR_rbf,B_latidos,2459,615,one-beat-ahead,0.9413,0.014746,0.121432,0.058147,2.711,1.5152,0.9806,2.316
233,F_SIN,3,MLP,B_latidos,2459,615,one-beat-ahead,0.7133,0.287617,0.536299,0.288393,9.3056,0.0106,0.7395,9.783
233,F_SIN,5,LinReg,B_latidos,2457,615,one-beat-ahead,0.2175,0.78505,0.88603,0.560845,15.0244,0.0335,0.8208,1.777
233,F_SIN,5,DT,B_latidos,2457,615,one-beat-ahead,0.571,0.430407,0.656054,0.347763,11.1579,0.0037,0.742,22.504
233,F_SIN,5,RF,B_latidos,2457,615,one-beat-ahead,0.7054,0.295522,0.543619,0.287326,9.741,0.0409,0.8227,10.043
233,F_SIN,5,SVR_rbf,B_latidos,2457,615,one-beat-ahead,0.877,0.03088,0.175726,0.090643,4.0135,0.1474,0.9682,0.618
233,F_SIN,5,MLP,B_latidos,2457,615,one-beat-ahead,0.6897,0.311339,0.557977,0.306269,9.4843,0.0062,0.7239,6.327
233,F_SIN,10,LinReg,B_latidos,2453,614,one-beat-ahead,-12.1506,13.200509,3.63325,2.338252,60.4948,0.0974,1.0,10.607
233,F_SIN,10,DT,B_latidos,2453,614,one-beat-ahead,0.4855,0.51645,0.718644,0.373725,12.1831,0.0074,0.7434,44.963
233,F_SIN,10,RF,B_latidos,2453,614,one-beat-ahead,0.7003,0.300868,0.548514,0.290027,10.3325,0.0663,0.8268,14.063
233,F_SIN,10,SVR_rbf,B_latidos,2453,614,one-beat-ahead,0.8206,0.045018,0.212174,0.121869,4.8061,0.3266,0.9386,0.952
233,F_SIN,10,MLP,B_latidos,2453,614,one-beat-ahead,0.6195,0.381911,0.617989,0.359852,11.5715,0.0123,0.6403,3.53
233,F_N,3,LinReg,B_latidos,2459,615,one-beat-ahead,0.4797,0.52192,0.72244,0.440307,11.7324,0.0232,0.7372,0.638
233,F_N,3,DT,B_latidos,2459,615,one-beat-ahead,0.5103,0.491214,0.700867,0.361671,11.7444,0.0025,0.7461,13.588
233,F_N,3,RF,B_latidos,2459,615,one-beat-ahead,0.6983,0.302647,0.550133,0.288739,9.907,0.041,0.8237,6.974
233,F_N,3,SVR_rbf,B_latidos,2459,615,one-beat-ahead,0.9416,0.014671,0.121125,0.058029,2.7035,1.4769,0.9806,2.898
233,F_N,3,MLP,B_latidos,2459,615,one-beat-ahead,0.707,0.293918,0.542142,0.29776,9.3842,0.0106,0.7261,4.612
233,F_N,5,LinReg,B_latidos,2457,615,one-beat-ahead,0.2302,0.772298,0.878805,0.557046,14.7462,0.0554,0.8197,2.491
233,F_N,5,DT,B_latidos,2457,615,one-beat-ahead,0.5531,0.448345,0.669586,0.350642,11.5243,0.003,0.7456,22.634
233,F_N,5,RF,B_latidos,2457,615,one-beat-ahead,0.7082,0.2928,0.54111,0.285878,9.796,0.0604,0.8277,11.275
233,F_N,5,SVR_rbf,B_latidos,2457,615,one-beat-ahead,0.8772,0.030843,0.175621,0.090584,4.0119,0.1491,0.9682,0.611
233,F_N,5,MLP,B_latidos,2457,615,one-beat-ahead,0.6911,0.309931,0.556714,0.305795,9.4085,0.004,0.7243,2.46
233,F_N,10,LinReg,B_latidos,2453,614,one-beat-ahead,-12.014,13.0634,3.614333,2.330521,63.9241,0.0411,1.0,12.404
233,F_N,10,DT,B_latidos,2453,614,one-beat-ahead,0.5049,0.497017,0.704995,0.367897,11.3132,0.0048,0.7447,44.551
233,F_N,10,RF,B_latidos,2453,614,one-beat-ahead,0.6975,0.303616,0.551013,0.291091,10.4007,0.0447,0.8284,15.077
233,F_N,10,SVR_rbf,B_latidos,2453,614,one-beat-ahead,0.8206,0.045007,0.21215,0.121893,4.8043,0.1547,0.9386,0.609
233,F_N,10,MLP,B_latidos,2453,614,one-beat-ahead,0.6245,0.37694,0.613954,0.355781,11.505,0.004,0.6615,2.232
233,F_PB,3,LinReg,B_latidos,2459,615,one-beat-ahead,-39929.1337,41113.819495,202.76543,9.075641,4215.6329,0.0256,0.7588,0.575
233,F_PB,3,DT,B_latidos,2459,615,one-beat-ahead,0.6323,0.37863,0.615329,0.264985,8.9333,0.0022,0.8196,13.686
233,F_PB,3,RF,B_latidos,2459,615,one-beat-ahead,0.7495,0.257903,0.507842,0.242224,8.4074,0.059,0.8603,8.904
233,F_PB,3,SVR_rbf,B_latidos,2459,615,one-beat-ahead,0.9341,0.010985,0.104808,0.047032,2.395,1.4937,0.9899,2.651
233,F_PB,3,MLP,B_latidos,2459,615,one-beat-ahead,0.7179,0.290454,0.538938,0.264616,9.1713,0.0105,0.7908,12.667
233,F_PB,5,LinReg,B_latidos,2457,615,one-beat-ahead,-117696.0643,121187.74325,348.1203,19.024851,7389.9738,0.038,0.8372,1.698
233,F_PB,5,DT,B_latidos,2457,615,one-beat-ahead,0.5859,0.426359,0.652962,0.279956,9.5149,0.0039,0.826,22.83
233,F_PB,5,RF,B_latidos,2457,615,one-beat-ahead,0.7472,0.260265,0.510162,0.243762,8.5787,0.04,0.8583,9.38
233,F_PB,5,SVR_rbf,B_latidos,2457,615,one-beat-ahead,0.84,0.026667,0.163302,0.080206,3.7263,0.1481,0.9626,0.518
233,F_PB,5,MLP,B_latidos,2457,615,one-beat-ahead,0.6903,0.318853,0.564671,0.28245,9.8659,0.004,0.7503,8.388
233,F_PB,10,LinReg,B_latidos,2453,614,one-beat-ahead,-67130.7346,69166.327688,262.99492,27.472523,5512.0039,0.0438,1.0,12.721
233,F_PB,10,DT,B_latidos,2453,614,one-beat-ahead,0.576,0.436892,0.660978,0.281585,9.9516,0.0049,0.828,44.808
233,F_PB,10,RF,B_latidos,2453,614,one-beat-ahead,0.7421,0.265682,0.515443,0.245354,8.2604,0.044,0.8591,15.252
233,F_PB,10,SVR_rbf,B_latidos,2453,614,one-beat-ahead,0.7932,0.034505,0.185756,0.093694,4.2823,0.1525,0.9465,0.571
233,F_PB,10,MLP,B_latidos,2453,614,one-beat-ahead,0.6178,0.393797,0.627533,0.324866,11.0044,0.004,0.7394,3.667
233,F_MED,3,LinReg,B_latidos,2459,615,one-beat-ahead,0.6086,0.411308,0.641333,0.41237,11.0869,0.0302,0.8139,0.649
233,F_MED,3,DT,B_latidos,2459,615,one-beat-ahead,0.5998,0.420592,0.648531,0.349936,10.0069,0.0023,0.8345,13.586
233,F_MED,3,RF,B_latidos,2459,615,one-beat-ahead,0.7528,0.25979,0.509696,0.290506,9.6987,0.0406,0.8716,9.565
233,F_MED,3,SVR_rbf,B_latidos,2459,615,one-beat-ahead,0.9352,0.032104,0.179176,0.07246,3.8838,1.5073,0.9652,2.521
233,F_MED,3,MLP,B_latidos,2459,615,one-beat-ahead,0.7802,0.231021,0.480646,0.278432,8.0811,0.0106,0.8429,11.819
233,F_MED,5,LinReg,B_latidos,2457,615,one-beat-ahead,0.4013,0.629338,0.793308,0.527431,13.5365,0.0336,0.8746,1.763
233,F_MED,5,DT,B_latidos,2457,615,one-beat-ahead,0.5367,0.486997,0.697852,0.365452,11.1242,0.0043,0.8392,23.036
233,F_MED,5,RF,B_latidos,2457,615,one-beat-ahead,0.7395,0.273862,0.523318,0.29536,10.0082,0.0416,0.871,8.96
233,F_MED,5,SVR_rbf,B_latidos,2457,615,one-beat-ahead,0.9056,0.046766,0.216255,0.105279,4.718,0.2898,0.959,0.547
233,F_MED,5,MLP,B_latidos,2457,615,one-beat-ahead,0.7489,0.26399,0.5138,0.306822,9.0925,0.0039,0.8176,6.893
233,F_MED,10,LinReg,B_latidos,2453,614,one-beat-ahead,-9.9576,11.530875,3.395714,2.306833,56.1659,0.0417,1.0,12.725
233,F_MED,10,DT,B_latidos,2453,614,one-beat-ahead,0.5161,0.509232,0.713605,0.369376,11.9536,0.0063,0.8493,43.993
233,F_MED,10,RF,B_latidos,2453,614,one-beat-ahead,0.729,0.285163,0.534006,0.302996,10.142,0.0608,0.8628,14.72
233,F_MED,10,SVR_rbf,B_latidos,2453,614,one-beat-ahead,0.8369,0.080745,0.284156,0.16165,6.2153,0.159,0.9279,0.705
233,F_MED,10,MLP,B_latidos,2453,614,one-beat-ahead,0.6738,0.343298,0.585916,0.373718,11.3225,0.0042,0.7327,2.403
233,F_N+PB,3,LinReg,B_latidos,2459,615,one-beat-ahead,-42793.1426,44062.955775,209.911781,9.358878,3297.0184,0.0231,0.759,0.613
233,F_N+PB,3,DT,B_latidos,2459,615,one-beat-ahead,0.6234,0.387715,0.622668,0.267497,8.7904,0.0024,0.8213,13.564
233,F_N+PB,3,RF,B_latidos,2459,615,one-beat-ahead,0.7472,0.260342,0.510238,0.243152,8.5216,0.0423,0.8596,7.338
233,F_N+PB,3,SVR_rbf,B_latidos,2459,615,one-beat-ahead,0.9341,0.01098,0.104784,0.046972,2.3947,1.4984,0.9899,3.293
233,F_N+PB,3,MLP,B_latidos,2459,615,one-beat-ahead,0.7203,0.287975,0.536633,0.262216,9.1629,0.0107,0.7899,12.514
233,F_N+PB,5,LinReg,B_latidos,2457,615,one-beat-ahead,-112418.6102,115754.366401,340.226934,19.170606,8536.2952,0.0354,0.837,1.703
233,F_N+PB,5,DT,B_latidos,2457,615,one-beat-ahead,0.5711,0.441662,0.664577,0.286471,10.0678,0.004,0.8251,22.304
233,F_N+PB,5,RF,B_latidos,2457,615,one-beat-ahead,0.7517,0.255714,0.505682,0.241361,8.4686,0.0403,0.8581,10.499
233,F_N+PB,5,SVR_rbf,B_latidos,2457,615,one-beat-ahead,0.8399,0.02667,0.163308,0.080213,3.7265,0.1522,0.9626,0.5
233,F_N+PB,5,MLP,B_latidos,2457,615,one-beat-ahead,0.6972,0.311825,0.558413,0.282074,9.5385,0.0383,0.7209,5.489
233,F_N+PB,10,LinReg,B_latidos,2453,614,one-beat-ahead,-69820.5009,71937.986388,268.212577,25.681451,2623.2724,0.0824,1.0,9.082
233,F_N+PB,10,DT,B_latidos,2453,614,one-beat-ahead,0.5791,0.433623,0.6585,0.285242,9.9919,0.0053,0.8272,44.412
233,F_N+PB,10,RF,B_latidos,2453,614,one-beat-ahead,0.7434,0.264374,0.514173,0.245562,8.1888,0.0428,0.8572,15.077
233,F_N+PB,10,SVR_rbf,B_latidos,2453,614,one-beat-ahead,0.7932,0.034505,0.185756,0.093691,4.2823,0.2922,0.9465,0.642
233,F_N+PB,10,MLP,B_latidos,2453,614,one-beat-ahead,0.6163,0.395316,0.628741,0.32589,11.2205,0.0042,0.7396,7.322
233,F_N+MED,3,LinReg,B_latidos,2459,615,one-beat-ahead,0.607,0.412963,0.642622,0.410971,11.2142,0.0265,0.8148,0.63
233,F_N+MED,3,DT,B_latidos,2459,615,one-beat-ahead,0.5937,0.426917,0.653389,0.35287,11.3244,0.0021,0.834,13.528
233,F_N+MED,3,RF,B_latidos,2459,615,one-beat-ahead,0.7497,0.263035,0.51287,0.291801,9.7038,0.0433,0.8695,7.062
233,F_N+MED,3,SVR_rbf,B_latidos,2459,615,one-beat-ahead,0.9352,0.032098,0.17916,0.072261,3.8791,1.3811,0.9652,3.243
233,F_N+MED,3,MLP,B_latidos,2459,615,one-beat-ahead,0.7841,0.226834,0.476271,0.279692,8.0797,0.0183,0.8208,6.193
233,F_N+MED,5,LinReg,B_latidos,2457,615,one-beat-ahead,0.4102,0.619932,0.787358,0.51932,13.3223,0.0267,0.8746,3.202
233,F_N+MED,5,DT,B_latidos,2457,615,one-beat-ahead,0.509,0.516019,0.718345,0.377178,12.2706,0.003,0.8404,21.59
233,F_N+MED,5,RF,B_latidos,2457,615,one-beat-ahead,0.7413,0.271934,0.521473,0.293345,10.339,0.0424,0.8711,11.457
233,F_N+MED,5,SVR_rbf,B_latidos,2457,615,one-beat-ahead,0.9059,0.046654,0.215996,0.104973,4.7089,0.1492,0.9592,0.556
233,F_N+MED,5,MLP,B_latidos,2457,615,one-beat-ahead,0.7478,0.265036,0.514816,0.306978,9.048,0.0039,0.8174,2.665
233,F_N+MED,10,LinReg,B_latidos,2453,614,one-beat-ahead,-10.2519,11.838943,3.440776,2.361561,62.6251,0.0413,1.0,11.331
233,F_N+MED,10,DT,B_latidos,2453,614,one-beat-ahead,0.5254,0.499408,0.706688,0.365931,10.85,0.0048,0.8493,44.307
233,F_N+MED,10,RF,B_latidos,2453,614,one-beat-ahead,0.7307,0.283311,0.532269,0.303289,9.9631,0.0432,0.8646,15.193
233,F_N+MED,10,SVR_rbf,B_latidos,2453,614,one-beat-ahead,0.8366,0.080906,0.284439,0.161527,6.2198,0.1578,0.928,0.583
233,F_N+MED,10,MLP,B_latidos,2453,614,one-beat-ahead,0.6694,0.347822,0.589765,0.374201,11.487,0.004,0.7129,2.058
233,F_N+PB+MED,3,LinReg,B_latidos,2459,615,one-beat-ahead,0.5655,0.491823,0.701301,0.427621,10.5533,0.0388,0.813,0.631
233,F_N+PB+MED,3,DT,B_latidos,2459,615,one-beat-ahead,0.7066,0.332138,0.576314,0.271049,7.8861,0.0022,0.8731,13.901
233,F_N+PB+MED,3,RF,B_latidos,2459,615,one-beat-ahead,0.8008,0.225472,0.474839,0.246386,7.6939,0.0412,0.8943,9.687
233,F_N+PB+MED,3,SVR_rbf,B_latidos,2459,615,one-beat-ahead,0.9368,0.022925,0.151408,0.055889,3.6301,1.4067,0.9879,2.258
233,F_N+PB+MED,3,MLP,B_latidos,2459,615,one-beat-ahead,0.7989,0.227642,0.477119,0.258402,7.5428,0.0242,0.8229,9.216
233,F_N+PB+MED,5,LinReg,B_latidos,2457,615,one-beat-ahead,0.3472,0.738954,0.859624,0.545121,12.8234,0.0373,0.8751,1.798
233,F_N+PB+MED,5,DT,B_latidos,2457,615,one-beat-ahead,0.6145,0.436313,0.66054,0.303936,9.9382,0.003,0.8773,23.699
233,F_N+PB+MED,5,RF,B_latidos,2457,615,one-beat-ahead,0.7987,0.227846,0.477332,0.248627,8.0225,0.0408,0.8892,9.155
233,F_N+PB+MED,5,SVR_rbf,B_latidos,2457,615,one-beat-ahead,0.8931,0.038775,0.196913,0.091705,4.5812,0.2822,0.9701,0.617
233,F_N+PB+MED,5,MLP,B_latidos,2457,615,one-beat-ahead,0.7593,0.27244,0.521958,0.281428,8.2462,0.0038,0.8133,5.958
233,F_N+PB+MED,10,LinReg,B_latidos,2453,614,one-beat-ahead,-11.4933,14.159858,3.762959,2.50416,64.0288,0.0415,1.0,12.984
233,F_N+PB+MED,10,DT,B_latidos,2453,614,one-beat-ahead,0.6365,0.411956,0.641838,0.295648,9.4664,0.0051,0.876,45.757
233,F_N+PB+MED,10,RF,B_latidos,2453,614,one-beat-ahead,0.7917,0.236118,0.485919,0.251399,7.7599,0.0427,0.8875,15.569
233,F_N+PB+MED,10,SVR_rbf,B_latidos,2453,614,one-beat-ahead,0.8107,0.068762,0.262225,0.141291,5.8603,0.1545,0.9241,0.518
233,F_N+PB+MED,10,MLP,B_latidos,2453,614,one-beat-ahead,0.6873,0.354357,0.595279,0.335456,10.5954,0.0041,0.7659,2.55
234,F_SIN,3,LinReg,B_latidos,2198,550,one-beat-ahead,-0.4908,1.535825,1.239284,0.324674,23.2017,0.0262,0.9576,0.58
234,F_SIN,3,DT,B_latidos,2198,550,one-beat-ahead,0.8545,0.149844,0.387097,0.19019,8.9213,0.0023,0.9411,12.111
234,F_SIN,3,RF,B_latidos,2198,550,one-beat-ahead,0.8984,0.104662,0.323515,0.159207,8.0387,0.0461,0.9482,6.601
234,F_SIN,3,SVR_rbf,B_latidos,2198,550,one-beat-ahead,0.9071,0.023254,0.152493,0.054524,3.2105,1.3052,0.8756,2.338
234,F_SIN,3,MLP,B_latidos,2198,550,one-beat-ahead,0.9222,0.08018,0.283161,0.155959,7.1375,0.0106,0.9305,5.448
234,F_SIN,5,LinReg,B_latidos,2196,550,one-beat-ahead,-3.3785,4.511456,2.124019,0.509931,58.4234,0.0343,0.9758,5.63
234,F_SIN,5,DT,B_latidos,2196,550,one-beat-ahead,0.8299,0.175276,0.41866,0.194389,9.7551,0.0031,0.9441,19.04
234,F_SIN,5,RF,B_latidos,2196,550,one-beat-ahead,0.8988,0.104307,0.322966,0.160969,8.0018,0.0665,0.9487,9.519
234,F_SIN,5,SVR_rbf,B_latidos,2196,550,one-beat-ahead,0.6864,0.078478,0.28014,0.092297,5.5406,0.2403,0.8032,0.825
234,F_SIN,5,MLP,B_latidos,2196,550,one-beat-ahead,0.9213,0.081065,0.28472,0.162012,6.8514,0.0048,0.9486,2.774
234,F_SIN,10,LinReg,B_latidos,2192,549,one-beat-ahead,0.4986,0.516783,0.718876,0.448695,12.622,0.0416,1.0,11.383
234,F_SIN,10,DT,B_latidos,2192,549,one-beat-ahead,0.8329,0.172233,0.41501,0.182983,9.6204,0.0062,0.9497,38.595
234,F_SIN,10,RF,B_latidos,2192,549,one-beat-ahead,0.9086,0.094246,0.306995,0.15777,6.0812,0.048,0.952,13.848
234,F_SIN,10,SVR_rbf,B_latidos,2192,549,one-beat-ahead,0.6857,0.078641,0.280429,0.100276,5.8093,0.1371,0.8029,0.582
234,F_SIN,10,MLP,B_latidos,2192,549,one-beat-ahead,0.9115,0.09126,0.302093,0.178982,5.459,0.004,0.9498,7.59
234,F_N,3,LinReg,B_latidos,2198,550,one-beat-ahead,-0.5567,1.603627,1.266344,0.328189,23.4936,0.0249,0.9577,0.62
234,F_N,3,DT,B_latidos,2198,550,one-beat-ahead,0.8541,0.150305,0.387692,0.18813,8.8424,0.0037,0.9426,11.926
234,F_N,3,RF,B_latidos,2198,550,one-beat-ahead,0.8968,0.106315,0.32606,0.159784,8.1027,0.0449,0.9482,6.627
234,F_N,3,SVR_rbf,B_latidos,2198,550,one-beat-ahead,0.9075,0.023134,0.152099,0.053536,3.1873,1.8336,0.8755,1.644
234,F_N,3,MLP,B_latidos,2198,550,one-beat-ahead,0.9194,0.083,0.288098,0.157634,7.0628,0.0109,0.9289,8.421
234,F_N,5,LinReg,B_latidos,2196,550,one-beat-ahead,-2.8386,3.955019,1.988723,0.494934,53.546,0.0414,0.976,1.691
234,F_N,5,DT,B_latidos,2196,550,one-beat-ahead,0.8423,0.162475,0.403081,0.194942,9.1904,0.0038,0.9434,19.761
234,F_N,5,RF,B_latidos,2196,550,one-beat-ahead,0.8964,0.106717,0.326676,0.162481,8.131,0.0448,0.9488,9.448
234,F_N,5,SVR_rbf,B_latidos,2196,550,one-beat-ahead,0.6868,0.078372,0.27995,0.091827,5.5316,0.1275,0.8032,0.517
234,F_N,5,MLP,B_latidos,2196,550,one-beat-ahead,0.9223,0.080102,0.283022,0.161005,6.8972,0.0042,0.9487,2.765
234,F_N,10,LinReg,B_latidos,2192,549,one-beat-ahead,0.5059,0.509226,0.7136,0.448431,13.1262,0.0419,1.0,8.369
234,F_N,10,DT,B_latidos,2192,549,one-beat-ahead,0.8713,0.132657,0.364221,0.181273,7.2785,0.0048,0.9486,39.685
234,F_N,10,RF,B_latidos,2192,549,one-beat-ahead,0.9057,0.097143,0.311678,0.158504,6.0909,0.0713,0.9528,13.461
234,F_N,10,SVR_rbf,B_latidos,2192,549,one-beat-ahead,0.6861,0.078559,0.280284,0.100344,5.8031,0.1335,0.8028,0.707
234,F_N,10,MLP,B_latidos,2192,549,one-beat-ahead,0.9107,0.092009,0.303329,0.179567,5.6382,0.0041,0.9471,2.551
234,F_PB,3,LinReg,B_latidos,2198,550,one-beat-ahead,-10323291.1995,11430718.312406,3380.934532,119.824691,50259.784,0.0262,0.9625,0.546
234,F_PB,3,DT,B_latidos,2198,550,one-beat-ahead,0.9035,0.106829,0.326847,0.134069,7.7915,0.0023,0.9647,12.12
234,F_PB,3,RF,B_latidos,2198,550,one-beat-ahead,0.9281,0.079619,0.282169,0.123068,7.3645,0.0439,0.9698,6.238
234,F_PB,3,SVR_rbf,B_latidos,2198,550,one-beat-ahead,0.7304,0.001568,0.039595,0.028328,0.7842,1.7283,0.9057,1.417
234,F_PB,3,MLP,B_latidos,2198,550,one-beat-ahead,0.9373,0.069457,0.263546,0.125311,6.3054,0.0109,0.9429,4.733
234,F_PB,5,LinReg,B_latidos,2196,550,one-beat-ahead,-4096146189.5997,4536059530.422567,67350.27491,1912.642416,421237.482,0.042,0.9806,1.583
234,F_PB,5,DT,B_latidos,2196,550,one-beat-ahead,0.9116,0.097944,0.31296,0.130749,8.3598,0.0037,0.9608,20.486
234,F_PB,5,RF,B_latidos,2196,550,one-beat-ahead,0.9287,0.078907,0.280905,0.122041,7.2145,0.0451,0.9711,8.67
234,F_PB,5,SVR_rbf,B_latidos,2196,550,one-beat-ahead,0.2214,0.004528,0.06729,0.050469,1.1128,0.1274,0.8953,0.573
234,F_PB,5,MLP,B_latidos,2196,550,one-beat-ahead,0.9405,0.065855,0.256622,0.112364,6.1555,0.0041,0.9737,10.794
234,F_PB,10,LinReg,B_latidos,2192,549,one-beat-ahead,-1164135.1788,1289487.549209,1135.556053,64.923778,7893.0678,0.0425,1.0,10.95
234,F_PB,10,DT,B_latidos,2192,549,one-beat-ahead,0.8901,0.121697,0.348851,0.129479,5.55,0.0054,0.9709,38.959
234,F_PB,10,RF,B_latidos,2192,549,one-beat-ahead,0.939,0.067601,0.260001,0.11491,4.2833,0.0485,0.976,14.132
234,F_PB,10,SVR_rbf,B_latidos,2192,549,one-beat-ahead,-0.1746,0.006842,0.082716,0.062908,1.2393,0.1343,0.882,0.628
234,F_PB,10,MLP,B_latidos,2192,549,one-beat-ahead,0.939,0.067579,0.259959,0.118858,4.9301,0.0042,0.9778,12.777
234,F_MED,3,LinReg,B_latidos,2198,550,one-beat-ahead,-11.6125,10.647995,3.263127,0.502611,58.7325,0.0253,0.9688,0.599
234,F_MED,3,DT,B_latidos,2198,550,one-beat-ahead,0.8412,0.134027,0.366098,0.184937,8.7753,0.0024,0.9672,12.377
234,F_MED,3,RF,B_latidos,2198,550,one-beat-ahead,0.9022,0.082589,0.287383,0.16112,7.3651,0.0933,0.9533,6.64
234,F_MED,3,SVR_rbf,B_latidos,2198,550,one-beat-ahead,0.7567,0.181184,0.425657,0.08084,7.9431,0.9805,0.7233,2.224
234,F_MED,3,MLP,B_latidos,2198,550,one-beat-ahead,0.9179,0.069318,0.263283,0.15413,6.9721,0.0114,0.9248,4.931
234,F_MED,5,LinReg,B_latidos,2196,550,one-beat-ahead,-14.3976,13.00208,3.60584,0.681835,94.5877,0.059,0.9805,2.648
234,F_MED,5,DT,B_latidos,2196,550,one-beat-ahead,0.7931,0.174678,0.417945,0.190632,10.5056,0.0029,0.9675,20.36
234,F_MED,5,RF,B_latidos,2196,550,one-beat-ahead,0.8927,0.090616,0.301024,0.16888,7.7197,0.0484,0.9531,8.036
234,F_MED,5,SVR_rbf,B_latidos,2196,550,one-beat-ahead,0.6912,0.23,0.479583,0.103102,9.2198,0.2097,0.7127,0.609
234,F_MED,5,MLP,B_latidos,2196,550,one-beat-ahead,0.9141,0.072502,0.269261,0.161167,6.7686,0.004,0.9502,6.228
234,F_MED,10,LinReg,B_latidos,2192,549,one-beat-ahead,0.2024,0.673726,0.820808,0.549946,14.9267,0.0671,1.0,10.077
234,F_MED,10,DT,B_latidos,2192,549,one-beat-ahead,0.8608,0.117579,0.342898,0.185498,7.4137,0.005,0.9682,38.504
234,F_MED,10,RF,B_latidos,2192,549,one-beat-ahead,0.8751,0.105477,0.324772,0.17726,6.6026,0.0484,0.948,13.879
234,F_MED,10,SVR_rbf,B_latidos,2192,549,one-beat-ahead,0.6748,0.242207,0.492146,0.129522,9.6947,0.1244,0.7006,0.408
234,F_MED,10,MLP,B_latidos,2192,549,one-beat-ahead,0.9013,0.083353,0.28871,0.178679,5.4298,0.004,0.9502,2.97
234,F_N+PB,3,LinReg,B_latidos,2198,550,one-beat-ahead,-13575068.2676,15031273.018896,3877.018573,126.798626,51023.9878,0.0366,0.9625,2.233
234,F_N+PB,3,DT,B_latidos,2198,550,one-beat-ahead,0.9015,0.109091,0.330289,0.137138,8.0308,0.0024,0.9639,11.231
234,F_N+PB,3,RF,B_latidos,2198,550,one-beat-ahead,0.9265,0.081387,0.285284,0.124238,7.4262,0.046,0.9701,8.765
234,F_N+PB,3,SVR_rbf,B_latidos,2198,550,one-beat-ahead,0.7308,0.001565,0.039563,0.02829,0.7834,1.1932,0.9058,1.437
234,F_N+PB,3,MLP,B_latidos,2198,550,one-beat-ahead,0.9333,0.073828,0.271712,0.127548,6.7994,0.0235,0.9379,7.774
234,F_N+PB,5,LinReg,B_latidos,2196,550,one-beat-ahead,-4158778125.1609,4605400992.369641,67863.104795,1955.273097,407208.6031,0.0433,0.9808,1.555
234,F_N+PB,5,DT,B_latidos,2196,550,one-beat-ahead,0.9071,0.102835,0.320678,0.132615,8.3609,0.0032,0.9608,19.583
234,F_N+PB,5,RF,B_latidos,2196,550,one-beat-ahead,0.9277,0.080057,0.282944,0.122785,7.3867,0.0462,0.9709,10.607
234,F_N+PB,5,SVR_rbf,B_latidos,2196,550,one-beat-ahead,0.2221,0.004524,0.067261,0.050451,1.1123,0.128,0.8954,0.579
234,F_N+PB,5,MLP,B_latidos,2196,550,one-beat-ahead,0.9432,0.062906,0.250811,0.111448,6.2882,0.0041,0.9707,5.321
234,F_N+PB,10,LinReg,B_latidos,2192,549,one-beat-ahead,-678603.0207,751671.701544,866.990024,62.308983,6497.3385,0.0415,1.0,8.908
234,F_N+PB,10,DT,B_latidos,2192,549,one-beat-ahead,0.9035,0.106859,0.326892,0.125506,4.6788,0.0051,0.9709,40.119
234,F_N+PB,10,RF,B_latidos,2192,549,one-beat-ahead,0.9394,0.067096,0.259029,0.114649,4.5142,0.0704,0.9759,12.431
234,F_N+PB,10,SVR_rbf,B_latidos,2192,549,one-beat-ahead,-0.1737,0.006837,0.082687,0.062876,1.2397,0.2623,0.8821,0.969
234,F_N+PB,10,MLP,B_latidos,2192,549,one-beat-ahead,0.9375,0.069188,0.263036,0.124216,4.7619,0.0047,0.9749,5.678
234,F_N+MED,3,LinReg,B_latidos,2198,550,one-beat-ahead,-11.6329,10.666995,3.266037,0.48906,93.8281,0.0335,0.97,0.574
234,F_N+MED,3,DT,B_latidos,2198,550,one-beat-ahead,0.8181,0.153564,0.391873,0.188493,9.7851,0.0022,0.9668,12.064
234,F_N+MED,3,RF,B_latidos,2198,550,one-beat-ahead,0.8955,0.088254,0.297076,0.163574,7.5714,0.0464,0.9522,6.46
234,F_N+MED,3,SVR_rbf,B_latidos,2198,550,one-beat-ahead,0.7567,0.181156,0.425624,0.079845,7.9293,0.8333,0.7231,1.834
234,F_N+MED,3,MLP,B_latidos,2198,550,one-beat-ahead,0.9108,0.07531,0.274428,0.163517,7.062,0.0107,0.9249,5.093
234,F_N+MED,5,LinReg,B_latidos,2196,550,one-beat-ahead,-13.2195,12.009267,3.465439,0.654611,124.5278,0.0421,0.9815,1.729
234,F_N+MED,5,DT,B_latidos,2196,550,one-beat-ahead,0.8487,0.127806,0.3575,0.186377,9.2777,0.0031,0.9669,20.661
234,F_N+MED,5,RF,B_latidos,2196,550,one-beat-ahead,0.8806,0.10081,0.317506,0.172459,8.1029,0.0451,0.9532,8.14
234,F_N+MED,5,SVR_rbf,B_latidos,2196,550,one-beat-ahead,0.6919,0.229515,0.479077,0.10201,9.2073,0.1081,0.7127,0.369
234,F_N+MED,5,MLP,B_latidos,2196,550,one-beat-ahead,0.9128,0.073657,0.271398,0.162263,6.8299,0.004,0.9503,7.583
234,F_N+MED,10,LinReg,B_latidos,2192,549,one-beat-ahead,0.0654,0.789628,0.88861,0.575485,16.4304,0.0801,1.0,9.71
234,F_N+MED,10,DT,B_latidos,2192,549,one-beat-ahead,0.8201,0.151957,0.389817,0.190849,6.9498,0.0047,0.9685,38.799
234,F_N+MED,10,RF,B_latidos,2192,549,one-beat-ahead,0.8674,0.112058,0.334751,0.178714,7.0025,0.0486,0.9503,13.903
234,F_N+MED,10,SVR_rbf,B_latidos,2192,549,one-beat-ahead,0.6753,0.241928,0.491861,0.128915,9.6792,0.1241,0.7007,0.43
234,F_N+MED,10,MLP,B_latidos,2192,549,one-beat-ahead,0.8976,0.086525,0.294152,0.178596,5.335,0.0116,0.96,5.89
100,F_SIN,3,Persistencia,B_latidos,1814,454,one-beat-ahead,0.2316,0.917756,0.957996,0.435661,13.3263,0.0247,0.283,0.0
100,F_SIN,5,Persistencia,B_latidos,1812,454,one-beat-ahead,0.2316,0.917821,0.95803,0.435676,13.3268,0.0357,0.2828,0.0
100,F_SIN,10,Persistencia,B_latidos,1808,453,one-beat-ahead,0.2344,0.914462,0.956275,0.434862,11.6838,0.0446,0.2841,0.0
100,F_N,3,Persistencia,B_latidos,1814,454,one-beat-ahead,0.2335,0.915789,0.956969,0.433856,13.359,0.0265,0.2853,0.0
100,F_N,5,Persistencia,B_latidos,1812,454,one-beat-ahead,0.2335,0.915854,0.957002,0.433871,13.3595,0.0484,0.2851,0.0
100,F_N,10,Persistencia,B_latidos,1808,453,one-beat-ahead,0.2362,0.912497,0.955247,0.43306,11.6503,0.0299,0.2864,0.0
100,F_PB,3,Persistencia,B_latidos,1814,454,one-beat-ahead,0.2736,0.848636,0.921214,0.318363,12.5284,0.0225,0.3326,0.0
100,F_PB,5,Persistencia,B_latidos,1812,454,one-beat-ahead,0.2736,0.8486,0.921195,0.318356,12.5281,0.023,0.3324,0.0
100,F_PB,10,Persistencia,B_latidos,1808,453,one-beat-ahead,0.2769,0.844716,0.919084,0.317285,10.9816,0.0397,0.3339,0.0
100,F_MED,3,Persistencia,B_latidos,1814,454,one-beat-ahead,0.219,1.029475,1.01463,0.703777,15.1205,0.0265,0.4876,0.0
100,F_MED,5,Persistencia,B_latidos,1812,454,one-beat-ahead,0.219,1.02995,1.014865,0.703939,15.124,0.0265,0.4873,0.0
100,F_MED,10,Persistencia,B_latidos,1808,453,one-beat-ahead,0.2193,1.029017,1.014405,0.703295,15.5072,0.0343,0.4875,0.0
100,F_N+PB,3,Persistencia,B_latidos,1814,454,one-beat-ahead,0.2739,0.848314,0.921039,0.318281,12.5277,0.0184,0.3328,0.0
100,F_N+PB,5,Persistencia,B_latidos,1812,454,one-beat-ahead,0.2739,0.848278,0.92102,0.318274,12.5274,0.0607,0.3325,0.0
100,F_N+PB,10,Persistencia,B_latidos,1808,453,one-beat-ahead,0.2771,0.844393,0.918909,0.317202,10.9815,0.0356,0.334,0.0
100,F_N+MED,3,Persistencia,B_latidos,1814,454,one-beat-ahead,0.2212,1.025236,1.012539,0.701904,15.198,0.017,0.4902,0.0
100,F_N+MED,5,Persistencia,B_latidos,1812,454,one-beat-ahead,0.2212,1.02571,1.012774,0.702066,15.2015,0.0334,0.49,0.0
100,F_N+MED,10,Persistencia,B_latidos,1808,453,one-beat-ahead,0.2215,1.024804,1.012326,0.701422,15.5268,0.0255,0.4901,0.0
100,F_N+PB+MED,3,Persistencia,B_latidos,1814,454,one-beat-ahead,0.3034,0.768874,0.876855,0.440289,10.8384,0.0218,0.7651,0.0
100,F_N+PB+MED,5,Persistencia,B_latidos,1812,454,one-beat-ahead,0.3034,0.768657,0.876731,0.440227,10.8369,0.034,0.765,0.0
100,F_N+PB+MED,10,Persistencia,B_latidos,1808,453,one-beat-ahead,0.3065,0.764889,0.87458,0.438279,11.7662,0.0656,0.7653,0.0
101,F_SIN,3,Persistencia,B_latidos,1486,372,one-beat-ahead,0.3487,0.485393,0.696701,0.319433,9.0571,0.0246,0.197,0.0
101,F_SIN,5,Persistencia,B_latidos,1484,372,one-beat-ahead,0.3487,0.485145,0.696524,0.319352,9.0548,0.0554,0.1969,0.0
101,F_SIN,10,Persistencia,B_latidos,1480,371,one-beat-ahead,0.3507,0.48345,0.695305,0.319163,8.6378,0.0448,0.1963,0.0
101,F_N,3,Persistencia,B_latidos,1486,372,one-beat-ahead,0.3504,0.483954,0.695668,0.31776,9.0759,0.0169,0.1982,0.0
101,F_N,5,Persistencia,B_latidos,1484,372,one-beat-ahead,0.3504,0.483706,0.69549,0.317678,9.0736,0.0439,0.1981,0.0
101,F_N,10,Persistencia,B_latidos,1480,371,one-beat-ahead,0.3525,0.482011,0.69427,0.317494,8.6862,0.0259,0.1975,0.0
101,F_PB,3,Persistencia,B_latidos,1486,372,one-beat-ahead,0.3922,0.564438,0.751291,0.252536,8.9444,0.0212,0.3186,0.0
101,F_PB,5,Persistencia,B_latidos,1484,372,one-beat-ahead,0.3922,0.564296,0.751197,0.252505,8.9432,0.0456,0.3187,0.0
101,F_PB,10,Persistencia,B_latidos,1480,371,one-beat-ahead,0.3946,0.561956,0.749637,0.25218,8.6587,0.0343,0.3177,0.0
101,F_MED,3,Persistencia,B_latidos,1486,372,one-beat-ahead,0.4568,0.201758,0.449175,0.336167,8.1626,0.0212,-0.0616,0.0
101,F_MED,5,Persistencia,B_latidos,1484,372,one-beat-ahead,0.4568,0.20155,0.448943,0.335994,8.1584,0.0658,-0.0619,0.0
101,F_MED,10,Persistencia,B_latidos,1480,371,one-beat-ahead,0.4568,0.201599,0.448998,0.336091,7.6008,0.0446,-0.0619,0.0
101,F_N+PB,3,Persistencia,B_latidos,1486,372,one-beat-ahead,0.3924,0.564321,0.751213,0.252518,8.9458,0.0262,0.3187,0.0
101,F_N+PB,5,Persistencia,B_latidos,1484,372,one-beat-ahead,0.3924,0.564179,0.751119,0.252486,8.9447,0.0373,0.3188,0.0
101,F_N+PB,10,Persistencia,B_latidos,1480,371,one-beat-ahead,0.3947,0.561839,0.749559,0.252161,8.6591,0.0367,0.3178,0.0
101,F_N+MED,3,Persistencia,B_latidos,1486,372,one-beat-ahead,0.4569,0.201058,0.448394,0.335644,8.1507,0.024,-0.0622,0.0
101,F_N+MED,5,Persistencia,B_latidos,1484,372,one-beat-ahead,0.4569,0.20085,0.448163,0.33547,8.1465,0.0209,-0.0624,0.0
101,F_N+MED,10,Persistencia,B_latidos,1480,371,one-beat-ahead,0.4569,0.200895,0.448214,0.335561,7.508,0.0454,-0.0625,0.0
101,F_N+PB+MED,3,Persistencia,B_latidos,1486,372,one-beat-ahead,0.7098,0.20508,0.452858,0.305659,7.6833,0.0185,-0.0423,0.0
101,F_N+PB+MED,5,Persistencia,B_latidos,1484,372,one-beat-ahead,0.7098,0.204971,0.452737,0.305578,7.6813,0.0721,-0.0428,0.0
101,F_N+PB+MED,10,Persistencia,B_latidos,1480,371,one-beat-ahead,0.71,0.20465,0.452383,0.305497,8.7007,0.0644,-0.0438,0.0
102,F_SIN,3,Persistencia,B_latidos,1745,437,one-beat-ahead,0.5667,0.423444,0.650726,0.350619,12.3334,0.0208,0.6012,0.0
102,F_SIN,5,Persistencia,B_latidos,1744,436,one-beat-ahead,0.5663,0.423825,0.651019,0.350724,12.4273,0.0311,0.6015,0.0
102,F_SIN,10,Persistencia,B_latidos,1740,435,one-beat-ahead,0.5663,0.423564,0.650818,0.350774,11.8912,0.024,0.6014,0.0
102,F_N,3,Persistencia,B_latidos,1745,437,one-beat-ahead,0.573,0.417102,0.645835,0.349017,12.2453,0.024,0.6071,0.0
102,F_N,5,Persistencia,B_latidos,1744,436,one-beat-ahead,0.5726,0.417485,0.646131,0.349128,12.4046,0.0426,0.6074,0.0
102,F_N,10,Persistencia,B_latidos,1740,435,one-beat-ahead,0.5726,0.417226,0.645931,0.349189,11.791,0.0646,0.6072,0.0
102,F_PB,3,Persistencia,B_latidos,1745,437,one-beat-ahead,0.6398,0.354419,0.595331,0.307893,10.8136,0.0206,0.6919,0.0
102,F_PB,5,Persistencia,B_latidos,1744,436,one-beat-ahead,0.6394,0.35483,0.595676,0.308144,11.2924,0.0639,0.6922,0.0
102,F_PB,10,Persistencia,B_latidos,1740,435,one-beat-ahead,0.6395,0.354642,0.595518,0.308124,10.9555,0.0604,0.6922,0.0
102,F_MED,3,Persistencia,B_latidos,1745,437,one-beat-ahead,0.7108,0.266565,0.5163,0.327288,9.3363,0.0262,0.7237,0.0
102,F_MED,5,Persistencia,B_latidos,1744,436,one-beat-ahead,0.7107,0.266595,0.516329,0.327235,10.0212,0.0387,0.7238,0.0
102,F_MED,10,Persistencia,B_latidos,1740,435,one-beat-ahead,0.7103,0.266765,0.516493,0.327435,9.6577,0.0553,0.7239,0.0
102,F_N+PB,3,Persistencia,B_latidos,1745,437,one-beat-ahead,0.6399,0.354314,0.595243,0.307874,10.8096,0.0219,0.692,0.0
102,F_N+PB,5,Persistencia,B_latidos,1744,436,one-beat-ahead,0.6395,0.354725,0.595588,0.308126,11.2956,0.0593,0.6923,0.0
102,F_N+PB,10,Persistencia,B_latidos,1740,435,one-beat-ahead,0.6396,0.354537,0.59543,0.308106,10.954,0.0439,0.6923,0.0
102,F_N+MED,3,Persistencia,B_latidos,1745,437,one-beat-ahead,0.711,0.266846,0.516571,0.326722,9.3516,0.0222,0.7233,0.0
102,F_N+MED,5,Persistencia,B_latidos,1744,436,one-beat-ahead,0.7109,0.266888,0.516612,0.326679,10.0418,0.0546,0.7233,0.0
102,F_N+MED,10,Persistencia,B_latidos,1740,435,one-beat-ahead,0.7105,0.267047,0.516766,0.326875,9.6563,0.0748,0.7234,0.0
102,F_N+PB+MED,3,Persistencia,B_latidos,1745,437,one-beat-ahead,0.7286,0.251797,0.501794,0.280223,8.7786,0.0215,0.778,0.0
102,F_N+PB+MED,5,Persistencia,B_latidos,1744,436,one-beat-ahead,0.7285,0.251991,0.501987,0.280398,9.4022,0.0416,0.7781,0.0
102,F_N+PB+MED,10,Persistencia,B_latidos,1740,435,one-beat-ahead,0.7282,0.252079,0.502075,0.280481,9.4941,0.0235,0.7783,0.0
103,F_SIN,3,Persistencia,B_latidos,1663,416,one-beat-ahead,0.31,0.48987,0.699907,0.248737,9.8494,0.021,0.3976,0.0
103,F_SIN,5,Persistencia,B_latidos,1661,416,one-beat-ahead,0.31,0.489718,0.699799,0.248699,9.8479,0.0438,0.3974,0.0
103,F_SIN,10,Persistencia,B_latidos,1657,415,one-beat-ahead,0.3118,0.488429,0.698877,0.248241,9.9584,0.0319,0.3969,0.0
103,F_N,3,Persistencia,B_latidos,1663,416,one-beat-ahead,0.3113,0.488773,0.699123,0.247299,9.8855,0.0241,0.3985,0.0
103,F_N,5,Persistencia,B_latidos,1661,416,one-beat-ahead,0.3113,0.488622,0.699015,0.24726,9.884,0.0592,0.3982,0.0
103,F_N,10,Persistencia,B_latidos,1657,415,one-beat-ahead,0.3131,0.487332,0.698091,0.2468,10.0003,0.0625,0.3978,0.0
103,F_PB,3,Persistencia,B_latidos,1663,416,one-beat-ahead,0.3341,0.543024,0.736901,0.213143,10.3596,0.0241,0.4125,0.0
103,F_PB,5,Persistencia,B_latidos,1661,416,one-beat-ahead,0.3341,0.542936,0.736842,0.213126,10.3587,0.0322,0.4122,0.0
103,F_PB,10,Persistencia,B_latidos,1657,415,one-beat-ahead,0.3358,0.541693,0.735998,0.212829,10.6205,0.0386,0.4117,0.0
103,F_MED,3,Persistencia,B_latidos,1663,416,one-beat-ahead,0.8303,0.081241,0.285027,0.217773,5.6891,0.0196,0.5594,0.0
103,F_MED,5,Persistencia,B_latidos,1661,416,one-beat-ahead,0.8303,0.081189,0.284938,0.217704,5.6873,0.0407,0.5591,0.0
103,F_MED,10,Persistencia,B_latidos,1657,415,one-beat-ahead,0.8311,0.080755,0.284174,0.217099,6.154,0.0311,0.5586,0.0
103,F_N+PB,3,Persistencia,B_latidos,1663,416,one-beat-ahead,0.3343,0.542897,0.736816,0.213139,10.3608,0.0233,0.4126,0.0
103,F_N+PB,5,Persistencia,B_latidos,1661,416,one-beat-ahead,0.3343,0.54281,0.736756,0.213121,10.3599,0.0478,0.4123,0.0
103,F_N+PB,10,Persistencia,B_latidos,1657,415,one-beat-ahead,0.336,0.541567,0.735913,0.212825,10.6193,0.0509,0.4118,0.0
103,F_N+MED,3,Persistencia,B_latidos,1663,416,one-beat-ahead,0.8313,0.080783,0.284224,0.217332,5.6808,0.0244,0.5601,0.0
103,F_N+MED,5,Persistencia,B_latidos,1661,416,one-beat-ahead,0.8313,0.080732,0.284134,0.217264,5.679,0.044,0.5599,0.0
103,F_N+MED,10,Persistencia,B_latidos,1657,415,one-beat-ahead,0.8321,0.08028,0.283337,0.216642,6.0981,0.0325,0.5593,0.0
103,F_N+PB+MED,3,Persistencia,B_latidos,1663,416,one-beat-ahead,0.9365,0.058712,0.242306,0.157436,5.3227,0.0195,0.7553,0.0
103,F_N+PB+MED,5,Persistencia,B_latidos,1661,416,one-beat-ahead,0.9365,0.058712,0.242306,0.157436,5.3227,0.0453,0.755,0.0
103,F_N+PB+MED,10,Persistencia,B_latidos,1657,415,one-beat-ahead,0.9366,0.05865,0.242177,0.157318,6.1274,0.028,0.7544,0.0
104,F_SIN,3,Persistencia,B_latidos,1764,442,one-beat-ahead,0.2241,0.653474,0.808378,0.427116,14.2962,0.0197,0.2931,0.0
104,F_SIN,5,Persistencia,B_latidos,1763,441,one-beat-ahead,0.2251,0.651776,0.807326,0.426879,13.3185,0.0593,0.2928,0.0
104,F_SIN,10,Persistencia,B_latidos,1759,440,one-beat-ahead,0.2274,0.650443,0.806501,0.426264,14.982,0.0397,0.2921,0.0
104,F_N,3,Persistencia,B_latidos,1764,442,one-beat-ahead,0.2278,0.650246,0.806378,0.426946,14.3736,0.0224,0.2973,0.0
104,F_N,5,Persistencia,B_latidos,1763,441,one-beat-ahead,0.2288,0.648531,0.805314,0.426706,13.1174,0.0422,0.297,0.0
104,F_N,10,Persistencia,B_latidos,1759,440,one-beat-ahead,0.2311,0.647191,0.804482,0.426089,15.0168,0.0421,0.2963,0.0
104,F_PB,3,Persistencia,B_latidos,1764,442,one-beat-ahead,0.2366,0.664886,0.815405,0.412241,14.7006,0.0201,0.3312,0.0
104,F_PB,5,Persistencia,B_latidos,1763,441,one-beat-ahead,0.2377,0.662857,0.81416,0.411873,12.4255,0.0158,0.3309,0.0
104,F_PB,10,Persistencia,B_latidos,1759,440,one-beat-ahead,0.2403,0.661388,0.813258,0.411197,15.6846,0.0415,0.33,0.0
104,F_MED,3,Persistencia,B_latidos,1764,442,one-beat-ahead,0.4276,0.468296,0.684322,0.439125,11.8507,0.0193,0.4825,0.0
104,F_MED,5,Persistencia,B_latidos,1763,441,one-beat-ahead,0.4281,0.467557,0.683781,0.43915,12.3152,0.0595,0.4827,0.0
104,F_MED,10,Persistencia,B_latidos,1759,440,one-beat-ahead,0.4303,0.466425,0.682953,0.438565,11.5787,0.0431,0.4821,0.0
104,F_N+PB,3,Persistencia,B_latidos,1764,442,one-beat-ahead,0.2367,0.664828,0.81537,0.412243,14.7001,0.0225,0.3313,0.0
104,F_N+PB,5,Persistencia,B_latidos,1763,441,one-beat-ahead,0.2378,0.662799,0.814125,0.411875,12.4232,0.0276,0.3309,0.0
104,F_N+PB,10,Persistencia,B_latidos,1759,440,one-beat-ahead,0.2403,0.661331,0.813222,0.411199,15.6837,0.046,0.3301,0.0
104,F_N+MED,3,Persistencia,B_latidos,1764,442,one-beat-ahead,0.428,0.468182,0.684238,0.439473,11.8972,0.0253,0.483,0.0
104,F_N+MED,5,Persistencia,B_latidos,1763,441,one-beat-ahead,0.4285,0.467462,0.683712,0.439503,12.3661,0.0426,0.4831,0.0
104,F_N+MED,10,Persistencia,B_latidos,1759,440,one-beat-ahead,0.4307,0.466374,0.682916,0.438931,11.5582,0.0421,0.4826,0.0
104,F_N+PB+MED,3,Persistencia,B_latidos,1764,442,one-beat-ahead,0.3956,0.529071,0.727372,0.437206,12.7881,0.0219,0.4992,0.0
104,F_N+PB+MED,5,Persistencia,B_latidos,1763,441,one-beat-ahead,0.396,0.527986,0.726627,0.43705,13.4285,0.0639,0.4994,0.0
104,F_N+PB+MED,10,Persistencia,B_latidos,1759,440,one-beat-ahead,0.3987,0.526574,0.725654,0.436374,12.1653,0.0478,0.4987,0.0
105,F_SIN,3,Persistencia,B_latidos,2049,513,one-beat-ahead,-0.0146,0.92654,0.96257,0.449762,14.0556,0.0299,-0.0909,0.0
105,F_SIN,5,Persistencia,B_latidos,2048,512,one-beat-ahead,-0.0154,0.92795,0.963302,0.450193,12.8023,0.0536,-0.0913,0.0
105,F_SIN,10,Persistencia,B_latidos,2044,511,one-beat-ahead,-0.0164,0.928839,0.963763,0.450591,16.4124,0.0406,-0.0924,0.0
105,F_N,3,Persistencia,B_latidos,2049,513,one-beat-ahead,-0.0142,0.925988,0.962283,0.4486,14.0539,0.0205,-0.0906,0.0
105,F_N,5,Persistencia,B_latidos,2048,512,one-beat-ahead,-0.015,0.927398,0.963015,0.449029,12.7477,0.0651,-0.091,0.0
105,F_N,10,Persistencia,B_latidos,2044,511,one-beat-ahead,-0.016,0.928287,0.963476,0.449427,16.3997,0.0361,-0.0921,0.0
105,F_PB,3,Persistencia,B_latidos,2049,513,one-beat-ahead,0.0889,0.825158,0.908382,0.417796,13.8274,0.0307,-0.0719,0.0
105,F_PB,5,Persistencia,B_latidos,2048,512,one-beat-ahead,0.088,0.826422,0.909078,0.418205,12.2653,0.0393,-0.0723,0.0
105,F_PB,10,Persistencia,B_latidos,2044,511,one-beat-ahead,0.0869,0.827399,0.909615,0.418664,15.6577,0.0555,-0.0736,0.0
105,F_MED,3,Persistencia,B_latidos,2049,513,one-beat-ahead,-0.6349,1.397674,1.182233,0.521838,15.5836,0.021,-0.6108,0.0
105,F_MED,5,Persistencia,B_latidos,2048,512,one-beat-ahead,-0.6352,1.399785,1.183125,0.522412,15.0178,0.0349,-0.611,0.0
105,F_MED,10,Persistencia,B_latidos,2044,511,one-beat-ahead,-0.6356,1.400299,1.183342,0.522739,17.0127,0.0387,-0.6118,0.0
105,F_N+PB,3,Persistencia,B_latidos,2049,513,one-beat-ahead,0.0888,0.825179,0.908394,0.417804,13.8278,0.0187,-0.0719,0.0
105,F_N+PB,5,Persistencia,B_latidos,2048,512,one-beat-ahead,0.0879,0.826443,0.909089,0.418212,12.2652,0.0305,-0.0723,0.0
105,F_N+PB,10,Persistencia,B_latidos,2044,511,one-beat-ahead,0.0868,0.82742,0.909626,0.418671,15.658,0.0245,-0.0736,0.0
105,F_N+MED,3,Persistencia,B_latidos,2049,513,one-beat-ahead,-0.6338,1.400205,1.183303,0.522169,15.5514,0.0282,-0.6104,0.0
105,F_N+MED,5,Persistencia,B_latidos,2048,512,one-beat-ahead,-0.6341,1.402317,1.184195,0.52273,15.0323,0.0449,-0.6106,0.0
105,F_N+MED,10,Persistencia,B_latidos,2044,511,one-beat-ahead,-0.6345,1.402829,1.184411,0.523052,17.0866,0.0401,-0.6114,0.0
105,F_N+PB+MED,3,Persistencia,B_latidos,2049,513,one-beat-ahead,-0.7314,1.432799,1.196996,0.522551,14.2141,0.0253,-0.8324,0.0
105,F_N+PB+MED,5,Persistencia,B_latidos,2048,512,one-beat-ahead,-0.7318,1.43501,1.197919,0.523116,14.2769,0.0397,-0.8329,0.0
105,F_N+PB+MED,10,Persistencia,B_latidos,2044,511,one-beat-ahead,-0.7325,1.435812,1.198254,0.523574,17.3583,0.0499,-0.8342,0.0
106,F_SIN,3,Persistencia,B_latidos,1617,405,one-beat-ahead,-1.0157,2.385853,1.544621,1.067551,17.4164,0.0269,-0.4692,0.0
106,F_SIN,5,Persistencia,B_latidos,1616,404,one-beat-ahead,-1.0137,2.387091,1.545021,1.067559,17.7268,0.0284,-0.4704,0.0
106,F_SIN,10,Persistencia,B_latidos,1612,403,one-beat-ahead,-1.0151,2.389436,1.54578,1.067898,17.1869,0.0707,-0.4723,0.0
106,F_N,3,Persistencia,B_latidos,1617,405,one-beat-ahead,-1.0158,2.386822,1.544934,1.06749,17.4457,0.0236,-0.4685,0.0
106,F_N,5,Persistencia,B_latidos,1616,404,one-beat-ahead,-1.0138,2.388057,1.545334,1.067497,17.7407,0.0451,-0.4698,0.0
106,F_N,10,Persistencia,B_latidos,1612,403,one-beat-ahead,-1.0151,2.3904,1.546092,1.067834,17.176,0.0392,-0.4717,0.0
106,F_PB,3,Persistencia,B_latidos,1617,405,one-beat-ahead,-0.987,2.329738,1.526348,1.023477,17.2095,0.0229,-0.4531,0.0
106,F_PB,5,Persistencia,B_latidos,1616,404,one-beat-ahead,-0.9852,2.331381,1.526886,1.023481,18.5246,0.0297,-0.4542,0.0
106,F_PB,10,Persistencia,B_latidos,1612,403,one-beat-ahead,-0.9869,2.333782,1.527672,1.023884,16.8599,0.0308,-0.4561,0.0
106,F_MED,3,Persistencia,B_latidos,1617,405,one-beat-ahead,-0.8994,3.123639,1.767382,1.323403,20.2572,0.0249,-0.502,0.0
106,F_MED,5,Persistencia,B_latidos,1616,404,one-beat-ahead,-0.8949,3.122033,1.766928,1.322836,21.2091,0.0403,-0.5053,0.0
106,F_MED,10,Persistencia,B_latidos,1612,403,one-beat-ahead,-0.8968,3.12526,1.76784,1.323371,20.7952,0.0401,-0.5089,0.0
106,F_N+PB,3,Persistencia,B_latidos,1617,405,one-beat-ahead,-0.987,2.32982,1.526375,1.023512,17.2104,0.0305,-0.4531,0.0
106,F_N+PB,5,Persistencia,B_latidos,1616,404,one-beat-ahead,-0.9852,2.331463,1.526913,1.023515,18.525,0.059,-0.4542,0.0
106,F_N+PB,10,Persistencia,B_latidos,1612,403,one-beat-ahead,-0.9869,2.333864,1.527699,1.023918,16.8598,0.0583,-0.456,0.0
106,F_N+MED,3,Persistencia,B_latidos,1617,405,one-beat-ahead,-0.8982,3.121982,1.766913,1.322822,20.2505,0.0203,-0.5008,0.0
106,F_N+MED,5,Persistencia,B_latidos,1616,404,one-beat-ahead,-0.8938,3.120417,1.76647,1.322262,21.2825,0.0605,-0.5042,0.0
106,F_N+MED,10,Persistencia,B_latidos,1612,403,one-beat-ahead,-0.8957,3.123654,1.767386,1.322791,20.8242,0.0407,-0.5077,0.0
106,F_N+PB+MED,3,Persistencia,B_latidos,1617,405,one-beat-ahead,-0.8354,3.164709,1.778963,1.311319,20.3959,0.0279,-0.4968,0.0
106,F_N+PB+MED,5,Persistencia,B_latidos,1616,404,one-beat-ahead,-0.831,3.163483,1.778618,1.310701,22.5899,0.0423,-0.5003,0.0
106,F_N+PB+MED,10,Persistencia,B_latidos,1612,403,one-beat-ahead,-0.8335,3.167111,1.779638,1.311404,20.8758,0.0534,-0.5038,0.0
107,F_SIN,3,Persistencia,B_latidos,1705,427,one-beat-ahead,0.6347,0.431818,0.657129,0.408145,10.8943,0.031,0.6867,0.0
107,F_SIN,5,Persistencia,B_latidos,1704,426,one-beat-ahead,0.6341,0.432694,0.657795,0.408608,11.3785,0.0535,0.6866,0.0
107,F_SIN,10,Persistencia,B_latidos,1700,425,one-beat-ahead,0.6334,0.433742,0.658591,0.409306,10.917,0.039,0.686,0.0
107,F_N,3,Persistencia,B_latidos,1705,427,one-beat-ahead,0.635,0.43156,0.656932,0.40806,10.8815,0.0225,0.687,0.0
107,F_N,5,Persistencia,B_latidos,1704,426,one-beat-ahead,0.6343,0.432436,0.657598,0.408524,11.3555,0.0586,0.687,0.0
107,F_N,10,Persistencia,B_latidos,1700,425,one-beat-ahead,0.6336,0.433484,0.658395,0.409223,10.9262,0.0601,0.6863,0.0
107,F_PB,3,Persistencia,B_latidos,1705,427,one-beat-ahead,0.6789,0.366817,0.605654,0.332117,10.8648,0.0175,0.7306,0.0
107,F_PB,5,Persistencia,B_latidos,1704,426,one-beat-ahead,0.6783,0.36758,0.606284,0.332477,10.302,0.0376,0.7306,0.0
107,F_PB,10,Persistencia,B_latidos,1700,425,one-beat-ahead,0.6777,0.368436,0.606989,0.332997,9.6396,0.0501,0.7299,0.0
107,F_MED,3,Persistencia,B_latidos,1705,427,one-beat-ahead,0.6196,0.432688,0.65779,0.435233,11.3488,0.0297,0.6689,0.0
107,F_MED,5,Persistencia,B_latidos,1704,426,one-beat-ahead,0.6189,0.433572,0.658462,0.435761,11.7216,0.0563,0.6688,0.0
107,F_MED,10,Persistencia,B_latidos,1700,425,one-beat-ahead,0.6183,0.434641,0.659273,0.436509,11.4839,0.0727,0.668,0.0
107,F_N+PB,3,Persistencia,B_latidos,1705,427,one-beat-ahead,0.6789,0.366805,0.605645,0.332117,10.864,0.0201,0.7307,0.0
107,F_N+PB,5,Persistencia,B_latidos,1704,426,one-beat-ahead,0.6783,0.367569,0.606275,0.332476,10.3014,0.0619,0.7306,0.0
107,F_N+PB,10,Persistencia,B_latidos,1700,425,one-beat-ahead,0.6777,0.368425,0.60698,0.332997,9.6395,0.0417,0.7299,0.0
107,F_N+MED,3,Persistencia,B_latidos,1705,427,one-beat-ahead,0.6196,0.432566,0.657698,0.435056,11.3284,0.0196,0.669,0.0
107,F_N+MED,5,Persistencia,B_latidos,1704,426,one-beat-ahead,0.6189,0.433447,0.658367,0.43558,11.6808,0.0377,0.6689,0.0
107,F_N+MED,10,Persistencia,B_latidos,1700,425,one-beat-ahead,0.6183,0.434517,0.659179,0.436332,11.498,0.0451,0.6681,0.0
107,F_N+PB+MED,3,Persistencia,B_latidos,1705,427,one-beat-ahead,0.6802,0.342444,0.585187,0.341165,10.5577,0.0243,0.7251,0.0
107,F_N+PB+MED,5,Persistencia,B_latidos,1704,426,one-beat-ahead,0.6796,0.343155,0.585794,0.341524,10.1552,0.0635,0.725,0.0
107,F_N+PB+MED,10,Persistencia,B_latidos,1700,425,one-beat-ahead,0.679,0.343954,0.586476,0.342099,9.7918,0.038,0.7243,0.0
108,F_SIN,3,Persistencia,B_latidos,1406,352,one-beat-ahead,0.1843,1.823831,1.350493,0.820237,22.9251,0.0223,0.0075,0.0
108,F_SIN,5,Persistencia,B_latidos,1404,352,one-beat-ahead,0.1843,1.822286,1.349921,0.819889,22.9154,0.0331,0.0072,0.0
108,F_SIN,10,Persistencia,B_latidos,1400,351,one-beat-ahead,0.1851,1.821812,1.349745,0.819289,20.6248,0.0405,0.0055,0.0
108,F_N,3,Persistencia,B_latidos,1406,352,one-beat-ahead,0.1849,1.82342,1.350341,0.819431,22.9051,0.0206,0.0085,0.0
108,F_N,5,Persistencia,B_latidos,1404,352,one-beat-ahead,0.1849,1.821874,1.349768,0.819084,22.8954,0.0366,0.0081,0.0
108,F_N,10,Persistencia,B_latidos,1400,351,one-beat-ahead,0.1856,1.821402,1.349593,0.818482,20.5698,0.0626,0.0064,0.0
108,F_PB,3,Persistencia,B_latidos,1406,352,one-beat-ahead,-0.4586,1.200344,1.095602,0.639396,14.7461,0.0522,0.0575,0.0
108,F_PB,5,Persistencia,B_latidos,1404,352,one-beat-ahead,-0.4586,1.200046,1.095466,0.639317,14.7442,0.0745,0.0567,0.0
108,F_PB,10,Persistencia,B_latidos,1400,351,one-beat-ahead,-0.4568,1.196724,1.093949,0.637716,13.1889,0.0809,0.054,0.0
108,F_MED,3,Persistencia,B_latidos,1406,352,one-beat-ahead,0.2331,2.063078,1.436342,0.839203,24.6776,0.0221,0.0083,0.0
108,F_MED,5,Persistencia,B_latidos,1404,352,one-beat-ahead,0.2331,2.060872,1.435574,0.838755,24.6644,0.044,0.008,0.0
108,F_MED,10,Persistencia,B_latidos,1400,351,one-beat-ahead,0.2335,2.061105,1.435655,0.838412,22.8726,0.0552,0.0066,0.0
108,F_N+PB,3,Persistencia,B_latidos,1406,352,one-beat-ahead,-0.4586,1.200333,1.095597,0.639394,14.747,0.0231,0.0576,0.0
108,F_N+PB,5,Persistencia,B_latidos,1404,352,one-beat-ahead,-0.4586,1.200035,1.095461,0.639315,14.7451,0.0492,0.0567,0.0
108,F_N+PB,10,Persistencia,B_latidos,1400,351,one-beat-ahead,-0.4568,1.196713,1.093944,0.637714,13.1883,0.0364,0.0541,0.0
108,F_N+MED,3,Persistencia,B_latidos,1406,352,one-beat-ahead,0.233,2.0616,1.435827,0.839242,24.609,0.0283,0.0083,0.0
108,F_N+MED,5,Persistencia,B_latidos,1404,352,one-beat-ahead,0.233,2.059397,1.43506,0.838793,24.5959,0.0501,0.0081,0.0
108,F_N+MED,10,Persistencia,B_latidos,1400,351,one-beat-ahead,0.2334,2.05962,1.435137,0.838448,22.8907,0.0503,0.0067,0.0
108,F_N+PB+MED,3,Persistencia,B_latidos,1406,352,one-beat-ahead,-0.5535,1.458277,1.207592,0.724055,16.6891,0.0259,0.0998,0.0
108,F_N+PB+MED,5,Persistencia,B_latidos,1404,352,one-beat-ahead,-0.5535,1.457773,1.207383,0.72393,16.6862,0.0527,0.0988,0.0
108,F_N+PB+MED,10,Persistencia,B_latidos,1400,351,one-beat-ahead,-0.5517,1.45632,1.206781,0.722409,14.9365,0.0259,0.0956,0.0
109,F_SIN,3,Persistencia,B_latidos,2021,506,one-beat-ahead,0.6915,0.755553,0.869226,0.353402,11.9049,0.0195,0.785,0.0
109,F_SIN,5,Persistencia,B_latidos,2020,505,one-beat-ahead,0.6912,0.757316,0.870239,0.353984,16.0307,0.0319,0.785,0.0
109,F_SIN,10,Persistencia,B_latidos,2016,504,one-beat-ahead,0.6911,0.75869,0.871028,0.354341,11.1427,0.0475,0.785,0.0
109,F_N,3,Persistencia,B_latidos,2021,506,one-beat-ahead,0.6917,0.755137,0.868986,0.352066,11.97,0.0197,0.7855,0.0
109,F_N,5,Persistencia,B_latidos,2020,505,one-beat-ahead,0.6914,0.7569,0.87,0.352647,16.0053,0.0609,0.7855,0.0
109,F_N,10,Persistencia,B_latidos,2016,504,one-beat-ahead,0.6913,0.758274,0.870789,0.353005,11.1461,0.0601,0.7855,0.0
109,F_PB,3,Persistencia,B_latidos,2021,506,one-beat-ahead,0.7121,0.678655,0.823805,0.310392,11.9426,0.0224,0.7909,0.0
109,F_PB,5,Persistencia,B_latidos,2020,505,one-beat-ahead,0.7118,0.67983,0.824518,0.310805,15.2177,0.0236,0.791,0.0
109,F_PB,10,Persistencia,B_latidos,2016,504,one-beat-ahead,0.7117,0.680462,0.824901,0.310937,9.9179,0.0519,0.791,0.0
109,F_MED,3,Persistencia,B_latidos,2021,506,one-beat-ahead,0.654,1.137937,1.066741,0.421849,13.9802,0.0199,0.7633,0.0
109,F_MED,5,Persistencia,B_latidos,2020,505,one-beat-ahead,0.6538,1.141399,1.068363,0.422705,17.5239,0.0363,0.7631,0.0
109,F_MED,10,Persistencia,B_latidos,2016,504,one-beat-ahead,0.6537,1.144788,1.069948,0.423518,13.3583,0.0394,0.7631,0.0
109,F_N+PB,3,Persistencia,B_latidos,2021,506,one-beat-ahead,0.7121,0.678656,0.823806,0.310398,11.9444,0.0202,0.7909,0.0
109,F_N+PB,5,Persistencia,B_latidos,2020,505,one-beat-ahead,0.7118,0.679831,0.824518,0.310811,15.2174,0.058,0.791,0.0
109,F_N+PB,10,Persistencia,B_latidos,2016,504,one-beat-ahead,0.7117,0.680463,0.824902,0.310943,9.9181,0.0215,0.791,0.0
109,F_N+MED,3,Persistencia,B_latidos,2021,506,one-beat-ahead,0.6543,1.135266,1.065489,0.421174,14.0074,0.0234,0.7635,0.0
109,F_N+MED,5,Persistencia,B_latidos,2020,505,one-beat-ahead,0.6541,1.138716,1.067107,0.422033,17.4716,0.0322,0.7633,0.0
109,F_N+MED,10,Persistencia,B_latidos,2016,504,one-beat-ahead,0.654,1.142101,1.068691,0.422844,13.3308,0.0401,0.7633,0.0
109,F_N+PB+MED,3,Persistencia,B_latidos,2021,506,one-beat-ahead,0.6855,0.98663,0.993292,0.359598,14.1371,0.0229,0.7727,0.0
109,F_N+PB+MED,5,Persistencia,B_latidos,2020,505,one-beat-ahead,0.6853,0.98844,0.994203,0.360088,17.2999,0.0434,0.7727,0.0
109,F_N+PB+MED,10,Persistencia,B_latidos,2016,504,one-beat-ahead,0.6852,0.989756,0.994865,0.360446,11.571,0.0391,0.7728,0.0
111,F_SIN,3,Persistencia,B_latidos,1695,424,one-beat-ahead,0.4271,0.369662,0.607998,0.419234,9.8848,0.0258,0.4105,0.0
111,F_SIN,5,Persistencia,B_latidos,1693,424,one-beat-ahead,0.4271,0.369428,0.607806,0.419101,9.8817,0.0536,0.4105,0.0
111,F_SIN,10,Persistencia,B_latidos,1689,423,one-beat-ahead,0.4272,0.369068,0.607509,0.41889,11.2304,0.0432,0.4104,0.0
111,F_N,3,Persistencia,B_latidos,1695,424,one-beat-ahead,0.4301,0.367479,0.6062,0.416892,9.8144,0.0237,0.4124,0.0
111,F_N,5,Persistencia,B_latidos,1693,424,one-beat-ahead,0.4301,0.367246,0.606008,0.41676,9.8113,0.0387,0.4124,0.0
111,F_N,10,Persistencia,B_latidos,1689,423,one-beat-ahead,0.4302,0.366887,0.605712,0.41655,11.2693,0.0397,0.4123,0.0
111,F_PB,3,Persistencia,B_latidos,1695,424,one-beat-ahead,0.5328,0.397741,0.630667,0.38627,9.9994,0.0196,0.5207,0.0
111,F_PB,5,Persistencia,B_latidos,1693,424,one-beat-ahead,0.5328,0.397675,0.630614,0.386238,9.9986,0.0687,0.5206,0.0
111,F_PB,10,Persistencia,B_latidos,1689,423,one-beat-ahead,0.5329,0.39739,0.630388,0.386134,11.7173,0.0287,0.5206,0.0
111,F_MED,3,Persistencia,B_latidos,1695,424,one-beat-ahead,0.4063,0.336919,0.580447,0.419922,9.5967,0.0207,0.3811,0.0
111,F_MED,5,Persistencia,B_latidos,1693,424,one-beat-ahead,0.4063,0.33663,0.580198,0.419742,9.5926,0.0444,0.381,0.0
111,F_MED,10,Persistencia,B_latidos,1689,423,one-beat-ahead,0.4065,0.336231,0.579854,0.419435,10.4365,0.0572,0.381,0.0
111,F_N+PB,3,Persistencia,B_latidos,1695,424,one-beat-ahead,0.5329,0.397683,0.630621,0.386248,9.9975,0.0218,0.5208,0.0
111,F_N+PB,5,Persistencia,B_latidos,1693,424,one-beat-ahead,0.5329,0.397617,0.630569,0.386215,9.9966,0.0649,0.5207,0.0
111,F_N+PB,10,Persistencia,B_latidos,1689,423,one-beat-ahead,0.533,0.397332,0.630343,0.386111,11.717,0.0412,0.5206,0.0
111,F_N+MED,3,Persistencia,B_latidos,1695,424,one-beat-ahead,0.4064,0.336963,0.580485,0.420025,9.633,0.0283,0.3814,0.0
111,F_N+MED,5,Persistencia,B_latidos,1693,424,one-beat-ahead,0.4064,0.336675,0.580237,0.419845,9.6289,0.048,0.3814,0.0
111,F_N+MED,10,Persistencia,B_latidos,1689,423,one-beat-ahead,0.4065,0.336292,0.579907,0.419551,10.49,0.0411,0.3813,0.0
111,F_N+PB+MED,3,Persistencia,B_latidos,1695,424,one-beat-ahead,0.5742,0.358882,0.599068,0.421381,10.2166,0.0183,0.5293,0.0
111,F_N+PB+MED,5,Persistencia,B_latidos,1693,424,one-beat-ahead,0.5742,0.358767,0.598971,0.421313,10.215,0.0621,0.5291,0.0
111,F_N+PB+MED,10,Persistencia,B_latidos,1689,423,one-beat-ahead,0.5743,0.358278,0.598563,0.421103,11.3927,0.057,0.5287,0.0
112,F_SIN,3,Persistencia,B_latidos,2027,507,one-beat-ahead,0.7729,0.138085,0.371598,0.192569,6.9941,0.018,0.7332,0.0
112,F_SIN,5,Persistencia,B_latidos,2025,507,one-beat-ahead,0.7729,0.138044,0.371543,0.19254,6.9931,0.0481,0.7334,0.0
112,F_SIN,10,Persistencia,B_latidos,2021,506,one-beat-ahead,0.7726,0.138199,0.371751,0.192667,8.026,0.0342,0.7338,0.0
112,F_N,3,Persistencia,B_latidos,2027,507,one-beat-ahead,0.7733,0.137823,0.371245,0.192352,6.9944,0.0243,0.7334,0.0
112,F_N,5,Persistencia,B_latidos,2025,507,one-beat-ahead,0.7733,0.137782,0.37119,0.192324,6.9933,0.043,0.7336,0.0
112,F_N,10,Persistencia,B_latidos,2021,506,one-beat-ahead,0.773,0.137937,0.371398,0.192451,8.0381,0.0432,0.734,0.0
112,F_PB,3,Persistencia,B_latidos,2027,507,one-beat-ahead,0.7853,0.189695,0.43554,0.186988,7.8259,0.0213,0.7641,0.0
112,F_PB,5,Persistencia,B_latidos,2025,507,one-beat-ahead,0.7853,0.18968,0.435523,0.186981,7.8256,0.0543,0.7645,0.0
112,F_PB,10,Persistencia,B_latidos,2021,506,one-beat-ahead,0.785,0.189933,0.435813,0.187094,9.4405,0.0369,0.7654,0.0
112,F_MED,3,Persistencia,B_latidos,2027,507,one-beat-ahead,0.9153,0.035136,0.187446,0.145325,4.2073,0.0207,0.783,0.0
112,F_MED,5,Persistencia,B_latidos,2025,507,one-beat-ahead,0.9153,0.035121,0.187405,0.145293,4.2064,0.0398,0.7829,0.0
112,F_MED,10,Persistencia,B_latidos,2021,506,one-beat-ahead,0.9152,0.035156,0.1875,0.145411,4.1202,0.0358,0.7827,0.0
112,F_N+PB,3,Persistencia,B_latidos,2027,507,one-beat-ahead,0.7854,0.18966,0.4355,0.186966,7.8253,0.0223,0.7641,0.0
112,F_N+PB,5,Persistencia,B_latidos,2025,507,one-beat-ahead,0.7854,0.189646,0.435483,0.186959,7.825,0.0208,0.7646,0.0
112,F_N+PB,10,Persistencia,B_latidos,2021,506,one-beat-ahead,0.785,0.189898,0.435773,0.187072,9.4398,0.0386,0.7655,0.0
112,F_N+MED,3,Persistencia,B_latidos,2027,507,one-beat-ahead,0.9157,0.035,0.187084,0.145215,4.212,0.0251,0.7831,0.0
112,F_N+MED,5,Persistencia,B_latidos,2025,507,one-beat-ahead,0.9157,0.034985,0.187043,0.145184,4.2111,0.0644,0.783,0.0
112,F_N+MED,10,Persistencia,B_latidos,2021,506,one-beat-ahead,0.9155,0.035021,0.18714,0.145308,4.1128,0.0416,0.7828,0.0
112,F_N+PB+MED,3,Persistencia,B_latidos,2027,507,one-beat-ahead,0.9589,0.035345,0.188003,0.12658,4.4548,0.0196,0.9169,0.0
112,F_N+PB+MED,5,Persistencia,B_latidos,2025,507,one-beat-ahead,0.9589,0.035342,0.187995,0.126574,4.4547,0.0406,0.917,0.0
112,F_N+PB+MED,10,Persistencia,B_latidos,2021,506,one-beat-ahead,0.9589,0.035368,0.188064,0.126615,4.1581,0.0399,0.917,0.0
113,F_SIN,3,Persistencia,B_latidos,1432,358,one-beat-ahead,0.0321,0.917755,0.957995,0.414727,12.6921,0.0252,0.0118,0.0
113,F_SIN,5,Persistencia,B_latidos,1430,358,one-beat-ahead,0.0321,0.91769,0.957961,0.414712,12.6917,0.0365,0.0108,0.0
113,F_SIN,10,Persistencia,B_latidos,1426,357,one-beat-ahead,0.031,0.919267,0.958784,0.41518,12.6036,0.0572,0.0114,0.0
113,F_N,3,Persistencia,B_latidos,1432,358,one-beat-ahead,0.0332,0.916647,0.957417,0.41235,12.6104,0.0239,0.0128,0.0
113,F_N,5,Persistencia,B_latidos,1430,358,one-beat-ahead,0.0332,0.916582,0.957383,0.412336,12.6099,0.0823,0.0118,0.0
113,F_N,10,Persistencia,B_latidos,1426,357,one-beat-ahead,0.0321,0.918163,0.958208,0.412802,12.5722,0.0435,0.0124,0.0
113,F_PB,3,Persistencia,B_latidos,1432,358,one-beat-ahead,0.0263,1.015448,1.007695,0.405336,12.3826,0.0239,0.0197,0.0
113,F_PB,5,Persistencia,B_latidos,1430,358,one-beat-ahead,0.0263,1.015456,1.007698,0.405338,12.3826,0.0545,0.0189,0.0
113,F_PB,10,Persistencia,B_latidos,1426,357,one-beat-ahead,0.025,1.017286,1.008606,0.405694,12.4631,0.046,0.0194,0.0
113,F_MED,3,Persistencia,B_latidos,1432,358,one-beat-ahead,0.6461,0.297399,0.545343,0.290897,10.6109,0.0234,0.5202,0.0
113,F_MED,5,Persistencia,B_latidos,1430,358,one-beat-ahead,0.6461,0.297352,0.5453,0.290874,10.61,0.0403,0.5203,0.0
113,F_MED,10,Persistencia,B_latidos,1426,357,one-beat-ahead,0.6456,0.297974,0.54587,0.291233,10.0286,0.0419,0.5212,0.0
113,F_N+PB,3,Persistencia,B_latidos,1432,358,one-beat-ahead,0.0264,1.015345,1.007644,0.405369,12.3814,0.0317,0.0199,0.0
113,F_N+PB,5,Persistencia,B_latidos,1430,358,one-beat-ahead,0.0264,1.015353,1.007647,0.405371,12.3814,0.0642,0.019,0.0
113,F_N+PB,10,Persistencia,B_latidos,1426,357,one-beat-ahead,0.0251,1.017183,1.008555,0.405727,12.4603,0.064,0.0195,0.0
113,F_N+MED,3,Persistencia,B_latidos,1432,358,one-beat-ahead,0.6459,0.297665,0.545587,0.29105,10.6575,0.0248,0.5202,0.0
113,F_N+MED,5,Persistencia,B_latidos,1430,358,one-beat-ahead,0.6459,0.297617,0.545543,0.291027,10.6566,0.0409,0.5202,0.0
113,F_N+MED,10,Persistencia,B_latidos,1426,357,one-beat-ahead,0.6454,0.298241,0.546115,0.291395,10.0917,0.0365,0.5212,0.0
113,F_N+PB+MED,3,Persistencia,B_latidos,1432,358,one-beat-ahead,0.6821,0.320027,0.565709,0.267929,10.9784,0.0196,0.6891,0.0
113,F_N+PB+MED,5,Persistencia,B_latidos,1430,358,one-beat-ahead,0.6821,0.320016,0.5657,0.267925,10.9782,0.0734,0.6892,0.0
113,F_N+PB+MED,10,Persistencia,B_latidos,1426,357,one-beat-ahead,0.6817,0.320597,0.566213,0.268079,9.64,0.0495,0.6901,0.0
114,F_SIN,3,Persistencia,B_latidos,1499,375,one-beat-ahead,0.0932,2.418702,1.555218,1.158222,22.6877,0.0289,0.0661,0.0
114,F_SIN,5,Persistencia,B_latidos,1497,375,one-beat-ahead,0.0932,2.418762,1.555237,1.158236,22.688,0.0647,0.066,0.0
114,F_SIN,10,Persistencia,B_latidos,1493,374,one-beat-ahead,0.0934,2.420267,1.555721,1.158334,23.5226,0.052,0.0652,0.0
114,F_N,3,Persistencia,B_latidos,1499,375,one-beat-ahead,0.0952,2.419981,1.555629,1.157983,22.6648,0.0231,0.071,0.0
114,F_N,5,Persistencia,B_latidos,1497,375,one-beat-ahead,0.0952,2.42004,1.555648,1.157998,22.6651,0.0514,0.0709,0.0
114,F_N,10,Persistencia,B_latidos,1493,374,one-beat-ahead,0.0954,2.421551,1.556133,1.158088,23.4523,0.0334,0.0701,0.0
114,F_PB,3,Persistencia,B_latidos,1499,375,one-beat-ahead,-0.139,1.05768,1.028436,0.646309,13.2211,0.0308,0.0309,0.0
114,F_PB,5,Persistencia,B_latidos,1497,375,one-beat-ahead,-0.139,1.057399,1.028299,0.646223,13.2194,0.0398,0.0305,0.0
114,F_PB,10,Persistencia,B_latidos,1493,374,one-beat-ahead,-0.1411,1.059224,1.029186,0.64692,15.2196,0.043,0.0295,0.0
114,F_MED,3,Persistencia,B_latidos,1499,375,one-beat-ahead,0.1439,2.995738,1.73082,1.314295,25.4198,0.0283,0.2958,0.0
114,F_MED,5,Persistencia,B_latidos,1497,375,one-beat-ahead,0.1439,2.9966,1.731069,1.314484,25.4234,0.0658,0.2956,0.0
114,F_MED,10,Persistencia,B_latidos,1493,374,one-beat-ahead,0.1444,2.998012,1.731477,1.31444,26.4728,0.057,0.2946,0.0
114,F_N+PB,3,Persistencia,B_latidos,1499,375,one-beat-ahead,-0.1388,1.057463,1.02833,0.646287,13.2219,0.0225,0.031,0.0
114,F_N+PB,5,Persistencia,B_latidos,1497,375,one-beat-ahead,-0.1388,1.057182,1.028194,0.646201,13.2201,0.0491,0.0307,0.0
114,F_N+PB,10,Persistencia,B_latidos,1493,374,one-beat-ahead,-0.1409,1.059007,1.02908,0.646898,15.2222,0.0352,0.0296,0.0
114,F_N+MED,3,Persistencia,B_latidos,1499,375,one-beat-ahead,0.1438,2.991185,1.729504,1.312713,25.3893,0.0229,0.2958,0.0
114,F_N+MED,5,Persistencia,B_latidos,1497,375,one-beat-ahead,0.1438,2.992072,1.729761,1.312908,25.3931,0.0398,0.2956,0.0
114,F_N+MED,10,Persistencia,B_latidos,1493,374,one-beat-ahead,0.1443,2.993448,1.730158,1.312846,26.4567,0.0391,0.2947,0.0
114,F_N+PB+MED,3,Persistencia,B_latidos,1499,375,one-beat-ahead,-0.17,0.921979,0.960197,0.698022,12.7985,0.0195,0.3781,0.0
114,F_N+PB+MED,5,Persistencia,B_latidos,1497,375,one-beat-ahead,-0.17,0.921945,0.96018,0.69801,12.7983,0.0498,0.3776,0.0
114,F_N+PB+MED,10,Persistencia,B_latidos,1493,374,one-beat-ahead,-0.1729,0.923561,0.961021,0.698611,13.1995,0.0607,0.3765,0.0
115,F_SIN,3,Persistencia,B_latidos,1558,390,one-beat-ahead,-0.0206,0.988912,0.99444,0.384444,12.2909,0.0341,-0.1425,0.0
115,F_SIN,5,Persistencia,B_latidos,1556,390,one-beat-ahead,-0.0206,0.988783,0.994375,0.384419,12.2901,0.0608,-0.1419,0.0
115,F_SIN,10,Persistencia,B_latidos,1552,389,one-beat-ahead,-0.0212,0.989373,0.994672,0.38453,13.892,0.0499,-0.1407,0.0
115,F_N,3,Persistencia,B_latidos,1558,390,one-beat-ahead,-0.0204,0.988712,0.99434,0.384409,12.2859,0.0207,-0.1423,0.0
115,F_N,5,Persistencia,B_latidos,1556,390,one-beat-ahead,-0.0204,0.988583,0.994275,0.384384,12.2851,0.0425,-0.1417,0.0
115,F_N,10,Persistencia,B_latidos,1552,389,one-beat-ahead,-0.021,0.989173,0.994572,0.384495,13.887,0.0386,-0.1405,0.0
115,F_PB,3,Persistencia,B_latidos,1558,390,one-beat-ahead,-0.3169,1.289543,1.13558,0.364923,11.8491,0.0203,-0.3921,0.0
115,F_PB,5,Persistencia,B_latidos,1556,390,one-beat-ahead,-0.3169,1.289495,1.135559,0.364916,11.8489,0.0351,-0.3915,0.0
115,F_PB,10,Persistencia,B_latidos,1552,389,one-beat-ahead,-0.3184,1.290824,1.136144,0.365024,12.5664,0.0471,-0.3906,0.0
115,F_MED,3,Persistencia,B_latidos,1558,390,one-beat-ahead,0.7534,0.228914,0.47845,0.293915,8.2698,0.0314,0.5305,0.0
115,F_MED,5,Persistencia,B_latidos,1556,390,one-beat-ahead,0.7534,0.228842,0.478374,0.293869,8.2685,0.0493,0.5306,0.0
115,F_MED,10,Persistencia,B_latidos,1552,389,one-beat-ahead,0.7533,0.228971,0.478509,0.293968,9.4369,0.0347,0.531,0.0
115,F_N+PB,3,Persistencia,B_latidos,1558,390,one-beat-ahead,-0.3168,1.289406,1.13552,0.364918,11.848,0.0275,-0.3919,0.0
115,F_N+PB,5,Persistencia,B_latidos,1556,390,one-beat-ahead,-0.3168,1.289358,1.135499,0.364911,11.8478,0.0534,-0.3913,0.0
115,F_N+PB,10,Persistencia,B_latidos,1552,389,one-beat-ahead,-0.3182,1.290687,1.136084,0.365019,12.5651,0.0367,-0.3905,0.0
115,F_N+MED,3,Persistencia,B_latidos,1558,390,one-beat-ahead,0.7535,0.228786,0.478315,0.293777,8.2638,0.0206,0.5306,0.0
115,F_N+MED,5,Persistencia,B_latidos,1556,390,one-beat-ahead,0.7535,0.228713,0.47824,0.293731,8.2625,0.0366,0.5307,0.0
115,F_N+MED,10,Persistencia,B_latidos,1552,389,one-beat-ahead,0.7535,0.228842,0.478374,0.293828,9.4336,0.049,0.5311,0.0
115,F_N+PB+MED,3,Persistencia,B_latidos,1558,390,one-beat-ahead,0.607,0.341012,0.583963,0.353301,10.1263,0.0311,0.6738,0.0
115,F_N+PB+MED,5,Persistencia,B_latidos,1556,390,one-beat-ahead,0.607,0.341028,0.583976,0.353309,10.1266,0.061,0.6741,0.0
115,F_N+PB+MED,10,Persistencia,B_latidos,1552,389,one-beat-ahead,0.6067,0.341414,0.584306,0.353269,10.0428,0.0338,0.674,0.0
116,F_SIN,3,Persistencia,B_latidos,1925,482,one-beat-ahead,0.2614,0.212227,0.460681,0.241695,8.086,0.0246,0.1781,0.0
116,F_SIN,5,Persistencia,B_latidos,1924,481,one-beat-ahead,0.2602,0.212065,0.460505,0.241743,6.9313,0.0442,0.1777,0.0
116,F_SIN,10,Persistencia,B_latidos,1920,480,one-beat-ahead,0.2576,0.212092,0.460534,0.241731,7.2662,0.066,0.1767,0.0
116,F_N,3,Persistencia,B_latidos,1925,482,one-beat-ahead,0.2615,0.212166,0.460615,0.241685,8.0808,0.0186,0.1782,0.0
116,F_N,5,Persistencia,B_latidos,1924,481,one-beat-ahead,0.2603,0.212005,0.46044,0.241733,6.9322,0.0359,0.1778,0.0
116,F_N,10,Persistencia,B_latidos,1920,480,one-beat-ahead,0.2578,0.212032,0.46047,0.24172,7.2747,0.0657,0.1768,0.0
116,F_PB,3,Persistencia,B_latidos,1925,482,one-beat-ahead,0.1943,0.242318,0.492258,0.205403,7.612,0.024,0.0775,0.0
116,F_PB,5,Persistencia,B_latidos,1924,481,one-beat-ahead,0.1921,0.242005,0.49194,0.205299,6.3914,0.0649,0.0769,0.0
116,F_PB,10,Persistencia,B_latidos,1920,480,one-beat-ahead,0.188,0.242147,0.492085,0.205342,7.0622,0.0238,0.0752,0.0
116,F_MED,3,Persistencia,B_latidos,1925,482,one-beat-ahead,0.2208,0.206028,0.453903,0.27018,8.2138,0.0239,0.1257,0.0
116,F_MED,5,Persistencia,B_latidos,1924,481,one-beat-ahead,0.2204,0.206336,0.454242,0.270469,7.6083,0.0353,0.1255,0.0
116,F_MED,10,Persistencia,B_latidos,1920,480,one-beat-ahead,0.2201,0.206388,0.454299,0.270442,7.5269,0.0278,0.1251,0.0
116,F_N+PB,3,Persistencia,B_latidos,1925,482,one-beat-ahead,0.1944,0.242294,0.492234,0.205398,7.6118,0.0219,0.0775,0.0
116,F_N+PB,5,Persistencia,B_latidos,1924,481,one-beat-ahead,0.1921,0.241981,0.491916,0.205294,6.3916,0.0405,0.0769,0.0
116,F_N+PB,10,Persistencia,B_latidos,1920,480,one-beat-ahead,0.188,0.242124,0.49206,0.205337,7.0619,0.0445,0.0752,0.0
116,F_N+MED,3,Persistencia,B_latidos,1925,482,one-beat-ahead,0.2214,0.205877,0.453737,0.270165,8.223,0.0339,0.1259,0.0
116,F_N+MED,5,Persistencia,B_latidos,1924,481,one-beat-ahead,0.221,0.206182,0.454072,0.270452,7.5996,0.0445,0.1257,0.0
116,F_N+MED,10,Persistencia,B_latidos,1920,480,one-beat-ahead,0.2207,0.206233,0.454129,0.270424,7.529,0.0438,0.1253,0.0
116,F_N+PB+MED,3,Persistencia,B_latidos,1925,482,one-beat-ahead,-0.3903,0.368825,0.60731,0.281576,12.5457,0.028,-0.5392,0.0
116,F_N+PB+MED,5,Persistencia,B_latidos,1924,481,one-beat-ahead,-0.3944,0.369409,0.607791,0.281729,10.9439,0.0397,-0.5403,0.0
116,F_N+PB+MED,10,Persistencia,B_latidos,1920,480,one-beat-ahead,-0.398,0.369964,0.608246,0.281913,8.4095,0.0363,-0.5424,0.0
117,F_SIN,3,Persistencia,B_latidos,1224,306,one-beat-ahead,0.4956,0.386801,0.621933,0.356876,10.9288,0.0299,0.4979,0.0
117,F_SIN,5,Persistencia,B_latidos,1222,306,one-beat-ahead,0.4956,0.386674,0.621831,0.356817,10.927,0.0413,0.4985,0.0
117,F_SIN,10,Persistencia,B_latidos,1218,305,one-beat-ahead,0.4975,0.385318,0.62074,0.356614,10.6653,0.0725,0.497,0.0
117,F_N,3,Persistencia,B_latidos,1224,306,one-beat-ahead,0.4958,0.386663,0.621823,0.356768,10.9263,0.0255,0.498,0.0
117,F_N,5,Persistencia,B_latidos,1222,306,one-beat-ahead,0.4958,0.386537,0.621721,0.35671,10.9245,0.058,0.4987,0.0
117,F_N,10,Persistencia,B_latidos,1218,305,one-beat-ahead,0.4977,0.38518,0.620629,0.356506,10.6725,0.0421,0.4972,0.0
117,F_PB,3,Persistencia,B_latidos,1224,306,one-beat-ahead,0.4758,0.444136,0.666435,0.266438,10.642,0.0215,0.4864,0.0
117,F_PB,5,Persistencia,B_latidos,1222,306,one-beat-ahead,0.4758,0.444186,0.666473,0.266453,10.6426,0.0715,0.4872,0.0
117,F_PB,10,Persistencia,B_latidos,1218,305,one-beat-ahead,0.4783,0.442321,0.665072,0.26599,11.1689,0.0376,0.4848,0.0
117,F_MED,3,Persistencia,B_latidos,1224,306,one-beat-ahead,0.7928,0.153236,0.391453,0.302699,8.2094,0.0347,0.7391,0.0
117,F_MED,5,Persistencia,B_latidos,1222,306,one-beat-ahead,0.7928,0.153157,0.391353,0.302622,8.2073,0.0426,0.7391,0.0
117,F_MED,10,Persistencia,B_latidos,1218,305,one-beat-ahead,0.7928,0.153195,0.391401,0.302716,7.9639,0.0602,0.7385,0.0
117,F_N+PB,3,Persistencia,B_latidos,1224,306,one-beat-ahead,0.4759,0.444062,0.66638,0.266423,10.6406,0.0327,0.4865,0.0
117,F_N+PB,5,Persistencia,B_latidos,1222,306,one-beat-ahead,0.4759,0.444112,0.666417,0.266438,10.6412,0.0647,0.4873,0.0
117,F_N+PB,10,Persistencia,B_latidos,1218,305,one-beat-ahead,0.4783,0.442247,0.665017,0.265975,11.1684,0.0183,0.4849,0.0
117,F_N+MED,3,Persistencia,B_latidos,1224,306,one-beat-ahead,0.793,0.153107,0.391289,0.302531,8.2074,0.0329,0.7392,0.0
117,F_N+MED,5,Persistencia,B_latidos,1222,306,one-beat-ahead,0.793,0.153028,0.391188,0.302453,8.2053,0.0849,0.7391,0.0
117,F_N+MED,10,Persistencia,B_latidos,1218,305,one-beat-ahead,0.793,0.153065,0.391236,0.302542,7.9693,0.0527,0.7386,0.0
117,F_N+PB+MED,3,Persistencia,B_latidos,1224,306,one-beat-ahead,0.9291,0.06066,0.246294,0.149549,4.93,0.0263,0.9076,0.0
117,F_N+PB+MED,5,Persistencia,B_latidos,1222,306,one-beat-ahead,0.9291,0.060667,0.246308,0.149558,4.9303,0.0716,0.9076,0.0
117,F_N+PB+MED,10,Persistencia,B_latidos,1218,305,one-beat-ahead,0.9294,0.060451,0.245867,0.149306,5.3338,0.0342,0.9072,0.0
118,F_SIN,3,Persistencia,B_latidos,1818,455,one-beat-ahead,0.4807,0.545552,0.738615,0.355342,13.4082,0.0221,0.4588,0.0
118,F_SIN,5,Persistencia,B_latidos,1816,455,one-beat-ahead,0.4807,0.545533,0.738602,0.355336,13.408,0.0816,0.4586,0.0
118,F_SIN,10,Persistencia,B_latidos,1812,454,one-beat-ahead,0.4797,0.546438,0.739214,0.355726,12.3765,0.0808,0.4584,0.0
118,F_N,3,Persistencia,B_latidos,1818,455,one-beat-ahead,0.4809,0.545252,0.738412,0.355138,13.3977,0.0242,0.459,0.0
118,F_N,5,Persistencia,B_latidos,1816,455,one-beat-ahead,0.4809,0.545233,0.738399,0.355132,13.3975,0.0304,0.4587,0.0
118,F_N,10,Persistencia,B_latidos,1812,454,one-beat-ahead,0.4799,0.546137,0.739011,0.355524,12.3905,0.0654,0.4586,0.0
118,F_PB,3,Persistencia,B_latidos,1818,455,one-beat-ahead,0.4904,0.604232,0.777324,0.348004,14.0229,0.0197,0.441,0.0
118,F_PB,5,Persistencia,B_latidos,1816,455,one-beat-ahead,0.4904,0.604184,0.777292,0.34799,14.0223,0.0307,0.4406,0.0
118,F_PB,10,Persistencia,B_latidos,1812,454,one-beat-ahead,0.4894,0.605279,0.777997,0.348452,13.2114,0.0625,0.4404,0.0
118,F_MED,3,Persistencia,B_latidos,1818,455,one-beat-ahead,0.6256,0.336912,0.580441,0.312945,9.9267,0.0223,0.5775,0.0
118,F_MED,5,Persistencia,B_latidos,1816,455,one-beat-ahead,0.6256,0.336945,0.580469,0.31296,9.9272,0.0642,0.5774,0.0
118,F_MED,10,Persistencia,B_latidos,1812,454,one-beat-ahead,0.6249,0.33741,0.58087,0.313182,11.1225,0.0659,0.5773,0.0
118,F_N+PB,3,Persistencia,B_latidos,1818,455,one-beat-ahead,0.4905,0.604158,0.777276,0.347973,14.0223,0.0231,0.441,0.0
118,F_N+PB,5,Persistencia,B_latidos,1816,455,one-beat-ahead,0.4905,0.604109,0.777245,0.347959,14.0217,0.0414,0.4406,0.0
118,F_N+PB,10,Persistencia,B_latidos,1812,454,one-beat-ahead,0.4895,0.605205,0.777949,0.34842,13.211,0.0565,0.4404,0.0
118,F_N+MED,3,Persistencia,B_latidos,1818,455,one-beat-ahead,0.6256,0.336498,0.580085,0.312816,9.9139,0.0242,0.5775,0.0
118,F_N+MED,5,Persistencia,B_latidos,1816,455,one-beat-ahead,0.6256,0.336531,0.580113,0.312831,9.9144,0.0324,0.5775,0.0
118,F_N+MED,10,Persistencia,B_latidos,1812,454,one-beat-ahead,0.6249,0.336997,0.580514,0.313059,11.1153,0.0574,0.5773,0.0
118,F_N+PB+MED,3,Persistencia,B_latidos,1818,455,one-beat-ahead,0.6259,0.43635,0.660568,0.318905,11.0698,0.0221,0.5497,0.0
118,F_N+PB+MED,5,Persistencia,B_latidos,1816,455,one-beat-ahead,0.6259,0.436376,0.660588,0.318914,11.0701,0.0488,0.5494,0.0
118,F_N+PB+MED,10,Persistencia,B_latidos,1812,454,one-beat-ahead,0.6252,0.437181,0.661197,0.319302,12.0144,0.0607,0.5493,0.0
119,F_SIN,3,Persistencia,B_latidos,1585,397,one-beat-ahead,-0.8638,1.868937,1.367091,0.732963,14.4485,0.0198,-0.9927,0.0
119,F_SIN,5,Persistencia,B_latidos,1584,396,one-beat-ahead,-0.8678,1.864579,1.365496,0.731482,14.8166,0.0414,-0.9921,0.0
119,F_SIN,10,Persistencia,B_latidos,1580,395,one-beat-ahead,-0.8604,1.858858,1.3634,0.729767,13.8604,0.0406,-0.9935,0.0
119,F_N,3,Persistencia,B_latidos,1585,397,one-beat-ahead,-0.8638,1.868926,1.367087,0.732965,14.4423,0.0215,-0.9927,0.0
119,F_N,5,Persistencia,B_latidos,1584,396,one-beat-ahead,-0.8678,1.864568,1.365492,0.731484,14.796,0.0654,-0.9921,0.0
119,F_N,10,Persistencia,B_latidos,1580,395,one-beat-ahead,-0.8604,1.858846,1.363395,0.729768,13.8702,0.0373,-0.9935,0.0
119,F_PB,3,Persistencia,B_latidos,1585,397,one-beat-ahead,-0.9248,1.842518,1.357394,0.676553,13.063,0.0215,-0.9811,0.0
119,F_PB,5,Persistencia,B_latidos,1584,396,one-beat-ahead,-0.9301,1.838963,1.356084,0.675454,13.3805,0.0459,-0.9805,0.0
119,F_PB,10,Persistencia,B_latidos,1580,395,one-beat-ahead,-0.923,1.83386,1.354201,0.674096,12.4509,0.0926,-0.9818,0.0
119,F_MED,3,Persistencia,B_latidos,1585,397,one-beat-ahead,-0.8019,1.831467,1.353317,0.719226,14.8896,0.0216,-0.927,0.0
119,F_MED,5,Persistencia,B_latidos,1584,396,one-beat-ahead,-0.8079,1.825022,1.350934,0.717339,14.7161,0.0421,-0.9254,0.0
119,F_MED,10,Persistencia,B_latidos,1580,395,one-beat-ahead,-0.7984,1.817368,1.348098,0.715094,13.4523,0.0243,-0.9277,0.0
119,F_N+PB,3,Persistencia,B_latidos,1585,397,one-beat-ahead,-0.9248,1.842518,1.357394,0.676555,13.0631,0.0214,-0.9811,0.0
119,F_N+PB,5,Persistencia,B_latidos,1584,396,one-beat-ahead,-0.9302,1.838963,1.356084,0.675456,13.3808,0.041,-0.9805,0.0
119,F_N+PB,10,Persistencia,B_latidos,1580,395,one-beat-ahead,-0.923,1.833859,1.354201,0.674098,12.4512,0.05,-0.9818,0.0
119,F_N+MED,3,Persistencia,B_latidos,1585,397,one-beat-ahead,-0.801,1.830744,1.35305,0.718949,14.8912,0.0238,-0.9264,0.0
119,F_N+MED,5,Persistencia,B_latidos,1584,396,one-beat-ahead,-0.8071,1.824308,1.35067,0.717064,14.7101,0.0637,-0.9247,0.0
119,F_N+MED,10,Persistencia,B_latidos,1580,395,one-beat-ahead,-0.7976,1.816658,1.347835,0.714818,13.4536,0.0646,-0.927,0.0
119,F_N+PB+MED,3,Persistencia,B_latidos,1585,397,one-beat-ahead,-0.919,1.809076,1.345019,0.64556,13.7351,0.0201,-0.9329,0.0
119,F_N+PB+MED,5,Persistencia,B_latidos,1584,396,one-beat-ahead,-0.9281,1.803543,1.34296,0.644142,13.2722,0.0237,-0.931,0.0
119,F_N+PB+MED,10,Persistencia,B_latidos,1580,395,one-beat-ahead,-0.9186,1.796764,1.340434,0.642336,12.0345,0.0572,-0.9333,0.0
121,F_SIN,3,Persistencia,B_latidos,1486,372,one-beat-ahead,0.6338,1.750919,1.323223,0.856701,26.3619,0.0319,0.6633,0.0
121,F_SIN,5,Persistencia,B_latidos,1484,372,one-beat-ahead,0.6338,1.750307,1.322992,0.856551,26.3573,0.0176,0.6631,0.0
121,F_SIN,10,Persistencia,B_latidos,1480,371,one-beat-ahead,0.6336,1.754131,1.324436,0.857789,28.261,0.0735,0.6633,0.0
121,F_N,3,Persistencia,B_latidos,1486,372,one-beat-ahead,0.6338,1.750877,1.323207,0.856659,26.3662,0.0282,0.6633,0.0
121,F_N,5,Persistencia,B_latidos,1484,372,one-beat-ahead,0.6338,1.750266,1.322976,0.85651,26.3616,0.0423,0.6632,0.0
121,F_N,10,Persistencia,B_latidos,1480,371,one-beat-ahead,0.6336,1.754089,1.32442,0.857747,28.2495,0.0476,0.6633,0.0
121,F_PB,3,Persistencia,B_latidos,1486,372,one-beat-ahead,0.3121,0.681654,0.825624,0.531739,11.6001,0.0212,0.8301,0.0
121,F_PB,5,Persistencia,B_latidos,1484,372,one-beat-ahead,0.3121,0.681764,0.82569,0.531782,11.6011,0.041,0.8298,0.0
121,F_PB,10,Persistencia,B_latidos,1480,371,one-beat-ahead,0.3106,0.683538,0.826764,0.532855,12.3862,0.039,0.8295,0.0
121,F_MED,3,Persistencia,B_latidos,1486,372,one-beat-ahead,0.6208,2.625875,1.620455,1.042556,32.0662,0.0251,0.5541,0.0
121,F_MED,5,Persistencia,B_latidos,1484,372,one-beat-ahead,0.6208,2.624123,1.619914,1.042209,32.0555,0.0487,0.5541,0.0
121,F_MED,10,Persistencia,B_latidos,1480,371,one-beat-ahead,0.6206,2.628782,1.621352,1.043574,34.2635,0.0324,0.5546,0.0
121,F_N+PB,3,Persistencia,B_latidos,1486,372,one-beat-ahead,0.3121,0.681658,0.825626,0.531737,11.5998,0.0197,0.8301,0.0
121,F_N+PB,5,Persistencia,B_latidos,1484,372,one-beat-ahead,0.3121,0.681768,0.825692,0.531779,11.6007,0.0626,0.8298,0.0
121,F_N+PB,10,Persistencia,B_latidos,1480,371,one-beat-ahead,0.3106,0.683542,0.826766,0.532852,12.3858,0.0489,0.8296,0.0
121,F_N+MED,3,Persistencia,B_latidos,1486,372,one-beat-ahead,0.6209,2.625308,1.62028,1.042474,32.0737,0.02,0.5542,0.0
121,F_N+MED,5,Persistencia,B_latidos,1484,372,one-beat-ahead,0.6209,2.623561,1.619741,1.042128,32.063,0.0855,0.5542,0.0
121,F_N+MED,10,Persistencia,B_latidos,1480,371,one-beat-ahead,0.6207,2.628227,1.621181,1.043495,34.2659,0.0395,0.5548,0.0
121,F_N+PB+MED,3,Persistencia,B_latidos,1486,372,one-beat-ahead,-0.3454,1.635801,1.278984,0.81514,17.5494,0.0185,0.7633,0.0
121,F_N+PB+MED,5,Persistencia,B_latidos,1484,372,one-beat-ahead,-0.3454,1.635915,1.279029,0.815169,17.5501,0.0345,0.7629,0.0
121,F_N+PB+MED,10,Persistencia,B_latidos,1480,371,one-beat-ahead,-0.3488,1.640683,1.280891,0.81698,16.5915,0.0419,0.7625,0.0
122,F_SIN,3,Persistencia,B_latidos,1976,495,one-beat-ahead,0.8219,0.183867,0.428798,0.211901,8.9327,0.0258,0.808,0.0
122,F_SIN,5,Persistencia,B_latidos,1975,494,one-beat-ahead,0.8217,0.184137,0.429111,0.212132,7.1952,0.0404,0.8086,0.0
122,F_SIN,10,Persistencia,B_latidos,1971,493,one-beat-ahead,0.8213,0.184474,0.429505,0.212413,8.8355,0.0548,0.8086,0.0
122,F_N,3,Persistencia,B_latidos,1976,495,one-beat-ahead,0.8223,0.183576,0.428457,0.211369,8.9162,0.0196,0.8086,0.0
122,F_N,5,Persistencia,B_latidos,1975,494,one-beat-ahead,0.822,0.183845,0.428772,0.211601,7.1784,0.038,0.8093,0.0
122,F_N,10,Persistencia,B_latidos,1971,493,one-beat-ahead,0.8216,0.184183,0.429165,0.211886,8.811,0.0409,0.8093,0.0
122,F_PB,3,Persistencia,B_latidos,1976,495,one-beat-ahead,0.8368,0.172179,0.414945,0.159921,8.4802,0.0244,0.8287,0.0
122,F_PB,5,Persistencia,B_latidos,1975,494,one-beat-ahead,0.8365,0.172438,0.415256,0.160056,6.7908,0.0586,0.8294,0.0
122,F_PB,10,Persistencia,B_latidos,1971,493,one-beat-ahead,0.8362,0.172765,0.41565,0.160219,8.6105,0.0693,0.8294,0.0
122,F_MED,3,Persistencia,B_latidos,1976,495,one-beat-ahead,0.73,0.237948,0.487799,0.35524,9.4887,0.0179,0.6982,0.0
122,F_MED,5,Persistencia,B_latidos,1975,494,one-beat-ahead,0.7297,0.238175,0.488032,0.355612,9.2148,0.0624,0.6984,0.0
122,F_MED,10,Persistencia,B_latidos,1971,493,one-beat-ahead,0.7291,0.238475,0.488339,0.356022,10.3262,0.0667,0.6986,0.0
122,F_N+PB,3,Persistencia,B_latidos,1976,495,one-beat-ahead,0.8368,0.172153,0.414913,0.159909,8.4802,0.0288,0.8288,0.0
122,F_N+PB,5,Persistencia,B_latidos,1975,494,one-beat-ahead,0.8365,0.172412,0.415225,0.160044,6.7909,0.0493,0.8294,0.0
122,F_N+PB,10,Persistencia,B_latidos,1971,493,one-beat-ahead,0.8362,0.172739,0.415619,0.160208,8.6103,0.0414,0.8295,0.0
122,F_N+MED,3,Persistencia,B_latidos,1976,495,one-beat-ahead,0.731,0.237291,0.487125,0.354492,9.5114,0.0194,0.6993,0.0
122,F_N+MED,5,Persistencia,B_latidos,1975,494,one-beat-ahead,0.7306,0.237525,0.487366,0.354861,9.1848,0.0397,0.6994,0.0
122,F_N+MED,10,Persistencia,B_latidos,1971,493,one-beat-ahead,0.7301,0.237823,0.487671,0.355267,10.3435,0.0613,0.6996,0.0
122,F_N+PB+MED,3,Persistencia,B_latidos,1976,495,one-beat-ahead,0.7945,0.206708,0.454651,0.23935,8.707,0.0249,0.7844,0.0
122,F_N+PB+MED,5,Persistencia,B_latidos,1975,494,one-beat-ahead,0.7943,0.206849,0.454806,0.239476,7.4994,0.0611,0.7847,0.0
122,F_N+PB+MED,10,Persistencia,B_latidos,1971,493,one-beat-ahead,0.7938,0.207157,0.455145,0.239626,9.8667,0.0611,0.785,0.0
123,F_SIN,3,Persistencia,B_latidos,1210,303,one-beat-ahead,-0.5858,1.683744,1.297592,0.560192,16.871,0.024,-0.5635,0.0
123,F_SIN,5,Persistencia,B_latidos,1208,303,one-beat-ahead,-0.5858,1.684738,1.297975,0.560358,16.876,0.0751,-0.5627,0.0
123,F_SIN,10,Persistencia,B_latidos,1204,302,one-beat-ahead,-0.5874,1.686961,1.298831,0.560857,15.4007,0.0663,-0.562,0.0
123,F_N,3,Persistencia,B_latidos,1210,303,one-beat-ahead,-0.5857,1.683631,1.297548,0.560178,16.8856,0.0207,-0.5634,0.0
123,F_N,5,Persistencia,B_latidos,1208,303,one-beat-ahead,-0.5857,1.684625,1.297931,0.560343,16.8906,0.0586,-0.5626,0.0
123,F_N,10,Persistencia,B_latidos,1204,302,one-beat-ahead,-0.5873,1.686849,1.298787,0.560843,15.39,0.0414,-0.5619,0.0
123,F_PB,3,Persistencia,B_latidos,1210,303,one-beat-ahead,-0.6339,1.763395,1.327929,0.487103,17.1437,0.0207,-0.63,0.0
123,F_PB,5,Persistencia,B_latidos,1208,303,one-beat-ahead,-0.6339,1.763955,1.32814,0.48718,17.1465,0.0524,-0.6292,0.0
123,F_PB,10,Persistencia,B_latidos,1204,302,one-beat-ahead,-0.6356,1.766205,1.328986,0.487632,15.036,0.0641,-0.6286,0.0
123,F_MED,3,Persistencia,B_latidos,1210,303,one-beat-ahead,0.2524,0.745834,0.863617,0.598207,15.7121,0.0318,0.3092,0.0
123,F_MED,5,Persistencia,B_latidos,1208,303,one-beat-ahead,0.2524,0.746955,0.864266,0.598657,15.7239,0.0602,0.3091,0.0
123,F_MED,10,Persistencia,B_latidos,1204,302,one-beat-ahead,0.2509,0.749016,0.865457,0.599422,14.9425,0.0454,0.3104,0.0
123,F_N+PB,3,Persistencia,B_latidos,1210,303,one-beat-ahead,-0.6338,1.763314,1.327898,0.487102,17.1447,0.033,-0.6299,0.0
123,F_N+PB,5,Persistencia,B_latidos,1208,303,one-beat-ahead,-0.6338,1.763874,1.328109,0.487179,17.1474,0.0282,-0.6292,0.0
123,F_N+PB,10,Persistencia,B_latidos,1204,302,one-beat-ahead,-0.6356,1.766124,1.328956,0.487632,15.0356,0.0532,-0.6286,0.0
123,F_N+MED,3,Persistencia,B_latidos,1210,303,one-beat-ahead,0.2529,0.745582,0.863471,0.597931,15.7129,0.0234,0.3097,0.0
123,F_N+MED,5,Persistencia,B_latidos,1208,303,one-beat-ahead,0.2529,0.746704,0.86412,0.598381,15.7248,0.0447,0.3096,0.0
123,F_N+MED,10,Persistencia,B_latidos,1204,302,one-beat-ahead,0.2514,0.748763,0.865311,0.599145,14.9436,0.0597,0.3108,0.0
123,F_N+PB+MED,3,Persistencia,B_latidos,1210,303,one-beat-ahead,0.3838,0.66744,0.81697,0.452354,14.8549,0.0209,0.4483,0.0
123,F_N+PB+MED,5,Persistencia,B_latidos,1208,303,one-beat-ahead,0.3838,0.66756,0.817044,0.452395,14.8563,0.0656,0.4484,0.0
123,F_N+PB+MED,10,Persistencia,B_latidos,1204,302,one-beat-ahead,0.382,0.669564,0.818269,0.453176,11.8289,0.0477,0.4507,0.0
124,F_SIN,3,Persistencia,B_latidos,1291,323,one-beat-ahead,0.4562,0.352254,0.59351,0.301146,8.7956,0.031,0.3965,0.0
124,F_SIN,5,Persistencia,B_latidos,1289,323,one-beat-ahead,0.4562,0.352093,0.593374,0.301077,8.7936,0.0346,0.3965,0.0
124,F_SIN,10,Persistencia,B_latidos,1285,322,one-beat-ahead,0.4548,0.352433,0.59366,0.301347,9.8122,0.0366,0.3977,0.0
124,F_N,3,Persistencia,B_latidos,1291,323,one-beat-ahead,0.4562,0.352197,0.593462,0.301112,8.7997,0.0277,0.3966,0.0
124,F_N,5,Persistencia,B_latidos,1289,323,one-beat-ahead,0.4562,0.352035,0.593326,0.301043,8.7977,0.0421,0.3965,0.0
124,F_N,10,Persistencia,B_latidos,1285,322,one-beat-ahead,0.4549,0.352375,0.593612,0.301313,9.8087,0.0512,0.3977,0.0
124,F_PB,3,Persistencia,B_latidos,1291,323,one-beat-ahead,0.4738,0.480696,0.693322,0.256545,8.8181,0.0282,0.3915,0.0
124,F_PB,5,Persistencia,B_latidos,1289,323,one-beat-ahead,0.4738,0.480679,0.69331,0.25654,8.818,0.0668,0.3914,0.0
124,F_PB,10,Persistencia,B_latidos,1285,322,one-beat-ahead,0.4724,0.481489,0.693894,0.256808,9.9624,0.0482,0.3932,0.0
124,F_MED,3,Persistencia,B_latidos,1291,323,one-beat-ahead,0.5115,0.183487,0.428354,0.290862,8.1654,0.0408,0.4468,0.0
124,F_MED,5,Persistencia,B_latidos,1289,323,one-beat-ahead,0.5115,0.183329,0.42817,0.290737,8.1619,0.0754,0.4468,0.0
124,F_MED,10,Persistencia,B_latidos,1285,322,one-beat-ahead,0.5106,0.183452,0.428313,0.290991,7.9985,0.0532,0.4469,0.0
124,F_N+PB,3,Persistencia,B_latidos,1291,323,one-beat-ahead,0.4738,0.480667,0.693302,0.256535,8.8181,0.0233,0.3915,0.0
124,F_N+PB,5,Persistencia,B_latidos,1289,323,one-beat-ahead,0.4738,0.480651,0.69329,0.25653,8.818,0.0368,0.3914,0.0
124,F_N+PB,10,Persistencia,B_latidos,1285,322,one-beat-ahead,0.4724,0.48146,0.693873,0.256798,9.9625,0.0463,0.3932,0.0
124,F_N+MED,3,Persistencia,B_latidos,1291,323,one-beat-ahead,0.5116,0.183287,0.42812,0.29084,8.1581,0.0287,0.4468,0.0
124,F_N+MED,5,Persistencia,B_latidos,1289,323,one-beat-ahead,0.5116,0.183129,0.427936,0.290714,8.1546,0.0518,0.4468,0.0
124,F_N+MED,10,Persistencia,B_latidos,1285,322,one-beat-ahead,0.5106,0.183252,0.428079,0.290967,7.9944,0.0615,0.4469,0.0
124,F_N+PB+MED,3,Persistencia,B_latidos,1291,323,one-beat-ahead,0.6137,0.32468,0.569807,0.262092,10.2303,0.0286,0.5455,0.0
124,F_N+PB+MED,5,Persistencia,B_latidos,1289,323,one-beat-ahead,0.6137,0.32465,0.569781,0.26208,10.2298,0.0764,0.5454,0.0
124,F_N+PB+MED,10,Persistencia,B_latidos,1285,322,one-beat-ahead,0.6127,0.325241,0.570299,0.262374,10.3216,0.0211,0.5458,0.0
200,F_SIN,3,Persistencia,B_latidos,2076,520,one-beat-ahead,-0.8746,1.660491,1.2886,0.766372,13.8557,0.0212,-0.8466,0.0
200,F_SIN,5,Persistencia,B_latidos,2075,519,one-beat-ahead,-0.8796,1.658491,1.287824,0.7658,13.7402,0.0545,-0.8455,0.0
200,F_SIN,10,Persistencia,B_latidos,2071,518,one-beat-ahead,-0.8746,1.655748,1.286759,0.764957,15.45,0.0527,-0.8471,0.0
200,F_N,3,Persistencia,B_latidos,2076,520,one-beat-ahead,-0.8746,1.660656,1.288664,0.765918,13.8403,0.0244,-0.8465,0.0
200,F_N,5,Persistencia,B_latidos,2075,519,one-beat-ahead,-0.8795,1.658655,1.287888,0.765346,13.7231,0.0472,-0.8454,0.0
200,F_N,10,Persistencia,B_latidos,2071,518,one-beat-ahead,-0.8745,1.65591,1.286822,0.764502,15.447,0.0169,-0.847,0.0
200,F_PB,3,Persistencia,B_latidos,2076,520,one-beat-ahead,-0.9168,1.722041,1.312265,0.758893,13.4327,0.0314,-0.9129,0.0
200,F_PB,5,Persistencia,B_latidos,2075,519,one-beat-ahead,-0.9219,1.719839,1.311426,0.758207,13.6671,0.0287,-0.9116,0.0
200,F_PB,10,Persistencia,B_latidos,2071,518,one-beat-ahead,-0.9167,1.716946,1.310323,0.757369,15.9568,0.0387,-0.9136,0.0
200,F_MED,3,Persistencia,B_latidos,2076,520,one-beat-ahead,-1.0857,1.934098,1.390718,0.857156,15.0701,0.0216,-1.0464,0.0
200,F_MED,5,Persistencia,B_latidos,2075,519,one-beat-ahead,-1.0942,1.931324,1.389721,0.856336,14.7909,0.061,-1.0441,0.0
200,F_MED,10,Persistencia,B_latidos,2071,518,one-beat-ahead,-1.0861,1.926594,1.388018,0.854969,15.2987,0.0425,-1.0459,0.0
200,F_N+PB,3,Persistencia,B_latidos,2076,520,one-beat-ahead,-0.9168,1.722063,1.312274,0.758897,13.4328,0.0255,-0.9129,0.0
200,F_N+PB,5,Persistencia,B_latidos,2075,519,one-beat-ahead,-0.9219,1.719861,1.311435,0.758212,13.6664,0.0428,-0.9116,0.0
200,F_N+PB,10,Persistencia,B_latidos,2071,518,one-beat-ahead,-0.9167,1.716968,1.310331,0.757373,15.9566,0.0363,-0.9136,0.0
200,F_N+MED,3,Persistencia,B_latidos,2076,520,one-beat-ahead,-1.0862,1.933245,1.390412,0.857082,15.0703,0.0299,-1.0457,0.0
200,F_N+MED,5,Persistencia,B_latidos,2075,519,one-beat-ahead,-1.0947,1.930453,1.389407,0.856262,14.7931,0.0645,-1.0434,0.0
200,F_N+MED,10,Persistencia,B_latidos,2071,518,one-beat-ahead,-1.0867,1.925728,1.387706,0.854902,15.2638,0.072,-1.0453,0.0
200,F_N+PB+MED,3,Persistencia,B_latidos,2076,520,one-beat-ahead,-1.1819,2.074595,1.440345,0.860904,14.9372,0.0298,-1.2007,0.0
200,F_N+PB+MED,5,Persistencia,B_latidos,2075,519,one-beat-ahead,-1.1904,2.071334,1.439213,0.859905,14.2746,0.0714,-1.1983,0.0
200,F_N+PB+MED,10,Persistencia,B_latidos,2071,518,one-beat-ahead,-1.1821,2.066468,1.437522,0.858578,15.2026,0.0417,-1.2011,0.0
201,F_SIN,3,Persistencia,B_latidos,1566,392,one-beat-ahead,-0.7839,1.826951,1.351648,0.720304,13.066,0.031,-0.6148,0.0
201,F_SIN,5,Persistencia,B_latidos,1564,392,one-beat-ahead,-0.7839,1.826857,1.351613,0.720285,13.0656,0.0655,-0.6156,0.0
201,F_SIN,10,Persistencia,B_latidos,1560,391,one-beat-ahead,-0.784,1.826599,1.351517,0.720234,13.9139,0.0729,-0.6153,0.0
201,F_N,3,Persistencia,B_latidos,1566,392,one-beat-ahead,-0.7837,1.82686,1.351614,0.719203,12.9906,0.0255,-0.6144,0.0
201,F_N,5,Persistencia,B_latidos,1564,392,one-beat-ahead,-0.7837,1.826765,1.351579,0.719184,12.9903,0.052,-0.6152,0.0
201,F_N,10,Persistencia,B_latidos,1560,391,one-beat-ahead,-0.7838,1.826507,1.351483,0.719133,13.947,0.0725,-0.6149,0.0
201,F_PB,3,Persistencia,B_latidos,1566,392,one-beat-ahead,-0.8143,2.115766,1.454567,0.746092,13.0636,0.0273,-0.7727,0.0
201,F_PB,5,Persistencia,B_latidos,1564,392,one-beat-ahead,-0.8143,2.115844,1.454594,0.746106,13.0638,0.0546,-0.774,0.0
201,F_PB,10,Persistencia,B_latidos,1560,391,one-beat-ahead,-0.8143,2.116068,1.454671,0.746223,13.5646,0.0397,-0.7738,0.0
201,F_MED,3,Persistencia,B_latidos,1566,392,one-beat-ahead,-0.5556,0.663966,0.814841,0.57762,10.549,0.0217,-0.3886,0.0
201,F_MED,5,Persistencia,B_latidos,1564,392,one-beat-ahead,-0.5556,0.663597,0.814615,0.577459,10.546,0.0381,-0.3885,0.0
201,F_MED,10,Persistencia,B_latidos,1560,391,one-beat-ahead,-0.5567,0.662689,0.814057,0.576923,10.5719,0.0669,-0.389,0.0
201,F_N+PB,3,Persistencia,B_latidos,1566,392,one-beat-ahead,-0.8143,2.11573,1.454555,0.746103,13.0613,0.0183,-0.7727,0.0
201,F_N+PB,5,Persistencia,B_latidos,1564,392,one-beat-ahead,-0.8143,2.115808,1.454582,0.746117,13.0616,0.0548,-0.7739,0.0
201,F_N+PB,10,Persistencia,B_latidos,1560,391,one-beat-ahead,-0.8142,2.116032,1.454659,0.746234,13.5626,0.0394,-0.7738,0.0
201,F_N+MED,3,Persistencia,B_latidos,1566,392,one-beat-ahead,-0.556,0.664955,0.815448,0.578066,10.5504,0.0204,-0.3892,0.0
201,F_N+MED,5,Persistencia,B_latidos,1564,392,one-beat-ahead,-0.556,0.66459,0.815224,0.577907,10.5475,0.0453,-0.3892,0.0
201,F_N+MED,10,Persistencia,B_latidos,1560,391,one-beat-ahead,-0.5572,0.663658,0.814652,0.57735,10.5425,0.063,-0.3897,0.0
201,F_N+PB+MED,3,Persistencia,B_latidos,1566,392,one-beat-ahead,-0.8073,0.908813,0.953317,0.681571,11.7177,0.0283,-0.8319,0.0
201,F_N+PB+MED,5,Persistencia,B_latidos,1564,392,one-beat-ahead,-0.8073,0.908339,0.953068,0.681393,11.7147,0.0524,-0.8322,0.0
201,F_N+PB+MED,10,Persistencia,B_latidos,1560,391,one-beat-ahead,-0.8067,0.908299,0.953047,0.681254,11.3056,0.0931,-0.8323,0.0
202,F_SIN,3,Persistencia,B_latidos,1704,427,one-beat-ahead,-0.3761,1.52231,1.233819,0.554631,12.4517,0.0311,-0.0415,0.0
202,F_SIN,5,Persistencia,B_latidos,1703,426,one-beat-ahead,-0.379,1.525884,1.235267,0.555716,11.8261,0.0417,-0.0417,0.0
202,F_SIN,10,Persistencia,B_latidos,1699,425,one-beat-ahead,-0.3826,1.529509,1.236733,0.556741,12.1816,0.0417,-0.0421,0.0
202,F_N,3,Persistencia,B_latidos,1704,427,one-beat-ahead,-0.3755,1.521798,1.233612,0.551566,12.463,0.0254,-0.0405,0.0
202,F_N,5,Persistencia,B_latidos,1703,426,one-beat-ahead,-0.3784,1.525372,1.235059,0.552646,11.8631,0.0456,-0.0406,0.0
202,F_N,10,Persistencia,B_latidos,1699,425,one-beat-ahead,-0.382,1.528999,1.236527,0.553672,12.2518,0.0364,-0.0411,0.0
202,F_PB,3,Persistencia,B_latidos,1704,427,one-beat-ahead,-0.4084,1.773773,1.331831,0.578854,12.8168,0.0222,-0.0439,0.0
202,F_PB,5,Persistencia,B_latidos,1703,426,one-beat-ahead,-0.4113,1.777568,1.333255,0.579955,12.4495,0.0646,-0.0438,0.0
202,F_PB,10,Persistencia,B_latidos,1699,425,one-beat-ahead,-0.4148,1.781718,1.33481,0.581059,12.5437,0.0737,-0.0441,0.0
202,F_MED,3,Persistencia,B_latidos,1704,427,one-beat-ahead,-0.0573,0.545237,0.738401,0.477081,9.5976,0.0235,0.0783,0.0
202,F_MED,5,Persistencia,B_latidos,1703,426,one-beat-ahead,-0.0596,0.546893,0.739522,0.478088,10.4889,0.0325,0.0772,0.0
202,F_MED,10,Persistencia,B_latidos,1699,425,one-beat-ahead,-0.0624,0.548345,0.740503,0.478991,10.1026,0.0755,0.0758,0.0
202,F_N+PB,3,Persistencia,B_latidos,1704,427,one-beat-ahead,-0.4083,1.773737,1.331817,0.578847,12.8178,0.0302,-0.0439,0.0
202,F_N+PB,5,Persistencia,B_latidos,1703,426,one-beat-ahead,-0.4113,1.777532,1.333241,0.579948,12.4517,0.0695,-0.0437,0.0
202,F_N+PB,10,Persistencia,B_latidos,1699,425,one-beat-ahead,-0.4148,1.781682,1.334797,0.581053,12.545,0.0255,-0.0441,0.0
202,F_N+MED,3,Persistencia,B_latidos,1704,427,one-beat-ahead,-0.0595,0.546101,0.738986,0.478656,9.6425,0.0349,0.0781,0.0
202,F_N+MED,5,Persistencia,B_latidos,1703,426,one-beat-ahead,-0.0618,0.547754,0.740104,0.479649,10.4428,0.0394,0.0769,0.0
202,F_N+MED,10,Persistencia,B_latidos,1699,425,one-beat-ahead,-0.0646,0.549214,0.74109,0.480572,10.1254,0.0527,0.0756,0.0
202,F_N+PB+MED,3,Persistencia,B_latidos,1704,427,one-beat-ahead,-0.2922,1.095275,1.046554,0.64875,11.9435,0.0199,0.1324,0.0
202,F_N+PB+MED,5,Persistencia,B_latidos,1703,426,one-beat-ahead,-0.2952,1.097731,1.047726,0.649886,12.6064,0.0522,0.1322,0.0
202,F_N+PB+MED,10,Persistencia,B_latidos,1699,425,one-beat-ahead,-0.2979,1.100305,1.048954,0.651075,12.5523,0.0294,0.131,0.0
203,F_SIN,3,Persistencia,B_latidos,2376,595,one-beat-ahead,-0.5268,1.512654,1.2299,0.838427,14.9603,0.0318,-0.5876,0.0
203,F_SIN,5,Persistencia,B_latidos,2375,594,one-beat-ahead,-0.5267,1.513732,1.230338,0.838778,15.1391,0.0477,-0.5877,0.0
203,F_SIN,10,Persistencia,B_latidos,2371,593,one-beat-ahead,-0.5273,1.514395,1.230608,0.838982,16.6718,0.0519,-0.5869,0.0
203,F_N,3,Persistencia,B_latidos,2376,595,one-beat-ahead,-0.5266,1.512742,1.229936,0.838234,14.9724,0.0246,-0.5873,0.0
203,F_N,5,Persistencia,B_latidos,2375,594,one-beat-ahead,-0.5265,1.51382,1.230374,0.838587,15.1158,0.0503,-0.5874,0.0
203,F_N,10,Persistencia,B_latidos,2371,593,one-beat-ahead,-0.5271,1.51448,1.230642,0.838791,16.6767,0.0534,-0.5866,0.0
203,F_PB,3,Persistencia,B_latidos,2376,595,one-beat-ahead,-0.8355,1.6706,1.292517,0.80028,14.339,0.0205,-0.8964,0.0
203,F_PB,5,Persistencia,B_latidos,2375,594,one-beat-ahead,-0.8351,1.671671,1.292931,0.800512,14.0364,0.0394,-0.8964,0.0
203,F_PB,10,Persistencia,B_latidos,2371,593,one-beat-ahead,-0.8361,1.672087,1.293092,0.800393,15.5537,0.0387,-0.8951,0.0
203,F_MED,3,Persistencia,B_latidos,2376,595,one-beat-ahead,-0.3865,1.534284,1.238662,0.87479,16.0339,0.0221,-0.4505,0.0
203,F_MED,5,Persistencia,B_latidos,2375,594,one-beat-ahead,-0.3864,1.535704,1.239235,0.875406,16.0943,0.0506,-0.4508,0.0
203,F_MED,10,Persistencia,B_latidos,2371,593,one-beat-ahead,-0.3871,1.536397,1.239515,0.875739,18.2079,0.0601,-0.4509,0.0
203,F_N+PB,3,Persistencia,B_latidos,2376,595,one-beat-ahead,-0.8355,1.670609,1.29252,0.800282,14.3402,0.0192,-0.8964,0.0
203,F_N+PB,5,Persistencia,B_latidos,2375,594,one-beat-ahead,-0.8351,1.671681,1.292935,0.800514,14.0362,0.0383,-0.8964,0.0
203,F_N+PB,10,Persistencia,B_latidos,2371,593,one-beat-ahead,-0.8361,1.672097,1.293096,0.800395,15.5536,0.0815,-0.8951,0.0
203,F_N+MED,3,Persistencia,B_latidos,2376,595,one-beat-ahead,-0.3862,1.532425,1.237912,0.874622,16.0439,0.019,-0.4507,0.0
203,F_N+MED,5,Persistencia,B_latidos,2375,594,one-beat-ahead,-0.386,1.533845,1.238485,0.87524,16.0823,0.0432,-0.451,0.0
203,F_N+MED,10,Persistencia,B_latidos,2371,593,one-beat-ahead,-0.3867,1.534508,1.238753,0.875568,18.1964,0.0446,-0.4511,0.0
203,F_N+PB+MED,3,Persistencia,B_latidos,2376,595,one-beat-ahead,-0.8282,1.830885,1.353102,0.869656,14.996,0.0263,-0.9712,0.0
203,F_N+PB+MED,5,Persistencia,B_latidos,2375,594,one-beat-ahead,-0.8279,1.832605,1.353737,0.870202,15.5106,0.0596,-0.9711,0.0
203,F_N+PB+MED,10,Persistencia,B_latidos,2371,593,one-beat-ahead,-0.8288,1.832692,1.35377,0.870039,17.312,0.0459,-0.9702,0.0
205,F_SIN,3,Persistencia,B_latidos,2120,531,one-beat-ahead,0.2048,0.972471,0.986139,0.371692,16.9951,0.0204,0.5848,0.0
205,F_SIN,5,Persistencia,B_latidos,2119,530,one-beat-ahead,0.2038,0.974343,0.987088,0.372235,14.9322,0.0465,0.5847,0.0
205,F_SIN,10,Persistencia,B_latidos,2115,529,one-beat-ahead,0.2027,0.975797,0.987824,0.372484,14.7476,0.0319,0.5848,0.0
205,F_N,3,Persistencia,B_latidos,2120,531,one-beat-ahead,0.2049,0.972408,0.986108,0.37168,16.9889,0.0187,0.5849,0.0
205,F_N,5,Persistencia,B_latidos,2119,530,one-beat-ahead,0.2038,0.974281,0.987057,0.372223,14.9149,0.0356,0.5848,0.0
205,F_N,10,Persistencia,B_latidos,2115,529,one-beat-ahead,0.2028,0.975734,0.987793,0.372471,14.7501,0.0527,0.585,0.0
205,F_PB,3,Persistencia,B_latidos,2120,531,one-beat-ahead,0.19,1.06834,1.033605,0.355127,17.3364,0.0307,0.5754,0.0
205,F_PB,5,Persistencia,B_latidos,2119,530,one-beat-ahead,0.189,1.070312,1.034559,0.355642,14.343,0.0393,0.5753,0.0
205,F_PB,10,Persistencia,B_latidos,2115,529,one-beat-ahead,0.1882,1.071837,1.035296,0.356001,15.0455,0.0393,0.5754,0.0
205,F_MED,3,Persistencia,B_latidos,2120,531,one-beat-ahead,-0.182,2.342292,1.530455,0.518993,22.6222,0.0223,0.452,0.0
205,F_MED,5,Persistencia,B_latidos,2119,530,one-beat-ahead,-0.1829,2.347264,1.532078,0.519821,21.9905,0.0513,0.4518,0.0
205,F_MED,10,Persistencia,B_latidos,2115,529,one-beat-ahead,-0.1844,2.351099,1.533329,0.520188,22.2015,0.0475,0.4518,0.0
205,F_N+PB,3,Persistencia,B_latidos,2120,531,one-beat-ahead,0.19,1.068378,1.033624,0.355124,17.3372,0.0212,0.5754,0.0
205,F_N+PB,5,Persistencia,B_latidos,2119,530,one-beat-ahead,0.189,1.070351,1.034578,0.355639,14.3428,0.0684,0.5753,0.0
205,F_N+PB,10,Persistencia,B_latidos,2115,529,one-beat-ahead,0.1882,1.071876,1.035314,0.355998,15.0466,0.0394,0.5754,0.0
205,F_N+MED,3,Persistencia,B_latidos,2120,531,one-beat-ahead,-0.1817,2.341669,1.530251,0.51869,22.6132,0.0302,0.4523,0.0
205,F_N+MED,5,Persistencia,B_latidos,2119,530,one-beat-ahead,-0.1827,2.346643,1.531876,0.519522,21.9939,0.0426,0.4521,0.0
205,F_N+MED,10,Persistencia,B_latidos,2115,529,one-beat-ahead,-0.1842,2.350471,1.533125,0.519883,22.2012,0.0386,0.4522,0.0
205,F_N+PB+MED,3,Persistencia,B_latidos,2120,531,one-beat-ahead,-0.3,4.619046,2.149196,0.607305,30.2822,0.0239,0.1194,0.0
205,F_N+PB+MED,5,Persistencia,B_latidos,2119,530,one-beat-ahead,-0.3002,4.626121,2.150842,0.608113,27.1298,0.0574,0.1193,0.0
205,F_N+PB+MED,10,Persistencia,B_latidos,2115,529,one-beat-ahead,-0.3004,4.628698,2.151441,0.608634,30.0838,0.0378,0.1191,0.0
207,F_SIN,3,Persistencia,B_latidos,1484,371,one-beat-ahead,0.7232,0.210506,0.45881,0.24461,6.5987,0.0314,0.3447,0.0
207,F_SIN,5,Persistencia,B_latidos,1482,371,one-beat-ahead,0.7232,0.210411,0.458706,0.244554,6.5973,0.0541,0.3459,0.0
207,F_SIN,10,Persistencia,B_latidos,1478,370,one-beat-ahead,0.7225,0.210725,0.459048,0.244812,8.592,0.0598,0.3493,0.0
207,F_N,3,Persistencia,B_latidos,1484,371,one-beat-ahead,0.7243,0.209619,0.457842,0.242841,6.5778,0.0299,0.3455,0.0
207,F_N,5,Persistencia,B_latidos,1482,371,one-beat-ahead,0.7243,0.209524,0.457738,0.242787,6.5763,0.0655,0.3467,0.0
207,F_N,10,Persistencia,B_latidos,1478,370,one-beat-ahead,0.7236,0.209839,0.458082,0.243046,8.5479,0.038,0.35,0.0
207,F_PB,3,Persistencia,B_latidos,1484,371,one-beat-ahead,0.7743,0.220838,0.469934,0.208303,6.7764,0.0238,0.5374,0.0
207,F_PB,5,Persistencia,B_latidos,1482,371,one-beat-ahead,0.7743,0.220777,0.469869,0.208274,6.7754,0.0216,0.5386,0.0
207,F_PB,10,Persistencia,B_latidos,1478,370,one-beat-ahead,0.7737,0.221199,0.470318,0.208617,8.5081,0.0725,0.5419,0.0
207,F_MED,3,Persistencia,B_latidos,1484,371,one-beat-ahead,0.7099,0.203235,0.450816,0.242964,6.5699,0.0324,0.2047,0.0
207,F_MED,5,Persistencia,B_latidos,1482,371,one-beat-ahead,0.7099,0.20315,0.450722,0.242913,6.5686,0.0633,0.2059,0.0
207,F_MED,10,Persistencia,B_latidos,1478,370,one-beat-ahead,0.7092,0.203468,0.451074,0.243141,8.4576,0.0604,0.2095,0.0
207,F_N+PB,3,Persistencia,B_latidos,1484,371,one-beat-ahead,0.7743,0.220859,0.469957,0.208322,6.7767,0.0253,0.5374,0.0
207,F_N+PB,5,Persistencia,B_latidos,1482,371,one-beat-ahead,0.7743,0.220798,0.469892,0.208293,6.7758,0.044,0.5386,0.0
207,F_N+PB,10,Persistencia,B_latidos,1478,370,one-beat-ahead,0.7737,0.22122,0.470341,0.208636,8.5089,0.0402,0.5419,0.0
207,F_N+MED,3,Persistencia,B_latidos,1484,371,one-beat-ahead,0.7102,0.202958,0.450509,0.242484,6.6169,0.0211,0.2038,0.0
207,F_N+MED,5,Persistencia,B_latidos,1482,371,one-beat-ahead,0.7102,0.202874,0.450415,0.242434,6.6155,0.0321,0.205,0.0
207,F_N+MED,10,Persistencia,B_latidos,1478,370,one-beat-ahead,0.7095,0.203192,0.450768,0.242662,8.4611,0.0564,0.2086,0.0
207,F_N+PB+MED,3,Persistencia,B_latidos,1484,371,one-beat-ahead,0.784,0.218928,0.467898,0.207799,7.0694,0.0253,0.4142,0.0
207,F_N+PB+MED,5,Persistencia,B_latidos,1482,371,one-beat-ahead,0.784,0.218909,0.467877,0.207789,7.069,0.0629,0.4157,0.0
207,F_N+PB+MED,10,Persistencia,B_latidos,1478,370,one-beat-ahead,0.7835,0.219414,0.468416,0.208137,8.7334,0.0562,0.4198,0.0
208,F_SIN,3,Persistencia,B_latidos,2358,590,one-beat-ahead,-0.7062,1.387264,1.177822,0.777017,13.7682,0.0267,-0.5424,0.0
208,F_SIN,5,Persistencia,B_latidos,2356,590,one-beat-ahead,-0.7062,1.387276,1.177827,0.77702,13.7682,0.0451,-0.541,0.0
208,F_SIN,10,Persistencia,B_latidos,2352,589,one-beat-ahead,-0.7087,1.388343,1.17828,0.777314,14.4072,0.0406,-0.5405,0.0
208,F_N,3,Persistencia,B_latidos,2358,590,one-beat-ahead,-0.7061,1.386841,1.177642,0.776381,13.7126,0.0279,-0.5421,0.0
208,F_N,5,Persistencia,B_latidos,2356,590,one-beat-ahead,-0.7061,1.386853,1.177647,0.776384,13.7127,0.0778,-0.5408,0.0
208,F_N,10,Persistencia,B_latidos,2352,589,one-beat-ahead,-0.7086,1.38792,1.1781,0.77668,14.4198,0.0247,-0.5402,0.0
208,F_PB,3,Persistencia,B_latidos,2358,590,one-beat-ahead,-0.7741,1.683725,1.297584,0.831457,13.8357,0.0334,-0.8216,0.0
208,F_PB,5,Persistencia,B_latidos,2356,590,one-beat-ahead,-0.7741,1.683915,1.297657,0.831503,13.8365,0.0695,-0.8202,0.0
208,F_PB,10,Persistencia,B_latidos,2352,589,one-beat-ahead,-0.7768,1.685467,1.298256,0.831865,14.242,0.0185,-0.8205,0.0
208,F_MED,3,Persistencia,B_latidos,2358,590,one-beat-ahead,-0.869,1.392629,1.180097,0.802584,13.3299,0.0245,-0.5771,0.0
208,F_MED,5,Persistencia,B_latidos,2356,590,one-beat-ahead,-0.869,1.392581,1.180077,0.80257,13.3297,0.0511,-0.576,0.0
208,F_MED,10,Persistencia,B_latidos,2352,589,one-beat-ahead,-0.8707,1.39341,1.180428,0.802728,13.1156,0.0428,-0.5759,0.0
208,F_N+PB,3,Persistencia,B_latidos,2358,590,one-beat-ahead,-0.774,1.683683,1.297568,0.831456,13.8349,0.0194,-0.8216,0.0
208,F_N+PB,5,Persistencia,B_latidos,2356,590,one-beat-ahead,-0.774,1.683872,1.297641,0.831502,13.8357,0.0511,-0.8202,0.0
208,F_N+PB,10,Persistencia,B_latidos,2352,589,one-beat-ahead,-0.7768,1.685425,1.298239,0.831864,14.2427,0.0475,-0.8205,0.0
208,F_N+MED,3,Persistencia,B_latidos,2358,590,one-beat-ahead,-0.8698,1.392653,1.180107,0.802239,13.3055,0.0282,-0.5778,0.0
208,F_N+MED,5,Persistencia,B_latidos,2356,590,one-beat-ahead,-0.8698,1.392612,1.18009,0.802227,13.3053,0.0586,-0.5767,0.0
208,F_N+MED,10,Persistencia,B_latidos,2352,589,one-beat-ahead,-0.8715,1.393422,1.180433,0.802377,13.0766,0.0812,-0.5766,0.0
208,F_N+PB+MED,3,Persistencia,B_latidos,2358,590,one-beat-ahead,-1.0174,1.896109,1.376993,0.906145,14.0184,0.0176,-1.0686,0.0
208,F_N+PB+MED,5,Persistencia,B_latidos,2356,590,one-beat-ahead,-1.0174,1.896332,1.377074,0.906198,14.0192,0.0642,-1.0676,0.0
208,F_N+PB+MED,10,Persistencia,B_latidos,2352,589,one-beat-ahead,-1.0191,1.897985,1.377674,0.906465,13.2761,0.0646,-1.0696,0.0
209,F_SIN,3,Persistencia,B_latidos,2400,600,one-beat-ahead,0.0258,1.018666,1.00929,0.578693,13.8654,0.0288,0.1861,0.0
209,F_SIN,5,Persistencia,B_latidos,2398,600,one-beat-ahead,0.0258,1.018502,1.009209,0.578646,13.8643,0.058,0.1856,0.0
209,F_SIN,10,Persistencia,B_latidos,2394,599,one-beat-ahead,0.0253,1.019314,1.009611,0.579058,16.2743,0.0226,0.185,0.0
209,F_N,3,Persistencia,B_latidos,2400,600,one-beat-ahead,0.027,1.017397,1.008661,0.577333,13.883,0.0222,0.1876,0.0
209,F_N,5,Persistencia,B_latidos,2398,600,one-beat-ahead,0.027,1.017233,1.00858,0.577286,13.8819,0.0362,0.1871,0.0
209,F_N,10,Persistencia,B_latidos,2394,599,one-beat-ahead,0.0265,1.018052,1.008986,0.577702,16.1996,0.0384,0.1865,0.0
209,F_PB,3,Persistencia,B_latidos,2400,600,one-beat-ahead,-0.0509,1.05241,1.02587,0.480282,12.8815,0.0209,0.1395,0.0
209,F_PB,5,Persistencia,B_latidos,2398,600,one-beat-ahead,-0.0509,1.05236,1.025846,0.480271,12.8812,0.0634,0.1388,0.0
209,F_PB,10,Persistencia,B_latidos,2394,599,one-beat-ahead,-0.0517,1.053334,1.026321,0.480581,15.4913,0.0481,0.138,0.0
209,F_MED,3,Persistencia,B_latidos,2400,600,one-beat-ahead,0.3672,0.738448,0.85933,0.64804,15.3527,0.0222,0.4457,0.0
209,F_MED,5,Persistencia,B_latidos,2398,600,one-beat-ahead,0.3672,0.738152,0.859158,0.64791,15.3496,0.04,0.4457,0.0
209,F_MED,10,Persistencia,B_latidos,2394,599,one-beat-ahead,0.3669,0.738819,0.859546,0.648435,14.6925,0.0535,0.4453,0.0
209,F_N+PB,3,Persistencia,B_latidos,2400,600,one-beat-ahead,-0.0508,1.052325,1.025829,0.480298,12.8811,0.0218,0.1396,0.0
209,F_N+PB,5,Persistencia,B_latidos,2398,600,one-beat-ahead,-0.0508,1.052275,1.025805,0.480286,12.8808,0.0195,0.1389,0.0
209,F_N+PB,10,Persistencia,B_latidos,2394,599,one-beat-ahead,-0.0516,1.053249,1.026279,0.480597,15.4894,0.0492,0.1381,0.0
209,F_N+MED,3,Persistencia,B_latidos,2400,600,one-beat-ahead,0.3672,0.738217,0.859195,0.647507,15.3105,0.0246,0.4463,0.0
209,F_N+MED,5,Persistencia,B_latidos,2398,600,one-beat-ahead,0.3672,0.737923,0.859025,0.647378,15.3074,0.0618,0.4463,0.0
209,F_N+MED,10,Persistencia,B_latidos,2394,599,one-beat-ahead,0.3668,0.738586,0.85941,0.647878,14.7,0.0528,0.4459,0.0
209,F_N+PB+MED,3,Persistencia,B_latidos,2400,600,one-beat-ahead,0.3929,0.650373,0.806457,0.543686,13.3977,0.0211,0.3793,0.0
209,F_N+PB+MED,5,Persistencia,B_latidos,2398,600,one-beat-ahead,0.3929,0.650335,0.806433,0.54367,13.3973,0.0582,0.379,0.0
209,F_N+PB+MED,10,Persistencia,B_latidos,2394,599,one-beat-ahead,0.392,0.6512,0.806969,0.544127,12.8054,0.0292,0.3783,0.0
210,F_SIN,3,Persistencia,B_latidos,2116,529,one-beat-ahead,-0.4441,1.348879,1.161413,0.642169,12.9154,0.0189,-0.2601,0.0
210,F_SIN,5,Persistencia,B_latidos,2114,529,one-beat-ahead,-0.4441,1.348822,1.161388,0.642156,12.9152,0.035,-0.2598,0.0
210,F_SIN,10,Persistencia,B_latidos,2110,528,one-beat-ahead,-0.4456,1.350171,1.161969,0.642526,12.4467,0.0575,-0.2596,0.0
210,F_N,3,Persistencia,B_latidos,2116,529,one-beat-ahead,-0.4435,1.348423,1.161216,0.640866,12.9627,0.0346,-0.2593,0.0
210,F_N,5,Persistencia,B_latidos,2114,529,one-beat-ahead,-0.4435,1.348366,1.161192,0.640852,12.9624,0.0618,-0.2589,0.0
210,F_N,10,Persistencia,B_latidos,2110,528,one-beat-ahead,-0.445,1.349716,1.161773,0.641222,12.4051,0.0497,-0.2587,0.0
210,F_PB,3,Persistencia,B_latidos,2116,529,one-beat-ahead,-0.463,1.558547,1.248418,0.621882,13.4013,0.0272,-0.4073,0.0
210,F_PB,5,Persistencia,B_latidos,2114,529,one-beat-ahead,-0.463,1.558679,1.248471,0.621908,13.4018,0.0386,-0.407,0.0
210,F_PB,10,Persistencia,B_latidos,2110,528,one-beat-ahead,-0.4647,1.560659,1.249263,0.622447,12.6404,0.0448,-0.4065,0.0
210,F_MED,3,Persistencia,B_latidos,2116,529,one-beat-ahead,-0.3964,0.966503,0.983109,0.663662,12.492,0.0295,0.0317,0.0
210,F_MED,5,Persistencia,B_latidos,2114,529,one-beat-ahead,-0.3964,0.966367,0.98304,0.663616,12.4911,0.0572,0.0332,0.0
210,F_MED,10,Persistencia,B_latidos,2110,528,one-beat-ahead,-0.3972,0.96721,0.983468,0.66387,12.1117,0.0489,0.0326,0.0
210,F_N+PB,3,Persistencia,B_latidos,2116,529,one-beat-ahead,-0.4629,1.558519,1.248407,0.621889,13.4028,0.028,-0.4072,0.0
210,F_N+PB,5,Persistencia,B_latidos,2114,529,one-beat-ahead,-0.4629,1.558651,1.248459,0.621915,13.4034,0.0348,-0.4069,0.0
210,F_N+PB,10,Persistencia,B_latidos,2110,528,one-beat-ahead,-0.4647,1.560631,1.249252,0.622455,12.6408,0.0453,-0.4065,0.0
210,F_N+MED,3,Persistencia,B_latidos,2116,529,one-beat-ahead,-0.3963,0.965063,0.982376,0.663877,12.5367,0.0215,0.0318,0.0
210,F_N+MED,5,Persistencia,B_latidos,2114,529,one-beat-ahead,-0.3963,0.964922,0.982304,0.663829,12.5358,0.0617,0.0332,0.0
210,F_N+MED,10,Persistencia,B_latidos,2110,528,one-beat-ahead,-0.3971,0.965752,0.982727,0.66407,12.0551,0.0379,0.0327,0.0
210,F_N+PB+MED,3,Persistencia,B_latidos,2116,529,one-beat-ahead,-0.4756,1.561665,1.249666,0.754632,16.1829,0.0202,-0.4012,0.0
210,F_N+PB+MED,5,Persistencia,B_latidos,2114,529,one-beat-ahead,-0.4756,1.562334,1.249934,0.754793,16.1863,0.0497,-0.3985,0.0
210,F_N+PB+MED,10,Persistencia,B_latidos,2110,528,one-beat-ahead,-0.4771,1.565278,1.251111,0.755625,15.7139,0.0517,-0.3988,0.0
212,F_SIN,3,Persistencia,B_latidos,2194,549,one-beat-ahead,0.4829,0.534577,0.731148,0.452182,13.1934,0.0208,0.548,0.0
212,F_SIN,5,Persistencia,B_latidos,2192,549,one-beat-ahead,0.4829,0.534526,0.731113,0.45216,13.1928,0.0574,0.5483,0.0
212,F_SIN,10,Persistencia,B_latidos,2188,548,one-beat-ahead,0.4827,0.534851,0.731335,0.452311,13.4012,0.0382,0.5495,0.0
212,F_N,3,Persistencia,B_latidos,2194,549,one-beat-ahead,0.4846,0.532922,0.730015,0.451001,13.2167,0.0193,0.5502,0.0
212,F_N,5,Persistencia,B_latidos,2192,549,one-beat-ahead,0.4846,0.532871,0.72998,0.45098,13.2161,0.0376,0.5505,0.0
212,F_N,10,Persistencia,B_latidos,2188,548,one-beat-ahead,0.4845,0.533197,0.730203,0.45113,13.4379,0.0678,0.5517,0.0
212,F_PB,3,Persistencia,B_latidos,2194,549,one-beat-ahead,0.5352,0.436038,0.660332,0.318098,11.1819,0.0295,0.6536,0.0
212,F_PB,5,Persistencia,B_latidos,2192,549,one-beat-ahead,0.5352,0.436054,0.660344,0.318104,11.1821,0.0614,0.654,0.0
212,F_PB,10,Persistencia,B_latidos,2188,548,one-beat-ahead,0.5349,0.436346,0.660565,0.318249,12.2061,0.0359,0.6552,0.0
212,F_MED,3,Persistencia,B_latidos,2194,549,one-beat-ahead,0.5265,0.482538,0.694649,0.512512,12.4605,0.0205,0.5703,0.0
212,F_MED,5,Persistencia,B_latidos,2192,549,one-beat-ahead,0.5265,0.482498,0.694621,0.512491,12.46,0.0379,0.5703,0.0
212,F_MED,10,Persistencia,B_latidos,2188,548,one-beat-ahead,0.5263,0.483028,0.695002,0.512728,12.6004,0.0585,0.5712,0.0
212,F_N+PB,3,Persistencia,B_latidos,2194,549,one-beat-ahead,0.5353,0.435967,0.660278,0.318124,11.18,0.0197,0.6537,0.0
212,F_N+PB,5,Persistencia,B_latidos,2192,549,one-beat-ahead,0.5353,0.435983,0.66029,0.318129,11.1802,0.0616,0.6541,0.0
212,F_N+PB,10,Persistencia,B_latidos,2188,548,one-beat-ahead,0.535,0.436275,0.660511,0.318274,12.2061,0.0472,0.6553,0.0
212,F_N+MED,3,Persistencia,B_latidos,2194,549,one-beat-ahead,0.5274,0.481921,0.694205,0.512161,12.4292,0.0213,0.5705,0.0
212,F_N+MED,5,Persistencia,B_latidos,2192,549,one-beat-ahead,0.5274,0.481881,0.694177,0.51214,12.4287,0.0461,0.5705,0.0
212,F_N+MED,10,Persistencia,B_latidos,2188,548,one-beat-ahead,0.5272,0.482423,0.694567,0.512388,12.5756,0.021,0.5714,0.0
212,F_N+PB+MED,3,Persistencia,B_latidos,2194,549,one-beat-ahead,0.6752,0.236612,0.486428,0.322306,8.4562,0.0211,0.7923,0.0
212,F_N+PB+MED,5,Persistencia,B_latidos,2192,549,one-beat-ahead,0.6752,0.236677,0.486495,0.32235,8.4574,0.0669,0.7923,0.0
212,F_N+PB+MED,10,Persistencia,B_latidos,2188,548,one-beat-ahead,0.6744,0.237102,0.486931,0.322685,8.2443,0.039,0.7932,0.0
213,F_SIN,3,Persistencia,B_latidos,2596,650,one-beat-ahead,0.2752,0.754596,0.868675,0.551454,13.4513,0.0233,0.3451,0.0
213,F_SIN,5,Persistencia,B_latidos,2595,649,one-beat-ahead,0.2746,0.755457,0.86917,0.551797,13.7033,0.0641,0.3449,0.0
213,F_SIN,10,Persistencia,B_latidos,2591,648,one-beat-ahead,0.2746,0.755718,0.86932,0.551891,14.3369,0.0393,0.344,0.0
213,F_N,3,Persistencia,B_latidos,2596,650,one-beat-ahead,0.2753,0.75457,0.86866,0.551439,13.451,0.0178,0.3451,0.0
213,F_N,5,Persistencia,B_latidos,2595,649,one-beat-ahead,0.2746,0.755431,0.869155,0.551782,13.7051,0.0378,0.3449,0.0
213,F_N,10,Persistencia,B_latidos,2591,648,one-beat-ahead,0.2746,0.755692,0.869306,0.551876,14.3368,0.0346,0.3441,0.0
213,F_PB,3,Persistencia,B_latidos,2596,650,one-beat-ahead,0.2449,0.740469,0.860505,0.481735,12.4253,0.0183,0.3135,0.0
213,F_PB,5,Persistencia,B_latidos,2595,649,one-beat-ahead,0.2441,0.741365,0.861026,0.48206,12.9389,0.0567,0.3134,0.0
213,F_PB,10,Persistencia,B_latidos,2591,648,one-beat-ahead,0.2438,0.741681,0.861209,0.482276,12.9358,0.0501,0.3126,0.0
213,F_MED,3,Persistencia,B_latidos,2596,650,one-beat-ahead,0.0379,1.059151,1.029151,0.652987,15.8708,0.0272,0.0439,0.0
213,F_MED,5,Persistencia,B_latidos,2595,649,one-beat-ahead,0.0376,1.060208,1.029664,0.653248,15.8482,0.0461,0.0436,0.0
213,F_MED,10,Persistencia,B_latidos,2591,648,one-beat-ahead,0.0375,1.060974,1.030036,0.653321,16.4721,0.0451,0.0422,0.0
213,F_N+PB,3,Persistencia,B_latidos,2596,650,one-beat-ahead,0.2449,0.740489,0.860517,0.481756,12.4254,0.0378,0.3135,0.0
213,F_N+PB,5,Persistencia,B_latidos,2595,649,one-beat-ahead,0.2441,0.741385,0.861037,0.482081,12.9392,0.0465,0.3134,0.0
213,F_N+PB,10,Persistencia,B_latidos,2591,648,one-beat-ahead,0.2438,0.741701,0.861221,0.482297,12.9366,0.0473,0.3126,0.0
213,F_N+MED,3,Persistencia,B_latidos,2596,650,one-beat-ahead,0.0379,1.059113,1.029132,0.653001,15.8681,0.0246,0.0439,0.0
213,F_N+MED,5,Persistencia,B_latidos,2595,649,one-beat-ahead,0.0376,1.06017,1.029646,0.653263,15.8479,0.0579,0.0436,0.0
213,F_N+MED,10,Persistencia,B_latidos,2591,648,one-beat-ahead,0.0376,1.060938,1.030018,0.653336,16.4702,0.0272,0.0422,0.0
213,F_N+PB+MED,3,Persistencia,B_latidos,2596,650,one-beat-ahead,-0.1297,1.096967,1.047362,0.565701,15.0087,0.0225,-0.107,0.0
213,F_N+PB+MED,5,Persistencia,B_latidos,2595,649,one-beat-ahead,-0.1302,1.098128,1.047916,0.56592,15.5901,0.0421,-0.1074,0.0
213,F_N+PB+MED,10,Persistencia,B_latidos,2591,648,one-beat-ahead,-0.1309,1.098989,1.048327,0.566222,15.1715,0.0399,-0.1085,0.0
214,F_SIN,3,Persistencia,B_latidos,1804,451,one-beat-ahead,0.0444,0.915587,0.956863,0.464389,11.7923,0.0207,0.0421,0.0
214,F_SIN,5,Persistencia,B_latidos,1802,451,one-beat-ahead,0.0444,0.915427,0.956779,0.464348,11.7913,0.0419,0.0414,0.0
214,F_SIN,10,Persistencia,B_latidos,1798,450,one-beat-ahead,0.0454,0.914741,0.956421,0.463978,11.7607,0.0369,0.0442,0.0
214,F_N,3,Persistencia,B_latidos,1804,451,one-beat-ahead,0.045,0.915074,0.956595,0.462518,11.8114,0.0314,0.0427,0.0
214,F_N,5,Persistencia,B_latidos,1802,451,one-beat-ahead,0.045,0.914914,0.956511,0.462478,11.8104,0.0576,0.0419,0.0
214,F_N,10,Persistencia,B_latidos,1798,450,one-beat-ahead,0.046,0.914227,0.956152,0.462103,11.725,0.0341,0.0448,0.0
214,F_PB,3,Persistencia,B_latidos,1804,451,one-beat-ahead,0.0448,0.935822,0.967379,0.457063,11.7,0.021,0.0237,0.0
214,F_PB,5,Persistencia,B_latidos,1802,451,one-beat-ahead,0.0448,0.93567,0.9673,0.457026,11.6991,0.0497,0.0229,0.0
214,F_PB,10,Persistencia,B_latidos,1798,450,one-beat-ahead,0.0458,0.934927,0.966916,0.456613,11.7413,0.0381,0.0259,0.0
214,F_MED,3,Persistencia,B_latidos,1804,451,one-beat-ahead,0.0129,0.876313,0.936116,0.493293,13.3383,0.0229,-0.0106,0.0
214,F_MED,5,Persistencia,B_latidos,1802,451,one-beat-ahead,0.0129,0.876004,0.935951,0.493206,13.336,0.0797,-0.0113,0.0
214,F_MED,10,Persistencia,B_latidos,1798,450,one-beat-ahead,0.0131,0.876405,0.936165,0.492866,12.7367,0.0778,-0.0079,0.0
214,F_N+PB,3,Persistencia,B_latidos,1804,451,one-beat-ahead,0.0448,0.935796,0.967365,0.45705,11.6994,0.0326,0.0237,0.0
214,F_N+PB,5,Persistencia,B_latidos,1802,451,one-beat-ahead,0.0448,0.935643,0.967287,0.457013,11.6984,0.0381,0.023,0.0
214,F_N+PB,10,Persistencia,B_latidos,1798,450,one-beat-ahead,0.0459,0.934901,0.966903,0.4566,11.7398,0.0404,0.0259,0.0
214,F_N+MED,3,Persistencia,B_latidos,1804,451,one-beat-ahead,0.0122,0.877433,0.936714,0.493695,13.2925,0.0203,-0.0107,0.0
214,F_N+MED,5,Persistencia,B_latidos,1802,451,one-beat-ahead,0.0122,0.877122,0.936548,0.493608,13.2901,0.0779,-0.0114,0.0
214,F_N+MED,10,Persistencia,B_latidos,1798,450,one-beat-ahead,0.0124,0.877508,0.936754,0.493264,12.698,0.0381,-0.008,0.0
214,F_N+PB+MED,3,Persistencia,B_latidos,1804,451,one-beat-ahead,0.0076,0.931492,0.965138,0.496187,13.2512,0.0226,-0.071,0.0
214,F_N+PB+MED,5,Persistencia,B_latidos,1802,451,one-beat-ahead,0.0076,0.931161,0.964967,0.496099,13.2489,0.0845,-0.0718,0.0
214,F_N+PB+MED,10,Persistencia,B_latidos,1798,450,one-beat-ahead,0.0079,0.931384,0.965083,0.495669,12.7983,0.0616,-0.0682,0.0
215,F_SIN,3,Persistencia,B_latidos,2686,672,one-beat-ahead,-0.0768,1.180317,1.086424,0.477509,14.4689,0.0187,0.127,0.0
215,F_SIN,5,Persistencia,B_latidos,2684,672,one-beat-ahead,-0.0768,1.180021,1.086288,0.477449,14.4671,0.0633,0.1266,0.0
215,F_SIN,10,Persistencia,B_latidos,2680,671,one-beat-ahead,-0.0777,1.18109,1.086779,0.477651,19.0109,0.0367,0.126,0.0
215,F_N,3,Persistencia,B_latidos,2686,672,one-beat-ahead,-0.0754,1.179075,1.085852,0.472688,14.4817,0.0223,0.129,0.0
215,F_N,5,Persistencia,B_latidos,2684,672,one-beat-ahead,-0.0754,1.178779,1.085716,0.472629,14.4799,0.0251,0.1287,0.0
215,F_N,10,Persistencia,B_latidos,2680,671,one-beat-ahead,-0.0762,1.179851,1.08621,0.472834,19.0822,0.0545,0.128,0.0
215,F_PB,3,Persistencia,B_latidos,2686,672,one-beat-ahead,-0.105,1.226076,1.107283,0.467972,14.0985,0.0277,0.1033,0.0
215,F_PB,5,Persistencia,B_latidos,2684,672,one-beat-ahead,-0.105,1.22579,1.107154,0.467918,14.0968,0.022,0.1029,0.0
215,F_PB,10,Persistencia,B_latidos,2680,671,one-beat-ahead,-0.106,1.227041,1.107719,0.468257,18.9993,0.0272,0.1021,0.0
215,F_MED,3,Persistencia,B_latidos,2686,672,one-beat-ahead,0.2556,0.816525,0.903618,0.406771,13.6055,0.0251,0.3647,0.0
215,F_MED,5,Persistencia,B_latidos,2684,672,one-beat-ahead,0.2556,0.816341,0.903516,0.406725,13.604,0.0555,0.3644,0.0
215,F_MED,10,Persistencia,B_latidos,2680,671,one-beat-ahead,0.2554,0.816889,0.903819,0.406689,14.1904,0.0459,0.3638,0.0
215,F_N+PB,3,Persistencia,B_latidos,2686,672,one-beat-ahead,-0.1049,1.226076,1.107283,0.467977,14.0984,0.0264,0.1033,0.0
215,F_N+PB,5,Persistencia,B_latidos,2684,672,one-beat-ahead,-0.1049,1.22579,1.107154,0.467923,14.0967,0.0735,0.1029,0.0
215,F_N+PB,10,Persistencia,B_latidos,2680,671,one-beat-ahead,-0.106,1.227041,1.107719,0.468262,19.0007,0.0491,0.1022,0.0
215,F_N+MED,3,Persistencia,B_latidos,2686,672,one-beat-ahead,0.2569,0.815355,0.90297,0.404815,13.6248,0.0216,0.3662,0.0
215,F_N+MED,5,Persistencia,B_latidos,2684,672,one-beat-ahead,0.2569,0.81517,0.902867,0.404769,13.6232,0.0693,0.3659,0.0
215,F_N+MED,10,Persistencia,B_latidos,2680,671,one-beat-ahead,0.2567,0.815724,0.903175,0.404725,14.243,0.0745,0.3653,0.0
215,F_N+PB+MED,3,Persistencia,B_latidos,2686,672,one-beat-ahead,0.1852,0.91796,0.958102,0.406206,13.3985,0.0226,0.2885,0.0
215,F_N+PB+MED,5,Persistencia,B_latidos,2684,672,one-beat-ahead,0.1852,0.91779,0.958014,0.406169,13.3973,0.0603,0.2881,0.0
215,F_N+PB+MED,10,Persistencia,B_latidos,2680,671,one-beat-ahead,0.1845,0.918742,0.95851,0.406467,15.0199,0.0486,0.2874,0.0
217,F_SIN,3,Persistencia,B_latidos,1762,441,one-beat-ahead,0.4365,0.652269,0.807632,0.408748,13.6308,0.0307,0.1961,0.0
217,F_SIN,5,Persistencia,B_latidos,1760,441,one-beat-ahead,0.4365,0.652356,0.807685,0.408775,13.6317,0.0463,0.196,0.0
217,F_SIN,10,Persistencia,B_latidos,1756,440,one-beat-ahead,0.4352,0.653798,0.808578,0.40951,12.2177,0.0623,0.1947,0.0
217,F_N,3,Persistencia,B_latidos,1762,441,one-beat-ahead,0.437,0.651626,0.807233,0.407831,13.5938,0.0272,0.1966,0.0
217,F_N,5,Persistencia,B_latidos,1760,441,one-beat-ahead,0.437,0.651712,0.807287,0.407858,13.5947,0.0461,0.1965,0.0
217,F_N,10,Persistencia,B_latidos,1756,440,one-beat-ahead,0.4358,0.653155,0.80818,0.408599,12.232,0.054,0.1953,0.0
217,F_PB,3,Persistencia,B_latidos,1762,441,one-beat-ahead,0.4879,0.644694,0.802928,0.403168,14.1505,0.0273,0.2226,0.0
217,F_PB,5,Persistencia,B_latidos,1760,441,one-beat-ahead,0.4879,0.644864,0.803034,0.403221,14.1523,0.0781,0.2224,0.0
217,F_PB,10,Persistencia,B_latidos,1756,440,one-beat-ahead,0.4867,0.646449,0.80402,0.404005,12.8354,0.065,0.221,0.0
217,F_MED,3,Persistencia,B_latidos,1762,441,one-beat-ahead,0.4607,0.618083,0.786183,0.382448,12.7657,0.0211,0.2041,0.0
217,F_MED,5,Persistencia,B_latidos,1760,441,one-beat-ahead,0.4607,0.618148,0.786224,0.382468,12.7664,0.0672,0.2041,0.0
217,F_MED,10,Persistencia,B_latidos,1756,440,one-beat-ahead,0.4595,0.619452,0.787053,0.383114,11.6619,0.0436,0.2028,0.0
217,F_N+PB,3,Persistencia,B_latidos,1762,441,one-beat-ahead,0.4879,0.644677,0.802918,0.40316,14.1487,0.0326,0.2226,0.0
217,F_N+PB,5,Persistencia,B_latidos,1760,441,one-beat-ahead,0.4879,0.644847,0.803024,0.403213,14.1505,0.0367,0.2224,0.0
217,F_N+PB,10,Persistencia,B_latidos,1756,440,one-beat-ahead,0.4867,0.646432,0.80401,0.403997,12.8362,0.0696,0.221,0.0
217,F_N+MED,3,Persistencia,B_latidos,1762,441,one-beat-ahead,0.4605,0.617724,0.785954,0.382252,12.7171,0.0237,0.2041,0.0
217,F_N+MED,5,Persistencia,B_latidos,1760,441,one-beat-ahead,0.4605,0.617791,0.785997,0.382273,12.7178,0.0834,0.2041,0.0
217,F_N+MED,10,Persistencia,B_latidos,1756,440,one-beat-ahead,0.4593,0.619098,0.786828,0.382915,11.6881,0.0496,0.2028,0.0
217,F_N+PB+MED,3,Persistencia,B_latidos,1762,441,one-beat-ahead,0.5281,0.61231,0.782503,0.381927,13.2422,0.0234,0.238,0.0
217,F_N+PB+MED,5,Persistencia,B_latidos,1760,441,one-beat-ahead,0.5281,0.612488,0.782616,0.381982,13.2441,0.0332,0.2379,0.0
217,F_N+PB+MED,10,Persistencia,B_latidos,1756,440,one-beat-ahead,0.527,0.613991,0.783576,0.382698,12.5442,0.0402,0.2365,0.0
219,F_SIN,3,Persistencia,B_latidos,1719,430,one-beat-ahead,-0.2663,1.139217,1.067341,0.60478,14.2712,0.0229,-0.1945,0.0
219,F_SIN,5,Persistencia,B_latidos,1717,430,one-beat-ahead,-0.2663,1.139048,1.067262,0.604735,14.2701,0.0589,-0.1939,0.0
219,F_SIN,10,Persistencia,B_latidos,1713,429,one-beat-ahead,-0.2667,1.137729,1.066644,0.604436,14.3168,0.0622,-0.1933,0.0
219,F_N,3,Persistencia,B_latidos,1719,430,one-beat-ahead,-0.2662,1.139157,1.067313,0.604832,14.2732,0.026,-0.1944,0.0
219,F_N,5,Persistencia,B_latidos,1717,430,one-beat-ahead,-0.2662,1.138987,1.067233,0.604787,14.2721,0.0552,-0.1938,0.0
219,F_N,10,Persistencia,B_latidos,1713,429,one-beat-ahead,-0.2667,1.137669,1.066616,0.604489,14.3136,0.0537,-0.1932,0.0
219,F_PB,3,Persistencia,B_latidos,1719,430,one-beat-ahead,-0.5049,1.614344,1.270568,0.614962,14.7177,0.0182,-0.5477,0.0
219,F_PB,5,Persistencia,B_latidos,1717,430,one-beat-ahead,-0.5049,1.614989,1.270822,0.615085,14.7206,0.0395,-0.5472,0.0
219,F_PB,10,Persistencia,B_latidos,1713,429,one-beat-ahead,-0.5039,1.614072,1.270461,0.614801,13.5057,0.0693,-0.5476,0.0
219,F_MED,3,Persistencia,B_latidos,1719,430,one-beat-ahead,0.2185,0.570157,0.755088,0.512099,13.2654,0.0276,0.2327,0.0
219,F_MED,5,Persistencia,B_latidos,1717,430,one-beat-ahead,0.2185,0.569887,0.754909,0.511978,13.2622,0.0342,0.2328,0.0
219,F_MED,10,Persistencia,B_latidos,1713,429,one-beat-ahead,0.2162,0.569867,0.754895,0.511805,11.8981,0.0488,0.2331,0.0
219,F_N+PB,3,Persistencia,B_latidos,1719,430,one-beat-ahead,-0.5048,1.614317,1.270558,0.614973,14.7175,0.0224,-0.5477,0.0
219,F_N+PB,5,Persistencia,B_latidos,1717,430,one-beat-ahead,-0.5048,1.614962,1.270811,0.615096,14.7204,0.0656,-0.5472,0.0
219,F_N+PB,10,Persistencia,B_latidos,1713,429,one-beat-ahead,-0.5039,1.614044,1.27045,0.614812,13.5059,0.0248,-0.5476,0.0
219,F_N+MED,3,Persistencia,B_latidos,1719,430,one-beat-ahead,0.2184,0.570343,0.755211,0.51236,13.2693,0.02,0.2325,0.0
219,F_N+MED,5,Persistencia,B_latidos,1717,430,one-beat-ahead,0.2184,0.570073,0.755032,0.512238,13.2661,0.0888,0.2327,0.0
219,F_N+MED,10,Persistencia,B_latidos,1713,429,one-beat-ahead,0.2162,0.570051,0.755017,0.512062,11.9017,0.0437,0.2329,0.0
219,F_N+PB+MED,3,Persistencia,B_latidos,1719,430,one-beat-ahead,-0.1406,1.207801,1.099,0.635863,16.5173,0.0261,-0.2407,0.0
219,F_N+PB+MED,5,Persistencia,B_latidos,1717,430,one-beat-ahead,-0.1406,1.209347,1.099703,0.63627,16.5279,0.0344,-0.2404,0.0
219,F_N+PB+MED,10,Persistencia,B_latidos,1713,429,one-beat-ahead,-0.14,1.211372,1.100624,0.63635,13.0591,0.0849,-0.2419,0.0
220,F_SIN,3,Persistencia,B_latidos,1634,409,one-beat-ahead,0.2789,0.787841,0.887604,0.302435,13.8511,0.0248,0.1352,0.0
220,F_SIN,5,Persistencia,B_latidos,1632,409,one-beat-ahead,0.2789,0.78797,0.887677,0.30246,13.8522,0.0675,0.1349,0.0
220,F_SIN,10,Persistencia,B_latidos,1628,408,one-beat-ahead,0.2788,0.789152,0.888342,0.302706,11.4449,0.0315,0.1333,0.0
220,F_N,3,Persistencia,B_latidos,1634,409,one-beat-ahead,0.2794,0.787382,0.887345,0.302721,13.8664,0.0234,0.1356,0.0
220,F_N,5,Persistencia,B_latidos,1632,409,one-beat-ahead,0.2794,0.787511,0.887418,0.302746,13.8675,0.0407,0.1353,0.0
220,F_N,10,Persistencia,B_latidos,1628,408,one-beat-ahead,0.2792,0.788694,0.888084,0.302991,11.4243,0.0404,0.1337,0.0
220,F_PB,3,Persistencia,B_latidos,1634,409,one-beat-ahead,0.2941,0.772243,0.878774,0.277239,12.9483,0.0191,0.1452,0.0
220,F_PB,5,Persistencia,B_latidos,1632,409,one-beat-ahead,0.2941,0.77226,0.878783,0.277242,12.9484,0.0576,0.1449,0.0
220,F_PB,10,Persistencia,B_latidos,1628,408,one-beat-ahead,0.2939,0.7728,0.879091,0.277298,10.8316,0.054,0.1432,0.0
220,F_MED,3,Persistencia,B_latidos,1634,409,one-beat-ahead,0.7583,0.391194,0.625455,0.378544,10.5771,0.0324,0.642,0.0
220,F_MED,5,Persistencia,B_latidos,1632,409,one-beat-ahead,0.7583,0.391782,0.625925,0.378829,10.585,0.06,0.6417,0.0
220,F_MED,10,Persistencia,B_latidos,1628,408,one-beat-ahead,0.7581,0.396149,0.629404,0.380952,9.9017,0.0542,0.6413,0.0
220,F_N+PB,3,Persistencia,B_latidos,1634,409,one-beat-ahead,0.2942,0.772106,0.878696,0.277226,12.9476,0.0274,0.1453,0.0
220,F_N+PB,5,Persistencia,B_latidos,1632,409,one-beat-ahead,0.2942,0.772124,0.878706,0.277229,12.9477,0.0469,0.145,0.0
220,F_N+PB,10,Persistencia,B_latidos,1628,408,one-beat-ahead,0.294,0.772664,0.879013,0.277285,10.8303,0.0193,0.1433,0.0
220,F_N+MED,3,Persistencia,B_latidos,1634,409,one-beat-ahead,0.7592,0.389912,0.624429,0.377536,10.5751,0.0312,0.6431,0.0
220,F_N+MED,5,Persistencia,B_latidos,1632,409,one-beat-ahead,0.7592,0.390499,0.624899,0.37782,10.5831,0.0649,0.6428,0.0
220,F_N+MED,10,Persistencia,B_latidos,1628,408,one-beat-ahead,0.759,0.394853,0.628373,0.379934,9.9313,0.0694,0.6425,0.0
220,F_N+PB+MED,3,Persistencia,B_latidos,1634,409,one-beat-ahead,0.787,0.394905,0.628415,0.327849,10.5354,0.0194,0.6226,0.0
220,F_N+PB+MED,5,Persistencia,B_latidos,1632,409,one-beat-ahead,0.787,0.394999,0.62849,0.327889,10.5367,0.018,0.6222,0.0
220,F_N+PB+MED,10,Persistencia,B_latidos,1628,408,one-beat-ahead,0.7868,0.395884,0.629193,0.328145,9.155,0.0617,0.6216,0.0
221,F_SIN,3,Persistencia,B_latidos,1937,485,one-beat-ahead,-0.6896,1.230018,1.109062,0.519196,11.0472,0.036,-1.0187,0.0
221,F_SIN,5,Persistencia,B_latidos,1936,484,one-beat-ahead,-0.6892,1.230022,1.109064,0.519291,10.6285,0.0344,-1.0187,0.0
221,F_SIN,10,Persistencia,B_latidos,1932,483,one-beat-ahead,-0.6889,1.230267,1.109174,0.519435,11.5558,0.0364,-1.0171,0.0
221,F_N,3,Persistencia,B_latidos,1937,485,one-beat-ahead,-0.6891,1.229199,1.108693,0.516299,11.004,0.0272,-1.0187,0.0
221,F_N,5,Persistencia,B_latidos,1936,484,one-beat-ahead,-0.6887,1.229204,1.108695,0.516394,10.6143,0.0386,-1.0187,0.0
221,F_N,10,Persistencia,B_latidos,1932,483,one-beat-ahead,-0.6884,1.229449,1.108805,0.516536,11.5328,0.0587,-1.0171,0.0
221,F_PB,3,Persistencia,B_latidos,1937,485,one-beat-ahead,-0.7784,1.278444,1.130683,0.504806,10.4863,0.0206,-1.0961,0.0
221,F_PB,5,Persistencia,B_latidos,1936,484,one-beat-ahead,-0.778,1.27839,1.130659,0.504838,9.9692,0.0821,-1.0962,0.0
221,F_PB,10,Persistencia,B_latidos,1932,483,one-beat-ahead,-0.7779,1.278611,1.130757,0.505049,10.436,0.049,-1.0947,0.0
221,F_MED,3,Persistencia,B_latidos,1937,485,one-beat-ahead,-0.401,0.66258,0.81399,0.453269,11.5198,0.0256,-0.7754,0.0
221,F_MED,5,Persistencia,B_latidos,1936,484,one-beat-ahead,-0.4013,0.663686,0.814669,0.45366,11.5139,0.0373,-0.7764,0.0
221,F_MED,10,Persistencia,B_latidos,1932,483,one-beat-ahead,-0.4014,0.66538,0.815708,0.454182,12.5925,0.0406,-0.7739,0.0
221,F_N+PB,3,Persistencia,B_latidos,1937,485,one-beat-ahead,-0.7784,1.278404,1.130665,0.504818,10.4852,0.0224,-1.0961,0.0
221,F_N+PB,5,Persistencia,B_latidos,1936,484,one-beat-ahead,-0.778,1.27835,1.130641,0.504849,9.969,0.0364,-1.0962,0.0
221,F_N+PB,10,Persistencia,B_latidos,1932,483,one-beat-ahead,-0.7779,1.278571,1.130739,0.505061,10.4352,0.0351,-1.0947,0.0
221,F_N+MED,3,Persistencia,B_latidos,1937,485,one-beat-ahead,-0.3982,0.662515,0.81395,0.452811,11.5605,0.0244,-0.772,0.0
221,F_N+MED,5,Persistencia,B_latidos,1936,484,one-beat-ahead,-0.3984,0.663621,0.814629,0.453197,11.527,0.0529,-0.773,0.0
221,F_N+MED,10,Persistencia,B_latidos,1932,483,one-beat-ahead,-0.3985,0.665312,0.815667,0.453716,12.6458,0.0422,-0.7705,0.0
221,F_N+PB+MED,3,Persistencia,B_latidos,1937,485,one-beat-ahead,-0.8636,0.722992,0.850289,0.444799,9.8463,0.019,-0.9804,0.0
221,F_N+PB+MED,5,Persistencia,B_latidos,1936,484,one-beat-ahead,-0.8635,0.724141,0.850964,0.445096,10.4545,0.0303,-0.9819,0.0
221,F_N+PB+MED,10,Persistencia,B_latidos,1932,483,one-beat-ahead,-0.8642,0.726163,0.852152,0.44576,11.3675,0.0246,-0.9796,0.0
222,F_SIN,3,Persistencia,B_latidos,1982,496,one-beat-ahead,-0.5371,1.564646,1.250858,0.893781,15.0302,0.0239,-0.6375,0.0
222,F_SIN,5,Persistencia,B_latidos,1980,496,one-beat-ahead,-0.5371,1.564626,1.25085,0.893775,15.0301,0.0371,-0.6377,0.0
222,F_SIN,10,Persistencia,B_latidos,1976,495,one-beat-ahead,-0.5377,1.570517,1.253203,0.895969,16.9513,0.0399,-0.6382,0.0
222,F_N,3,Persistencia,B_latidos,1982,496,one-beat-ahead,-0.5358,1.56336,1.250344,0.892952,14.994,0.0329,-0.6366,0.0
222,F_N,5,Persistencia,B_latidos,1980,496,one-beat-ahead,-0.5358,1.563338,1.250335,0.892946,14.9939,0.0476,-0.6367,0.0
222,F_N,10,Persistencia,B_latidos,1976,495,one-beat-ahead,-0.5364,1.56924,1.252693,0.895156,17.0021,0.0428,-0.6372,0.0
222,F_PB,3,Persistencia,B_latidos,1982,496,one-beat-ahead,-0.836,2.075473,1.44065,0.926909,15.2383,0.0208,-0.8125,0.0
222,F_PB,5,Persistencia,B_latidos,1980,496,one-beat-ahead,-0.836,2.076015,1.440838,0.92703,15.2403,0.022,-0.8125,0.0
222,F_PB,10,Persistencia,B_latidos,1976,495,one-beat-ahead,-0.837,2.080297,1.442323,0.928507,16.255,0.041,-0.8122,0.0
222,F_MED,3,Persistencia,B_latidos,1982,496,one-beat-ahead,-0.3174,1.234227,1.110958,0.878214,13.7924,0.0208,-0.5236,0.0
222,F_MED,5,Persistencia,B_latidos,1980,496,one-beat-ahead,-0.3174,1.234122,1.11091,0.878176,13.7918,0.0335,-0.5241,0.0
222,F_MED,10,Persistencia,B_latidos,1976,495,one-beat-ahead,-0.3183,1.240406,1.113735,0.881023,15.3462,0.066,-0.525,0.0
222,F_N+PB,3,Persistencia,B_latidos,1982,496,one-beat-ahead,-0.836,2.075393,1.440622,0.926949,15.2358,0.0261,-0.8125,0.0
222,F_N+PB,5,Persistencia,B_latidos,1980,496,one-beat-ahead,-0.836,2.075935,1.440811,0.92707,15.2378,0.0374,-0.8125,0.0
222,F_N+PB,10,Persistencia,B_latidos,1976,495,one-beat-ahead,-0.837,2.080217,1.442296,0.928548,16.2595,0.068,-0.8122,0.0
222,F_N+MED,3,Persistencia,B_latidos,1982,496,one-beat-ahead,-0.3172,1.2344,1.111036,0.877944,13.6719,0.023,-0.5244,0.0
222,F_N+MED,5,Persistencia,B_latidos,1980,496,one-beat-ahead,-0.3172,1.234295,1.110988,0.877906,13.6713,0.0495,-0.5248,0.0
222,F_N+MED,10,Persistencia,B_latidos,1976,495,one-beat-ahead,-0.318,1.240593,1.113819,0.880768,15.2886,0.0394,-0.5258,0.0
222,F_N+PB+MED,3,Persistencia,B_latidos,1982,496,one-beat-ahead,-0.9673,2.081924,1.442887,1.114013,15.0754,0.0226,-0.9298,0.0
222,F_N+PB+MED,5,Persistencia,B_latidos,1980,496,one-beat-ahead,-0.9673,2.083473,1.443424,1.114428,15.081,0.0548,-0.9304,0.0
222,F_N+PB+MED,10,Persistencia,B_latidos,1976,495,one-beat-ahead,-0.969,2.089371,1.445466,1.116819,15.8894,0.0543,-0.9305,0.0
223,F_SIN,3,Persistencia,B_latidos,2080,520,one-beat-ahead,-0.0973,1.260435,1.122691,0.566063,13.2643,0.0244,-0.0402,0.0
223,F_SIN,5,Persistencia,B_latidos,2078,520,one-beat-ahead,-0.0973,1.260233,1.122601,0.566018,13.2632,0.0399,-0.0409,0.0
223,F_SIN,10,Persistencia,B_latidos,2074,519,one-beat-ahead,-0.0937,1.255616,1.120543,0.564194,14.4174,0.0407,-0.044,0.0
223,F_N,3,Persistencia,B_latidos,2080,520,one-beat-ahead,-0.0973,1.260375,1.122664,0.566053,13.2676,0.02,-0.0402,0.0
223,F_N,5,Persistencia,B_latidos,2078,520,one-beat-ahead,-0.0973,1.260173,1.122574,0.566008,13.2666,0.0344,-0.0409,0.0
223,F_N,10,Persistencia,B_latidos,2074,519,one-beat-ahead,-0.0937,1.255556,1.120516,0.564184,14.4202,0.0196,-0.0439,0.0
223,F_PB,3,Persistencia,B_latidos,2080,520,one-beat-ahead,-0.1192,1.360834,1.166548,0.56656,12.9483,0.0305,-0.0925,0.0
223,F_PB,5,Persistencia,B_latidos,2078,520,one-beat-ahead,-0.1192,1.360715,1.166497,0.566536,12.9477,0.0513,-0.0934,0.0
223,F_PB,10,Persistencia,B_latidos,2074,519,one-beat-ahead,-0.1157,1.356254,1.164583,0.564812,14.8178,0.0644,-0.0968,0.0
223,F_MED,3,Persistencia,B_latidos,2080,520,one-beat-ahead,-0.2898,1.143459,1.069327,0.651363,14.7513,0.025,-0.4165,0.0
223,F_MED,5,Persistencia,B_latidos,2078,520,one-beat-ahead,-0.2898,1.143035,1.069128,0.651242,14.7486,0.0343,-0.4171,0.0
223,F_MED,10,Persistencia,B_latidos,2074,519,one-beat-ahead,-0.284,1.131443,1.063693,0.648072,14.1068,0.046,-0.4198,0.0
223,F_N+PB,3,Persistencia,B_latidos,2080,520,one-beat-ahead,-0.1192,1.360807,1.166537,0.566566,12.9484,0.0216,-0.0925,0.0
223,F_N+PB,5,Persistencia,B_latidos,2078,520,one-beat-ahead,-0.1192,1.360688,1.166485,0.566541,12.9478,0.0401,-0.0934,0.0
223,F_N+PB,10,Persistencia,B_latidos,2074,519,one-beat-ahead,-0.1157,1.356227,1.164571,0.564818,14.8182,0.0602,-0.0968,0.0
223,F_N+MED,3,Persistencia,B_latidos,2080,520,one-beat-ahead,-0.2892,1.143035,1.069128,0.651188,14.7565,0.0275,-0.4157,0.0
223,F_N+MED,5,Persistencia,B_latidos,2078,520,one-beat-ahead,-0.2892,1.142611,1.06893,0.651067,14.7538,0.0515,-0.4163,0.0
223,F_N+MED,10,Persistencia,B_latidos,2074,519,one-beat-ahead,-0.2835,1.131028,1.063498,0.6479,14.104,0.0359,-0.4191,0.0
223,F_N+PB+MED,3,Persistencia,B_latidos,2080,520,one-beat-ahead,-0.4551,1.540671,1.241238,0.717718,15.8418,0.0191,-0.8151,0.0
223,F_N+PB+MED,5,Persistencia,B_latidos,2078,520,one-beat-ahead,-0.4551,1.540448,1.241148,0.717666,15.8406,0.0399,-0.8162,0.0
223,F_N+PB+MED,10,Persistencia,B_latidos,2074,519,one-beat-ahead,-0.4503,1.526858,1.235661,0.714308,16.2663,0.0722,-0.8196,0.0
228,F_SIN,3,Persistencia,B_latidos,1638,410,one-beat-ahead,-0.7652,1.301574,1.140866,0.705799,11.9936,0.0226,-0.4843,0.0
228,F_SIN,5,Persistencia,B_latidos,1636,410,one-beat-ahead,-0.7652,1.301739,1.140938,0.705844,11.9944,0.0431,-0.4848,0.0
228,F_SIN,10,Persistencia,B_latidos,1632,409,one-beat-ahead,-0.7729,1.297043,1.138878,0.704883,13.9417,0.0638,-0.4854,0.0
228,F_N,3,Persistencia,B_latidos,1638,410,one-beat-ahead,-0.7649,1.300709,1.140486,0.705166,12.0253,0.027,-0.484,0.0
228,F_N,5,Persistencia,B_latidos,1636,410,one-beat-ahead,-0.7649,1.300873,1.140558,0.705211,12.026,0.0827,-0.4845,0.0
228,F_N,10,Persistencia,B_latidos,1632,409,one-beat-ahead,-0.7726,1.296174,1.138496,0.704249,13.95,0.0696,-0.4852,0.0
228,F_PB,3,Persistencia,B_latidos,1638,410,one-beat-ahead,-0.7666,1.761146,1.327082,0.731573,14.0706,0.0374,-0.7603,0.0
228,F_PB,5,Persistencia,B_latidos,1636,410,one-beat-ahead,-0.7666,1.762501,1.327592,0.731854,14.076,0.0372,-0.761,0.0
228,F_PB,10,Persistencia,B_latidos,1632,409,one-beat-ahead,-0.7761,1.756673,1.325396,0.730968,16.1866,0.0496,-0.7605,0.0
228,F_MED,3,Persistencia,B_latidos,1638,410,one-beat-ahead,-0.6799,1.002416,1.001207,0.666888,11.9833,0.0341,-0.3745,0.0
228,F_MED,5,Persistencia,B_latidos,1636,410,one-beat-ahead,-0.6799,1.002371,1.001185,0.666873,11.983,0.0554,-0.3749,0.0
228,F_MED,10,Persistencia,B_latidos,1632,409,one-beat-ahead,-0.6879,0.997886,0.998943,0.665754,13.3579,0.0448,-0.3757,0.0
228,F_N+PB,3,Persistencia,B_latidos,1638,410,one-beat-ahead,-0.7666,1.761107,1.327067,0.731562,14.073,0.0205,-0.7603,0.0
228,F_N+PB,5,Persistencia,B_latidos,1636,410,one-beat-ahead,-0.7666,1.762461,1.327577,0.731843,14.0784,0.0602,-0.761,0.0
228,F_N+PB,10,Persistencia,B_latidos,1632,409,one-beat-ahead,-0.7761,1.756634,1.325381,0.730957,16.1875,0.0716,-0.7605,0.0
228,F_N+MED,3,Persistencia,B_latidos,1638,410,one-beat-ahead,-0.6798,1.002253,1.001126,0.666907,12.0316,0.0205,-0.3746,0.0
228,F_N+MED,5,Persistencia,B_latidos,1636,410,one-beat-ahead,-0.6798,1.002206,1.001102,0.666891,12.0313,0.0375,-0.375,0.0
228,F_N+MED,10,Persistencia,B_latidos,1632,409,one-beat-ahead,-0.6878,0.997699,0.998849,0.665767,13.3815,0.0342,-0.3758,0.0
228,F_N+PB+MED,3,Persistencia,B_latidos,1638,410,one-beat-ahead,-0.6676,1.489743,1.22055,0.718727,15.0407,0.0278,-0.7265,0.0
228,F_N+PB+MED,5,Persistencia,B_latidos,1636,410,one-beat-ahead,-0.6676,1.491007,1.221068,0.719032,15.047,0.0457,-0.7271,0.0
228,F_N+PB+MED,10,Persistencia,B_latidos,1632,409,one-beat-ahead,-0.6787,1.48423,1.21829,0.717895,17.0448,0.0354,-0.7264,0.0
230,F_SIN,3,Persistencia,B_latidos,1800,451,one-beat-ahead,0.5979,0.563889,0.750926,0.439948,15.0476,0.0225,0.4939,0.0
230,F_SIN,5,Persistencia,B_latidos,1799,450,one-beat-ahead,0.5984,0.562928,0.750285,0.440148,13.6866,0.0764,0.4935,0.0
230,F_SIN,10,Persistencia,B_latidos,1795,449,one-beat-ahead,0.5986,0.562848,0.750232,0.440401,16.2783,0.0638,0.4933,0.0
230,F_N,3,Persistencia,B_latidos,1800,451,one-beat-ahead,0.598,0.56377,0.750846,0.439852,15.038,0.0259,0.494,0.0
230,F_N,5,Persistencia,B_latidos,1799,450,one-beat-ahead,0.5985,0.562809,0.750206,0.440051,13.6816,0.068,0.4937,0.0
230,F_N,10,Persistencia,B_latidos,1795,449,one-beat-ahead,0.5986,0.562729,0.750152,0.440304,16.2814,0.0526,0.4934,0.0
230,F_PB,3,Persistencia,B_latidos,1800,451,one-beat-ahead,0.6135,0.525305,0.724779,0.383506,14.4846,0.0245,0.5125,0.0
230,F_PB,5,Persistencia,B_latidos,1799,450,one-beat-ahead,0.6141,0.523993,0.723874,0.38349,13.1818,0.0347,0.5121,0.0
230,F_PB,10,Persistencia,B_latidos,1795,449,one-beat-ahead,0.6142,0.523702,0.723673,0.38367,15.9119,0.0424,0.512,0.0
230,F_MED,3,Persistencia,B_latidos,1800,451,one-beat-ahead,0.4422,0.799104,0.893926,0.608694,16.4082,0.0209,0.5314,0.0
230,F_MED,5,Persistencia,B_latidos,1799,450,one-beat-ahead,0.4418,0.8007,0.894818,0.609637,15.0489,0.0375,0.5312,0.0
230,F_MED,10,Persistencia,B_latidos,1795,449,one-beat-ahead,0.4415,0.802364,0.895748,0.610346,16.6549,0.041,0.5317,0.0
230,F_N+PB,3,Persistencia,B_latidos,1800,451,one-beat-ahead,0.6135,0.52526,0.724748,0.383505,14.4845,0.02,0.5126,0.0
230,F_N+PB,5,Persistencia,B_latidos,1799,450,one-beat-ahead,0.6141,0.523949,0.723843,0.383489,13.1815,0.0324,0.5122,0.0
230,F_N+PB,10,Persistencia,B_latidos,1795,449,one-beat-ahead,0.6142,0.523658,0.723642,0.383669,15.911,0.0668,0.5121,0.0
230,F_N+MED,3,Persistencia,B_latidos,1800,451,one-beat-ahead,0.4418,0.799396,0.894089,0.608871,16.4004,0.0228,0.5314,0.0
230,F_N+MED,5,Persistencia,B_latidos,1799,450,one-beat-ahead,0.4414,0.800993,0.894982,0.609813,15.0397,0.0629,0.5312,0.0
230,F_N+MED,10,Persistencia,B_latidos,1795,449,one-beat-ahead,0.4411,0.802659,0.895912,0.610523,16.6653,0.0661,0.5317,0.0
230,F_N+PB+MED,3,Persistencia,B_latidos,1800,451,one-beat-ahead,0.3621,0.784626,0.885791,0.561808,14.8619,0.0291,0.6076,0.0
230,F_N+PB+MED,5,Persistencia,B_latidos,1799,450,one-beat-ahead,0.3613,0.785799,0.886453,0.562459,13.5819,0.0692,0.6074,0.0
230,F_N+PB+MED,10,Persistencia,B_latidos,1795,449,one-beat-ahead,0.3603,0.787143,0.887211,0.5631,15.511,0.0543,0.6089,0.0
231,F_SIN,3,Persistencia,B_latidos,1252,314,one-beat-ahead,-0.0484,1.151146,1.072915,0.447524,12.278,0.0207,-0.0284,0.0
231,F_SIN,5,Persistencia,B_latidos,1251,313,one-beat-ahead,-0.0505,1.153944,1.074218,0.448246,16.3536,0.0383,-0.0259,0.0
231,F_SIN,10,Persistencia,B_latidos,1247,312,one-beat-ahead,-0.0488,1.152661,1.073621,0.448144,14.2322,0.0356,-0.024,0.0
231,F_N,3,Persistencia,B_latidos,1252,314,one-beat-ahead,-0.0482,1.150857,1.07278,0.447503,12.2775,0.0283,-0.0282,0.0
231,F_N,5,Persistencia,B_latidos,1251,313,one-beat-ahead,-0.0502,1.153656,1.074084,0.448225,16.3448,0.0876,-0.0256,0.0
231,F_N,10,Persistencia,B_latidos,1247,312,one-beat-ahead,-0.0486,1.152372,1.073486,0.448122,14.2287,0.0445,-0.0238,0.0
231,F_PB,3,Persistencia,B_latidos,1252,314,one-beat-ahead,-0.1019,1.237677,1.112509,0.447934,12.3558,0.0267,-0.0941,0.0
231,F_PB,5,Persistencia,B_latidos,1251,313,one-beat-ahead,-0.1044,1.240827,1.113924,0.448659,16.6627,0.0574,-0.0913,0.0
231,F_PB,10,Persistencia,B_latidos,1247,312,one-beat-ahead,-0.1027,1.239321,1.113248,0.448464,14.5268,0.045,-0.0888,0.0
231,F_MED,3,Persistencia,B_latidos,1252,314,one-beat-ahead,0.8018,0.219584,0.468598,0.310289,8.1557,0.0359,0.747,0.0
231,F_MED,5,Persistencia,B_latidos,1251,313,one-beat-ahead,0.8015,0.220112,0.469161,0.310806,8.3815,0.0647,0.7491,0.0
231,F_MED,10,Persistencia,B_latidos,1247,312,one-beat-ahead,0.8013,0.220468,0.46954,0.310988,8.5277,0.0536,0.7507,0.0
231,F_N+PB,3,Persistencia,B_latidos,1252,314,one-beat-ahead,-0.1017,1.237531,1.112444,0.447936,12.3552,0.0268,-0.094,0.0
231,F_N+PB,5,Persistencia,B_latidos,1251,313,one-beat-ahead,-0.1042,1.240681,1.113859,0.448661,16.6623,0.0837,-0.0912,0.0
231,F_N+PB,10,Persistencia,B_latidos,1247,312,one-beat-ahead,-0.1026,1.239175,1.113182,0.448466,14.5268,0.0767,-0.0886,0.0
231,F_N+MED,3,Persistencia,B_latidos,1252,314,one-beat-ahead,0.802,0.219525,0.468534,0.310058,8.1396,0.0247,0.7473,0.0
231,F_N+MED,5,Persistencia,B_latidos,1251,313,one-beat-ahead,0.8017,0.220051,0.469096,0.310572,8.3645,0.0896,0.7494,0.0
231,F_N+MED,10,Persistencia,B_latidos,1247,312,one-beat-ahead,0.8015,0.220402,0.46947,0.310751,8.5325,0.0432,0.751,0.0
231,F_N+PB+MED,3,Persistencia,B_latidos,1252,314,one-beat-ahead,0.7876,0.254392,0.504372,0.307737,8.3201,0.0373,0.7396,0.0
231,F_N+PB+MED,5,Persistencia,B_latidos,1251,313,one-beat-ahead,0.7871,0.255042,0.505016,0.308247,8.9283,0.0542,0.7422,0.0
231,F_N+PB+MED,10,Persistencia,B_latidos,1247,312,one-beat-ahead,0.7869,0.255386,0.505357,0.308342,9.5896,0.0818,0.7444,0.0
232,F_SIN,3,Persistencia,B_latidos,1420,355,one-beat-ahead,0.367,0.684325,0.827239,0.455866,12.9681,0.0299,0.0788,0.0
232,F_SIN,5,Persistencia,B_latidos,1418,355,one-beat-ahead,0.367,0.684218,0.827174,0.45583,12.9671,0.0679,0.0798,0.0
232,F_SIN,10,Persistencia,B_latidos,1414,354,one-beat-ahead,0.3662,0.685166,0.827748,0.456121,13.8595,0.0422,0.0807,0.0
232,F_N,3,Persistencia,B_latidos,1420,355,one-beat-ahead,0.3672,0.684078,0.82709,0.455818,12.9744,0.023,0.079,0.0
232,F_N,5,Persistencia,B_latidos,1418,355,one-beat-ahead,0.3672,0.68397,0.827025,0.455782,12.9733,0.0406,0.0801,0.0
232,F_N,10,Persistencia,B_latidos,1414,354,one-beat-ahead,0.3664,0.684919,0.827598,0.456074,13.8608,0.0402,0.0809,0.0
232,F_PB,3,Persistencia,B_latidos,1420,355,one-beat-ahead,0.2068,0.867093,0.931178,0.474374,12.8446,0.0244,-0.1529,0.0
232,F_PB,5,Persistencia,B_latidos,1418,355,one-beat-ahead,0.2068,0.867251,0.931263,0.474417,12.8458,0.0678,-0.1517,0.0
232,F_PB,10,Persistencia,B_latidos,1414,354,one-beat-ahead,0.2057,0.868938,0.932168,0.474848,14.559,0.0357,-0.1499,0.0
232,F_MED,3,Persistencia,B_latidos,1420,355,one-beat-ahead,0.6367,0.379315,0.615885,0.404504,10.3178,0.0192,0.3424,0.0
232,F_MED,5,Persistencia,B_latidos,1418,355,one-beat-ahead,0.6367,0.379147,0.615749,0.404414,10.3156,0.0784,0.3435,0.0
232,F_MED,10,Persistencia,B_latidos,1414,354,one-beat-ahead,0.6363,0.37949,0.616028,0.404531,10.5696,0.055,0.3442,0.0
232,F_N+PB,3,Persistencia,B_latidos,1420,355,one-beat-ahead,0.2069,0.867009,0.931133,0.474365,12.8452,0.0356,-0.1528,0.0
232,F_N+PB,5,Persistencia,B_latidos,1418,355,one-beat-ahead,0.2069,0.867166,0.931218,0.474408,12.8464,0.062,-0.1517,0.0
232,F_N+PB,10,Persistencia,B_latidos,1414,354,one-beat-ahead,0.2057,0.868853,0.932123,0.474839,14.5584,0.0461,-0.1498,0.0
232,F_N+MED,3,Persistencia,B_latidos,1420,355,one-beat-ahead,0.6367,0.379221,0.615809,0.404501,10.3122,0.026,0.3426,0.0
232,F_N+MED,5,Persistencia,B_latidos,1418,355,one-beat-ahead,0.6367,0.379054,0.615673,0.404411,10.3099,0.0637,0.3437,0.0
232,F_N+MED,10,Persistencia,B_latidos,1414,354,one-beat-ahead,0.6364,0.379396,0.615951,0.404524,10.5897,0.043,0.3444,0.0
232,F_N+PB+MED,3,Persistencia,B_latidos,1420,355,one-beat-ahead,0.4312,0.58239,0.763145,0.454123,11.2633,0.0398,-0.0361,0.0
232,F_N+PB+MED,5,Persistencia,B_latidos,1418,355,one-beat-ahead,0.4312,0.582451,0.763185,0.454147,11.2639,0.0369,-0.0345,0.0
232,F_N+PB+MED,10,Persistencia,B_latidos,1414,354,one-beat-ahead,0.4304,0.583628,0.763955,0.454434,12.4839,0.1004,-0.0324,0.0
233,F_SIN,3,Persistencia,B_latidos,2459,615,one-beat-ahead,-0.6516,1.656793,1.287165,0.852104,16.8675,0.0193,-0.506,0.0
233,F_SIN,5,Persistencia,B_latidos,2457,615,one-beat-ahead,-0.6516,1.656924,1.287216,0.852138,16.8681,0.0328,-0.5063,0.0
233,F_SIN,10,Persistencia,B_latidos,2453,614,one-beat-ahead,-0.6513,1.657578,1.28747,0.852302,16.3525,0.0657,-0.5056,0.0
233,F_N,3,Persistencia,B_latidos,2459,615,one-beat-ahead,-0.6515,1.656775,1.287158,0.852068,16.8668,0.0317,-0.506,0.0
233,F_N,5,Persistencia,B_latidos,2457,615,one-beat-ahead,-0.6515,1.656906,1.287209,0.852102,16.8674,0.0346,-0.5063,0.0
233,F_N,10,Persistencia,B_latidos,2453,614,one-beat-ahead,-0.6513,1.65756,1.287463,0.852266,16.35,0.0611,-0.5055,0.0
233,F_PB,3,Persistencia,B_latidos,2459,615,one-beat-ahead,-0.7951,1.848351,1.359541,0.891879,16.3361,0.0181,-0.664,0.0
233,F_PB,5,Persistencia,B_latidos,2457,615,one-beat-ahead,-0.7951,1.848377,1.35955,0.891886,16.3362,0.0525,-0.6644,0.0
233,F_PB,10,Persistencia,B_latidos,2453,614,one-beat-ahead,-0.7947,1.849064,1.359803,0.892022,16.3167,0.0497,-0.664,0.0
233,F_MED,3,Persistencia,B_latidos,2459,615,one-beat-ahead,-0.6346,1.717981,1.310718,0.880788,16.9637,0.0207,-0.5095,0.0
233,F_MED,5,Persistencia,B_latidos,2457,615,one-beat-ahead,-0.6346,1.718292,1.310836,0.880868,16.9653,0.0595,-0.5102,0.0
233,F_MED,10,Persistencia,B_latidos,2453,614,one-beat-ahead,-0.6347,1.720238,1.311579,0.881289,16.5634,0.0772,-0.5092,0.0
233,F_N+PB,3,Persistencia,B_latidos,2459,615,one-beat-ahead,-0.7951,1.84835,1.35954,0.891881,16.3362,0.0212,-0.664,0.0
233,F_N+PB,5,Persistencia,B_latidos,2457,615,one-beat-ahead,-0.7951,1.848375,1.35955,0.891887,16.3363,0.0536,-0.6643,0.0
233,F_N+PB,10,Persistencia,B_latidos,2453,614,one-beat-ahead,-0.7947,1.849063,1.359802,0.892023,16.3169,0.0656,-0.664,0.0
233,F_N+MED,3,Persistencia,B_latidos,2459,615,one-beat-ahead,-0.6346,1.717653,1.310593,0.880729,16.9708,0.0205,-0.5091,0.0
233,F_N+MED,5,Persistencia,B_latidos,2457,615,one-beat-ahead,-0.6346,1.717965,1.310712,0.880809,16.9724,0.0353,-0.5098,0.0
233,F_N+MED,10,Persistencia,B_latidos,2453,614,one-beat-ahead,-0.6346,1.719907,1.311452,0.881228,16.5701,0.0677,-0.5088,0.0
233,F_N+PB+MED,3,Persistencia,B_latidos,2459,615,one-beat-ahead,-0.9707,2.230569,1.493509,0.998052,17.4692,0.0258,-0.9141,0.0
233,F_N+PB+MED,5,Persistencia,B_latidos,2457,615,one-beat-ahead,-0.9707,2.230618,1.493525,0.998063,17.4694,0.0532,-0.9155,0.0
233,F_N+PB+MED,10,Persistencia,B_latidos,2453,614,one-beat-ahead,-0.9704,2.233236,1.494402,0.998503,17.6948,0.0209,-0.9153,0.0
234,F_SIN,3,Persistencia,B_latidos,2198,550,one-beat-ahead,0.7087,0.300066,0.547783,0.244278,11.7941,0.0178,0.7294,0.0
234,F_SIN,5,Persistencia,B_latidos,2196,550,one-beat-ahead,0.7087,0.300118,0.54783,0.244299,11.7952,0.0407,0.7293,0.0
234,F_SIN,10,Persistencia,B_latidos,2192,549,one-beat-ahead,0.7086,0.300313,0.548008,0.244412,10.1545,0.0378,0.7295,0.0
234,F_N,3,Persistencia,B_latidos,2198,550,one-beat-ahead,0.7089,0.299901,0.547632,0.243933,11.7958,0.0197,0.7296,0.0
234,F_N,5,Persistencia,B_latidos,2196,550,one-beat-ahead,0.7089,0.299953,0.547679,0.243954,11.7968,0.0421,0.7295,0.0
234,F_N,10,Persistencia,B_latidos,2192,549,one-beat-ahead,0.7088,0.300148,0.547858,0.244071,10.14,0.0297,0.7297,0.0
234,F_PB,3,Persistencia,B_latidos,2198,550,one-beat-ahead,0.7122,0.318725,0.564558,0.202379,10.8002,0.026,0.7456,0.0
234,F_PB,5,Persistencia,B_latidos,2196,550,one-beat-ahead,0.7122,0.318761,0.564589,0.20239,10.8008,0.0817,0.7456,0.0
234,F_PB,10,Persistencia,B_latidos,2192,549,one-beat-ahead,0.7122,0.318787,0.564612,0.202363,9.163,0.0363,0.7458,0.0
234,F_MED,3,Persistencia,B_latidos,2198,550,one-beat-ahead,0.7169,0.239035,0.488912,0.243104,10.8132,0.0304,0.7071,0.0
234,F_MED,5,Persistencia,B_latidos,2196,550,one-beat-ahead,0.7169,0.239086,0.488964,0.24313,10.8144,0.0365,0.7069,0.0
234,F_MED,10,Persistencia,B_latidos,2192,549,one-beat-ahead,0.7164,0.2396,0.48949,0.243437,9.5768,0.0674,0.707,0.0
234,F_N+PB,3,Persistencia,B_latidos,2198,550,one-beat-ahead,0.7122,0.318666,0.564505,0.20236,10.8001,0.0289,0.7457,0.0
234,F_N+PB,5,Persistencia,B_latidos,2196,550,one-beat-ahead,0.7122,0.318701,0.564536,0.202371,10.8007,0.0716,0.7456,0.0
234,F_N+PB,10,Persistencia,B_latidos,2192,549,one-beat-ahead,0.7123,0.318727,0.56456,0.202344,9.1634,0.0274,0.7459,0.0
234,F_N+MED,3,Persistencia,B_latidos,2198,550,one-beat-ahead,0.717,0.238998,0.488874,0.243151,10.8193,0.0255,0.7072,0.0
234,F_N+MED,5,Persistencia,B_latidos,2196,550,one-beat-ahead,0.717,0.239049,0.488927,0.243177,10.8205,0.0455,0.707,0.0
234,F_N+MED,10,Persistencia,B_latidos,2192,549,one-beat-ahead,0.7164,0.239565,0.489454,0.243491,9.5663,0.0459,0.7071,0.0
234,F_N+PB+MED,3,LinReg,B_latidos,2198,550,one-beat-ahead,0.2059,0.672436,0.820022,0.336626,24.8497,0.0291,0.9612,0.624
234,F_N+PB+MED,3,DT,B_latidos,2198,550,one-beat-ahead,0.8557,0.122156,0.349508,0.21995,6.8382,0.0024,0.9398,12.949
234,F_N+PB+MED,3,RF,B_latidos,2198,550,one-beat-ahead,0.8754,0.105539,0.324867,0.206408,12.0555,0.0665,0.933,9.472
234,F_N+PB+MED,3,SVR_rbf,B_latidos,2198,550,one-beat-ahead,0.8811,0.0079,0.088881,0.040829,1.9496,0.9035,0.9547,1.576
234,F_N+PB+MED,3,MLP,B_latidos,2198,550,one-beat-ahead,0.8445,0.131703,0.362909,0.225782,14.1312,0.0117,0.8641,1.523
234,F_N+PB+MED,3,Persistencia,B_latidos,2198,550,one-beat-ahead,0.7132,0.242842,0.49279,0.273591,14.5972,0.0196,0.7084,0.0
234,F_N+PB+MED,5,LinReg,B_latidos,2196,550,one-beat-ahead,-0.2807,1.084404,1.041347,0.429044,12.5317,0.0248,0.9788,1.798
234,F_N+PB+MED,5,DT,B_latidos,2196,550,one-beat-ahead,0.8136,0.157841,0.397292,0.224014,13.7677,0.0041,0.9398,21.841
234,F_N+PB+MED,5,RF,B_latidos,2196,550,one-beat-ahead,0.8736,0.107062,0.327204,0.207171,12.1426,0.0457,0.9307,9.582
234,F_N+PB+MED,5,SVR_rbf,B_latidos,2196,550,one-beat-ahead,0.6167,0.025461,0.159566,0.074694,3.3016,0.2652,0.923,0.967
234,F_N+PB+MED,5,MLP,B_latidos,2196,550,one-beat-ahead,0.8897,0.093362,0.305552,0.216311,7.6578,0.0046,0.9506,7.528
234,F_N+PB+MED,5,Persistencia,B_latidos,2196,550,one-beat-ahead,0.7132,0.242815,0.492763,0.273576,14.5965,0.0169,0.7082,0.0
234,F_N+PB+MED,10,LinReg,B_latidos,2192,549,one-beat-ahead,-0.3232,1.120479,1.058527,0.692211,17.7312,0.047,1.0,11.666
234,F_N+PB+MED,10,DT,B_latidos,2192,549,one-beat-ahead,0.8535,0.124065,0.352229,0.222708,6.9334,0.0073,0.9405,41.28
234,F_N+PB+MED,10,RF,B_latidos,2192,549,one-beat-ahead,0.8755,0.105393,0.324643,0.208435,6.4462,0.0512,0.9305,15.668
234,F_N+PB+MED,10,SVR_rbf,B_latidos,2192,549,one-beat-ahead,0.4966,0.033487,0.182996,0.116745,3.5383,0.2841,0.9209,0.862
234,F_N+PB+MED,10,MLP,B_latidos,2192,549,one-beat-ahead,0.866,0.113452,0.336826,0.240459,6.9784,0.0046,0.9567,6.444
234,F_N+PB+MED,10,Persistencia,B_latidos,2192,549,one-beat-ahead,0.713,0.243037,0.492988,0.273606,7.7125,0.0193,0.7081,0.0
