Paciente,Filtro,Lookback,Modelo,Experimento,n_train,n_test,R2,MSE,RMSE,MAE,DTW,Latencia_ms,R2_train,t_fit_s,epochs_ran
100,F_N+MED,3,LSTM,B_latidos,1814,454,0.7307,0.354488,0.595389,0.326363,3.828,0.2273,0.9189,33.401,66
100,F_N+MED,3,GRU,B_latidos,1814,454,0.7351,0.348719,0.590524,0.325231,3.8066,0.2313,0.926,27.784,63
100,F_N+MED,3,CNN-LSTM,B_latidos,1814,454,0.7309,0.354305,0.595235,0.327386,4.1923,0.3526,0.9308,38.306,76
100,F_N+MED,3,CNN-GRU,B_latidos,1814,454,0.727,0.359374,0.599478,0.332476,3.9575,0.2348,0.9261,24.343,54
100,F_N+MED,5,LSTM,B_latidos,1812,454,0.7332,0.351382,0.592775,0.329126,3.9978,0.2324,0.9097,24.625,49
100,F_N+MED,5,GRU,B_latidos,1812,454,0.735,0.348969,0.590736,0.329236,3.8747,0.3107,0.9252,22.548,49
100,F_N+MED,5,CNN-LSTM,B_latidos,1812,454,0.722,0.366087,0.605051,0.342099,4.1943,0.3246,0.9138,18.623,41
100,F_N+MED,5,CNN-GRU,B_latidos,1812,454,0.7138,0.376887,0.613911,0.348417,4.2241,0.2329,0.9397,27.647,62
100,F_N+MED,10,LSTM,B_latidos,1808,453,0.7358,0.347823,0.589765,0.3318,4.3866,0.2547,0.9041,20.914,44
100,F_N+MED,10,GRU,B_latidos,1808,453,0.729,0.356798,0.597325,0.338783,4.6093,0.461,0.9397,32.777,75
100,F_N+MED,10,CNN-LSTM,B_latidos,1808,453,0.7281,0.357963,0.5983,0.344607,4.3431,0.3342,0.9268,19.954,48
100,F_N+MED,10,CNN-GRU,B_latidos,1808,453,0.7016,0.392848,0.626776,0.362721,4.6787,0.3183,0.9258,17.178,42
100,F_MED,3,LSTM,B_latidos,1814,454,0.7304,0.355381,0.596139,0.329282,3.6974,0.231,0.9217,30.66,69
100,F_MED,3,GRU,B_latidos,1814,454,0.7361,0.347914,0.589842,0.33064,3.9464,0.2183,0.9263,27.134,61
100,F_MED,3,CNN-LSTM,B_latidos,1814,454,0.7272,0.359651,0.599709,0.337248,4.1253,0.2397,0.9214,24.37,53
100,F_MED,3,CNN-GRU,B_latidos,1814,454,0.7332,0.351726,0.593065,0.326219,4.0208,0.2231,0.9312,27.929,63
100,F_MED,5,LSTM,B_latidos,1812,454,0.7421,0.340082,0.583166,0.321966,4.0125,0.2266,0.924,31.914,67
100,F_MED,5,GRU,B_latidos,1812,454,0.7361,0.348013,0.589926,0.333566,3.9689,0.3903,0.9306,24.166,53
100,F_MED,5,CNN-LSTM,B_latidos,1812,454,0.7127,0.378892,0.615542,0.34893,4.3814,0.2529,0.9274,20.768,46
100,F_MED,5,CNN-GRU,B_latidos,1812,454,0.716,0.374463,0.611934,0.340929,4.5926,0.2547,0.9399,25.91,57
100,F_MED,10,LSTM,B_latidos,1808,453,0.7371,0.346527,0.588665,0.328674,4.5183,0.2377,0.9208,25.525,54
100,F_MED,10,GRU,B_latidos,1808,453,0.7174,0.372436,0.610275,0.342818,4.8543,0.2311,0.9324,22.806,52
100,F_MED,10,CNN-LSTM,B_latidos,1808,453,0.7316,0.353755,0.594773,0.340992,4.4869,0.247,0.9151,18.563,41
100,F_MED,10,CNN-GRU,B_latidos,1808,453,0.7207,0.368082,0.606697,0.340593,4.2877,0.2358,0.9235,16.679,40
100,F_N+PB+MED,3,LSTM,B_latidos,1814,454,0.7118,0.318074,0.563981,0.245022,2.8183,0.3428,0.9417,41.576,90
100,F_N+PB+MED,3,GRU,B_latidos,1814,454,0.7068,0.32362,0.568876,0.247978,2.9438,0.2249,0.9428,33.565,78
100,F_N+PB+MED,3,CNN-LSTM,B_latidos,1814,454,0.7033,0.327536,0.572307,0.246959,2.6895,0.3106,0.9426,30.529,70
100,F_N+PB+MED,3,CNN-GRU,B_latidos,1814,454,0.7019,0.328983,0.573571,0.246724,2.8275,0.2457,0.9451,30.367,69
100,F_N+PB+MED,5,LSTM,B_latidos,1812,454,0.7134,0.316295,0.562401,0.243672,2.809,0.3471,0.9453,46.534,100
100,F_N+PB+MED,5,GRU,B_latidos,1812,454,0.707,0.323303,0.568598,0.243118,2.7643,0.2362,0.9467,41.178,91
100,F_N+PB+MED,5,CNN-LSTM,B_latidos,1812,454,0.706,0.324371,0.569536,0.245823,2.6966,0.2329,0.9492,28.618,62
100,F_N+PB+MED,5,CNN-GRU,B_latidos,1812,454,0.6946,0.336973,0.580494,0.255478,2.8134,0.2388,0.945,25.238,55
100,F_N+PB+MED,10,LSTM,B_latidos,1808,453,0.7132,0.316358,0.562457,0.243481,2.7616,0.2871,0.9462,46.071,100
100,F_N+PB+MED,10,GRU,B_latidos,1808,453,0.7105,0.319277,0.565046,0.244386,2.7121,0.2715,0.9521,42.66,100
100,F_N+PB+MED,10,CNN-LSTM,B_latidos,1808,453,0.7125,0.317081,0.5631,0.242543,2.769,0.2463,0.9502,39.999,100
100,F_N+PB+MED,10,CNN-GRU,B_latidos,1808,453,0.7044,0.325993,0.570958,0.244557,2.7433,0.2563,0.9438,19.927,45
101,F_N+MED,3,LSTM,B_latidos,1486,372,0.72,0.103681,0.321995,0.220915,2.908,0.2696,0.692,13.411,31
101,F_N+MED,3,GRU,B_latidos,1486,372,0.7396,0.096397,0.310478,0.209725,2.8757,0.2473,0.7576,19.937,48
101,F_N+MED,3,CNN-LSTM,B_latidos,1486,372,0.7338,0.098561,0.313944,0.22097,2.9242,0.362,0.7205,18.066,46
101,F_N+MED,3,CNN-GRU,B_latidos,1486,372,0.7313,0.099464,0.315379,0.22238,2.8896,0.4203,0.7206,14.302,36
101,F_N+MED,5,LSTM,B_latidos,1484,372,0.7334,0.098607,0.314018,0.215001,2.8599,0.2641,0.7364,18.865,45
101,F_N+MED,5,GRU,B_latidos,1484,372,0.7309,0.099529,0.315482,0.219141,2.788,0.2687,0.7778,19.787,49
101,F_N+MED,5,CNN-LSTM,B_latidos,1484,372,0.7049,0.109133,0.330353,0.235385,2.9302,0.2707,0.694,13.987,33
101,F_N+MED,5,CNN-GRU,B_latidos,1484,372,0.7184,0.104155,0.32273,0.225891,2.9055,0.2685,0.7078,13.382,32
101,F_N+MED,10,LSTM,B_latidos,1480,371,0.7138,0.105866,0.32537,0.215092,3.0328,0.2745,0.7736,32.237,76
101,F_N+MED,10,GRU,B_latidos,1480,371,0.7409,0.095855,0.309605,0.213083,2.9087,0.58,0.7587,16.855,41
101,F_N+MED,10,CNN-LSTM,B_latidos,1480,371,0.72,0.10357,0.321823,0.220552,2.8698,0.3737,0.7295,19.433,49
101,F_N+MED,10,CNN-GRU,B_latidos,1480,371,0.7444,0.094528,0.307453,0.213535,2.7962,0.2961,0.7873,19.704,48
101,F_MED,3,LSTM,B_latidos,1486,372,0.7504,0.092725,0.304508,0.209239,2.8735,0.2612,0.7494,23.984,59
101,F_MED,3,GRU,B_latidos,1486,372,0.7542,0.091288,0.302139,0.208645,2.8579,0.3652,0.7547,19.816,51
101,F_MED,3,CNN-LSTM,B_latidos,1486,372,0.7421,0.0958,0.309515,0.213224,2.9156,0.2709,0.7458,21.165,55
101,F_MED,3,CNN-GRU,B_latidos,1486,372,0.7479,0.093641,0.306008,0.213001,3.057,0.2686,0.7994,21.453,57
101,F_MED,5,LSTM,B_latidos,1484,372,0.7378,0.097277,0.311893,0.213008,2.7948,0.3059,0.7254,18.207,39
101,F_MED,5,GRU,B_latidos,1484,372,0.7398,0.096553,0.31073,0.214852,2.8186,0.3981,0.7811,23.44,58
101,F_MED,5,CNN-LSTM,B_latidos,1484,372,0.6822,0.117906,0.343374,0.240024,3.1034,0.2717,0.656,12.059,28
101,F_MED,5,CNN-GRU,B_latidos,1484,372,0.7109,0.107266,0.327515,0.22795,2.992,0.277,0.7713,17.734,44
101,F_MED,10,LSTM,B_latidos,1480,371,0.726,0.101699,0.318902,0.211922,3.0128,0.2759,0.7552,28.26,65
101,F_MED,10,GRU,B_latidos,1480,371,0.7376,0.097379,0.312056,0.216472,2.905,0.2766,0.7484,17.411,42
101,F_MED,10,CNN-LSTM,B_latidos,1480,371,0.74,0.096505,0.310653,0.211069,2.7815,0.315,0.746,22.485,55
101,F_MED,10,CNN-GRU,B_latidos,1480,371,0.736,0.097987,0.313029,0.219715,2.9264,0.2804,0.7706,20.18,47
101,F_N+PB+MED,3,LSTM,B_latidos,1486,372,0.8624,0.097245,0.311841,0.184405,1.9733,0.3854,0.7961,30.671,76
101,F_N+PB+MED,3,GRU,B_latidos,1486,372,0.8714,0.090891,0.301481,0.183378,1.9433,0.4374,0.8203,23.583,61
101,F_N+PB+MED,3,CNN-LSTM,B_latidos,1486,372,0.8784,0.08592,0.29312,0.180716,1.9431,0.2691,0.7906,25.878,67
101,F_N+PB+MED,3,CNN-GRU,B_latidos,1486,372,0.8733,0.089563,0.299271,0.185345,1.9489,0.2694,0.8098,29.637,80
101,F_N+PB+MED,5,LSTM,B_latidos,1484,372,0.8793,0.085237,0.291954,0.180524,1.9869,0.2766,0.7966,29.658,71
101,F_N+PB+MED,5,GRU,B_latidos,1484,372,0.8784,0.085883,0.293057,0.183853,2.0128,0.2592,0.8424,37.994,99
101,F_N+PB+MED,5,CNN-LSTM,B_latidos,1484,372,0.8812,0.083905,0.289663,0.182239,1.8934,0.2728,0.8048,27.21,68
101,F_N+PB+MED,5,CNN-GRU,B_latidos,1484,372,0.878,0.086138,0.293493,0.185579,1.9468,0.289,0.7932,21.075,53
101,F_N+PB+MED,10,LSTM,B_latidos,1480,371,0.8801,0.084601,0.290863,0.182042,2.1552,0.2796,0.771,26.885,64
101,F_N+PB+MED,10,GRU,B_latidos,1480,371,0.8752,0.088092,0.296802,0.187501,2.1678,0.2769,0.792,23.071,56
101,F_N+PB+MED,10,CNN-LSTM,B_latidos,1480,371,0.8797,0.084887,0.291353,0.182066,2.159,0.2833,0.8044,33.898,86
101,F_N+PB+MED,10,CNN-GRU,B_latidos,1480,371,0.8707,0.091265,0.302101,0.186165,2.0833,0.2722,0.8336,35.853,94
102,F_N+MED,3,LSTM,B_latidos,1745,437,0.8457,0.142507,0.377501,0.230112,2.5695,0.3384,0.9182,40.801,94
102,F_N+MED,3,GRU,B_latidos,1745,437,0.8397,0.14799,0.384694,0.236195,2.5045,0.2283,0.9284,35.278,83
102,F_N+MED,3,CNN-LSTM,B_latidos,1745,437,0.8395,0.14822,0.384993,0.237788,2.4315,0.341,0.9055,18.959,43
102,F_N+MED,3,CNN-GRU,B_latidos,1745,437,0.8321,0.155029,0.393737,0.240164,2.6603,0.3635,0.9292,28.742,67
102,F_N+MED,5,LSTM,B_latidos,1744,436,0.8582,0.130935,0.361849,0.220489,2.5029,0.2534,0.9117,26.735,58
102,F_N+MED,5,GRU,B_latidos,1744,436,0.8494,0.138979,0.372799,0.232704,2.7434,0.4906,0.9172,21.714,47
102,F_N+MED,5,CNN-LSTM,B_latidos,1744,436,0.8402,0.147465,0.384011,0.234821,2.8613,0.343,0.9204,21.744,49
102,F_N+MED,5,CNN-GRU,B_latidos,1744,436,0.836,0.151345,0.389031,0.242202,2.8033,0.2335,0.92,18.386,43
102,F_N+MED,10,LSTM,B_latidos,1740,435,0.8621,0.127198,0.356648,0.220899,2.4034,0.2674,0.9226,29.519,63
102,F_N+MED,10,GRU,B_latidos,1740,435,0.8523,0.136252,0.369123,0.228939,2.4648,0.3372,0.9254,21.414,47
102,F_N+MED,10,CNN-LSTM,B_latidos,1740,435,0.8449,0.143015,0.378174,0.234434,2.7205,0.359,0.9276,22.808,51
102,F_N+MED,10,CNN-GRU,B_latidos,1740,435,0.8592,0.129906,0.360425,0.227311,2.4263,0.25,0.9244,17.411,37
102,F_MED,3,LSTM,B_latidos,1745,437,0.8492,0.139062,0.37291,0.228418,2.4123,0.321,0.9115,36.613,84
102,F_MED,3,GRU,B_latidos,1745,437,0.8458,0.142114,0.376981,0.229083,2.4928,0.2312,0.9223,32.866,79
102,F_MED,3,CNN-LSTM,B_latidos,1745,437,0.8394,0.148084,0.384817,0.239734,2.7266,0.4731,0.9248,29.579,64
102,F_MED,3,CNN-GRU,B_latidos,1745,437,0.8376,0.149734,0.386955,0.240787,2.6652,0.2244,0.9239,26.292,62
102,F_MED,5,LSTM,B_latidos,1744,436,0.8551,0.133531,0.365419,0.223915,2.5623,0.2314,0.9085,24.571,54
102,F_MED,5,GRU,B_latidos,1744,436,0.8542,0.134362,0.366555,0.225968,2.7179,0.4323,0.9175,21.97,48
102,F_MED,5,CNN-LSTM,B_latidos,1744,436,0.8403,0.147162,0.383617,0.23731,2.7926,0.2284,0.9038,19.476,40
102,F_MED,5,CNN-GRU,B_latidos,1744,436,0.8391,0.148312,0.385113,0.241298,2.7963,0.2332,0.9294,23.266,54
102,F_MED,10,LSTM,B_latidos,1740,435,0.8587,0.130083,0.360671,0.223205,2.3546,0.2402,0.9163,25.993,56
102,F_MED,10,GRU,B_latidos,1740,435,0.8506,0.13763,0.370985,0.234017,2.6067,0.2339,0.9326,24.722,52
102,F_MED,10,CNN-LSTM,B_latidos,1740,435,0.847,0.140857,0.375309,0.23463,2.6028,0.2374,0.9213,21.183,45
102,F_MED,10,CNN-GRU,B_latidos,1740,435,0.8415,0.14601,0.382113,0.240429,2.7453,0.228,0.9367,23.016,52
102,F_N+PB+MED,3,LSTM,B_latidos,1745,437,0.8683,0.122231,0.349615,0.186346,2.1021,0.231,0.9183,29.786,65
102,F_N+PB+MED,3,GRU,B_latidos,1745,437,0.8645,0.125725,0.354577,0.189847,2.1255,0.2124,0.9196,24.07,55
102,F_N+PB+MED,3,CNN-LSTM,B_latidos,1745,437,0.8631,0.127029,0.356411,0.193509,2.1766,0.2657,0.9315,29.746,70
102,F_N+PB+MED,3,CNN-GRU,B_latidos,1745,437,0.8651,0.125126,0.353731,0.190307,2.1258,0.4723,0.9296,26.173,64
102,F_N+PB+MED,5,LSTM,B_latidos,1744,436,0.8659,0.124473,0.352808,0.194586,1.8209,0.255,0.9104,21.281,43
102,F_N+PB+MED,5,GRU,B_latidos,1744,436,0.8652,0.125055,0.353631,0.189789,1.8914,0.2389,0.9363,26.424,61
102,F_N+PB+MED,5,CNN-LSTM,B_latidos,1744,436,0.8641,0.126071,0.355065,0.195312,1.9048,0.2415,0.9311,24.611,53
102,F_N+PB+MED,5,CNN-GRU,B_latidos,1744,436,0.8616,0.128463,0.358418,0.193431,1.9407,0.3586,0.9398,28.729,67
102,F_N+PB+MED,10,LSTM,B_latidos,1740,435,0.8783,0.112876,0.33597,0.185766,1.7369,0.2623,0.9328,28.581,61
102,F_N+PB+MED,10,GRU,B_latidos,1740,435,0.8784,0.112817,0.335882,0.188588,1.8512,0.2361,0.9398,24.214,53
102,F_N+PB+MED,10,CNN-LSTM,B_latidos,1740,435,0.8699,0.120677,0.347385,0.190563,1.9436,0.2425,0.9441,35.669,79
102,F_N+PB+MED,10,CNN-GRU,B_latidos,1740,435,0.8767,0.114375,0.338194,0.187539,1.8458,0.2387,0.9404,21.495,44
103,F_N+MED,3,LSTM,B_latidos,1663,416,0.87,0.062275,0.24955,0.187005,1.9416,0.3384,0.6256,9.229,17
103,F_N+MED,3,GRU,B_latidos,1663,416,0.87,0.062244,0.249488,0.186998,1.9255,0.3426,0.6694,7.681,17
103,F_N+MED,3,CNN-LSTM,B_latidos,1663,416,0.8337,0.079638,0.282203,0.216444,2.3141,0.2253,0.5857,7.667,17
103,F_N+MED,3,CNN-GRU,B_latidos,1663,416,0.8314,0.080769,0.284198,0.21272,2.3576,0.228,0.5368,7.236,16
103,F_N+MED,5,LSTM,B_latidos,1661,416,0.886,0.054575,0.233613,0.176684,1.7422,0.3658,0.6386,8.731,17
103,F_N+MED,5,GRU,B_latidos,1661,416,0.8861,0.054528,0.233513,0.180611,1.8068,0.5021,0.7089,8.339,18
103,F_N+MED,5,CNN-LSTM,B_latidos,1661,416,0.8637,0.065235,0.255411,0.205819,2.0071,0.3101,0.7309,10.39,22
103,F_N+MED,5,CNN-GRU,B_latidos,1661,416,0.9137,0.041318,0.203269,0.147436,1.4363,0.2539,0.7894,13.063,30
103,F_N+MED,10,LSTM,B_latidos,1657,415,0.903,0.046369,0.215334,0.154066,1.5608,0.266,0.7343,10.216,20
103,F_N+MED,10,GRU,B_latidos,1657,415,0.8582,0.067793,0.260372,0.197389,2.1696,0.2393,0.6609,7.842,17
103,F_N+MED,10,CNN-LSTM,B_latidos,1657,415,0.8955,0.049966,0.223531,0.161157,1.5973,0.3377,0.73,10.562,25
103,F_N+MED,10,CNN-GRU,B_latidos,1657,415,0.8864,0.054312,0.23305,0.174366,1.6717,0.2368,0.7295,9.312,23
103,F_MED,3,LSTM,B_latidos,1663,416,0.8557,0.069104,0.262877,0.201053,2.0962,0.2311,0.6316,9.426,17
103,F_MED,3,GRU,B_latidos,1663,416,0.8734,0.060636,0.246243,0.185989,1.8719,0.2223,0.6661,9.098,17
103,F_MED,3,CNN-LSTM,B_latidos,1663,416,0.8524,0.070673,0.265844,0.202026,2.1402,0.2332,0.6075,8.888,17
103,F_MED,3,CNN-GRU,B_latidos,1663,416,0.8836,0.055731,0.236075,0.172092,1.7504,0.2244,0.7692,11.126,24
103,F_MED,5,LSTM,B_latidos,1661,416,0.8832,0.05588,0.23639,0.179904,1.8337,0.2416,0.633,8.592,17
103,F_MED,5,GRU,B_latidos,1661,416,0.8507,0.071464,0.267327,0.216631,2.341,0.2316,0.7459,9.696,21
103,F_MED,5,CNN-LSTM,B_latidos,1661,416,0.8964,0.04956,0.222621,0.166792,1.6607,0.2403,0.722,9.769,21
103,F_MED,5,CNN-GRU,B_latidos,1661,416,0.8955,0.050024,0.223662,0.166762,1.6012,0.2248,0.7304,8.483,20
103,F_MED,10,LSTM,B_latidos,1657,415,0.8915,0.051864,0.227736,0.166864,1.7113,0.2418,0.6813,9.411,18
103,F_MED,10,GRU,B_latidos,1657,415,0.8648,0.064628,0.254221,0.192779,2.0532,0.2444,0.7007,9.234,18
103,F_MED,10,CNN-LSTM,B_latidos,1657,415,0.9008,0.047406,0.217728,0.157059,1.5487,0.2762,0.7141,9.519,21
103,F_MED,10,CNN-GRU,B_latidos,1657,415,0.8983,0.048623,0.220507,0.159846,1.6004,0.287,0.7688,10.851,24
103,F_N+PB+MED,3,LSTM,B_latidos,1663,416,0.9539,0.042684,0.206602,0.142285,1.3635,0.2318,0.9256,17.529,39
103,F_N+PB+MED,3,GRU,B_latidos,1663,416,0.9556,0.041063,0.20264,0.139341,1.3484,0.2173,0.9325,17.622,40
103,F_N+PB+MED,3,CNN-LSTM,B_latidos,1663,416,0.9513,0.045041,0.212229,0.146994,1.4546,0.227,0.9226,13.429,30
103,F_N+PB+MED,3,CNN-GRU,B_latidos,1663,416,0.9581,0.038769,0.196897,0.135572,1.2656,0.2443,0.9462,20.874,51
103,F_N+PB+MED,5,LSTM,B_latidos,1661,416,0.9576,0.039205,0.198002,0.135899,1.3955,0.2296,0.9226,15.664,35
103,F_N+PB+MED,5,GRU,B_latidos,1661,416,0.9591,0.037839,0.194523,0.128836,1.232,0.2281,0.9437,21.818,48
103,F_N+PB+MED,5,CNN-LSTM,B_latidos,1661,416,0.9624,0.034746,0.186404,0.127044,1.2043,0.2547,0.9468,19.574,45
103,F_N+PB+MED,5,CNN-GRU,B_latidos,1661,416,0.9616,0.035535,0.188507,0.124771,1.1302,0.2256,0.9488,17.607,43
103,F_N+PB+MED,10,LSTM,B_latidos,1657,415,0.9582,0.038735,0.196811,0.137896,1.4068,0.2369,0.9399,24.778,60
103,F_N+PB+MED,10,GRU,B_latidos,1657,415,0.9651,0.032331,0.179809,0.123308,1.1897,0.3454,0.9567,29.766,76
103,F_N+PB+MED,10,CNN-LSTM,B_latidos,1657,415,0.9562,0.040503,0.201253,0.14022,1.3258,0.2386,0.9308,12.823,31
103,F_N+PB+MED,10,CNN-GRU,B_latidos,1657,415,0.9645,0.03282,0.181162,0.123102,1.2117,0.2442,0.9569,18.533,47
104,F_N+MED,3,LSTM,B_latidos,1764,442,0.8279,0.140876,0.375335,0.242095,2.4937,0.2246,0.8965,44.356,100
104,F_N+MED,3,GRU,B_latidos,1764,442,0.8193,0.147932,0.384619,0.252004,2.7924,0.2161,0.9203,42.676,100
104,F_N+MED,3,CNN-LSTM,B_latidos,1764,442,0.8147,0.151708,0.389497,0.254785,2.9004,0.5336,0.9037,29.812,68
104,F_N+MED,3,CNN-GRU,B_latidos,1764,442,0.8175,0.149363,0.386475,0.256462,2.8281,0.2216,0.9077,26.745,65
104,F_N+MED,5,LSTM,B_latidos,1763,441,0.836,0.134122,0.366226,0.244581,2.8657,0.2475,0.8831,30.438,69
104,F_N+MED,5,GRU,B_latidos,1763,441,0.837,0.133298,0.365099,0.245469,2.8469,0.2168,0.8941,25.126,55
104,F_N+MED,5,CNN-LSTM,B_latidos,1763,441,0.8231,0.144735,0.38044,0.253611,2.831,0.3433,0.9307,35.43,84
104,F_N+MED,5,CNN-GRU,B_latidos,1763,441,0.8207,0.146711,0.383029,0.256516,3.0314,0.3458,0.9121,27.178,63
104,F_N+MED,10,LSTM,B_latidos,1759,440,0.839,0.13186,0.363126,0.237688,2.7506,0.2397,0.9073,40.79,88
104,F_N+MED,10,GRU,B_latidos,1759,440,0.8357,0.134581,0.366852,0.2433,2.779,0.4773,0.9013,25.266,57
104,F_N+MED,10,CNN-LSTM,B_latidos,1759,440,0.8344,0.135668,0.368331,0.247249,2.7628,0.3183,0.923,38.358,87
104,F_N+MED,10,CNN-GRU,B_latidos,1759,440,0.8225,0.145383,0.381291,0.254123,2.7197,0.3188,0.9298,27.905,66
104,F_MED,3,LSTM,B_latidos,1764,442,0.8258,0.142509,0.377504,0.246422,2.7394,0.2213,0.8899,37.667,88
104,F_MED,3,GRU,B_latidos,1764,442,0.823,0.144844,0.380583,0.246228,2.6001,0.2447,0.908,39.146,94
104,F_MED,3,CNN-LSTM,B_latidos,1764,442,0.8122,0.153635,0.391963,0.257797,2.6889,0.2248,0.9173,37.257,88
104,F_MED,3,CNN-GRU,B_latidos,1764,442,0.8247,0.143425,0.378714,0.250557,2.6433,0.2302,0.9083,32.521,79
104,F_MED,5,LSTM,B_latidos,1763,441,0.8291,0.13969,0.373751,0.246367,2.8484,0.2305,0.9105,43.312,98
104,F_MED,5,GRU,B_latidos,1763,441,0.8377,0.132697,0.364276,0.242464,2.7682,0.2227,0.9099,34.351,78
104,F_MED,5,CNN-LSTM,B_latidos,1763,441,0.8165,0.150044,0.387355,0.258912,2.8389,0.2236,0.9136,28.043,65
104,F_MED,5,CNN-GRU,B_latidos,1763,441,0.8255,0.142695,0.37775,0.252481,2.8313,0.2468,0.9117,21.932,53
104,F_MED,10,LSTM,B_latidos,1759,440,0.842,0.129382,0.359697,0.238182,2.7843,0.2477,0.9063,36.612,80
104,F_MED,10,GRU,B_latidos,1759,440,0.8173,0.149619,0.386806,0.257451,2.8514,0.2267,0.8934,22.366,48
104,F_MED,10,CNN-LSTM,B_latidos,1759,440,0.8378,0.132786,0.364398,0.242396,2.5953,0.232,0.9143,37.838,84
104,F_MED,10,CNN-GRU,B_latidos,1759,440,0.8266,0.141944,0.376754,0.250443,2.9693,0.2268,0.9258,24.441,57
104,F_N+PB+MED,3,LSTM,B_latidos,1764,442,0.8837,0.101824,0.319098,0.189731,1.8744,0.2234,0.9207,38.634,90
104,F_N+PB+MED,3,GRU,B_latidos,1764,442,0.8813,0.103912,0.322354,0.191195,2.0133,0.2118,0.9252,34.403,82
104,F_N+PB+MED,3,CNN-LSTM,B_latidos,1764,442,0.873,0.11118,0.333437,0.2003,1.9879,0.4666,0.9082,23.931,56
104,F_N+PB+MED,3,CNN-GRU,B_latidos,1764,442,0.875,0.109406,0.330766,0.198655,1.958,0.2384,0.9268,30.319,74
104,F_N+PB+MED,5,LSTM,B_latidos,1763,441,0.8925,0.09397,0.306545,0.185233,1.8356,0.3094,0.9186,31.92,72
104,F_N+PB+MED,5,GRU,B_latidos,1763,441,0.8841,0.10134,0.31834,0.19,1.9207,0.2445,0.9345,39.739,92
104,F_N+PB+MED,5,CNN-LSTM,B_latidos,1763,441,0.8796,0.105225,0.324384,0.193845,1.8631,0.2229,0.9286,32.167,75
104,F_N+PB+MED,5,CNN-GRU,B_latidos,1763,441,0.8815,0.103603,0.321874,0.194178,1.827,0.2227,0.924,25.251,59
104,F_N+PB+MED,10,LSTM,B_latidos,1759,440,0.8961,0.091021,0.301697,0.180228,1.7576,0.2351,0.9237,44.144,99
104,F_N+PB+MED,10,GRU,B_latidos,1759,440,0.8888,0.097373,0.312047,0.188819,1.768,0.2275,0.9279,32.601,76
104,F_N+PB+MED,10,CNN-LSTM,B_latidos,1759,440,0.8819,0.103437,0.321616,0.19307,1.7981,0.3103,0.9335,41.505,95
104,F_N+PB+MED,10,CNN-GRU,B_latidos,1759,440,0.8798,0.10529,0.324484,0.196306,1.8253,0.3364,0.9197,20.678,47
105,F_N+MED,3,LSTM,B_latidos,2049,513,0.201,0.684715,0.827475,0.388763,6.2534,0.2131,0.2801,11.629,20
105,F_N+MED,3,GRU,B_latidos,2049,513,0.1825,0.70062,0.837031,0.390607,5.7844,0.201,0.3233,11.777,21
105,F_N+MED,3,CNN-LSTM,B_latidos,2049,513,0.1539,0.725095,0.851525,0.402433,6.2987,0.2779,0.2605,10.481,20
105,F_N+MED,3,CNN-GRU,B_latidos,2049,513,0.1698,0.71153,0.843523,0.396918,5.8855,0.2018,0.2816,10.823,20
105,F_N+MED,5,LSTM,B_latidos,2048,512,0.1881,0.696746,0.834713,0.384679,5.8368,0.1917,0.3062,12.882,21
105,F_N+MED,5,GRU,B_latidos,2048,512,0.1978,0.688467,0.829739,0.390848,5.4098,0.1986,0.3118,11.948,21
105,F_N+MED,5,CNN-LSTM,B_latidos,2048,512,0.1745,0.708436,0.841686,0.394262,5.7905,0.1969,0.2586,10.203,20
105,F_N+MED,5,CNN-GRU,B_latidos,2048,512,0.135,0.742357,0.861601,0.408465,6.119,0.2502,0.1932,8.652,17
105,F_N+MED,10,LSTM,B_latidos,2044,511,0.1892,0.695869,0.834188,0.384907,5.5401,0.2159,0.288,12.225,20
105,F_N+MED,10,GRU,B_latidos,2044,511,0.1721,0.710585,0.842962,0.401956,5.8836,0.2144,0.2926,12.54,20
105,F_N+MED,10,CNN-LSTM,B_latidos,2044,511,0.1271,0.749124,0.86552,0.405972,5.8745,0.4084,0.4521,16.085,31
105,F_N+MED,10,CNN-GRU,B_latidos,2044,511,0.1342,0.743109,0.862037,0.411892,6.0192,0.2315,0.2675,11.137,20
105,F_MED,3,LSTM,B_latidos,2049,513,0.1891,0.693238,0.832609,0.387407,6.1763,0.2149,0.3222,12.559,22
105,F_MED,3,GRU,B_latidos,2049,513,0.186,0.695924,0.83422,0.391958,5.9559,0.3802,0.2775,10.166,19
105,F_MED,3,CNN-LSTM,B_latidos,2049,513,0.1684,0.710925,0.843164,0.406853,6.2942,0.29,0.245,9.817,19
105,F_MED,3,CNN-GRU,B_latidos,2049,513,0.1487,0.72776,0.853088,0.409626,6.1742,0.2025,0.2453,10.023,18
105,F_MED,5,LSTM,B_latidos,2048,512,0.1683,0.711963,0.843779,0.389449,5.941,0.1958,0.3193,13.188,22
105,F_MED,5,GRU,B_latidos,2048,512,0.1889,0.694388,0.8333,0.390747,5.3924,0.2071,0.267,10.978,19
105,F_MED,5,CNN-LSTM,B_latidos,2048,512,0.1617,0.717609,0.847118,0.398879,5.9294,0.1856,0.2428,9.93,19
105,F_MED,5,CNN-GRU,B_latidos,2048,512,0.1425,0.734104,0.856798,0.40445,6.0008,0.2894,0.22,9.531,18
105,F_MED,10,LSTM,B_latidos,2044,511,0.1833,0.699182,0.836171,0.3888,5.5461,0.4035,0.3095,11.59,21
105,F_MED,10,GRU,B_latidos,2044,511,0.1953,0.688924,0.830014,0.403421,5.7262,0.2107,0.3631,12.986,23
105,F_MED,10,CNN-LSTM,B_latidos,2044,511,0.1561,0.722469,0.849982,0.398682,5.6542,0.2075,0.2481,10.926,19
105,F_MED,10,CNN-GRU,B_latidos,2044,511,0.1288,0.745831,0.863615,0.409571,5.4039,0.4127,0.2744,10.252,20
105,F_N+PB+MED,3,LSTM,B_latidos,2049,513,0.1243,0.724715,0.851302,0.38394,5.3883,0.2118,0.5305,17.758,34
105,F_N+PB+MED,3,GRU,B_latidos,2049,513,0.1631,0.692548,0.832195,0.386974,4.8323,0.2367,0.5103,14.295,28
105,F_N+PB+MED,3,CNN-LSTM,B_latidos,2049,513,0.2571,0.614807,0.784096,0.364019,4.695,0.2119,0.4855,13.343,26
105,F_N+PB+MED,3,CNN-GRU,B_latidos,2049,513,0.1867,0.673015,0.820375,0.378513,4.3588,0.1956,0.5499,14.743,29
105,F_N+PB+MED,5,LSTM,B_latidos,2048,512,0.1735,0.684825,0.827542,0.375345,4.8913,0.2002,0.4407,13.805,26
105,F_N+PB+MED,5,GRU,B_latidos,2048,512,0.2176,0.648327,0.805188,0.387433,4.7774,0.3055,0.4513,12.849,24
105,F_N+PB+MED,5,CNN-LSTM,B_latidos,2048,512,0.1689,0.688677,0.829866,0.389343,4.8445,0.2207,0.536,16.384,33
105,F_N+PB+MED,5,CNN-GRU,B_latidos,2048,512,0.1516,0.703019,0.838462,0.394915,4.8747,0.2145,0.4838,14.595,29
105,F_N+PB+MED,10,LSTM,B_latidos,2044,511,0.2065,0.657607,0.81093,0.371387,4.8044,0.2179,0.4747,16.277,29
105,F_N+PB+MED,10,GRU,B_latidos,2044,511,0.2206,0.645922,0.803693,0.389193,4.8552,0.211,0.485,14.336,27
105,F_N+PB+MED,10,CNN-LSTM,B_latidos,2044,511,0.2676,0.606966,0.77908,0.356078,4.6985,0.2136,0.4877,13.466,26
105,F_N+PB+MED,10,CNN-GRU,B_latidos,2044,511,0.2475,0.623667,0.789726,0.374384,4.1563,0.2755,0.4679,11.376,23
106,F_N+MED,3,LSTM,B_latidos,1617,405,0.4787,0.85733,0.925921,0.569593,7.4412,0.3493,0.7386,14.522,33
106,F_N+MED,3,GRU,B_latidos,1617,405,0.5096,0.806498,0.898052,0.569789,7.5218,0.2203,0.6693,11.39,25
106,F_N+MED,3,CNN-LSTM,B_latidos,1617,405,0.4995,0.823166,0.907285,0.590809,8.1414,0.2332,0.6157,10.311,21
106,F_N+MED,3,CNN-GRU,B_latidos,1617,405,0.5005,0.821478,0.906354,0.570741,7.864,0.2431,0.6665,10.505,23
106,F_N+MED,5,LSTM,B_latidos,1616,404,0.5194,0.791943,0.889912,0.560124,7.9082,0.2452,0.6922,12.656,27
106,F_N+MED,5,GRU,B_latidos,1616,404,0.5162,0.797174,0.892846,0.561739,8.0173,0.3208,0.6603,10.182,24
106,F_N+MED,5,CNN-LSTM,B_latidos,1616,404,0.5086,0.809764,0.899869,0.601625,8.5939,0.2681,0.5981,9.993,21
106,F_N+MED,5,CNN-GRU,B_latidos,1616,404,0.5261,0.780848,0.883656,0.585691,7.9915,0.2443,0.6279,9.793,21
106,F_N+MED,10,LSTM,B_latidos,1612,403,0.5237,0.784876,0.885932,0.558845,6.9843,0.237,0.6623,12.378,25
106,F_N+MED,10,GRU,B_latidos,1612,403,0.521,0.789306,0.888429,0.573616,6.8069,0.2736,0.6759,11.811,25
106,F_N+MED,10,CNN-LSTM,B_latidos,1612,403,0.5215,0.788423,0.887932,0.571664,7.0898,0.2728,0.6616,11.236,24
106,F_N+MED,10,CNN-GRU,B_latidos,1612,403,0.4991,0.82546,0.908548,0.601049,7.2083,0.2648,0.5986,9.367,19
106,F_MED,3,LSTM,B_latidos,1617,405,0.5147,0.798158,0.893397,0.566263,7.6711,0.2365,0.6587,11.81,25
106,F_MED,3,GRU,B_latidos,1617,405,0.5102,0.805523,0.897509,0.570149,7.403,0.3309,0.6343,9.765,22
106,F_MED,3,CNN-LSTM,B_latidos,1617,405,0.5035,0.816517,0.903613,0.581998,7.86,0.2354,0.6334,10.144,22
106,F_MED,3,CNN-GRU,B_latidos,1617,405,0.5086,0.808219,0.89901,0.575517,7.2267,0.2308,0.6597,10.103,23
106,F_MED,5,LSTM,B_latidos,1616,404,0.524,0.784317,0.885617,0.561487,8.0186,0.2411,0.6571,11.632,24
106,F_MED,5,GRU,B_latidos,1616,404,0.5049,0.815761,0.903195,0.564361,8.0118,0.2369,0.6776,11.226,25
106,F_MED,5,CNN-LSTM,B_latidos,1616,404,0.522,0.787553,0.887442,0.581711,8.2422,0.2387,0.6296,10.3,22
106,F_MED,5,CNN-GRU,B_latidos,1616,404,0.5089,0.809135,0.89952,0.589222,7.5313,0.2554,0.6345,9.591,21
106,F_MED,10,LSTM,B_latidos,1612,403,0.5141,0.800618,0.894772,0.567104,7.1782,0.2637,0.6507,11.465,23
106,F_MED,10,GRU,B_latidos,1612,403,0.5039,0.817426,0.904116,0.569449,7.0368,0.28,0.6965,13.094,27
106,F_MED,10,CNN-LSTM,B_latidos,1612,403,0.5146,0.799683,0.89425,0.582083,7.2272,0.2424,0.6288,10.047,21
106,F_MED,10,CNN-GRU,B_latidos,1612,403,0.5038,0.817619,0.904223,0.588654,7.188,0.2847,0.6203,8.276,20
106,F_N+PB+MED,3,LSTM,B_latidos,1617,405,0.4502,0.947917,0.97361,0.58306,7.4911,0.2701,0.7003,12.382,27
106,F_N+PB+MED,3,GRU,B_latidos,1617,405,0.3753,1.077169,1.037867,0.604493,7.4196,0.5103,0.7856,14.9,34
106,F_N+PB+MED,3,CNN-LSTM,B_latidos,1617,405,0.4848,0.888265,0.942478,0.567562,7.7214,0.2647,0.6551,11.076,23
106,F_N+PB+MED,3,CNN-GRU,B_latidos,1617,405,0.4553,0.939293,0.969171,0.605115,8.3197,0.2609,0.6134,8.938,19
106,F_N+PB+MED,5,LSTM,B_latidos,1616,404,0.4821,0.894829,0.945954,0.572035,7.8426,0.2347,0.7051,12.564,27
106,F_N+PB+MED,5,GRU,B_latidos,1616,404,0.4701,0.915545,0.956841,0.587387,8.4156,0.2405,0.6305,10.26,21
106,F_N+PB+MED,5,CNN-LSTM,B_latidos,1616,404,0.4583,0.93586,0.967398,0.608892,8.5434,0.2425,0.5936,9.721,20
106,F_N+PB+MED,5,CNN-GRU,B_latidos,1616,404,0.4569,0.9384,0.968711,0.616559,8.0599,0.2287,0.6214,8.635,20
106,F_N+PB+MED,10,LSTM,B_latidos,1612,403,0.4752,0.906444,0.952074,0.578465,7.1796,0.2494,0.6437,11.491,23
106,F_N+PB+MED,10,GRU,B_latidos,1612,403,0.4775,0.902523,0.950012,0.59061,7.188,0.2478,0.6297,10.239,21
106,F_N+PB+MED,10,CNN-LSTM,B_latidos,1612,403,0.4976,0.867877,0.931599,0.550658,7.0194,0.2717,0.6721,11.195,24
106,F_N+PB+MED,10,CNN-GRU,B_latidos,1612,403,0.4531,0.944617,0.971914,0.618949,8.0286,0.2417,0.6099,8.055,19
107,F_N+MED,3,LSTM,B_latidos,1705,427,0.8379,0.18427,0.429267,0.282646,3.1435,0.4965,0.8889,25.835,59
107,F_N+MED,3,GRU,B_latidos,1705,427,0.8352,0.187428,0.432929,0.282793,3.2325,0.2486,0.8896,17.112,41
107,F_N+MED,3,CNN-LSTM,B_latidos,1705,427,0.8311,0.192022,0.438203,0.296585,3.2422,0.2272,0.889,16.911,38
107,F_N+MED,3,CNN-GRU,B_latidos,1705,427,0.8336,0.189202,0.434973,0.287439,3.1585,0.2267,0.897,15.436,38
107,F_N+MED,5,LSTM,B_latidos,1704,426,0.8405,0.181416,0.425929,0.279871,2.8141,0.233,0.8976,29.501,70
107,F_N+MED,5,GRU,B_latidos,1704,426,0.8419,0.179868,0.424109,0.273928,2.842,0.3088,0.9026,20.937,51
107,F_N+MED,5,CNN-LSTM,B_latidos,1704,426,0.8167,0.20852,0.45664,0.316007,3.2234,0.2255,0.8763,13.273,30
107,F_N+MED,5,CNN-GRU,B_latidos,1704,426,0.8258,0.198131,0.445119,0.29612,2.8966,0.3298,0.8824,12.056,29
107,F_N+MED,10,LSTM,B_latidos,1700,425,0.8411,0.180849,0.425264,0.277287,3.1201,0.2369,0.894,32.969,74
107,F_N+MED,10,GRU,B_latidos,1700,425,0.8351,0.187689,0.43323,0.283922,3.0547,0.3408,0.9071,23.755,52
107,F_N+MED,10,CNN-LSTM,B_latidos,1700,425,0.8315,0.191756,0.4379,0.289813,2.9179,0.2459,0.8824,14.59,33
107,F_N+MED,10,CNN-GRU,B_latidos,1700,425,0.8348,0.187996,0.433585,0.279175,2.8351,0.2445,0.8937,16.206,39
107,F_MED,3,LSTM,B_latidos,1705,427,0.8353,0.18729,0.43277,0.289932,3.2413,0.2292,0.8944,29.527,69
107,F_MED,3,GRU,B_latidos,1705,427,0.8352,0.187394,0.43289,0.283431,3.1125,0.225,0.8853,16.229,37
107,F_MED,3,CNN-LSTM,B_latidos,1705,427,0.8271,0.196652,0.443455,0.301548,3.404,0.2328,0.8799,14.896,32
107,F_MED,3,CNN-GRU,B_latidos,1705,427,0.8316,0.191487,0.437592,0.292729,3.1379,0.2483,0.8863,13.543,32
107,F_MED,5,LSTM,B_latidos,1704,426,0.8411,0.180811,0.425219,0.277124,2.9124,0.2389,0.8994,29.53,68
107,F_MED,5,GRU,B_latidos,1704,426,0.8382,0.18412,0.429092,0.281096,2.8363,0.4902,0.9086,27.758,62
107,F_MED,5,CNN-LSTM,B_latidos,1704,426,0.8144,0.211148,0.459508,0.310194,3.1408,0.4767,0.8958,18.386,43
107,F_MED,5,CNN-GRU,B_latidos,1704,426,0.8218,0.202722,0.450246,0.304933,3.2107,0.2245,0.8884,14.993,36
107,F_MED,10,LSTM,B_latidos,1700,425,0.8386,0.18374,0.428649,0.28074,3.1671,0.3499,0.8866,25.636,56
107,F_MED,10,GRU,B_latidos,1700,425,0.8336,0.189464,0.435275,0.288596,3.2478,0.2435,0.906,24.243,54
107,F_MED,10,CNN-LSTM,B_latidos,1700,425,0.8232,0.201283,0.448646,0.307243,3.2205,0.236,0.8827,15.142,34
107,F_MED,10,CNN-GRU,B_latidos,1700,425,0.8308,0.192623,0.438889,0.293432,3.1808,0.2646,0.8998,18.006,42
107,F_N+PB+MED,3,LSTM,B_latidos,1705,427,0.8663,0.143166,0.378372,0.22154,2.4373,0.2283,0.908,31.938,75
107,F_N+PB+MED,3,GRU,B_latidos,1705,427,0.8651,0.144469,0.380091,0.221459,2.3693,0.2974,0.9007,14.26,32
107,F_N+PB+MED,3,CNN-LSTM,B_latidos,1705,427,0.8668,0.14264,0.377677,0.220744,2.4222,0.2318,0.904,14.461,33
107,F_N+PB+MED,3,CNN-GRU,B_latidos,1705,427,0.8658,0.143669,0.379037,0.222348,2.4325,0.2193,0.9035,13.37,30
107,F_N+PB+MED,5,LSTM,B_latidos,1704,426,0.8678,0.141574,0.376263,0.221122,2.3442,0.3261,0.9053,19.25,44
107,F_N+PB+MED,5,GRU,B_latidos,1704,426,0.8627,0.147094,0.383529,0.228375,2.2125,0.2242,0.9042,16.094,37
107,F_N+PB+MED,5,CNN-LSTM,B_latidos,1704,426,0.8619,0.147938,0.384628,0.227487,2.2082,0.2336,0.9207,18.454,44
107,F_N+PB+MED,5,CNN-GRU,B_latidos,1704,426,0.8597,0.150259,0.387633,0.232278,2.2502,0.2319,0.9149,15.938,39
107,F_N+PB+MED,10,LSTM,B_latidos,1700,425,0.874,0.135075,0.367525,0.213972,2.5235,0.2403,0.9045,22.566,47
107,F_N+PB+MED,10,GRU,B_latidos,1700,425,0.8631,0.146663,0.382966,0.222977,2.5379,0.3152,0.9215,23.989,56
107,F_N+PB+MED,10,CNN-LSTM,B_latidos,1700,425,0.8689,0.140519,0.374858,0.217376,2.372,0.3243,0.9108,17.932,40
107,F_N+PB+MED,10,CNN-GRU,B_latidos,1700,425,0.8634,0.146334,0.382536,0.223686,2.3924,0.2382,0.9212,22.076,52
108,F_N+MED,3,LSTM,B_latidos,1406,352,0.4836,1.387977,1.178124,0.654913,10.2889,0.2478,0.5755,9.273,20
108,F_N+MED,3,GRU,B_latidos,1406,352,0.6314,0.990586,0.995282,0.578499,8.6994,0.2289,0.7548,17.312,43
108,F_N+MED,3,CNN-LSTM,B_latidos,1406,352,0.5949,1.088725,1.04342,0.583517,8.8064,0.3385,0.7479,16.065,43
108,F_N+MED,3,CNN-GRU,B_latidos,1406,352,0.5727,1.148606,1.07173,0.604489,8.7757,0.2678,0.7475,14.007,38
108,F_N+MED,5,LSTM,B_latidos,1404,352,0.5371,1.242827,1.114821,0.620258,9.0198,0.2568,0.5827,8.714,20
108,F_N+MED,5,GRU,B_latidos,1404,352,0.5083,1.320145,1.148976,0.646656,9.2327,0.5913,0.5739,7.841,19
108,F_N+MED,5,CNN-LSTM,B_latidos,1404,352,0.566,1.165249,1.079467,0.607577,9.2806,0.2833,0.6679,10.944,26
108,F_N+MED,5,CNN-GRU,B_latidos,1404,352,0.541,1.232455,1.11016,0.637367,9.5227,0.2562,0.5645,7.399,19
108,F_N+MED,10,LSTM,B_latidos,1400,351,0.523,1.281614,1.132084,0.629668,9.8149,0.2647,0.5938,8.317,20
108,F_N+MED,10,GRU,B_latidos,1400,351,0.5717,1.150683,1.072699,0.608983,8.8092,0.2716,0.6075,9.467,20
108,F_N+MED,10,CNN-LSTM,B_latidos,1400,351,0.5822,1.122555,1.059507,0.600915,9.6594,0.2674,0.7244,11.752,30
108,F_N+MED,10,CNN-GRU,B_latidos,1400,351,0.605,1.061148,1.03012,0.569543,8.898,0.2896,0.6418,9.759,22
108,F_MED,3,LSTM,B_latidos,1406,352,0.4471,1.487331,1.219562,0.677884,10.8425,0.2447,0.5737,8.1,20
108,F_MED,3,GRU,B_latidos,1406,352,0.6102,1.048652,1.024037,0.580142,8.8906,0.3789,0.7871,20.609,56
108,F_MED,3,CNN-LSTM,B_latidos,1406,352,0.567,1.164942,1.079325,0.604711,9.2941,0.2468,0.7767,21.712,59
108,F_MED,3,CNN-GRU,B_latidos,1406,352,0.5506,1.208954,1.099524,0.618078,10.8654,0.2414,0.8226,21.475,64
108,F_MED,5,LSTM,B_latidos,1404,352,0.5051,1.329982,1.153248,0.640746,9.5507,0.2484,0.5489,7.83,19
108,F_MED,5,GRU,B_latidos,1404,352,0.5277,1.269094,1.126541,0.645848,8.9466,0.2539,0.5804,9.063,19
108,F_MED,5,CNN-LSTM,B_latidos,1404,352,0.5631,1.174178,1.083595,0.611049,9.0219,0.2433,0.6211,9.353,23
108,F_MED,5,CNN-GRU,B_latidos,1404,352,0.5245,1.277725,1.130365,0.648284,9.4108,0.339,0.5614,7.675,19
108,F_MED,10,LSTM,B_latidos,1400,351,0.5142,1.306308,1.142938,0.633313,9.8054,0.3075,0.5657,9.692,19
108,F_MED,10,GRU,B_latidos,1400,351,0.545,1.223426,1.106086,0.627315,9.2379,0.2636,0.6221,9.969,21
108,F_MED,10,CNN-LSTM,B_latidos,1400,351,0.5877,1.108765,1.052979,0.597866,9.0021,0.268,0.7153,11.784,29
108,F_MED,10,CNN-GRU,B_latidos,1400,351,0.6042,1.064244,1.031622,0.58367,9.2101,0.2983,0.7228,10.745,28
108,F_N+PB+MED,3,LSTM,B_latidos,1406,352,0.3147,0.643327,0.802077,0.498185,5.6944,0.2501,0.6108,12.257,30
108,F_N+PB+MED,3,GRU,B_latidos,1406,352,0.3639,0.597158,0.77276,0.477818,5.2081,0.2713,0.6485,11.724,29
108,F_N+PB+MED,3,CNN-LSTM,B_latidos,1406,352,0.3273,0.63147,0.794651,0.500903,5.0466,0.3316,0.6676,12.665,34
108,F_N+PB+MED,3,CNN-GRU,B_latidos,1406,352,0.3253,0.633385,0.795855,0.504232,5.2545,0.2631,0.6685,11.423,29
108,F_N+PB+MED,5,LSTM,B_latidos,1404,352,0.3081,0.649236,0.805752,0.499447,5.9335,0.3077,0.5759,11.066,26
108,F_N+PB+MED,5,GRU,B_latidos,1404,352,0.3295,0.629177,0.793207,0.493239,5.4781,0.2433,0.5884,9.914,23
108,F_N+PB+MED,5,CNN-LSTM,B_latidos,1404,352,0.3034,0.653653,0.808488,0.510169,6.0859,0.2711,0.5863,9.16,23
108,F_N+PB+MED,5,CNN-GRU,B_latidos,1404,352,0.3201,0.637997,0.798747,0.510558,5.7441,0.2466,0.6398,10.898,27
108,F_N+PB+MED,10,LSTM,B_latidos,1400,351,0.3118,0.645909,0.803684,0.497899,6.0226,0.3176,0.5759,11.858,26
108,F_N+PB+MED,10,GRU,B_latidos,1400,351,0.3813,0.580671,0.762017,0.478488,5.2424,0.2661,0.6684,13.671,34
108,F_N+PB+MED,10,CNN-LSTM,B_latidos,1400,351,0.3145,0.643315,0.802069,0.508558,5.8315,0.3745,0.6019,9.91,25
108,F_N+PB+MED,10,CNN-GRU,B_latidos,1400,351,0.3095,0.648012,0.804992,0.510321,5.5516,0.2759,0.5879,9.398,22
109,F_N+MED,3,LSTM,B_latidos,2021,506,0.6833,1.040217,1.01991,0.552289,10.1186,0.2011,0.9498,45.422,97
109,F_N+MED,3,GRU,B_latidos,2021,506,0.666,1.096966,1.047361,0.571673,10.5616,0.196,0.9578,44.847,100
109,F_N+MED,3,CNN-LSTM,B_latidos,2021,506,0.7135,0.941075,0.97009,0.530033,8.1417,0.2763,0.9539,35.416,78
109,F_N+MED,3,CNN-GRU,B_latidos,2021,506,0.6828,1.041724,1.020649,0.56398,9.2205,0.1899,0.9544,29.576,66
109,F_N+MED,5,LSTM,B_latidos,2020,505,0.6723,1.078878,1.038691,0.58048,11.4627,0.2862,0.9548,48.197,100
109,F_N+MED,5,GRU,B_latidos,2020,505,0.6676,1.094459,1.046164,0.57153,11.5747,0.2017,0.9661,41.348,88
109,F_N+MED,5,CNN-LSTM,B_latidos,2020,505,0.6798,1.054262,1.026773,0.564601,10.1122,0.2038,0.9495,20.587,42
109,F_N+MED,5,CNN-GRU,B_latidos,2020,505,0.6779,1.060413,1.029764,0.566998,9.9641,0.2002,0.9604,34.278,74
109,F_N+MED,10,LSTM,B_latidos,2016,504,0.6738,1.076734,1.037658,0.564404,10.9479,0.4775,0.9616,49.935,100
109,F_N+MED,10,GRU,B_latidos,2016,504,0.6606,1.120337,1.05846,0.568503,11.3748,0.4211,0.9681,40.075,82
109,F_N+MED,10,CNN-LSTM,B_latidos,2016,504,0.6945,1.00841,1.004196,0.554763,10.1688,0.414,0.9683,41.638,90
109,F_N+MED,10,CNN-GRU,B_latidos,2016,504,0.7236,0.912349,0.95517,0.516125,8.2549,0.5451,0.9668,35.946,78
109,F_MED,3,LSTM,B_latidos,2021,506,0.6751,1.068689,1.033774,0.557482,10.0426,0.1929,0.9513,47.272,99
109,F_MED,3,GRU,B_latidos,2021,506,0.6618,1.112422,1.054714,0.567398,10.7364,0.2221,0.9534,33.477,74
109,F_MED,3,CNN-LSTM,B_latidos,2021,506,0.7067,0.964886,0.982286,0.528242,8.3839,0.1985,0.9506,28.629,62
109,F_MED,3,CNN-GRU,B_latidos,2021,506,0.6743,1.071151,1.034964,0.564818,9.3795,0.2112,0.9537,29.396,64
109,F_MED,5,LSTM,B_latidos,2020,505,0.6629,1.111598,1.054323,0.585683,11.7687,0.2862,0.9516,35.769,76
109,F_MED,5,GRU,B_latidos,2020,505,0.655,1.137461,1.066518,0.570328,11.9345,0.262,0.9685,44.874,94
109,F_MED,5,CNN-LSTM,B_latidos,2020,505,0.6977,0.996799,0.998398,0.53535,9.4445,0.2024,0.9594,34.591,74
109,F_MED,5,CNN-GRU,B_latidos,2020,505,0.6967,1.000026,1.000013,0.527644,9.6259,0.2031,0.9593,31.115,70
109,F_MED,10,LSTM,B_latidos,2016,504,0.6628,1.114812,1.055847,0.575631,11.3635,0.6805,0.9649,49.705,100
109,F_MED,10,GRU,B_latidos,2016,504,0.661,1.120756,1.058657,0.574817,11.4155,0.4719,0.9704,48.073,99
109,F_MED,10,CNN-LSTM,B_latidos,2016,504,0.6597,1.125144,1.060728,0.589564,11.0126,0.4218,0.9635,28.036,60
109,F_MED,10,CNN-GRU,B_latidos,2016,504,0.7443,0.84532,0.919413,0.496208,8.0491,0.5938,0.9687,38.39,83
109,F_N+PB+MED,3,LSTM,B_latidos,2021,506,0.71,0.909703,0.953783,0.508775,9.9311,0.212,0.9542,47.523,100
109,F_N+PB+MED,3,GRU,B_latidos,2021,506,0.6989,0.944571,0.971891,0.514677,10.2611,0.2028,0.9581,44.415,98
109,F_N+PB+MED,3,CNN-LSTM,B_latidos,2021,506,0.7497,0.785375,0.886214,0.451872,7.0791,0.1997,0.9599,44.097,98
109,F_N+PB+MED,3,CNN-GRU,B_latidos,2021,506,0.715,0.89425,0.945648,0.486472,8.7806,0.1914,0.9576,33.269,74
109,F_N+PB+MED,5,LSTM,B_latidos,2020,505,0.7116,0.905797,0.951734,0.50654,11.3587,0.2158,0.9574,43.116,88
109,F_N+PB+MED,5,GRU,B_latidos,2020,505,0.7046,0.927983,0.963319,0.510106,11.3939,0.2032,0.9651,35.096,74
109,F_N+PB+MED,5,CNN-LSTM,B_latidos,2020,505,0.7276,0.855669,0.925024,0.485274,10.0327,0.2068,0.9677,43.476,91
109,F_N+PB+MED,5,CNN-GRU,B_latidos,2020,505,0.7504,0.78393,0.885398,0.46324,9.194,0.2011,0.9679,39.63,89
109,F_N+PB+MED,10,LSTM,B_latidos,2016,504,0.7121,0.905196,0.951418,0.50683,11.2418,0.484,0.9696,50.295,100
109,F_N+PB+MED,10,GRU,B_latidos,2016,504,0.7138,0.899824,0.94859,0.496596,10.8511,0.4454,0.9729,47.916,100
109,F_N+PB+MED,10,CNN-LSTM,B_latidos,2016,504,0.7657,0.736787,0.858363,0.450649,9.0881,0.4148,0.9712,42.663,91
109,F_N+PB+MED,10,CNN-GRU,B_latidos,2016,504,0.7447,0.802695,0.895933,0.473716,9.5147,0.3785,0.9696,31.199,67
111,F_N+MED,3,LSTM,B_latidos,1695,424,0.7002,0.170201,0.412554,0.283501,3.9815,0.2318,0.827,22.906,58
111,F_N+MED,3,GRU,B_latidos,1695,424,0.6889,0.176611,0.420251,0.292157,4.086,0.2184,0.7939,15.789,38
111,F_N+MED,3,CNN-LSTM,B_latidos,1695,424,0.676,0.183926,0.428866,0.292085,3.6234,0.3142,0.8391,21.054,56
111,F_N+MED,3,CNN-GRU,B_latidos,1695,424,0.6851,0.178754,0.422793,0.286095,3.74,0.2292,0.8237,16.983,47
111,F_N+MED,5,LSTM,B_latidos,1693,424,0.7126,0.163013,0.403748,0.273887,3.5351,0.2406,0.84,25.152,56
111,F_N+MED,5,GRU,B_latidos,1693,424,0.7157,0.161236,0.401542,0.277218,3.6001,0.224,0.8378,23.509,55
111,F_N+MED,5,CNN-LSTM,B_latidos,1693,424,0.6966,0.172072,0.414815,0.294512,3.7629,0.233,0.8238,20.559,51
111,F_N+MED,5,CNN-GRU,B_latidos,1693,424,0.6923,0.174522,0.417758,0.292254,3.6643,0.2381,0.8263,16.963,41
111,F_N+MED,10,LSTM,B_latidos,1689,423,0.7048,0.16725,0.408962,0.284058,3.7342,0.3339,0.8167,20.287,45
111,F_N+MED,10,GRU,B_latidos,1689,423,0.7092,0.164785,0.405937,0.280029,3.3829,0.2857,0.819,20.829,46
111,F_N+MED,10,CNN-LSTM,B_latidos,1689,423,0.6917,0.17472,0.417995,0.292113,3.7469,0.2429,0.8147,18.134,42
111,F_N+MED,10,CNN-GRU,B_latidos,1689,423,0.6907,0.175262,0.418643,0.29149,3.5348,0.2376,0.8199,15.701,37
111,F_MED,3,LSTM,B_latidos,1695,424,0.7083,0.165544,0.40687,0.281647,3.6748,0.23,0.8128,20.517,52
111,F_MED,3,GRU,B_latidos,1695,424,0.6925,0.174501,0.417733,0.289678,3.8427,0.2321,0.8294,19.846,53
111,F_MED,3,CNN-LSTM,B_latidos,1695,424,0.6806,0.181255,0.42574,0.289762,3.8103,0.2257,0.8477,22.646,60
111,F_MED,3,CNN-GRU,B_latidos,1695,424,0.6911,0.175297,0.418685,0.290609,3.9436,0.2305,0.7956,14.024,36
111,F_MED,5,LSTM,B_latidos,1693,424,0.7099,0.164484,0.405566,0.276056,3.7905,0.2403,0.7867,17.369,38
111,F_MED,5,GRU,B_latidos,1693,424,0.715,0.161602,0.401998,0.279429,3.4129,0.3197,0.8418,23.654,58
111,F_MED,5,CNN-LSTM,B_latidos,1693,424,0.6645,0.190231,0.436155,0.307599,4.0716,0.2343,0.8343,21.409,50
111,F_MED,5,CNN-GRU,B_latidos,1693,424,0.6705,0.186815,0.432221,0.30279,3.8502,0.2413,0.8565,19.839,49
111,F_MED,10,LSTM,B_latidos,1689,423,0.7128,0.162681,0.403337,0.277266,3.4954,0.2395,0.834,26.861,60
111,F_MED,10,GRU,B_latidos,1689,423,0.7033,0.168065,0.409958,0.288933,3.5466,0.2493,0.7971,15.848,35
111,F_MED,10,CNN-LSTM,B_latidos,1689,423,0.6948,0.172877,0.415785,0.288235,3.5927,0.235,0.815,20.759,44
111,F_MED,10,CNN-GRU,B_latidos,1689,423,0.6946,0.173013,0.415948,0.290448,3.6135,0.2344,0.8129,15.785,36
111,F_N+PB+MED,3,LSTM,B_latidos,1695,424,0.8176,0.15373,0.392084,0.253953,2.7006,0.2274,0.8658,23.694,59
111,F_N+PB+MED,3,GRU,B_latidos,1695,424,0.8253,0.14725,0.383731,0.249441,2.7119,0.2215,0.8944,21.651,55
111,F_N+PB+MED,3,CNN-LSTM,B_latidos,1695,424,0.8158,0.155226,0.393988,0.256677,2.7204,0.2199,0.882,17.274,44
111,F_N+PB+MED,3,CNN-GRU,B_latidos,1695,424,0.8226,0.149504,0.386657,0.253717,2.6516,0.2287,0.8854,15.933,42
111,F_N+PB+MED,5,LSTM,B_latidos,1693,424,0.8247,0.147728,0.384355,0.249948,2.5396,0.2349,0.8678,21.335,50
111,F_N+PB+MED,5,GRU,B_latidos,1693,424,0.8303,0.142978,0.378124,0.250158,2.5717,0.2369,0.8896,18.652,42
111,F_N+PB+MED,5,CNN-LSTM,B_latidos,1693,424,0.8193,0.152232,0.39017,0.256066,2.7206,0.4999,0.8836,17.072,39
111,F_N+PB+MED,5,CNN-GRU,B_latidos,1693,424,0.8201,0.151538,0.389279,0.258374,2.7538,0.233,0.9012,18.013,42
111,F_N+PB+MED,10,LSTM,B_latidos,1689,423,0.8227,0.149204,0.386269,0.255997,2.6886,0.2441,0.89,33.398,76
111,F_N+PB+MED,10,GRU,B_latidos,1689,423,0.8316,0.141722,0.376459,0.247777,2.3907,0.2482,0.8701,15.321,33
111,F_N+PB+MED,10,CNN-LSTM,B_latidos,1689,423,0.8164,0.154563,0.393145,0.254169,2.6487,0.2549,0.8873,16.023,37
111,F_N+PB+MED,10,CNN-GRU,B_latidos,1689,423,0.8275,0.145172,0.381015,0.250981,2.6721,0.2385,0.9149,21.479,55
112,F_N+MED,3,LSTM,B_latidos,2027,507,0.9523,0.019798,0.140705,0.106167,1.0159,0.2054,0.9506,46.285,98
112,F_N+MED,3,GRU,B_latidos,2027,507,0.9511,0.020298,0.142472,0.107652,1.0188,0.4128,0.9522,35.572,79
112,F_N+MED,3,CNN-LSTM,B_latidos,2027,507,0.944,0.023251,0.152482,0.116601,1.0721,0.2006,0.9601,45.785,100
112,F_N+MED,3,CNN-GRU,B_latidos,2027,507,0.9449,0.022889,0.151291,0.116084,1.0777,0.2242,0.9562,34.31,79
112,F_N+MED,5,LSTM,B_latidos,2025,507,0.9525,0.019696,0.140343,0.1061,0.9884,0.2108,0.9536,48.16,100
112,F_N+MED,5,GRU,B_latidos,2025,507,0.9518,0.020002,0.141427,0.106559,1.0458,0.198,0.9589,46.494,100
112,F_N+MED,5,CNN-LSTM,B_latidos,2025,507,0.9505,0.020524,0.14326,0.108916,1.0483,0.2958,0.9613,44.81,100
112,F_N+MED,5,CNN-GRU,B_latidos,2025,507,0.9453,0.022709,0.150694,0.114856,1.0508,0.1972,0.9603,43.798,100
112,F_N+MED,10,LSTM,B_latidos,2021,506,0.9512,0.020213,0.142174,0.107709,1.0118,0.2296,0.9566,49.851,100
112,F_N+MED,10,GRU,B_latidos,2021,506,0.9541,0.01902,0.137912,0.104109,1.0225,0.2396,0.9563,42.765,89
112,F_N+MED,10,CNN-LSTM,B_latidos,2021,506,0.9479,0.021615,0.147021,0.111198,1.0621,0.2151,0.9616,44.734,100
112,F_N+MED,10,CNN-GRU,B_latidos,2021,506,0.948,0.021575,0.146884,0.110955,1.0629,0.2134,0.9672,45.256,100
112,F_MED,3,LSTM,B_latidos,2027,507,0.9518,0.019976,0.141337,0.106637,1.0267,0.2014,0.9556,45.839,100
112,F_MED,3,GRU,B_latidos,2027,507,0.9485,0.021373,0.146195,0.111186,1.0338,0.409,0.9535,44.314,98
112,F_MED,3,CNN-LSTM,B_latidos,2027,507,0.9467,0.022125,0.148745,0.113269,1.0385,0.2292,0.9599,46.212,100
112,F_MED,3,CNN-GRU,B_latidos,2027,507,0.9487,0.021268,0.145837,0.110352,1.067,0.1999,0.964,43.113,100
112,F_MED,5,LSTM,B_latidos,2025,507,0.953,0.019476,0.139557,0.104738,1.0438,0.2172,0.9578,49.131,100
112,F_MED,5,GRU,B_latidos,2025,507,0.9525,0.019684,0.1403,0.105588,1.0646,0.2292,0.9611,46.471,100
112,F_MED,5,CNN-LSTM,B_latidos,2025,507,0.9495,0.020938,0.1447,0.109797,1.0377,0.4043,0.9594,46.106,100
112,F_MED,5,CNN-GRU,B_latidos,2025,507,0.9481,0.021535,0.146747,0.110765,1.053,0.2019,0.9644,44.515,100
112,F_MED,10,LSTM,B_latidos,2021,506,0.948,0.021535,0.146748,0.111372,1.039,0.3298,0.9534,50.201,100
112,F_MED,10,GRU,B_latidos,2021,506,0.9524,0.019739,0.140497,0.106294,1.0377,0.2147,0.954,34.259,69
112,F_MED,10,CNN-LSTM,B_latidos,2021,506,0.9499,0.020768,0.144112,0.109975,1.0337,0.2169,0.9574,40.49,88
112,F_MED,10,CNN-GRU,B_latidos,2021,506,0.95,0.020705,0.143892,0.108621,1.0343,0.2904,0.9633,45.657,100
112,F_N+PB+MED,3,LSTM,B_latidos,2027,507,0.9754,0.021117,0.145318,0.103995,1.1193,0.2243,0.9723,42.008,89
112,F_N+PB+MED,3,GRU,B_latidos,2027,507,0.9756,0.021028,0.145011,0.102427,1.1246,0.2065,0.9724,39.754,85
112,F_N+PB+MED,3,CNN-LSTM,B_latidos,2027,507,0.9738,0.02252,0.150066,0.106915,1.1913,0.2006,0.9716,29.735,66
112,F_N+PB+MED,3,CNN-GRU,B_latidos,2027,507,0.9749,0.021628,0.147065,0.105341,1.123,0.2079,0.9739,37.201,84
112,F_N+PB+MED,5,LSTM,B_latidos,2025,507,0.9754,0.021154,0.145444,0.103909,1.1865,0.2237,0.972,44.072,94
112,F_N+PB+MED,5,GRU,B_latidos,2025,507,0.9758,0.02078,0.144153,0.101828,1.1249,0.2003,0.9734,46.287,100
112,F_N+PB+MED,5,CNN-LSTM,B_latidos,2025,507,0.9773,0.019484,0.139587,0.09913,1.0489,0.2051,0.9742,27.91,59
112,F_N+PB+MED,5,CNN-GRU,B_latidos,2025,507,0.9763,0.020409,0.142858,0.101487,1.1624,0.2123,0.9764,40.1,90
112,F_N+PB+MED,10,LSTM,B_latidos,2021,506,0.977,0.019777,0.140629,0.099809,1.0681,0.2202,0.9707,31.364,62
112,F_N+PB+MED,10,GRU,B_latidos,2021,506,0.9779,0.018978,0.137761,0.097827,1.0279,0.2093,0.9744,37.162,74
112,F_N+PB+MED,10,CNN-LSTM,B_latidos,2021,506,0.9786,0.018415,0.135702,0.095859,1.027,0.2265,0.9776,33.156,73
112,F_N+PB+MED,10,CNN-GRU,B_latidos,2021,506,0.9787,0.018355,0.135481,0.097874,1.0443,0.4543,0.9764,29.618,62
113,F_N+MED,3,LSTM,B_latidos,1432,358,0.794,0.173201,0.416174,0.232767,1.7493,0.2648,0.8393,16.69,42
113,F_N+MED,3,GRU,B_latidos,1432,358,0.7934,0.173649,0.416712,0.232354,1.5518,0.248,0.8397,12.897,32
113,F_N+MED,3,CNN-LSTM,B_latidos,1432,358,0.7879,0.17825,0.422196,0.242242,1.5321,0.2573,0.8305,12.722,31
113,F_N+MED,3,CNN-GRU,B_latidos,1432,358,0.7949,0.172365,0.415169,0.230087,1.6005,0.2535,0.8713,16.903,47
113,F_N+MED,5,LSTM,B_latidos,1430,358,0.8002,0.16789,0.409744,0.228022,1.8104,0.2602,0.8557,17.051,45
113,F_N+MED,5,GRU,B_latidos,1430,358,0.7929,0.17409,0.417241,0.231905,1.3876,0.265,0.8538,13.748,35
113,F_N+MED,5,CNN-LSTM,B_latidos,1430,358,0.8009,0.167368,0.409106,0.225683,1.5668,0.2645,0.8685,14.84,39
113,F_N+MED,5,CNN-GRU,B_latidos,1430,358,0.795,0.172337,0.415134,0.232359,1.6589,0.2559,0.8606,12.502,32
113,F_N+MED,10,LSTM,B_latidos,1426,357,0.8003,0.167987,0.409862,0.226688,1.8383,0.2747,0.8571,18.521,47
113,F_N+MED,10,GRU,B_latidos,1426,357,0.7971,0.17068,0.413135,0.229587,1.4591,0.2697,0.8547,13.818,33
113,F_N+MED,10,CNN-LSTM,B_latidos,1426,357,0.7958,0.171781,0.414465,0.232844,1.5558,0.2946,0.8266,11.076,26
113,F_N+MED,10,CNN-GRU,B_latidos,1426,357,0.7982,0.169761,0.41202,0.230998,1.6118,0.3034,0.8447,11.427,27
113,F_MED,3,LSTM,B_latidos,1432,358,0.7936,0.173401,0.416414,0.230842,1.4937,0.2962,0.8467,19.396,48
113,F_MED,3,GRU,B_latidos,1432,358,0.793,0.17394,0.417061,0.232356,1.5393,0.2592,0.8463,14.224,37
113,F_MED,3,CNN-LSTM,B_latidos,1432,358,0.7907,0.175903,0.419408,0.241163,1.8444,0.2671,0.8356,12.977,33
113,F_MED,3,CNN-GRU,B_latidos,1432,358,0.7841,0.181446,0.425965,0.233851,1.5308,0.3732,0.8784,19.854,57
113,F_MED,5,LSTM,B_latidos,1430,358,0.8029,0.165643,0.406992,0.221241,1.5449,0.2767,0.8519,18.44,44
113,F_MED,5,GRU,B_latidos,1430,358,0.7969,0.170622,0.413064,0.226519,1.5815,0.4203,0.8572,14.748,37
113,F_MED,5,CNN-LSTM,B_latidos,1430,358,0.8029,0.165607,0.406949,0.226348,1.5911,0.2687,0.8625,14.616,37
113,F_MED,5,CNN-GRU,B_latidos,1430,358,0.7898,0.176577,0.420211,0.234401,1.5469,0.2628,0.8572,12.361,32
113,F_MED,10,LSTM,B_latidos,1426,357,0.8017,0.166748,0.408348,0.221929,1.6581,0.2679,0.8569,18.694,47
113,F_MED,10,GRU,B_latidos,1426,357,0.7938,0.173359,0.416364,0.232001,1.547,0.2683,0.8532,14.347,34
113,F_MED,10,CNN-LSTM,B_latidos,1426,357,0.8005,0.167735,0.409555,0.225585,1.5792,0.2715,0.8444,12.63,31
113,F_MED,10,CNN-GRU,B_latidos,1426,357,0.7981,0.169719,0.41197,0.23397,1.6029,0.266,0.872,13.931,37
113,F_N+PB+MED,3,LSTM,B_latidos,1432,358,0.8095,0.191832,0.437986,0.217903,1.3673,0.2552,0.8583,21.737,55
113,F_N+PB+MED,3,GRU,B_latidos,1432,358,0.812,0.189268,0.43505,0.214884,1.1955,0.2492,0.859,19.116,49
113,F_N+PB+MED,3,CNN-LSTM,B_latidos,1432,358,0.8158,0.185457,0.430647,0.215611,1.4045,0.289,0.8656,20.39,55
113,F_N+PB+MED,3,CNN-GRU,B_latidos,1432,358,0.8119,0.189398,0.435199,0.214673,1.3808,0.2664,0.8655,17.495,49
113,F_N+PB+MED,5,LSTM,B_latidos,1430,358,0.8157,0.185492,0.430687,0.215942,1.5678,0.2678,0.858,14.863,35
113,F_N+PB+MED,5,GRU,B_latidos,1430,358,0.8074,0.193883,0.440322,0.218203,1.1767,0.5678,0.8664,15.515,39
113,F_N+PB+MED,5,CNN-LSTM,B_latidos,1430,358,0.8102,0.191037,0.437078,0.217094,1.2166,0.26,0.8775,16.705,44
113,F_N+PB+MED,5,CNN-GRU,B_latidos,1430,358,0.8031,0.19826,0.445264,0.216351,1.1908,0.2917,0.8897,18.025,51
113,F_N+PB+MED,10,LSTM,B_latidos,1426,357,0.8063,0.195115,0.441718,0.223602,1.4414,0.2656,0.8434,12.991,28
113,F_N+PB+MED,10,GRU,B_latidos,1426,357,0.7992,0.202274,0.449749,0.228977,1.2917,0.2688,0.851,12.466,29
113,F_N+PB+MED,10,CNN-LSTM,B_latidos,1426,357,0.8158,0.185519,0.430719,0.212684,1.3175,0.2683,0.8761,19.206,49
113,F_N+PB+MED,10,CNN-GRU,B_latidos,1426,357,0.8134,0.187934,0.433513,0.215718,1.2853,0.3015,0.8707,12.892,33
114,F_N+MED,3,LSTM,B_latidos,1499,375,0.419,2.029563,1.424627,0.831492,9.0101,0.2539,0.8126,21.143,54
114,F_N+MED,3,GRU,B_latidos,1499,375,0.428,1.998293,1.41361,0.823068,8.3779,0.2392,0.8049,16.525,43
114,F_N+MED,3,CNN-LSTM,B_latidos,1499,375,0.4224,2.017806,1.420495,0.859129,8.6622,0.2496,0.7721,13.372,32
114,F_N+MED,3,CNN-GRU,B_latidos,1499,375,0.436,1.970431,1.403721,0.853338,8.5305,0.2458,0.7721,11.847,29
114,F_N+MED,5,LSTM,B_latidos,1497,375,0.3885,2.137044,1.461863,0.866066,9.3289,0.2386,0.8019,19.783,48
114,F_N+MED,5,GRU,B_latidos,1497,375,0.4245,2.011134,1.418145,0.830517,8.2046,0.3393,0.8143,18.413,46
114,F_N+MED,5,CNN-LSTM,B_latidos,1497,375,0.3803,2.165717,1.471638,0.919228,9.8441,0.3749,0.7624,11.414,28
114,F_N+MED,5,CNN-GRU,B_latidos,1497,375,0.355,2.253985,1.501328,0.917122,8.5388,0.2568,0.827,24.214,61
114,F_N+MED,10,LSTM,B_latidos,1493,374,0.4063,2.076999,1.44118,0.849779,11.9981,0.3636,0.7799,17.309,39
114,F_N+MED,10,GRU,B_latidos,1493,374,0.4222,2.021424,1.421768,0.836285,11.7386,0.2649,0.7918,15.318,36
114,F_N+MED,10,CNN-LSTM,B_latidos,1493,374,0.3822,2.161108,1.470071,0.904026,13.2212,0.2562,0.7295,10.872,23
114,F_N+MED,10,CNN-GRU,B_latidos,1493,374,0.3877,2.142057,1.463577,0.900647,12.3825,0.2553,0.7716,11.767,27
114,F_MED,3,LSTM,B_latidos,1499,375,0.4255,2.010194,1.417813,0.840136,9.0283,0.2509,0.7987,19.665,50
114,F_MED,3,GRU,B_latidos,1499,375,0.4153,2.045848,1.430331,0.836895,8.7616,0.3321,0.808,17.391,46
114,F_MED,3,CNN-LSTM,B_latidos,1499,375,0.4264,2.007284,1.416787,0.857889,9.1759,0.2508,0.7544,10.595,27
114,F_MED,3,CNN-GRU,B_latidos,1499,375,0.4203,2.02839,1.424215,0.870182,8.8154,0.2501,0.7624,11.002,26
114,F_MED,5,LSTM,B_latidos,1497,375,0.3656,2.220556,1.490153,0.883509,9.8331,0.2527,0.7942,20.337,49
114,F_MED,5,GRU,B_latidos,1497,375,0.4063,2.077974,1.441518,0.843964,8.5821,0.5667,0.8093,17.955,45
114,F_MED,5,CNN-LSTM,B_latidos,1497,375,0.3895,2.136965,1.461836,0.908988,9.4771,0.3437,0.7641,11.151,28
114,F_MED,5,CNN-GRU,B_latidos,1497,375,0.3789,2.173995,1.474448,0.918832,9.2264,0.2506,0.7392,9.251,23
114,F_MED,10,LSTM,B_latidos,1493,374,0.4025,2.09339,1.446855,0.866482,11.9857,0.4129,0.7745,16.208,36
114,F_MED,10,GRU,B_latidos,1493,374,0.4212,2.028022,1.424086,0.835662,11.2294,0.2602,0.8101,17.003,43
114,F_MED,10,CNN-LSTM,B_latidos,1493,374,0.3877,2.145399,1.464718,0.886269,12.5519,0.2553,0.7427,11.367,26
114,F_MED,10,CNN-GRU,B_latidos,1493,374,0.3849,2.155349,1.468111,0.89859,12.8565,0.2582,0.7328,9.772,22
114,F_N+PB+MED,3,LSTM,B_latidos,1499,375,0.4289,0.450069,0.670872,0.470562,5.5565,0.2541,0.8442,22.671,61
114,F_N+PB+MED,3,GRU,B_latidos,1499,375,0.3935,0.477901,0.691304,0.48704,5.8008,0.2643,0.8754,29.929,79
114,F_N+PB+MED,3,CNN-LSTM,B_latidos,1499,375,0.4864,0.404749,0.636199,0.453612,5.3431,0.2444,0.821,14.921,37
114,F_N+PB+MED,3,CNN-GRU,B_latidos,1499,375,0.3555,0.507846,0.712633,0.48365,5.8742,0.259,0.8693,19.179,53
114,F_N+PB+MED,5,LSTM,B_latidos,1497,375,0.4868,0.404357,0.635891,0.457518,5.4743,0.273,0.7993,15.658,36
114,F_N+PB+MED,5,GRU,B_latidos,1497,375,0.4433,0.438685,0.662333,0.471154,5.1909,0.2373,0.8708,37.582,100
114,F_N+PB+MED,5,CNN-LSTM,B_latidos,1497,375,0.4536,0.430518,0.656138,0.460075,5.2858,0.268,0.8721,26.028,68
114,F_N+PB+MED,5,CNN-GRU,B_latidos,1497,375,0.4071,0.467163,0.683493,0.479465,5.6927,0.3297,0.8674,27.492,76
114,F_N+PB+MED,10,LSTM,B_latidos,1493,374,0.4603,0.424976,0.651902,0.458047,5.3129,0.2591,0.8461,31.879,82
114,F_N+PB+MED,10,GRU,B_latidos,1493,374,0.4848,0.405677,0.636928,0.455187,5.1291,0.2608,0.8557,23.773,60
114,F_N+PB+MED,10,CNN-LSTM,B_latidos,1493,374,0.4031,0.470018,0.685578,0.475315,5.4922,0.276,0.8489,27.53,73
114,F_N+PB+MED,10,CNN-GRU,B_latidos,1493,374,0.3415,0.518548,0.720103,0.4923,5.7085,0.2567,0.8553,17.114,41
115,F_N+MED,3,LSTM,B_latidos,1558,390,0.7914,0.193649,0.440055,0.275872,2.7226,0.2537,0.8111,15.916,37
115,F_N+MED,3,GRU,B_latidos,1558,390,0.8035,0.182334,0.427006,0.260836,2.9195,0.2328,0.8516,39.144,100
115,F_N+MED,3,CNN-LSTM,B_latidos,1558,390,0.7766,0.207336,0.455342,0.299285,2.79,0.2418,0.7835,11.802,26
115,F_N+MED,3,CNN-GRU,B_latidos,1558,390,0.8006,0.185037,0.430159,0.271354,2.8017,0.2694,0.8347,17.603,42
115,F_N+MED,5,LSTM,B_latidos,1556,390,0.8017,0.18402,0.428976,0.268072,2.573,0.2499,0.8088,14.614,33
115,F_N+MED,5,GRU,B_latidos,1556,390,0.8044,0.181518,0.426049,0.26059,2.7051,0.2433,0.8413,23.261,57
115,F_N+MED,5,CNN-LSTM,B_latidos,1556,390,0.7873,0.197316,0.444203,0.285828,3.0259,0.2385,0.8217,16.518,40
115,F_N+MED,5,CNN-GRU,B_latidos,1556,390,0.8378,0.150488,0.387928,0.251195,2.4642,0.2504,0.8662,21.411,52
115,F_N+MED,10,LSTM,B_latidos,1552,389,0.7976,0.187833,0.433397,0.275124,2.7503,0.2511,0.8028,16.867,37
115,F_N+MED,10,GRU,B_latidos,1552,389,0.8077,0.178491,0.422482,0.256009,2.5359,0.2524,0.8135,14.868,33
115,F_N+MED,10,CNN-LSTM,B_latidos,1552,389,0.8272,0.160361,0.400451,0.25407,2.6638,0.2512,0.8451,22.219,55
115,F_N+MED,10,CNN-GRU,B_latidos,1552,389,0.8463,0.142671,0.377718,0.24436,2.6787,0.2549,0.8296,13.334,31
115,F_MED,3,LSTM,B_latidos,1558,390,0.8278,0.159795,0.399744,0.250643,2.629,0.2324,0.8396,27.507,67
115,F_MED,3,GRU,B_latidos,1558,390,0.8013,0.184417,0.429438,0.264751,2.8482,0.2494,0.8429,24.089,61
115,F_MED,3,CNN-LSTM,B_latidos,1558,390,0.7977,0.187727,0.433275,0.27538,2.6714,0.5444,0.814,16.545,41
115,F_MED,3,CNN-GRU,B_latidos,1558,390,0.7828,0.20156,0.448955,0.29089,2.6182,0.5615,0.8061,12.974,31
115,F_MED,5,LSTM,B_latidos,1556,390,0.8098,0.176431,0.420037,0.262244,2.6152,0.2807,0.8003,12.95,29
115,F_MED,5,GRU,B_latidos,1556,390,0.8106,0.17573,0.419201,0.25616,2.6669,0.2474,0.8369,23.278,56
115,F_MED,5,CNN-LSTM,B_latidos,1556,390,0.8034,0.182366,0.427044,0.27925,2.7802,0.2605,0.808,13.986,34
115,F_MED,5,CNN-GRU,B_latidos,1556,390,0.8179,0.168918,0.410996,0.269193,2.6318,0.2433,0.827,14.001,35
115,F_MED,10,LSTM,B_latidos,1552,389,0.7983,0.187183,0.432646,0.274562,2.7111,0.26,0.8161,22.434,50
115,F_MED,10,GRU,B_latidos,1552,389,0.8201,0.167007,0.408665,0.245546,2.4662,0.2602,0.839,20.953,47
115,F_MED,10,CNN-LSTM,B_latidos,1552,389,0.8333,0.15475,0.393383,0.250045,2.3756,0.2464,0.8505,25.841,63
115,F_MED,10,CNN-GRU,B_latidos,1552,389,0.8472,0.141815,0.376583,0.239081,2.2694,0.2489,0.8168,12.217,27
115,F_N+PB+MED,3,LSTM,B_latidos,1558,390,0.7452,0.22112,0.470234,0.295576,2.2152,0.2555,0.9013,27.208,67
115,F_N+PB+MED,3,GRU,B_latidos,1558,390,0.7517,0.215455,0.464171,0.292001,2.3128,0.2424,0.9001,24.189,57
115,F_N+PB+MED,3,CNN-LSTM,B_latidos,1558,390,0.7464,0.220072,0.469119,0.296379,2.2416,0.2491,0.8898,17.665,41
115,F_N+PB+MED,3,CNN-GRU,B_latidos,1558,390,0.7602,0.20807,0.456147,0.286378,2.175,0.2476,0.8927,14.388,36
115,F_N+PB+MED,5,LSTM,B_latidos,1556,390,0.7368,0.228349,0.477859,0.299855,2.2479,0.3486,0.9042,29.927,74
115,F_N+PB+MED,5,GRU,B_latidos,1556,390,0.7335,0.231281,0.480917,0.300875,2.3005,0.2528,0.9163,30.619,78
115,F_N+PB+MED,5,CNN-LSTM,B_latidos,1556,390,0.749,0.21779,0.46668,0.28966,2.218,0.2487,0.9043,19.419,45
115,F_N+PB+MED,5,CNN-GRU,B_latidos,1556,390,0.7431,0.222911,0.472134,0.287731,2.3053,0.2476,0.9129,18.92,48
115,F_N+PB+MED,10,LSTM,B_latidos,1552,389,0.7461,0.220409,0.469477,0.293009,2.3426,0.259,0.9054,27.158,62
115,F_N+PB+MED,10,GRU,B_latidos,1552,389,0.7351,0.229943,0.479523,0.302159,2.4804,0.406,0.9085,19.945,48
115,F_N+PB+MED,10,CNN-LSTM,B_latidos,1552,389,0.7475,0.21917,0.468156,0.290067,2.4419,0.2855,0.9116,20.989,54
115,F_N+PB+MED,10,CNN-GRU,B_latidos,1552,389,0.7422,0.223785,0.47306,0.298307,2.3699,0.2536,0.9038,14.943,36
116,F_N+MED,3,LSTM,B_latidos,1925,482,0.6385,0.09558,0.309161,0.195982,2.9877,0.2578,0.7415,30.565,47
116,F_N+MED,3,GRU,B_latidos,1925,482,0.6077,0.103743,0.322092,0.205473,2.9087,0.2534,0.7132,26.036,45
116,F_N+MED,3,CNN-LSTM,B_latidos,1925,482,0.5115,0.129164,0.359394,0.218937,3.0687,0.3381,0.7539,31.931,57
116,F_N+MED,3,CNN-GRU,B_latidos,1925,482,0.5044,0.131045,0.362002,0.209701,2.7845,0.2615,0.8211,47.518,87
116,F_N+MED,5,LSTM,B_latidos,1924,481,0.599,0.106141,0.325793,0.192531,3.0095,0.2639,0.6473,19.512,33
116,F_N+MED,5,GRU,B_latidos,1924,481,0.6542,0.091523,0.302528,0.187972,2.7747,0.2874,0.6822,27.292,48
116,F_N+MED,5,CNN-LSTM,B_latidos,1924,481,0.6077,0.103832,0.32223,0.199256,3.0988,0.2442,0.7645,37.321,68
116,F_N+MED,5,CNN-GRU,B_latidos,1924,481,0.4728,0.139553,0.373568,0.197231,3.2951,0.2702,0.7638,36.516,61
116,F_N+MED,10,LSTM,B_latidos,1920,480,0.6182,0.101027,0.317848,0.187032,2.9456,0.2782,0.6783,39.999,75
116,F_N+MED,10,GRU,B_latidos,1920,480,0.5116,0.129242,0.359502,0.23557,3.4221,0.2953,0.675,38.748,77
116,F_N+MED,10,CNN-LSTM,B_latidos,1920,480,0.5157,0.128173,0.358012,0.214307,3.3512,0.2717,0.7353,20.221,38
116,F_N+MED,10,CNN-GRU,B_latidos,1920,480,0.661,0.089724,0.299539,0.175906,2.7181,0.445,0.7897,29.513,61
116,F_MED,3,LSTM,B_latidos,1925,482,0.6163,0.101468,0.31854,0.207354,3.2596,0.2468,0.7276,26.014,44
116,F_MED,3,GRU,B_latidos,1925,482,0.5645,0.115143,0.339328,0.22489,3.3264,0.245,0.7144,20.504,36
116,F_MED,3,CNN-LSTM,B_latidos,1925,482,0.5924,0.107772,0.328287,0.198021,2.8551,0.272,0.7687,40.344,75
116,F_MED,3,CNN-GRU,B_latidos,1925,482,0.4191,0.153611,0.391933,0.210788,2.7748,0.2594,0.7874,37.489,71
116,F_MED,5,LSTM,B_latidos,1924,481,0.6676,0.087984,0.296621,0.174911,2.7098,0.2466,0.6824,24.883,41
116,F_MED,5,GRU,B_latidos,1924,481,0.6049,0.10458,0.323389,0.223661,3.1769,0.4821,0.6365,16.779,28
116,F_MED,5,CNN-LSTM,B_latidos,1924,481,0.4803,0.137545,0.37087,0.218538,3.6515,0.2503,0.7832,34.617,63
116,F_MED,5,CNN-GRU,B_latidos,1924,481,0.5495,0.119222,0.345285,0.187529,3.0153,0.2487,0.7611,36.638,68
116,F_MED,10,LSTM,B_latidos,1920,480,0.6626,0.089291,0.298815,0.174788,2.9176,0.2459,0.665,27.644,50
116,F_MED,10,GRU,B_latidos,1920,480,0.527,0.125179,0.353806,0.236706,3.2874,0.2522,0.627,14.451,26
116,F_MED,10,CNN-LSTM,B_latidos,1920,480,0.5169,0.127852,0.357563,0.227785,3.2902,0.2483,0.7264,26.171,53
116,F_MED,10,CNN-GRU,B_latidos,1920,480,0.5537,0.118096,0.343651,0.189705,2.9184,0.2364,0.7938,23.79,48
116,F_N+PB+MED,3,LSTM,B_latidos,1925,482,0.4801,0.137928,0.371386,0.21761,3.7754,0.2411,0.7716,21.902,37
116,F_N+PB+MED,3,GRU,B_latidos,1925,482,0.5082,0.130475,0.361214,0.205426,3.211,0.2474,0.7882,20.196,37
116,F_N+PB+MED,3,CNN-LSTM,B_latidos,1925,482,0.4092,0.156729,0.39589,0.211747,4.0595,0.2498,0.7969,24.629,44
116,F_N+PB+MED,3,CNN-GRU,B_latidos,1925,482,0.3636,0.16881,0.410865,0.232466,4.3847,0.3053,0.7952,21.084,36
116,F_N+PB+MED,5,LSTM,B_latidos,1924,481,0.3356,0.176024,0.419552,0.271491,4.2581,0.2559,0.7655,22.279,35
116,F_N+PB+MED,5,GRU,B_latidos,1924,481,0.5666,0.114827,0.338862,0.184892,2.9127,0.2583,0.8081,26.1,45
116,F_N+PB+MED,5,CNN-LSTM,B_latidos,1924,481,0.3735,0.165971,0.407396,0.237813,3.4691,0.2556,0.7609,16.591,28
116,F_N+PB+MED,5,CNN-GRU,B_latidos,1924,481,0.4444,0.147193,0.383657,0.208012,2.9208,0.2856,0.7671,14.965,26
116,F_N+PB+MED,10,LSTM,B_latidos,1920,480,0.4673,0.140959,0.375446,0.237921,3.3182,0.3573,0.7834,24.427,47
116,F_N+PB+MED,10,GRU,B_latidos,1920,480,0.5638,0.115437,0.339761,0.18248,2.3595,0.2437,0.7813,18.032,33
116,F_N+PB+MED,10,CNN-LSTM,B_latidos,1920,480,0.4575,0.14355,0.37888,0.194111,2.4018,0.3015,0.7724,15.844,31
116,F_N+PB+MED,10,CNN-GRU,B_latidos,1920,480,0.4647,0.14167,0.376391,0.207628,2.627,0.4646,0.7907,17.156,32
117,F_N+MED,3,LSTM,B_latidos,1224,306,0.9196,0.059489,0.243904,0.167748,1.555,0.3455,0.9327,40.063,100
117,F_N+MED,3,GRU,B_latidos,1224,306,0.9083,0.06785,0.260481,0.184765,1.5354,0.3564,0.887,14.872,35
117,F_N+MED,3,CNN-LSTM,B_latidos,1224,306,0.9091,0.067198,0.259225,0.181724,1.595,0.641,0.8773,16.27,38
117,F_N+MED,3,CNN-GRU,B_latidos,1224,306,0.9209,0.058506,0.24188,0.167922,1.3977,0.3422,0.9051,22.095,58
117,F_N+MED,5,LSTM,B_latidos,1222,306,0.9148,0.062984,0.250966,0.172632,1.5705,0.726,0.9381,41.395,100
117,F_N+MED,5,GRU,B_latidos,1222,306,0.9122,0.064865,0.254686,0.177371,1.6465,0.346,0.9252,19.898,50
117,F_N+MED,5,CNN-LSTM,B_latidos,1222,306,0.9158,0.062255,0.24951,0.171718,1.6006,0.4958,0.9319,35.888,92
117,F_N+MED,5,CNN-GRU,B_latidos,1222,306,0.9135,0.063944,0.252872,0.175867,1.6182,0.7563,0.9263,32.666,89
117,F_N+MED,10,LSTM,B_latidos,1218,305,0.9182,0.060463,0.245892,0.169842,1.7795,0.3925,0.9113,26.163,60
117,F_N+MED,10,GRU,B_latidos,1218,305,0.9152,0.062673,0.250345,0.177445,1.8495,0.6867,0.9091,19.59,47
117,F_N+MED,10,CNN-LSTM,B_latidos,1218,305,0.9102,0.066381,0.257645,0.180706,1.6582,0.742,0.8731,14.182,31
117,F_N+MED,10,CNN-GRU,B_latidos,1218,305,0.9234,0.056656,0.238026,0.163706,1.7822,0.3441,0.9426,29.617,76
117,F_MED,3,LSTM,B_latidos,1224,306,0.9167,0.061578,0.248148,0.171743,1.6395,0.3838,0.9347,39.473,100
117,F_MED,3,GRU,B_latidos,1224,306,0.9163,0.061934,0.248865,0.172007,1.5998,0.3478,0.9184,27.878,71
117,F_MED,3,CNN-LSTM,B_latidos,1224,306,0.9127,0.064573,0.254112,0.176332,1.4354,0.3773,0.8838,17.843,43
117,F_MED,3,CNN-GRU,B_latidos,1224,306,0.9187,0.060165,0.245285,0.168138,1.4753,0.346,0.9009,24.342,60
117,F_MED,5,LSTM,B_latidos,1222,306,0.9142,0.063442,0.251878,0.173806,1.6215,0.491,0.9271,32.698,82
117,F_MED,5,GRU,B_latidos,1222,306,0.9098,0.066651,0.258168,0.179634,1.5838,0.3852,0.8986,15.808,37
117,F_MED,5,CNN-LSTM,B_latidos,1222,306,0.9139,0.063627,0.252243,0.17285,1.6469,0.3704,0.9258,38.631,98
117,F_MED,5,CNN-GRU,B_latidos,1222,306,0.9147,0.063065,0.251128,0.174202,1.5338,0.4691,0.9317,35.712,95
117,F_MED,10,LSTM,B_latidos,1218,305,0.9186,0.060175,0.245307,0.169684,1.707,0.3932,0.9176,25.909,59
117,F_MED,10,GRU,B_latidos,1218,305,0.9111,0.065755,0.256427,0.184015,1.8275,0.395,0.9164,22.252,52
117,F_MED,10,CNN-LSTM,B_latidos,1218,305,0.916,0.062141,0.249281,0.172816,1.731,0.4765,0.8911,19.083,48
117,F_MED,10,CNN-GRU,B_latidos,1218,305,0.9195,0.059552,0.244032,0.167593,1.6407,0.3497,0.9123,24.219,59
117,F_N+PB+MED,3,LSTM,B_latidos,1224,306,0.9781,0.018771,0.137006,0.08539,0.7227,0.5495,0.9781,38.518,100
117,F_N+PB+MED,3,GRU,B_latidos,1224,306,0.9772,0.019478,0.139564,0.08583,0.7235,0.4841,0.9809,38.649,100
117,F_N+PB+MED,3,CNN-LSTM,B_latidos,1224,306,0.9775,0.019289,0.138886,0.086384,0.7288,0.612,0.9806,36.739,98
117,F_N+PB+MED,3,CNN-GRU,B_latidos,1224,306,0.9779,0.018944,0.137638,0.085444,0.71,0.3731,0.9812,37.131,98
117,F_N+PB+MED,5,LSTM,B_latidos,1222,306,0.9782,0.018632,0.136501,0.086363,0.7518,0.7224,0.9774,39.636,100
117,F_N+PB+MED,5,GRU,B_latidos,1222,306,0.978,0.01884,0.13726,0.086329,0.736,0.36,0.9803,40.52,100
117,F_N+PB+MED,5,CNN-LSTM,B_latidos,1222,306,0.9781,0.018719,0.136817,0.085286,0.7197,0.3661,0.9815,39.202,100
117,F_N+PB+MED,5,CNN-GRU,B_latidos,1222,306,0.9782,0.018623,0.136467,0.085194,0.7141,0.3522,0.9814,30.734,80
117,F_N+PB+MED,10,LSTM,B_latidos,1218,305,0.9785,0.018425,0.135741,0.086043,0.7823,0.3796,0.9762,33.936,75
117,F_N+PB+MED,10,GRU,B_latidos,1218,305,0.9771,0.019619,0.140069,0.087605,0.7814,0.3812,0.9826,36.552,88
117,F_N+PB+MED,10,CNN-LSTM,B_latidos,1218,305,0.978,0.018837,0.137249,0.085433,0.7411,0.3841,0.9808,35.67,91
117,F_N+PB+MED,10,CNN-GRU,B_latidos,1218,305,0.9779,0.018907,0.137504,0.085127,0.7273,0.8538,0.982,35.232,94
118,F_N+MED,3,LSTM,B_latidos,1818,455,0.8018,0.178128,0.422052,0.249133,3.6435,0.2883,0.8544,36.251,58
118,F_N+MED,3,GRU,B_latidos,1818,455,0.8024,0.177591,0.421415,0.239389,3.557,0.2648,0.8683,38.277,71
118,F_N+MED,3,CNN-LSTM,B_latidos,1818,455,0.792,0.186879,0.432295,0.255713,3.619,0.3515,0.8627,27.997,53
118,F_N+MED,3,CNN-GRU,B_latidos,1818,455,0.7922,0.186769,0.432168,0.25055,3.5221,0.378,0.8777,33.666,66
118,F_N+MED,5,LSTM,B_latidos,1816,455,0.7975,0.182003,0.426619,0.247834,3.6683,0.2903,0.8628,42.026,75
118,F_N+MED,5,GRU,B_latidos,1816,455,0.7959,0.183474,0.428338,0.246527,3.6511,0.2722,0.8723,39.453,72
118,F_N+MED,5,CNN-LSTM,B_latidos,1816,455,0.7975,0.181963,0.426571,0.248539,3.4863,0.2838,0.8779,37.156,72
118,F_N+MED,5,CNN-GRU,B_latidos,1816,455,0.796,0.183388,0.428239,0.244841,3.3733,0.284,0.8695,27.786,53
118,F_N+MED,10,LSTM,B_latidos,1812,454,0.7991,0.18053,0.424888,0.245095,3.7983,0.2989,0.8765,55.901,100
118,F_N+MED,10,GRU,B_latidos,1812,454,0.8011,0.178684,0.42271,0.241824,3.7388,0.2915,0.8721,31.223,57
118,F_N+MED,10,CNN-LSTM,B_latidos,1812,454,0.7906,0.188123,0.433732,0.253206,3.6886,0.3515,0.8861,35.635,70
118,F_N+MED,10,CNN-GRU,B_latidos,1812,454,0.7978,0.181624,0.426173,0.247339,3.7794,0.4873,0.887,30.783,58
118,F_MED,3,LSTM,B_latidos,1818,455,0.8022,0.17794,0.421829,0.245039,3.7005,0.2704,0.8725,49.659,94
118,F_MED,3,GRU,B_latidos,1818,455,0.7987,0.181113,0.425574,0.24172,3.62,0.3092,0.8741,40.935,80
118,F_MED,3,CNN-LSTM,B_latidos,1818,455,0.7881,0.190713,0.436708,0.254685,3.5395,0.2971,0.8742,34.372,66
118,F_MED,3,CNN-GRU,B_latidos,1818,455,0.794,0.185402,0.430583,0.251531,3.4207,0.2631,0.8795,32.168,64
118,F_MED,5,LSTM,B_latidos,1816,455,0.7916,0.187572,0.433096,0.249895,3.6737,0.2652,0.8605,46.257,85
118,F_MED,5,GRU,B_latidos,1816,455,0.8034,0.176889,0.420581,0.240618,3.4985,0.2707,0.8646,33.246,60
118,F_MED,5,CNN-LSTM,B_latidos,1816,455,0.7913,0.187797,0.433355,0.254291,3.6469,0.354,0.8786,35.387,68
118,F_MED,5,CNN-GRU,B_latidos,1816,455,0.7931,0.186194,0.431502,0.251487,3.4206,0.2602,0.8673,28.441,56
118,F_MED,10,LSTM,B_latidos,1812,454,0.7986,0.181176,0.425647,0.245866,3.681,0.3061,0.8678,51.423,91
118,F_MED,10,GRU,B_latidos,1812,454,0.8034,0.176821,0.420501,0.244532,3.5769,0.3811,0.8667,30.327,53
118,F_MED,10,CNN-LSTM,B_latidos,1812,454,0.8042,0.176124,0.419671,0.246406,3.5987,0.2783,0.8653,25.578,47
118,F_MED,10,CNN-GRU,B_latidos,1812,454,0.7876,0.191067,0.437112,0.251274,3.6,0.2787,0.8859,33.8,68
118,F_N+PB+MED,3,LSTM,B_latidos,1818,455,0.828,0.200614,0.4479,0.22548,3.615,0.2652,0.8518,31.716,57
118,F_N+PB+MED,3,GRU,B_latidos,1818,455,0.8319,0.196139,0.442876,0.222081,3.3564,0.2598,0.8522,22.534,42
118,F_N+PB+MED,3,CNN-LSTM,B_latidos,1818,455,0.8225,0.20703,0.455005,0.226353,3.381,0.2556,0.8576,24.299,43
118,F_N+PB+MED,3,CNN-GRU,B_latidos,1818,455,0.8214,0.208288,0.456386,0.227383,3.5403,0.2491,0.8624,21.029,38
118,F_N+PB+MED,5,LSTM,B_latidos,1816,455,0.828,0.20065,0.44794,0.222317,3.3861,0.2668,0.8459,27.64,50
118,F_N+PB+MED,5,GRU,B_latidos,1816,455,0.8264,0.202544,0.450049,0.226123,3.4256,0.2609,0.8437,19.836,36
118,F_N+PB+MED,5,CNN-LSTM,B_latidos,1816,455,0.824,0.205365,0.453172,0.229458,3.449,0.2646,0.8519,21.377,37
118,F_N+PB+MED,5,CNN-GRU,B_latidos,1816,455,0.8238,0.205581,0.45341,0.229141,3.3984,0.2593,0.8685,21.943,39
118,F_N+PB+MED,10,LSTM,B_latidos,1812,454,0.8287,0.199831,0.447025,0.221306,3.4803,0.285,0.8523,35.697,60
118,F_N+PB+MED,10,GRU,B_latidos,1812,454,0.8229,0.206544,0.454471,0.229613,3.577,0.2817,0.8566,23.713,42
118,F_N+PB+MED,10,CNN-LSTM,B_latidos,1812,454,0.8239,0.205362,0.453169,0.228989,3.6288,0.2841,0.8748,28.182,53
118,F_N+PB+MED,10,CNN-GRU,B_latidos,1812,454,0.8215,0.208228,0.456321,0.234238,3.6709,0.3187,0.865,21.053,38
119,F_N+MED,3,LSTM,B_latidos,1585,397,0.8363,0.166419,0.407945,0.233575,2.4437,0.3074,0.9271,24.291,47
119,F_N+MED,3,GRU,B_latidos,1585,397,0.8484,0.154056,0.3925,0.224128,2.3603,0.2788,0.9399,37.104,80
119,F_N+MED,3,CNN-LSTM,B_latidos,1585,397,0.8223,0.180669,0.425051,0.234742,2.6159,0.4735,0.9322,24.327,50
119,F_N+MED,3,CNN-GRU,B_latidos,1585,397,0.8242,0.178739,0.422776,0.230519,2.5239,0.3123,0.9302,17.765,38
119,F_N+MED,5,LSTM,B_latidos,1584,396,0.8287,0.172888,0.415798,0.23999,2.5098,0.561,0.9276,23.225,44
119,F_N+MED,5,GRU,B_latidos,1584,396,0.8223,0.17943,0.423591,0.241977,2.5333,0.401,0.9271,20.038,42
119,F_N+MED,5,CNN-LSTM,B_latidos,1584,396,0.8261,0.175567,0.419007,0.24001,2.8283,0.4033,0.9197,17.307,36
119,F_N+MED,5,CNN-GRU,B_latidos,1584,396,0.8289,0.17271,0.415584,0.234895,2.4345,0.2761,0.9464,23.766,49
119,F_N+MED,10,LSTM,B_latidos,1580,395,0.8281,0.17377,0.416858,0.236993,2.6009,0.3033,0.9332,29.776,58
119,F_N+MED,10,GRU,B_latidos,1580,395,0.8435,0.158179,0.397718,0.228121,2.5296,0.3293,0.9409,29.043,58
119,F_N+MED,10,CNN-LSTM,B_latidos,1580,395,0.8484,0.153191,0.391396,0.227029,2.5707,0.301,0.9381,24.564,51
119,F_N+MED,10,CNN-GRU,B_latidos,1580,395,0.8408,0.16085,0.401061,0.227556,2.3167,0.2966,0.9467,21.111,46
119,F_MED,3,LSTM,B_latidos,1585,397,0.8382,0.16447,0.405549,0.232049,2.3636,0.3324,0.9321,28.855,59
119,F_MED,3,GRU,B_latidos,1585,397,0.8481,0.154421,0.392965,0.223113,2.364,0.2984,0.9398,42.837,94
119,F_MED,3,CNN-LSTM,B_latidos,1585,397,0.8275,0.175381,0.418785,0.232911,2.6288,0.3104,0.9314,21.488,46
119,F_MED,3,CNN-GRU,B_latidos,1585,397,0.8259,0.176917,0.420615,0.233466,2.5482,0.2718,0.9287,18.006,38
119,F_MED,5,LSTM,B_latidos,1584,396,0.8402,0.161309,0.401633,0.228495,2.3262,0.2909,0.9329,33.276,68
119,F_MED,5,GRU,B_latidos,1584,396,0.8518,0.149624,0.386813,0.22071,2.329,0.2959,0.9438,36.188,77
119,F_MED,5,CNN-LSTM,B_latidos,1584,396,0.826,0.175689,0.419153,0.234825,2.6105,0.2946,0.9391,26.772,57
119,F_MED,5,CNN-GRU,B_latidos,1584,396,0.8051,0.196778,0.443596,0.242023,2.563,0.3596,0.9441,24.499,50
119,F_MED,10,LSTM,B_latidos,1580,395,0.8303,0.171525,0.414155,0.232722,2.4648,0.3448,0.9406,33.185,67
119,F_MED,10,GRU,B_latidos,1580,395,0.8353,0.166471,0.408009,0.234174,2.4756,0.3092,0.9297,20.185,42
119,F_MED,10,CNN-LSTM,B_latidos,1580,395,0.8535,0.148047,0.384768,0.21672,2.3412,0.5544,0.9427,29.191,60
119,F_MED,10,CNN-GRU,B_latidos,1580,395,0.8348,0.166938,0.408581,0.23086,2.3105,0.2934,0.9414,20.046,43
119,F_N+PB+MED,3,LSTM,B_latidos,1585,397,0.8822,0.111084,0.333292,0.161972,1.4771,0.4258,0.952,46.068,99
119,F_N+PB+MED,3,GRU,B_latidos,1585,397,0.8946,0.099403,0.315283,0.156798,1.5199,0.2863,0.9599,45.124,100
119,F_N+PB+MED,3,CNN-LSTM,B_latidos,1585,397,0.885,0.108377,0.329207,0.157824,1.5216,0.4095,0.9592,47.022,100
119,F_N+PB+MED,3,CNN-GRU,B_latidos,1585,397,0.8854,0.108033,0.328684,0.157095,1.642,0.2814,0.9594,41.862,90
119,F_N+PB+MED,5,LSTM,B_latidos,1584,396,0.871,0.120699,0.347418,0.169789,1.49,0.446,0.9445,26.489,54
119,F_N+PB+MED,5,GRU,B_latidos,1584,396,0.8773,0.114727,0.338714,0.167115,1.6623,0.293,0.957,43.982,93
119,F_N+PB+MED,5,CNN-LSTM,B_latidos,1584,396,0.8712,0.120435,0.347038,0.168301,1.7171,0.292,0.9507,32.663,68
119,F_N+PB+MED,5,CNN-GRU,B_latidos,1584,396,0.8502,0.140105,0.374306,0.177956,1.5766,0.499,0.9477,25.682,55
119,F_N+PB+MED,10,LSTM,B_latidos,1580,395,0.879,0.11335,0.336674,0.164616,1.5242,0.3216,0.9504,30.903,62
119,F_N+PB+MED,10,GRU,B_latidos,1580,395,0.8721,0.119792,0.346109,0.168481,1.6214,0.3011,0.9517,25.689,51
119,F_N+PB+MED,10,CNN-LSTM,B_latidos,1580,395,0.8879,0.104996,0.324031,0.158766,1.4977,0.2883,0.9583,34.175,75
119,F_N+PB+MED,10,CNN-GRU,B_latidos,1580,395,0.8777,0.114502,0.338382,0.163547,1.578,0.2854,0.9605,30.619,66
121,F_N+MED,3,LSTM,B_latidos,1486,372,0.6432,2.47098,1.571935,0.887997,10.9118,0.3041,0.8131,16.436,33
121,F_N+MED,3,GRU,B_latidos,1486,372,0.6584,2.365578,1.538044,0.904044,11.3977,0.276,0.8312,20.482,43
121,F_N+MED,3,CNN-LSTM,B_latidos,1486,372,0.6302,2.56084,1.600263,0.940574,10.8487,0.4046,0.8025,15.681,33
121,F_N+MED,3,CNN-GRU,B_latidos,1486,372,0.6318,2.549798,1.596809,0.932718,11.1013,0.2954,0.7904,12.961,26
121,F_N+MED,5,LSTM,B_latidos,1484,372,0.6085,2.709562,1.646075,0.921969,10.5358,0.3123,0.8466,27.663,58
121,F_N+MED,5,GRU,B_latidos,1484,372,0.6475,2.439668,1.561944,0.899184,11.3512,0.295,0.8133,16.727,35
121,F_N+MED,5,CNN-LSTM,B_latidos,1484,372,0.6335,2.536201,1.592545,0.910864,11.1576,0.5667,0.82,17.678,35
121,F_N+MED,5,CNN-GRU,B_latidos,1484,372,0.627,2.581407,1.606676,0.932772,11.1199,0.3913,0.8108,15.103,31
121,F_N+MED,10,LSTM,B_latidos,1480,371,0.6389,2.501549,1.581629,0.892062,10.7701,0.5933,0.8352,21.1,44
121,F_N+MED,10,GRU,B_latidos,1480,371,0.6473,2.443689,1.56323,0.8791,10.5044,0.3345,0.8548,19.82,41
121,F_N+MED,10,CNN-LSTM,B_latidos,1480,371,0.6209,2.626294,1.620584,0.918544,10.5369,0.4723,0.8114,14.98,31
121,F_N+MED,10,CNN-GRU,B_latidos,1480,371,0.6297,2.565434,1.601697,0.898926,9.9697,0.3428,0.805,12.721,25
121,F_MED,3,LSTM,B_latidos,1486,372,0.6838,2.190001,1.479865,0.843423,10.3231,0.3092,0.8472,28.378,61
121,F_MED,3,GRU,B_latidos,1486,372,0.6616,2.343437,1.530829,0.886606,10.4123,0.6171,0.8655,31.252,68
121,F_MED,3,CNN-LSTM,B_latidos,1486,372,0.5864,2.864532,1.692493,1.016689,11.6566,0.3131,0.778,14.714,30
121,F_MED,3,CNN-GRU,B_latidos,1486,372,0.5865,2.863363,1.692148,1.010713,11.0241,0.4035,0.7798,12.173,25
121,F_MED,5,LSTM,B_latidos,1484,372,0.6379,2.505889,1.583,0.890749,10.5005,0.3113,0.8479,42.147,93
121,F_MED,5,GRU,B_latidos,1484,372,0.6131,2.677403,1.636277,0.948194,10.9254,0.3042,0.8265,17.638,36
121,F_MED,5,CNN-LSTM,B_latidos,1484,372,0.633,2.540232,1.593811,0.919243,10.9355,0.4694,0.8113,15.645,31
121,F_MED,5,CNN-GRU,B_latidos,1484,372,0.6213,2.621105,1.618983,0.943603,11.0736,0.3041,0.8091,14.406,30
121,F_MED,10,LSTM,B_latidos,1480,371,0.6217,2.621432,1.619084,0.918674,10.7264,0.6338,0.8366,22.959,47
121,F_MED,10,GRU,B_latidos,1480,371,0.5954,2.803655,1.674412,0.958366,11.1906,0.4091,0.8498,20.737,45
121,F_MED,10,CNN-LSTM,B_latidos,1480,371,0.5993,2.776229,1.666202,0.94743,10.7747,0.3123,0.8038,13.521,27
121,F_MED,10,CNN-GRU,B_latidos,1480,371,0.6261,2.590851,1.609612,0.894283,10.0164,0.3472,0.797,12.122,24
121,F_N+PB+MED,3,LSTM,B_latidos,1486,372,0.5351,0.565186,0.751789,0.462028,5.8463,0.438,0.92,30.461,66
121,F_N+PB+MED,3,GRU,B_latidos,1486,372,0.5179,0.586198,0.765635,0.462517,5.6938,0.4001,0.9185,22.576,48
121,F_N+PB+MED,3,CNN-LSTM,B_latidos,1486,372,0.5559,0.539988,0.734839,0.452192,5.5836,0.6221,0.9205,22.25,49
121,F_N+PB+MED,3,CNN-GRU,B_latidos,1486,372,0.5479,0.549626,0.741367,0.45514,5.5794,0.2757,0.9184,16.98,37
121,F_N+PB+MED,5,LSTM,B_latidos,1484,372,0.538,0.561741,0.749494,0.455237,5.8104,0.5345,0.9247,45.5,100
121,F_N+PB+MED,5,GRU,B_latidos,1484,372,0.5373,0.562581,0.750054,0.448948,5.8446,0.2977,0.9334,45.387,100
121,F_N+PB+MED,5,CNN-LSTM,B_latidos,1484,372,0.5155,0.589091,0.767522,0.477059,6.2901,0.3296,0.9185,20.097,44
121,F_N+PB+MED,5,CNN-GRU,B_latidos,1484,372,0.5304,0.571019,0.755658,0.464927,5.8578,0.3055,0.925,21.599,48
121,F_N+PB+MED,10,LSTM,B_latidos,1480,371,0.5471,0.550939,0.742253,0.450496,5.961,0.3283,0.9287,45.287,98
121,F_N+PB+MED,10,GRU,B_latidos,1480,371,0.5332,0.567767,0.753503,0.456187,5.9001,0.3106,0.9318,35.144,77
121,F_N+PB+MED,10,CNN-LSTM,B_latidos,1480,371,0.5416,0.557555,0.746696,0.465853,6.4265,0.3023,0.9246,22.649,49
121,F_N+PB+MED,10,CNN-GRU,B_latidos,1480,371,0.5302,0.571521,0.75599,0.468127,6.1353,0.3029,0.9186,17.255,37
122,F_N+MED,3,LSTM,B_latidos,1976,495,0.915,0.074999,0.273859,0.181958,2.8139,0.3407,0.9279,55.161,99
122,F_N+MED,3,GRU,B_latidos,1976,495,0.9129,0.076803,0.277134,0.183496,2.8151,0.2465,0.92,41.225,74
122,F_N+MED,3,CNN-LSTM,B_latidos,1976,495,0.9141,0.075802,0.275321,0.184941,2.8446,0.2394,0.9267,52.282,100
122,F_N+MED,3,CNN-GRU,B_latidos,1976,495,0.9172,0.073006,0.270197,0.181559,2.7723,0.3262,0.9324,42.544,77
122,F_N+MED,5,LSTM,B_latidos,1975,494,0.9111,0.078357,0.279923,0.185813,2.5318,0.2403,0.9202,46.134,79
122,F_N+MED,5,GRU,B_latidos,1975,494,0.913,0.076738,0.277017,0.183299,2.3744,0.3497,0.9197,44.613,80
122,F_N+MED,5,CNN-LSTM,B_latidos,1975,494,0.9136,0.076162,0.275974,0.183789,2.4508,0.2466,0.9258,39.296,72
122,F_N+MED,5,CNN-GRU,B_latidos,1975,494,0.9165,0.073665,0.271414,0.181107,2.5031,0.2592,0.9346,34.563,64
122,F_N+MED,10,LSTM,B_latidos,1971,493,0.9088,0.080316,0.283401,0.189163,2.6724,0.2536,0.9249,60.063,100
122,F_N+MED,10,GRU,B_latidos,1971,493,0.9132,0.076452,0.276499,0.184386,2.5477,0.2648,0.921,44.841,75
122,F_N+MED,10,CNN-LSTM,B_latidos,1971,493,0.912,0.077564,0.278504,0.185488,2.5713,0.2501,0.9251,35.76,62
122,F_N+MED,10,CNN-GRU,B_latidos,1971,493,0.9125,0.077056,0.27759,0.185661,2.7319,0.4505,0.934,46.213,86
122,F_MED,3,LSTM,B_latidos,1976,495,0.9124,0.077186,0.277823,0.185071,2.7943,0.2827,0.9225,57.494,100
122,F_MED,3,GRU,B_latidos,1976,495,0.9142,0.075618,0.274988,0.182798,2.8314,0.2672,0.9287,53.691,99
122,F_MED,3,CNN-LSTM,B_latidos,1976,495,0.9119,0.07763,0.278622,0.187183,2.7763,0.2483,0.9203,39.778,73
122,F_MED,3,CNN-GRU,B_latidos,1976,495,0.9128,0.076844,0.277208,0.186289,2.8702,0.2679,0.9281,39.04,74
122,F_MED,5,LSTM,B_latidos,1975,494,0.9109,0.078541,0.280253,0.185583,2.5001,0.3622,0.9201,48.719,85
122,F_MED,5,GRU,B_latidos,1975,494,0.9118,0.077768,0.278869,0.185652,2.4135,0.269,0.9237,40.799,72
122,F_MED,5,CNN-LSTM,B_latidos,1975,494,0.9116,0.077879,0.279068,0.186105,2.4556,0.2531,0.9233,31.864,57
122,F_MED,5,CNN-GRU,B_latidos,1975,494,0.9114,0.078042,0.27936,0.186828,2.5215,0.2546,0.9262,38.9,72
122,F_MED,10,LSTM,B_latidos,1971,493,0.9111,0.078234,0.279704,0.188462,2.5996,0.2675,0.9279,57.246,98
122,F_MED,10,GRU,B_latidos,1971,493,0.9112,0.078211,0.279662,0.187188,2.5382,0.4631,0.9283,42.075,73
122,F_MED,10,CNN-LSTM,B_latidos,1971,493,0.9127,0.076898,0.277305,0.185276,2.6475,0.2539,0.9282,48.644,87
122,F_MED,10,CNN-GRU,B_latidos,1971,493,0.9104,0.078925,0.280936,0.189951,2.6067,0.2595,0.932,40.43,75
122,F_N+PB+MED,3,LSTM,B_latidos,1976,495,0.9344,0.065939,0.256785,0.143319,2.3473,0.2589,0.936,45.946,79
122,F_N+PB+MED,3,GRU,B_latidos,1976,495,0.9342,0.066196,0.257285,0.143794,2.3374,0.2371,0.9393,39.142,71
122,F_N+PB+MED,3,CNN-LSTM,B_latidos,1976,495,0.9342,0.066153,0.257203,0.145055,2.3308,0.2596,0.9341,27.079,48
122,F_N+PB+MED,3,CNN-GRU,B_latidos,1976,495,0.936,0.064406,0.253783,0.142384,2.2906,0.2515,0.9379,27.708,51
122,F_N+PB+MED,5,LSTM,B_latidos,1975,494,0.9341,0.066238,0.257368,0.145752,2.2354,0.253,0.9338,34.021,58
122,F_N+PB+MED,5,GRU,B_latidos,1975,494,0.937,0.06329,0.251575,0.140171,2.1393,0.2781,0.9404,34.125,62
122,F_N+PB+MED,5,CNN-LSTM,B_latidos,1975,494,0.9367,0.063679,0.252347,0.142279,2.1573,0.2745,0.9409,35.556,61
122,F_N+PB+MED,5,CNN-GRU,B_latidos,1975,494,0.9365,0.063826,0.252638,0.142111,2.1335,0.2583,0.9426,30.161,54
122,F_N+PB+MED,10,LSTM,B_latidos,1971,493,0.9365,0.063802,0.252591,0.143977,2.4176,0.284,0.9374,40.855,67
122,F_N+PB+MED,10,GRU,B_latidos,1971,493,0.9359,0.064421,0.253813,0.141384,2.4964,0.2565,0.9404,36.717,60
122,F_N+PB+MED,10,CNN-LSTM,B_latidos,1971,493,0.936,0.064333,0.25364,0.141994,2.4874,0.2683,0.9453,36.131,63
122,F_N+PB+MED,10,CNN-GRU,B_latidos,1971,493,0.9354,0.06487,0.254695,0.141138,2.3974,0.2824,0.9485,35.222,63
123,F_N+MED,3,LSTM,B_latidos,1210,303,0.6726,0.32669,0.571568,0.348626,3.9755,0.3683,0.7981,16.879,40
123,F_N+MED,3,GRU,B_latidos,1210,303,0.6919,0.307481,0.55451,0.338191,4.0733,0.3328,0.8275,21.094,52
123,F_N+MED,3,CNN-LSTM,B_latidos,1210,303,0.6738,0.325539,0.57056,0.354802,4.3597,0.3446,0.8189,22.415,55
123,F_N+MED,3,CNN-GRU,B_latidos,1210,303,0.666,0.333307,0.577327,0.35472,4.1297,0.7277,0.8032,17.32,38
123,F_N+MED,5,LSTM,B_latidos,1208,303,0.676,0.323819,0.569051,0.346546,3.8551,0.4195,0.7909,17.238,40
123,F_N+MED,5,GRU,B_latidos,1208,303,0.6731,0.32669,0.571568,0.3607,4.0887,0.5005,0.7818,17.208,38
123,F_N+MED,5,CNN-LSTM,B_latidos,1208,303,0.6611,0.338729,0.582004,0.350847,4.0574,0.4861,0.7744,16.053,37
123,F_N+MED,5,CNN-GRU,B_latidos,1208,303,0.656,0.343806,0.586349,0.363681,4.0497,0.3534,0.8562,27.681,73
123,F_N+MED,10,LSTM,B_latidos,1204,302,0.6689,0.331161,0.575466,0.348572,3.5381,0.7588,0.8067,22.629,48
123,F_N+MED,10,GRU,B_latidos,1204,302,0.6718,0.328251,0.572932,0.351891,3.3775,0.3649,0.8226,23.087,55
123,F_N+MED,10,CNN-LSTM,B_latidos,1204,302,0.6642,0.33587,0.579543,0.354541,3.9656,0.5245,0.8326,23.174,56
123,F_N+MED,10,CNN-GRU,B_latidos,1204,302,0.6389,0.361113,0.600927,0.378394,4.0017,0.4895,0.7801,13.723,34
123,F_MED,3,LSTM,B_latidos,1210,303,0.6737,0.325522,0.570545,0.352506,4.0811,0.4168,0.8042,18.518,45
123,F_MED,3,GRU,B_latidos,1210,303,0.6913,0.308022,0.554998,0.340894,4.036,0.3504,0.7999,16.346,40
123,F_MED,3,CNN-LSTM,B_latidos,1210,303,0.6156,0.383514,0.619285,0.376587,4.7831,0.3812,0.81,19.052,49
123,F_MED,3,CNN-GRU,B_latidos,1210,303,0.6618,0.337412,0.580872,0.354039,4.4879,0.3615,0.809,14.942,36
123,F_MED,5,LSTM,B_latidos,1208,303,0.6785,0.321252,0.566791,0.346209,3.8559,0.3994,0.809,20.132,50
123,F_MED,5,GRU,B_latidos,1208,303,0.6769,0.322787,0.568144,0.357056,3.995,0.3466,0.7717,14.526,34
123,F_MED,5,CNN-LSTM,B_latidos,1208,303,0.6435,0.35615,0.596783,0.371515,4.3446,0.4255,0.8339,21.018,52
123,F_MED,5,CNN-GRU,B_latidos,1208,303,0.6594,0.340289,0.583343,0.367706,4.1806,0.4861,0.7877,14.724,37
123,F_MED,10,LSTM,B_latidos,1204,302,0.6548,0.345181,0.587521,0.357803,3.7121,0.6993,0.8394,26.808,67
123,F_MED,10,GRU,B_latidos,1204,302,0.6709,0.329041,0.573621,0.357071,3.6683,0.3819,0.7751,14.705,32
123,F_MED,10,CNN-LSTM,B_latidos,1204,302,0.6548,0.345155,0.587499,0.367392,3.7521,0.3775,0.7812,14.045,34
123,F_MED,10,CNN-GRU,B_latidos,1204,302,0.6609,0.339051,0.582281,0.365584,3.6687,0.483,0.8078,14.313,35
123,F_N+PB+MED,3,LSTM,B_latidos,1210,303,0.7294,0.293176,0.541458,0.275501,2.2627,0.3456,0.8605,18.614,44
123,F_N+PB+MED,3,GRU,B_latidos,1210,303,0.767,0.252431,0.502426,0.26478,2.0485,0.7277,0.8981,23.484,62
123,F_N+PB+MED,3,CNN-LSTM,B_latidos,1210,303,0.7699,0.249299,0.499298,0.266534,1.9928,0.3758,0.8755,17.421,43
123,F_N+PB+MED,3,CNN-GRU,B_latidos,1210,303,0.7743,0.244443,0.494412,0.267841,2.0322,0.3217,0.873,15.627,37
123,F_N+PB+MED,5,LSTM,B_latidos,1208,303,0.7277,0.295056,0.54319,0.282845,2.2437,0.3447,0.8594,18.664,44
123,F_N+PB+MED,5,GRU,B_latidos,1208,303,0.7649,0.254717,0.504695,0.272952,2.2012,0.3614,0.8814,19.201,47
123,F_N+PB+MED,5,CNN-LSTM,B_latidos,1208,303,0.7583,0.26186,0.511722,0.269252,2.0696,0.3764,0.891,19.947,48
123,F_N+PB+MED,5,CNN-GRU,B_latidos,1208,303,0.7676,0.251831,0.501828,0.271248,2.0796,0.345,0.9021,23.184,62
123,F_N+PB+MED,10,LSTM,B_latidos,1204,302,0.7279,0.294853,0.543004,0.278518,2.1226,0.3945,0.8654,20.606,46
123,F_N+PB+MED,10,GRU,B_latidos,1204,302,0.7453,0.275922,0.525282,0.280609,2.1008,0.739,0.8628,14.583,33
123,F_N+PB+MED,10,CNN-LSTM,B_latidos,1204,302,0.7453,0.275976,0.525334,0.275998,2.045,0.3899,0.8672,15.218,36
123,F_N+PB+MED,10,CNN-GRU,B_latidos,1204,302,0.7751,0.243699,0.493659,0.2692,2.0029,0.3812,0.8701,14.046,33
124,F_N+MED,3,LSTM,B_latidos,1291,323,0.7465,0.095133,0.308437,0.200254,2.3639,0.3457,0.8583,21.16,49
124,F_N+MED,3,GRU,B_latidos,1291,323,0.7418,0.096883,0.31126,0.204039,2.4853,0.3295,0.8931,32.8,81
124,F_N+MED,3,CNN-LSTM,B_latidos,1291,323,0.7702,0.086235,0.293659,0.193389,2.3308,0.6732,0.8886,24.109,59
124,F_N+MED,3,CNN-GRU,B_latidos,1291,323,0.7676,0.087221,0.295333,0.192636,2.4305,0.3203,0.8852,24.139,55
124,F_N+MED,5,LSTM,B_latidos,1289,323,0.7509,0.093402,0.305617,0.196309,2.1048,0.3595,0.8387,16.261,36
124,F_N+MED,5,GRU,B_latidos,1289,323,0.7565,0.091297,0.302154,0.193525,2.1635,0.3729,0.8709,20.014,49
124,F_N+MED,5,CNN-LSTM,B_latidos,1289,323,0.7336,0.099869,0.316021,0.203967,2.2057,0.3953,0.822,14.456,31
124,F_N+MED,5,CNN-GRU,B_latidos,1289,323,0.7503,0.093636,0.306,0.197542,2.5828,0.3419,0.8884,21.736,51
124,F_N+MED,10,LSTM,B_latidos,1285,322,0.7418,0.096664,0.310909,0.20279,2.0621,0.3522,0.8195,14.259,29
124,F_N+MED,10,GRU,B_latidos,1285,322,0.7328,0.100065,0.316331,0.202878,2.0115,0.5132,0.8829,23.798,54
124,F_N+MED,10,CNN-LSTM,B_latidos,1285,322,0.7238,0.103402,0.321563,0.214194,2.1415,0.3505,0.8994,23.719,56
124,F_N+MED,10,CNN-GRU,B_latidos,1285,322,0.7016,0.111728,0.334258,0.225415,2.4328,0.3538,0.9179,24.265,60
124,F_MED,3,LSTM,B_latidos,1291,323,0.7477,0.094757,0.307826,0.200992,2.317,0.3608,0.8582,20.567,48
124,F_MED,3,GRU,B_latidos,1291,323,0.7402,0.097595,0.312403,0.201223,2.3039,0.3407,0.8807,25.885,61
124,F_MED,3,CNN-LSTM,B_latidos,1291,323,0.7586,0.090681,0.301133,0.196117,2.4813,0.3446,0.8958,26.58,64
124,F_MED,3,CNN-GRU,B_latidos,1291,323,0.7512,0.093461,0.305714,0.196697,2.22,0.3645,0.8575,18.836,42
124,F_MED,5,LSTM,B_latidos,1289,323,0.745,0.095716,0.309379,0.197474,2.1686,0.3618,0.834,17.874,40
124,F_MED,5,GRU,B_latidos,1289,323,0.7451,0.095658,0.309286,0.197505,2.1692,0.3881,0.8571,17.247,38
124,F_MED,5,CNN-LSTM,B_latidos,1289,323,0.7396,0.097724,0.312608,0.199323,2.2036,0.4566,0.8297,15.953,34
124,F_MED,5,CNN-GRU,B_latidos,1289,323,0.7441,0.096048,0.309916,0.198453,2.2945,0.329,0.8379,14.797,33
124,F_MED,10,LSTM,B_latidos,1285,322,0.7377,0.098325,0.313568,0.203034,2.1047,0.3598,0.8439,18.762,39
124,F_MED,10,GRU,B_latidos,1285,322,0.7369,0.098613,0.314028,0.202225,2.0061,0.3791,0.8577,16.745,36
124,F_MED,10,CNN-LSTM,B_latidos,1285,322,0.737,0.0986,0.314006,0.210261,2.121,0.3564,0.8881,24.561,59
124,F_MED,10,CNN-GRU,B_latidos,1285,322,0.7454,0.095421,0.308902,0.203323,2.0467,0.345,0.8997,26.94,66
124,F_N+PB+MED,3,LSTM,B_latidos,1291,323,0.8335,0.139963,0.374117,0.187629,2.2976,0.3527,0.8988,38.293,91
124,F_N+PB+MED,3,GRU,B_latidos,1291,323,0.8309,0.142128,0.376999,0.187183,2.0671,0.3342,0.8941,23.788,59
124,F_N+PB+MED,3,CNN-LSTM,B_latidos,1291,323,0.8175,0.153346,0.391594,0.195597,2.1556,0.3476,0.8919,25.257,59
124,F_N+PB+MED,3,CNN-GRU,B_latidos,1291,323,0.8239,0.147954,0.384648,0.206362,2.1359,0.5216,0.8609,12.468,29
124,F_N+PB+MED,5,LSTM,B_latidos,1289,323,0.8353,0.13839,0.372008,0.194452,2.1392,0.3518,0.8668,17.13,37
124,F_N+PB+MED,5,GRU,B_latidos,1289,323,0.8234,0.148414,0.385245,0.204502,2.3462,0.4094,0.8617,15.242,33
124,F_N+PB+MED,5,CNN-LSTM,B_latidos,1289,323,0.8325,0.140772,0.375196,0.189609,2.0958,0.3865,0.8757,17.182,40
124,F_N+PB+MED,5,CNN-GRU,B_latidos,1289,323,0.8298,0.14298,0.378127,0.192004,2.0636,0.3303,0.8825,15.793,36
124,F_N+PB+MED,10,LSTM,B_latidos,1285,322,0.8366,0.137268,0.370497,0.187282,1.9731,0.3683,0.8968,33.89,74
124,F_N+PB+MED,10,GRU,B_latidos,1285,322,0.8191,0.151951,0.389809,0.197028,1.9413,0.3488,0.8764,27.545,58
124,F_N+PB+MED,10,CNN-LSTM,B_latidos,1285,322,0.8303,0.14254,0.377545,0.187806,1.7901,0.3487,0.884,18.751,44
124,F_N+PB+MED,10,CNN-GRU,B_latidos,1285,322,0.8309,0.142052,0.376898,0.192684,1.8526,0.3436,0.8846,16.708,40
200,F_N+MED,3,LSTM,B_latidos,2076,520,0.4574,0.502842,0.709113,0.400298,5.2561,0.2602,0.6872,21.202,34
200,F_N+MED,3,GRU,B_latidos,2076,520,0.468,0.492985,0.702129,0.406512,5.2702,0.306,0.6972,22.939,38
200,F_N+MED,3,CNN-LSTM,B_latidos,2076,520,0.4651,0.495642,0.704018,0.406389,5.6624,0.2356,0.6116,15.169,25
200,F_N+MED,3,CNN-GRU,B_latidos,2076,520,0.4099,0.546814,0.739469,0.419292,5.9378,0.3745,0.7227,23.832,40
200,F_N+MED,5,LSTM,B_latidos,2075,519,0.4767,0.482297,0.694476,0.390776,3.9614,0.2854,0.6391,17.711,28
200,F_N+MED,5,GRU,B_latidos,2075,519,0.4887,0.471161,0.686412,0.404635,4.3651,0.2481,0.6581,17.91,29
200,F_N+MED,5,CNN-LSTM,B_latidos,2075,519,0.4417,0.514517,0.717298,0.422699,4.6901,0.3299,0.5927,14.408,23
200,F_N+MED,5,CNN-GRU,B_latidos,2075,519,0.4223,0.532396,0.729655,0.427173,4.9336,0.251,0.7195,21.666,35
200,F_N+MED,10,LSTM,B_latidos,2071,518,0.4974,0.463842,0.681059,0.390589,4.4378,0.278,0.6281,15.38,25
200,F_N+MED,10,GRU,B_latidos,2071,518,0.5042,0.457514,0.676398,0.399594,4.6635,0.4394,0.5556,11.909,19
200,F_N+MED,10,CNN-LSTM,B_latidos,2071,518,0.465,0.493773,0.70269,0.409226,5.0479,0.2857,0.5851,13.277,22
200,F_N+MED,10,CNN-GRU,B_latidos,2071,518,0.4613,0.497167,0.705101,0.423256,5.0694,0.2753,0.5936,12.769,21
200,F_MED,3,LSTM,B_latidos,2076,520,0.4436,0.515921,0.718276,0.409083,5.1006,0.2454,0.6816,21.189,34
200,F_MED,3,GRU,B_latidos,2076,520,0.4601,0.500678,0.707586,0.401927,5.2122,0.2348,0.7243,28.016,46
200,F_MED,3,CNN-LSTM,B_latidos,2076,520,0.4499,0.510082,0.7142,0.410822,5.8516,0.2467,0.6428,17.45,30
200,F_MED,3,CNN-GRU,B_latidos,2076,520,0.4409,0.51849,0.720063,0.415103,5.3077,0.2537,0.7045,21.117,37
200,F_MED,5,LSTM,B_latidos,2075,519,0.4891,0.471168,0.686417,0.391939,4.2434,0.2346,0.6372,17.533,27
200,F_MED,5,GRU,B_latidos,2075,519,0.498,0.463008,0.680447,0.398987,4.3424,0.2442,0.6669,18.196,29
200,F_MED,5,CNN-LSTM,B_latidos,2075,519,0.4544,0.503192,0.709361,0.420898,4.4871,0.2552,0.6236,16.28,24
200,F_MED,5,CNN-GRU,B_latidos,2075,519,0.4637,0.494586,0.703268,0.423566,4.4942,0.2437,0.6121,14.144,23
200,F_MED,10,LSTM,B_latidos,2071,518,0.4203,0.535397,0.731708,0.418484,5.0197,0.2826,0.6959,22.847,37
200,F_MED,10,GRU,B_latidos,2071,518,0.5029,0.459139,0.677598,0.396823,4.806,0.256,0.5769,12.254,20
200,F_MED,10,CNN-LSTM,B_latidos,2071,518,0.4408,0.51643,0.718631,0.416682,5.0547,0.2822,0.6148,13.224,23
200,F_MED,10,CNN-GRU,B_latidos,2071,518,0.4548,0.503522,0.709593,0.424888,4.8251,0.2512,0.5865,11.945,21
200,F_N+PB+MED,3,LSTM,B_latidos,2076,520,0.4534,0.519731,0.720924,0.366725,5.0425,0.2791,0.7413,24.106,40
200,F_N+PB+MED,3,GRU,B_latidos,2076,520,0.5274,0.449365,0.670347,0.357034,4.4229,0.2513,0.6789,17.801,28
200,F_N+PB+MED,3,CNN-LSTM,B_latidos,2076,520,0.51,0.465903,0.682571,0.362843,5.1872,0.2371,0.6081,13.807,21
200,F_N+PB+MED,3,CNN-GRU,B_latidos,2076,520,0.4708,0.503168,0.709343,0.373915,5.3123,0.2397,0.6511,15.392,25
200,F_N+PB+MED,5,LSTM,B_latidos,2075,519,0.5258,0.448432,0.669651,0.347263,3.5152,0.3783,0.6467,18.032,26
200,F_N+PB+MED,5,GRU,B_latidos,2075,519,0.5481,0.427322,0.653699,0.349031,3.3463,0.3358,0.6502,15.74,25
200,F_N+PB+MED,5,CNN-LSTM,B_latidos,2075,519,0.473,0.498374,0.705956,0.368732,4.0545,0.4312,0.6993,19.5,33
200,F_N+PB+MED,5,CNN-GRU,B_latidos,2075,519,0.4719,0.499344,0.706643,0.382376,4.2273,0.2726,0.7378,20.56,33
200,F_N+PB+MED,10,LSTM,B_latidos,2071,518,0.5252,0.44967,0.670575,0.350542,4.1145,0.2605,0.6185,14.047,22
200,F_N+PB+MED,10,GRU,B_latidos,2071,518,0.5244,0.450439,0.671148,0.36177,3.8322,0.245,0.6694,15.136,26
200,F_N+PB+MED,10,CNN-LSTM,B_latidos,2071,518,0.4999,0.473589,0.688178,0.363866,4.0841,0.2593,0.6001,12.474,21
200,F_N+PB+MED,10,CNN-GRU,B_latidos,2071,518,0.497,0.476303,0.690147,0.374327,4.264,0.243,0.611,11.91,20
201,F_N+MED,3,LSTM,B_latidos,1566,392,0.2381,0.325584,0.570599,0.412978,5.8614,0.2971,0.4377,12.468,22
201,F_N+MED,3,GRU,B_latidos,1566,392,0.1819,0.349611,0.591279,0.43059,5.3454,0.2683,0.4623,12.086,22
201,F_N+MED,3,CNN-LSTM,B_latidos,1566,392,0.225,0.331192,0.575492,0.419484,5.8569,0.3064,0.5608,16.628,33
201,F_N+MED,3,CNN-GRU,B_latidos,1566,392,0.1943,0.344329,0.586796,0.422241,5.35,0.2898,0.5509,15.057,30
201,F_N+MED,5,LSTM,B_latidos,1564,392,0.2049,0.339579,0.582734,0.419287,5.831,0.4526,0.4292,11.182,21
201,F_N+MED,5,GRU,B_latidos,1564,392,0.1673,0.355666,0.596378,0.415713,5.2036,0.3478,0.7032,20.68,42
201,F_N+MED,5,CNN-LSTM,B_latidos,1564,392,0.1981,0.342491,0.585228,0.421646,5.6312,0.4197,0.5948,17.679,35
201,F_N+MED,5,CNN-GRU,B_latidos,1564,392,0.1647,0.356774,0.597306,0.425699,5.71,0.4166,0.5646,14.388,29
201,F_N+MED,10,LSTM,B_latidos,1560,391,0.1598,0.358088,0.598404,0.430025,7.0154,0.3225,0.4287,12.809,22
201,F_N+MED,10,GRU,B_latidos,1560,391,0.1416,0.365841,0.604848,0.431732,6.377,0.3331,0.6363,17.768,35
201,F_N+MED,10,CNN-LSTM,B_latidos,1560,391,0.2377,0.324889,0.56999,0.404239,6.297,0.9788,0.7182,24.643,52
201,F_N+MED,10,CNN-GRU,B_latidos,1560,391,0.1525,0.36119,0.600991,0.424618,6.879,0.3105,0.672,18.547,37
201,F_MED,3,LSTM,B_latidos,1566,392,0.1822,0.349067,0.590819,0.422623,6.2874,0.2953,0.5723,15.046,29
201,F_MED,3,GRU,B_latidos,1566,392,0.2095,0.337412,0.580872,0.414809,5.5167,0.4584,0.7115,27.433,58
201,F_MED,3,CNN-LSTM,B_latidos,1566,392,0.2085,0.33782,0.581223,0.422289,5.82,0.3111,0.4627,14.279,26
201,F_MED,3,CNN-GRU,B_latidos,1566,392,0.219,0.333338,0.577354,0.413702,5.7486,0.312,0.5897,15.422,31
201,F_MED,5,LSTM,B_latidos,1564,392,0.2456,0.321815,0.567288,0.403957,5.8477,0.3962,0.6677,23.239,49
201,F_MED,5,GRU,B_latidos,1564,392,0.1817,0.349073,0.590824,0.419754,5.2855,0.3022,0.6116,16.175,33
201,F_MED,5,CNN-LSTM,B_latidos,1564,392,0.194,0.343855,0.586391,0.420707,5.7345,0.3007,0.679,25.338,51
201,F_MED,5,CNN-GRU,B_latidos,1564,392,0.1979,0.342154,0.584939,0.415728,5.5783,0.3122,0.5833,14.786,30
201,F_MED,10,LSTM,B_latidos,1560,391,0.2254,0.329723,0.574215,0.418416,7.0988,0.324,0.3811,12.657,20
201,F_MED,10,GRU,B_latidos,1560,391,0.2258,0.329558,0.574072,0.424767,6.1628,0.3178,0.4068,11.547,20
201,F_MED,10,CNN-LSTM,B_latidos,1560,391,0.2867,0.303623,0.55102,0.389431,6.5436,0.3101,0.701,23.541,52
201,F_MED,10,CNN-GRU,B_latidos,1560,391,0.2245,0.330128,0.574568,0.410507,6.3154,0.2867,0.6937,19.433,41
201,F_N+PB+MED,3,LSTM,B_latidos,1566,392,0.097,0.454081,0.673855,0.474345,5.4981,0.2961,0.6847,24.43,50
201,F_N+PB+MED,3,GRU,B_latidos,1566,392,0.1217,0.441642,0.664562,0.4788,5.369,0.2838,0.6377,16.069,31
201,F_N+PB+MED,3,CNN-LSTM,B_latidos,1566,392,0.1418,0.431572,0.656942,0.467715,5.7015,0.29,0.5423,12.758,24
201,F_N+PB+MED,3,CNN-GRU,B_latidos,1566,392,0.1449,0.429971,0.655722,0.470071,5.4942,0.4119,0.5626,12.105,23
201,F_N+PB+MED,5,LSTM,B_latidos,1564,392,0.1538,0.425284,0.652138,0.464079,5.7327,0.3227,0.5918,15.689,30
201,F_N+PB+MED,5,GRU,B_latidos,1564,392,0.1104,0.447111,0.668664,0.471857,4.9923,0.3434,0.6112,15.7,30
201,F_N+PB+MED,5,CNN-LSTM,B_latidos,1564,392,0.0792,0.462805,0.680298,0.481982,5.0155,0.277,0.6476,16.873,34
201,F_N+PB+MED,5,CNN-GRU,B_latidos,1564,392,-0.0118,0.508543,0.713122,0.502823,4.7091,0.3057,0.6783,15.152,32
201,F_N+PB+MED,10,LSTM,B_latidos,1560,391,0.0991,0.452948,0.673014,0.476056,6.7867,0.5282,0.6392,19.321,37
201,F_N+PB+MED,10,GRU,B_latidos,1560,391,0.1156,0.444634,0.666809,0.477651,6.6415,0.3081,0.639,17.192,32
201,F_N+PB+MED,10,CNN-LSTM,B_latidos,1560,391,0.1093,0.447806,0.669183,0.479081,6.5378,0.3149,0.7041,20.433,41
201,F_N+PB+MED,10,CNN-GRU,B_latidos,1560,391,0.089,0.457993,0.676752,0.48767,6.3835,0.303,0.6754,17.443,34
202,F_N+MED,3,LSTM,B_latidos,1704,427,0.4357,0.290849,0.539305,0.38049,4.487,0.2773,0.7537,26.692,51
202,F_N+MED,3,GRU,B_latidos,1704,427,0.4342,0.291633,0.54003,0.378802,4.0121,0.2369,0.6349,12.987,26
202,F_N+MED,3,CNN-LSTM,B_latidos,1704,427,0.4194,0.299246,0.547034,0.388622,4.7157,0.3345,0.5596,13.533,25
202,F_N+MED,3,CNN-GRU,B_latidos,1704,427,0.4196,0.299179,0.546973,0.384114,4.5119,0.2487,0.5942,12.344,26
202,F_N+MED,5,LSTM,B_latidos,1703,426,0.4564,0.280457,0.529582,0.374,4.4271,0.3397,0.6401,15.434,30
202,F_N+MED,5,GRU,B_latidos,1703,426,0.4289,0.294644,0.542811,0.386272,3.9207,0.2708,0.6368,13.85,29
202,F_N+MED,5,CNN-LSTM,B_latidos,1703,426,0.4335,0.292233,0.540586,0.37881,4.1223,0.3387,0.6751,17.816,40
202,F_N+MED,5,CNN-GRU,B_latidos,1703,426,0.4045,0.307221,0.554275,0.391173,4.2279,0.2642,0.6653,15.502,34
202,F_N+MED,10,LSTM,B_latidos,1699,425,0.4622,0.277424,0.526711,0.368751,4.3192,0.2989,0.6556,17.55,34
202,F_N+MED,10,GRU,B_latidos,1699,425,0.4103,0.304216,0.551558,0.391331,3.9612,0.3981,0.738,21.182,45
202,F_N+MED,10,CNN-LSTM,B_latidos,1699,425,0.4194,0.299502,0.547268,0.388103,4.1617,0.3582,0.7178,18.776,40
202,F_N+MED,10,CNN-GRU,B_latidos,1699,425,0.4116,0.303548,0.550952,0.387484,4.3658,0.2565,0.69,15.914,34
202,F_MED,3,LSTM,B_latidos,1704,427,0.4475,0.284926,0.533784,0.375491,4.6375,0.2507,0.6289,14.515,29
202,F_MED,3,GRU,B_latidos,1704,427,0.4308,0.293524,0.541778,0.382769,4.3142,0.3223,0.7544,21.855,50
202,F_MED,3,CNN-LSTM,B_latidos,1704,427,0.4314,0.293208,0.541487,0.379924,4.8881,0.2641,0.6333,16.33,34
202,F_MED,3,CNN-GRU,B_latidos,1704,427,0.4416,0.287934,0.536594,0.37396,4.6092,0.2799,0.5845,12.957,26
202,F_MED,5,LSTM,B_latidos,1703,426,0.4474,0.285225,0.534065,0.376161,4.1755,0.3572,0.7152,19.479,41
202,F_MED,5,GRU,B_latidos,1703,426,0.4416,0.288222,0.536863,0.377919,3.9368,0.2487,0.7327,21.904,47
202,F_MED,5,CNN-LSTM,B_latidos,1703,426,0.4174,0.300716,0.548375,0.384515,4.1672,0.2531,0.6847,20.068,41
202,F_MED,5,CNN-GRU,B_latidos,1703,426,0.4068,0.306188,0.553342,0.389211,4.4139,0.2631,0.7189,17.245,38
202,F_MED,10,LSTM,B_latidos,1699,425,0.4586,0.279427,0.528608,0.374841,4.364,0.2574,0.583,13.685,25
202,F_MED,10,GRU,B_latidos,1699,425,0.4253,0.296619,0.544628,0.385565,4.1588,0.512,0.6425,16.184,30
202,F_MED,10,CNN-LSTM,B_latidos,1699,425,0.4304,0.29399,0.542208,0.3798,4.1584,0.2459,0.6523,15.821,33
202,F_MED,10,CNN-GRU,B_latidos,1699,425,0.4191,0.299828,0.547566,0.38583,4.2117,0.2747,0.7678,23.175,49
202,F_N+PB+MED,3,LSTM,B_latidos,1704,427,0.338,0.561102,0.749067,0.519406,6.059,0.2631,0.6502,12.79,24
202,F_N+PB+MED,3,GRU,B_latidos,1704,427,0.3177,0.578327,0.760478,0.525131,5.1362,0.2502,0.6703,11.932,23
202,F_N+PB+MED,3,CNN-LSTM,B_latidos,1704,427,0.3481,0.552518,0.743315,0.512476,5.5165,0.2536,0.6677,12.032,23
202,F_N+PB+MED,3,CNN-GRU,B_latidos,1704,427,0.3437,0.556293,0.745851,0.516147,5.3993,0.2566,0.6939,11.318,23
202,F_N+PB+MED,5,LSTM,B_latidos,1703,426,0.3664,0.536992,0.732798,0.50318,5.8937,0.2492,0.6509,13.738,26
202,F_N+PB+MED,5,GRU,B_latidos,1703,426,0.3416,0.558024,0.74701,0.525723,4.9228,0.2453,0.687,12.477,25
202,F_N+PB+MED,5,CNN-LSTM,B_latidos,1703,426,0.3271,0.57032,0.755195,0.523192,4.8071,0.2566,0.6894,12.157,25
202,F_N+PB+MED,5,CNN-GRU,B_latidos,1703,426,0.343,0.55685,0.746224,0.515672,5.1765,0.2459,0.6813,10.941,23
202,F_N+PB+MED,10,LSTM,B_latidos,1699,425,0.3503,0.550823,0.742175,0.515831,5.6543,0.2746,0.6559,14.439,27
202,F_N+PB+MED,10,GRU,B_latidos,1699,425,0.3044,0.589725,0.767936,0.535785,4.7413,0.2585,0.6733,13.027,25
202,F_N+PB+MED,10,CNN-LSTM,B_latidos,1699,425,0.3257,0.571662,0.756083,0.515406,4.9821,0.2535,0.7381,14.873,31
202,F_N+PB+MED,10,CNN-GRU,B_latidos,1699,425,0.2981,0.595082,0.771416,0.535879,4.8427,0.2586,0.6964,12.012,23
203,F_N+MED,3,LSTM,B_latidos,2376,595,0.3517,0.71671,0.846587,0.562024,8.0542,0.2033,0.4889,17.233,26
203,F_N+MED,3,GRU,B_latidos,2376,595,0.371,0.695339,0.83387,0.553613,7.5873,0.211,0.515,16.44,27
203,F_N+MED,3,CNN-LSTM,B_latidos,2376,595,0.3171,0.754904,0.868852,0.57384,8.2808,0.6244,0.4813,15.919,25
203,F_N+MED,3,CNN-GRU,B_latidos,2376,595,0.3137,0.758709,0.871039,0.58164,7.9265,0.1998,0.444,13.821,22
203,F_N+MED,5,LSTM,B_latidos,2375,594,0.3604,0.707808,0.841313,0.560546,8.6626,0.2092,0.4976,15.784,24
203,F_N+MED,5,GRU,B_latidos,2375,594,0.3574,0.711073,0.843251,0.561108,8.5176,0.2094,0.5006,16.239,24
203,F_N+MED,5,CNN-LSTM,B_latidos,2375,594,0.3037,0.770502,0.877783,0.585622,8.7023,0.2691,0.4648,14.545,22
203,F_N+MED,5,CNN-GRU,B_latidos,2375,594,0.2882,0.787668,0.887506,0.590341,8.6646,0.1922,0.4948,13.836,23
203,F_N+MED,10,LSTM,B_latidos,2371,593,0.3828,0.682952,0.826409,0.548707,7.9929,0.2131,0.4918,17.392,24
203,F_N+MED,10,GRU,B_latidos,2371,593,0.3603,0.707872,0.841351,0.557898,7.8492,0.2239,0.4659,14.683,22
203,F_N+MED,10,CNN-LSTM,B_latidos,2371,593,0.326,0.745778,0.863584,0.569707,8.5993,0.273,0.4874,15.348,24
203,F_N+MED,10,CNN-GRU,B_latidos,2371,593,0.3191,0.753411,0.867993,0.575884,8.0989,0.3624,0.4783,14.891,23
203,F_MED,3,LSTM,B_latidos,2376,595,0.3521,0.71699,0.846753,0.559093,8.2227,0.1981,0.4854,16.513,25
203,F_MED,3,GRU,B_latidos,2376,595,0.3573,0.711158,0.843302,0.556344,7.6456,0.1938,0.464,15.282,23
203,F_MED,3,CNN-LSTM,B_latidos,2376,595,0.2983,0.776523,0.881205,0.592674,8.5244,0.2022,0.4144,13.766,21
203,F_MED,3,CNN-GRU,B_latidos,2376,595,0.3326,0.738494,0.859357,0.57221,7.9129,0.1992,0.4585,14.474,22
203,F_MED,5,LSTM,B_latidos,2375,594,0.3573,0.711894,0.843738,0.564183,8.487,0.2031,0.5015,16.823,25
203,F_MED,5,GRU,B_latidos,2375,594,0.3497,0.720352,0.848736,0.570214,8.4176,0.2074,0.4958,15.207,24
203,F_MED,5,CNN-LSTM,B_latidos,2375,594,0.2982,0.777364,0.881683,0.589378,8.7592,0.2813,0.4727,15.124,23
203,F_MED,5,CNN-GRU,B_latidos,2375,594,0.285,0.792,0.889944,0.597712,8.183,0.1977,0.4983,15.222,24
203,F_MED,10,LSTM,B_latidos,2371,593,0.3665,0.701738,0.837698,0.55197,8.3382,0.3148,0.4792,15.736,23
203,F_MED,10,GRU,B_latidos,2371,593,0.3529,0.716741,0.846605,0.551674,7.8348,0.2097,0.4611,14.889,22
203,F_MED,10,CNN-LSTM,B_latidos,2371,593,0.3143,0.759521,0.871505,0.57089,8.1185,0.2412,0.4883,15.26,24
203,F_MED,10,CNN-GRU,B_latidos,2371,593,0.331,0.741008,0.860818,0.570979,8.3569,0.2183,0.4384,13.765,21
203,F_N+PB+MED,3,LSTM,B_latidos,2376,595,0.1567,0.844535,0.918986,0.569393,8.9462,0.2013,0.3052,14.246,20
203,F_N+PB+MED,3,GRU,B_latidos,2376,595,0.1558,0.84551,0.919516,0.574083,8.5202,0.2081,0.285,12.779,19
203,F_N+PB+MED,3,CNN-LSTM,B_latidos,2376,595,0.1408,0.86051,0.927637,0.573793,8.3983,0.3205,0.3667,16.155,24
203,F_N+PB+MED,3,CNN-GRU,B_latidos,2376,595,0.1543,0.846943,0.920295,0.572453,8.0666,0.206,0.3038,12.763,20
203,F_N+PB+MED,5,LSTM,B_latidos,2375,594,0.1445,0.857692,0.926116,0.576194,8.809,0.2192,0.3208,14.379,21
203,F_N+PB+MED,5,GRU,B_latidos,2375,594,0.1457,0.856564,0.925508,0.58266,8.0778,0.3624,0.3357,13.708,21
203,F_N+PB+MED,5,CNN-LSTM,B_latidos,2375,594,0.1396,0.862594,0.928759,0.579617,8.6193,0.2229,0.3251,14.333,21
203,F_N+PB+MED,5,CNN-GRU,B_latidos,2375,594,0.1211,0.881188,0.938716,0.591555,8.1958,0.2035,0.3544,14.222,22
203,F_N+PB+MED,10,LSTM,B_latidos,2371,593,0.1511,0.850729,0.92235,0.569426,8.7756,0.2256,0.2887,14.596,20
203,F_N+PB+MED,10,GRU,B_latidos,2371,593,0.1683,0.833455,0.912938,0.562961,8.0807,0.2119,0.3224,14.934,21
203,F_N+PB+MED,10,CNN-LSTM,B_latidos,2371,593,0.1295,0.872294,0.933967,0.572286,8.3408,0.2389,0.3422,14.833,23
203,F_N+PB+MED,10,CNN-GRU,B_latidos,2371,593,0.1818,0.819936,0.905503,0.571896,7.609,0.2047,0.3553,14.831,23
205,F_N+MED,3,LSTM,B_latidos,2120,531,0.3012,1.384617,1.176698,0.442461,4.1572,0.2169,0.8109,54.736,100
205,F_N+MED,3,GRU,B_latidos,2120,531,0.3756,1.237275,1.112329,0.412943,3.2334,0.3013,0.8089,23.423,41
205,F_N+MED,3,CNN-LSTM,B_latidos,2120,531,0.3801,1.228336,1.108303,0.42019,3.3086,0.3306,0.8213,37.407,70
205,F_N+MED,3,CNN-GRU,B_latidos,2120,531,0.3009,1.385367,1.177016,0.425428,3.3182,0.2054,0.8489,33.841,67
205,F_N+MED,5,LSTM,B_latidos,2119,530,0.3301,1.329133,1.15288,0.444802,5.3124,0.2167,0.8368,43.286,78
205,F_N+MED,5,GRU,B_latidos,2119,530,0.3843,1.221735,1.105321,0.418451,4.2818,0.2094,0.8396,25.243,46
205,F_N+MED,5,CNN-LSTM,B_latidos,2119,530,0.3946,1.201199,1.095992,0.421421,5.1345,0.4551,0.8637,45.871,86
205,F_N+MED,5,CNN-GRU,B_latidos,2119,530,0.3673,1.255462,1.120474,0.420262,5.3821,0.2163,0.8794,45.662,91
205,F_N+MED,10,LSTM,B_latidos,2115,529,0.2938,1.401698,1.183933,0.440767,5.6092,0.2355,0.8381,31.958,54
205,F_N+MED,10,GRU,B_latidos,2115,529,0.3727,1.245045,1.115816,0.436393,5.0595,0.2271,0.8332,26.236,44
205,F_N+MED,10,CNN-LSTM,B_latidos,2115,529,0.3505,1.289285,1.135467,0.414022,5.5023,0.2291,0.8546,35.376,64
205,F_N+MED,10,CNN-GRU,B_latidos,2115,529,0.3592,1.271951,1.127808,0.430416,5.186,0.2268,0.8405,23.252,41
205,F_MED,3,LSTM,B_latidos,2120,531,0.2905,1.405862,1.18569,0.437063,3.9195,0.2246,0.8407,54.118,100
205,F_MED,3,GRU,B_latidos,2120,531,0.3767,1.23524,1.111414,0.40708,3.3562,0.2511,0.8252,25.368,46
205,F_MED,3,CNN-LSTM,B_latidos,2120,531,0.3204,1.346775,1.160506,0.421391,3.5198,0.2198,0.8384,37.161,70
205,F_MED,3,CNN-GRU,B_latidos,2120,531,0.3404,1.307108,1.143288,0.412158,3.3679,0.2112,0.8689,42.396,85
205,F_MED,5,LSTM,B_latidos,2119,530,0.3588,1.272344,1.127982,0.431622,5.2666,0.2939,0.8456,37.353,68
205,F_MED,5,GRU,B_latidos,2119,530,0.4,1.190648,1.091168,0.414355,4.2565,0.3619,0.8341,25.527,45
205,F_MED,5,CNN-LSTM,B_latidos,2119,530,0.3571,1.275701,1.129469,0.427126,5.52,0.2245,0.8313,43.396,85
205,F_MED,5,CNN-GRU,B_latidos,2119,530,0.3539,1.281982,1.132246,0.436163,4.7294,0.2193,0.8226,22.494,41
205,F_MED,10,LSTM,B_latidos,2115,529,0.2756,1.437888,1.19912,0.44386,4.6717,0.2311,0.8635,34.862,60
205,F_MED,10,GRU,B_latidos,2115,529,0.3347,1.320698,1.149216,0.420409,5.484,0.2316,0.8054,25.85,44
205,F_MED,10,CNN-LSTM,B_latidos,2115,529,0.3605,1.269391,1.126673,0.412479,4.8266,0.2352,0.849,27.209,47
205,F_MED,10,CNN-GRU,B_latidos,2115,529,0.3816,1.227458,1.107907,0.411146,5.4013,0.4095,0.8419,21.772,40
205,F_N+PB+MED,3,LSTM,B_latidos,2120,531,0.3495,2.311335,1.520307,0.452395,3.2704,0.2247,0.7695,24.003,42
205,F_N+PB+MED,3,GRU,B_latidos,2120,531,0.4221,2.053483,1.432998,0.414863,2.6915,0.211,0.8457,39.367,74
205,F_N+PB+MED,3,CNN-LSTM,B_latidos,2120,531,0.2982,2.493701,1.579145,0.455353,3.811,0.2028,0.8004,40.658,80
205,F_N+PB+MED,3,CNN-GRU,B_latidos,2120,531,0.3274,2.389952,1.545947,0.437881,3.7228,0.2887,0.805,25.75,49
205,F_N+PB+MED,5,LSTM,B_latidos,2119,530,0.3855,2.186264,1.478602,0.450393,4.3513,0.2193,0.7908,27.999,48
205,F_N+PB+MED,5,GRU,B_latidos,2119,530,0.3878,2.178306,1.475908,0.441323,3.5165,0.2105,0.8491,36.208,69
205,F_N+PB+MED,5,CNN-LSTM,B_latidos,2119,530,0.3029,2.480249,1.574881,0.466998,5.4275,0.2265,0.7462,18.307,32
205,F_N+PB+MED,5,CNN-GRU,B_latidos,2119,530,0.2808,2.55885,1.599641,0.466663,4.8332,0.2129,0.8312,30.363,57
205,F_N+PB+MED,10,LSTM,B_latidos,2115,529,0.3047,2.474643,1.5731,0.482245,5.8125,0.221,0.7166,22.932,35
205,F_N+PB+MED,10,GRU,B_latidos,2115,529,0.2914,2.522091,1.588109,0.462297,3.5086,0.4051,0.899,47.271,85
205,F_N+PB+MED,10,CNN-LSTM,B_latidos,2115,529,0.31,2.45598,1.567157,0.462038,5.108,0.4129,0.7833,24.164,44
205,F_N+PB+MED,10,CNN-GRU,B_latidos,2115,529,0.2526,2.660332,1.631052,0.478745,4.9205,0.3833,0.8379,32.951,63
207,F_N+MED,3,LSTM,B_latidos,1484,371,0.5904,0.286804,0.53554,0.34136,4.435,0.2735,0.6517,10.133,20
207,F_N+MED,3,GRU,B_latidos,1484,371,0.512,0.341713,0.584562,0.36002,5.2263,0.2756,0.7889,16.081,35
207,F_N+MED,3,CNN-LSTM,B_latidos,1484,371,0.6405,0.251729,0.501726,0.33653,3.1534,0.3054,0.7184,12.306,25
207,F_N+MED,3,CNN-GRU,B_latidos,1484,371,0.6596,0.238334,0.488195,0.319754,3.4838,0.2798,0.7013,10.23,21
207,F_N+MED,5,LSTM,B_latidos,1482,371,0.592,0.285591,0.534407,0.342412,5.4407,0.2775,0.7859,17.156,38
207,F_N+MED,5,GRU,B_latidos,1482,371,0.4522,0.383412,0.619203,0.386154,6.3626,0.3741,0.8624,19.664,45
207,F_N+MED,5,CNN-LSTM,B_latidos,1482,371,0.6107,0.27247,0.521986,0.325046,4.3414,0.3847,0.8334,15.421,36
207,F_N+MED,5,CNN-GRU,B_latidos,1482,371,0.6264,0.261483,0.511355,0.324429,3.8921,0.4269,0.8522,16.839,37
207,F_N+MED,10,LSTM,B_latidos,1478,370,0.3968,0.421864,0.649511,0.406439,6.3262,0.2813,0.8106,25.393,54
207,F_N+MED,10,GRU,B_latidos,1478,370,0.5112,0.341839,0.58467,0.381263,5.7285,0.3189,0.8455,20.11,42
207,F_N+MED,10,CNN-LSTM,B_latidos,1478,370,0.605,0.276278,0.525621,0.339544,4.6256,0.395,0.7735,13.536,30
207,F_N+MED,10,CNN-GRU,B_latidos,1478,370,0.5417,0.320549,0.566171,0.362801,4.4823,0.2838,0.868,16.79,39
207,F_MED,3,LSTM,B_latidos,1484,371,0.5852,0.290559,0.539036,0.347141,4.5298,0.2681,0.6286,9.363,19
207,F_MED,3,GRU,B_latidos,1484,371,0.4424,0.390597,0.624977,0.38975,5.4546,0.2622,0.78,14.74,34
207,F_MED,3,CNN-LSTM,B_latidos,1484,371,0.6265,0.261663,0.51153,0.324773,3.7959,0.264,0.6858,10.401,21
207,F_MED,3,CNN-GRU,B_latidos,1484,371,0.6689,0.231986,0.481649,0.307644,3.3963,0.2763,0.7094,10.363,21
207,F_MED,5,LSTM,B_latidos,1482,371,0.6297,0.259272,0.509187,0.331078,3.9513,0.3137,0.6396,9.718,20
207,F_MED,5,GRU,B_latidos,1482,371,0.3361,0.464932,0.681859,0.435786,7.1405,0.2633,0.8725,31.599,79
207,F_MED,5,CNN-LSTM,B_latidos,1482,371,0.5542,0.312156,0.558709,0.368931,3.933,0.278,0.7196,10.971,23
207,F_MED,5,CNN-GRU,B_latidos,1482,371,0.4491,0.385754,0.621091,0.402799,5.7013,0.279,0.8689,19.639,45
207,F_MED,10,LSTM,B_latidos,1478,370,0.6063,0.275462,0.524845,0.331799,5.3228,0.2811,0.804,18.41,39
207,F_MED,10,GRU,B_latidos,1478,370,0.5295,0.329221,0.573778,0.365159,5.352,0.2988,0.8447,21.802,49
207,F_MED,10,CNN-LSTM,B_latidos,1478,370,0.5925,0.285128,0.533974,0.359356,4.2169,0.2806,0.76,12.244,27
207,F_MED,10,CNN-GRU,B_latidos,1478,370,0.5515,0.313812,0.560189,0.3602,3.7229,0.2914,0.8025,12.764,28
207,F_N+PB+MED,3,LSTM,B_latidos,1484,371,0.6373,0.36764,0.606333,0.358976,3.911,0.3213,0.9157,37.468,91
207,F_N+PB+MED,3,GRU,B_latidos,1484,371,0.6121,0.393132,0.627002,0.373417,3.5712,0.2696,0.9321,39.584,100
207,F_N+PB+MED,3,CNN-LSTM,B_latidos,1484,371,0.5709,0.434916,0.659481,0.406409,3.5951,0.4581,0.9427,38.773,100
207,F_N+PB+MED,3,CNN-GRU,B_latidos,1484,371,0.6451,0.359755,0.599796,0.354862,3.2121,0.279,0.9433,33.614,88
207,F_N+PB+MED,5,LSTM,B_latidos,1482,371,0.5032,0.503463,0.709551,0.394078,2.7618,0.2881,0.9449,42.712,100
207,F_N+PB+MED,5,GRU,B_latidos,1482,371,0.4576,0.549739,0.741444,0.440504,3.6836,0.4543,0.9481,40.843,100
207,F_N+PB+MED,5,CNN-LSTM,B_latidos,1482,371,0.395,0.613159,0.783044,0.42982,2.8827,0.2944,0.964,39.854,100
207,F_N+PB+MED,5,CNN-GRU,B_latidos,1482,371,0.4865,0.520422,0.721403,0.387475,3.1797,0.2684,0.9554,39.536,100
207,F_N+PB+MED,10,LSTM,B_latidos,1478,370,0.4338,0.573824,0.757512,0.431543,4.0542,0.2822,0.9328,43.035,100
207,F_N+PB+MED,10,GRU,B_latidos,1478,370,0.4498,0.557611,0.746733,0.451452,5.2136,0.4333,0.9447,44.276,100
207,F_N+PB+MED,10,CNN-LSTM,B_latidos,1478,370,0.1137,0.898265,0.947768,0.508044,5.4866,0.3055,0.9626,40.092,100
207,F_N+PB+MED,10,CNN-GRU,B_latidos,1478,370,0.4362,0.571431,0.755931,0.433551,3.8924,0.281,0.9675,39.318,100
208,F_N+MED,3,LSTM,B_latidos,2358,590,0.4736,0.392097,0.626176,0.338262,2.9838,0.2038,0.7674,30.278,50
208,F_N+MED,3,GRU,B_latidos,2358,590,0.4942,0.376694,0.613754,0.337801,2.8367,0.1954,0.7751,29.724,52
208,F_N+MED,3,CNN-LSTM,B_latidos,2358,590,0.456,0.405169,0.636529,0.343536,2.9512,0.2543,0.7585,23.27,41
208,F_N+MED,3,CNN-GRU,B_latidos,2358,590,0.4428,0.414993,0.644199,0.352098,2.7292,0.2237,0.7268,15.515,26
208,F_N+MED,5,LSTM,B_latidos,2356,590,0.3688,0.470143,0.68567,0.383641,3.618,0.2047,0.7592,22.936,38
208,F_N+MED,5,GRU,B_latidos,2356,590,0.4259,0.427568,0.653887,0.364965,3.0076,0.2152,0.7716,32.079,53
208,F_N+MED,5,CNN-LSTM,B_latidos,2356,590,0.439,0.41783,0.646398,0.370513,3.3703,0.3106,0.7276,15.931,26
208,F_N+MED,5,CNN-GRU,B_latidos,2356,590,0.4408,0.416478,0.645351,0.367936,3.2278,0.3606,0.722,15.051,24
208,F_N+MED,10,LSTM,B_latidos,2352,589,0.483,0.384943,0.620438,0.342653,3.1185,0.2271,0.7411,24.132,35
208,F_N+MED,10,GRU,B_latidos,2352,589,0.4453,0.412975,0.642631,0.356664,3.2821,0.2125,0.7645,25.93,41
208,F_N+MED,10,CNN-LSTM,B_latidos,2352,589,0.504,0.369281,0.607685,0.333347,2.5763,0.2862,0.7898,29.779,50
208,F_N+MED,10,CNN-GRU,B_latidos,2352,589,0.517,0.359621,0.599684,0.34067,2.7669,0.2261,0.7911,22.018,34
208,F_MED,3,LSTM,B_latidos,2358,590,0.4622,0.40072,0.633024,0.343925,2.9499,0.2403,0.7558,25.651,41
208,F_MED,3,GRU,B_latidos,2358,590,0.4884,0.381228,0.617437,0.341609,2.998,0.197,0.7404,21.195,33
208,F_MED,3,CNN-LSTM,B_latidos,2358,590,0.4729,0.392746,0.626694,0.342974,2.9331,0.3111,0.7373,17.677,29
208,F_MED,3,CNN-GRU,B_latidos,2358,590,0.4796,0.387763,0.622706,0.343177,2.8035,0.2067,0.7592,19.318,33
208,F_MED,5,LSTM,B_latidos,2356,590,0.3614,0.475832,0.689806,0.396169,3.5565,0.2058,0.7324,20.627,30
208,F_MED,5,GRU,B_latidos,2356,590,0.4377,0.418961,0.647272,0.36214,3.1189,0.2014,0.7607,23.126,37
208,F_MED,5,CNN-LSTM,B_latidos,2356,590,0.4442,0.414151,0.643546,0.37212,3.5638,0.3664,0.7197,15.786,26
208,F_MED,5,CNN-GRU,B_latidos,2356,590,0.4362,0.420071,0.648129,0.373853,3.256,0.2107,0.7082,13.984,22
208,F_MED,10,LSTM,B_latidos,2352,589,0.4582,0.403579,0.635279,0.354557,3.0541,0.2184,0.7375,21.464,33
208,F_MED,10,GRU,B_latidos,2352,589,0.4433,0.414704,0.643975,0.358004,3.2495,0.2181,0.7818,28.428,46
208,F_MED,10,CNN-LSTM,B_latidos,2352,589,0.5012,0.371569,0.609565,0.341219,2.7409,0.2847,0.7812,28.544,48
208,F_MED,10,CNN-GRU,B_latidos,2352,589,0.5138,0.362148,0.601788,0.343122,2.645,0.2254,0.7943,23.313,39
208,F_N+PB+MED,3,LSTM,B_latidos,2358,590,0.4979,0.47192,0.686964,0.362113,3.4475,0.2138,0.7673,17.396,27
208,F_N+PB+MED,3,GRU,B_latidos,2358,590,0.4713,0.496859,0.704882,0.376573,3.381,0.255,0.7523,14.862,23
208,F_N+PB+MED,3,CNN-LSTM,B_latidos,2358,590,0.4572,0.510125,0.71423,0.364063,3.0145,0.2059,0.7573,16.036,25
208,F_N+PB+MED,3,CNN-GRU,B_latidos,2358,590,0.4923,0.477181,0.690783,0.357424,3.0672,0.2041,0.7751,15.758,25
208,F_N+PB+MED,5,LSTM,B_latidos,2356,590,0.4203,0.544876,0.738157,0.411553,4.0111,0.2074,0.7407,14.281,21
208,F_N+PB+MED,5,GRU,B_latidos,2356,590,0.4148,0.550062,0.741661,0.426348,3.9874,0.2099,0.6922,12.24,18
208,F_N+PB+MED,5,CNN-LSTM,B_latidos,2356,590,0.5037,0.466483,0.682996,0.362781,3.2492,0.2005,0.7868,17.609,28
208,F_N+PB+MED,5,CNN-GRU,B_latidos,2356,590,0.4588,0.508717,0.713244,0.392027,3.5504,0.2016,0.7536,13.388,21
208,F_N+PB+MED,10,LSTM,B_latidos,2352,589,0.4628,0.504956,0.710603,0.366563,3.4158,0.2297,0.7846,19.978,28
208,F_N+PB+MED,10,GRU,B_latidos,2352,589,0.4252,0.540272,0.735032,0.41524,3.6579,0.2474,0.7142,13.303,19
208,F_N+PB+MED,10,CNN-LSTM,B_latidos,2352,589,0.4907,0.47876,0.691925,0.352485,3.2184,0.2107,0.7858,17.957,29
208,F_N+PB+MED,10,CNN-GRU,B_latidos,2352,589,0.5453,0.427398,0.653757,0.347858,2.7758,0.2068,0.8022,16.886,26
209,F_N+MED,3,LSTM,B_latidos,2400,600,0.745,0.297433,0.545374,0.378719,4.3624,1.1616,0.8614,46.563,77
209,F_N+MED,3,GRU,B_latidos,2400,600,0.7535,0.287526,0.536215,0.370728,4.3814,0.4089,0.8813,43.334,73
209,F_N+MED,3,CNN-LSTM,B_latidos,2400,600,0.7303,0.314671,0.560955,0.387386,4.7902,0.4102,0.8941,43.488,76
209,F_N+MED,3,CNN-GRU,B_latidos,2400,600,0.7361,0.307886,0.554875,0.384307,4.8251,0.3967,0.8903,51.544,87
209,F_N+MED,5,LSTM,B_latidos,2398,600,0.7511,0.290274,0.53877,0.373059,4.3351,0.2124,0.8636,35.557,55
209,F_N+MED,5,GRU,B_latidos,2398,600,0.7524,0.288685,0.537294,0.379203,4.1524,0.2005,0.8348,22.709,35
209,F_N+MED,5,CNN-LSTM,B_latidos,2398,600,0.7151,0.332209,0.576376,0.405433,5.1731,0.2614,0.8817,27.641,46
209,F_N+MED,5,CNN-GRU,B_latidos,2398,600,0.7123,0.335507,0.57923,0.404363,4.2761,0.1967,0.8785,25.785,44
209,F_N+MED,10,LSTM,B_latidos,2394,599,0.7449,0.297543,0.545475,0.380023,4.0787,0.2321,0.8541,29.632,46
209,F_N+MED,10,GRU,B_latidos,2394,599,0.7527,0.288539,0.537158,0.371466,3.9374,0.1998,0.8809,33.265,51
209,F_N+MED,10,CNN-LSTM,B_latidos,2394,599,0.738,0.305601,0.552812,0.392237,4.8486,0.2647,0.8651,24.222,39
209,F_N+MED,10,CNN-GRU,B_latidos,2394,599,0.7346,0.309648,0.556461,0.390818,4.5318,0.2225,0.876,23.377,39
209,F_MED,3,LSTM,B_latidos,2400,600,0.749,0.292914,0.541215,0.374449,4.3308,0.5455,0.866,39.731,68
209,F_MED,3,GRU,B_latidos,2400,600,0.7481,0.294029,0.542244,0.37604,4.3545,0.5494,0.8755,36.341,64
209,F_MED,3,CNN-LSTM,B_latidos,2400,600,0.7339,0.310559,0.557278,0.385728,4.2497,0.3755,0.8706,29.861,50
209,F_MED,3,CNN-GRU,B_latidos,2400,600,0.7434,0.299452,0.547222,0.379078,4.6713,0.3776,0.8903,38.832,68
209,F_MED,5,LSTM,B_latidos,2398,600,0.7409,0.30226,0.549782,0.383235,4.194,0.3225,0.8598,32.353,52
209,F_MED,5,GRU,B_latidos,2398,600,0.7472,0.294887,0.543035,0.378158,4.5274,0.2152,0.8823,32.898,54
209,F_MED,5,CNN-LSTM,B_latidos,2398,600,0.7318,0.312902,0.559376,0.394105,4.7547,0.2775,0.8758,28.045,46
209,F_MED,5,CNN-GRU,B_latidos,2398,600,0.7322,0.312387,0.558916,0.395965,4.3816,0.2067,0.8692,23.519,39
209,F_MED,10,LSTM,B_latidos,2394,599,0.757,0.283555,0.532499,0.370727,3.8192,0.2026,0.8489,30.404,47
209,F_MED,10,GRU,B_latidos,2394,599,0.7393,0.304286,0.551621,0.380116,4.0385,0.2272,0.8841,33.68,53
209,F_MED,10,CNN-LSTM,B_latidos,2394,599,0.7367,0.307272,0.554321,0.382127,4.3684,0.2018,0.8961,33.284,54
209,F_MED,10,CNN-GRU,B_latidos,2394,599,0.7207,0.325894,0.570872,0.400914,4.7702,0.2053,0.8616,22.65,36
209,F_N+PB+MED,3,LSTM,B_latidos,2400,600,0.8318,0.180149,0.42444,0.287698,2.7195,0.4641,0.8434,26.696,41
209,F_N+PB+MED,3,GRU,B_latidos,2400,600,0.831,0.181067,0.42552,0.287542,2.6407,0.4239,0.8767,31.445,54
209,F_N+PB+MED,3,CNN-LSTM,B_latidos,2400,600,0.8349,0.176836,0.420519,0.281358,2.5683,0.5938,0.8636,23.532,41
209,F_N+PB+MED,3,CNN-GRU,B_latidos,2400,600,0.8305,0.181625,0.426175,0.287276,2.6374,0.5086,0.8676,21.576,36
209,F_N+PB+MED,5,LSTM,B_latidos,2398,600,0.8344,0.177379,0.421164,0.285313,2.6896,0.2028,0.8631,32.813,53
209,F_N+PB+MED,5,GRU,B_latidos,2398,600,0.8311,0.180944,0.425375,0.290394,2.6809,0.1889,0.8763,30.181,50
209,F_N+PB+MED,5,CNN-LSTM,B_latidos,2398,600,0.8273,0.185051,0.430176,0.290691,2.6124,0.1969,0.889,33.085,54
209,F_N+PB+MED,5,CNN-GRU,B_latidos,2398,600,0.8307,0.181321,0.425818,0.289462,2.4685,0.2029,0.8738,24.311,39
209,F_N+PB+MED,10,LSTM,B_latidos,2394,599,0.8387,0.172788,0.415678,0.281071,2.9333,0.2252,0.8592,37.104,55
209,F_N+PB+MED,10,GRU,B_latidos,2394,599,0.833,0.178885,0.422948,0.287974,2.8391,0.2078,0.8651,38.396,63
209,F_N+PB+MED,10,CNN-LSTM,B_latidos,2394,599,0.833,0.178864,0.422923,0.283307,2.9223,0.2103,0.8849,32.752,58
209,F_N+PB+MED,10,CNN-GRU,B_latidos,2394,599,0.8329,0.17898,0.423061,0.287835,2.9279,0.2156,0.8875,25.88,43
210,F_N+MED,3,LSTM,B_latidos,2116,529,0.3143,0.473937,0.688431,0.435354,5.8898,0.2156,0.6539,21.133,38
210,F_N+MED,3,GRU,B_latidos,2116,529,0.3428,0.454212,0.673952,0.433312,5.3036,0.2189,0.6477,18.059,33
210,F_N+MED,3,CNN-LSTM,B_latidos,2116,529,0.3964,0.41722,0.645925,0.412344,4.927,0.3598,0.5958,17.745,31
210,F_N+MED,3,CNN-GRU,B_latidos,2116,529,0.3072,0.478864,0.692,0.436365,5.4315,0.2139,0.7517,27.319,53
210,F_N+MED,5,LSTM,B_latidos,2114,529,0.3968,0.416816,0.645613,0.415644,5.4162,0.3482,0.6729,20.48,36
210,F_N+MED,5,GRU,B_latidos,2114,529,0.3114,0.475856,0.689823,0.429816,5.4507,0.2105,0.7494,32.542,62
210,F_N+MED,5,CNN-LSTM,B_latidos,2114,529,0.3592,0.442867,0.665482,0.439122,5.6783,0.3105,0.6483,18.955,34
210,F_N+MED,5,CNN-GRU,B_latidos,2114,529,0.2929,0.488663,0.699044,0.451797,6.2025,0.295,0.7551,24.15,48
210,F_N+MED,10,LSTM,B_latidos,2110,528,0.3829,0.426566,0.65312,0.416511,5.5025,0.2465,0.6866,21.925,37
210,F_N+MED,10,GRU,B_latidos,2110,528,0.3879,0.423119,0.650476,0.41808,5.4105,0.2225,0.6308,17.305,28
210,F_N+MED,10,CNN-LSTM,B_latidos,2110,528,0.3811,0.427821,0.654081,0.415345,5.4025,0.4311,0.709,24.167,43
210,F_N+MED,10,CNN-GRU,B_latidos,2110,528,0.3768,0.430803,0.656356,0.415441,5.5195,0.2214,0.6879,21.38,38
210,F_MED,3,LSTM,B_latidos,2116,529,0.3096,0.477862,0.691276,0.434496,6.1396,0.2256,0.6858,25.1,43
210,F_MED,3,GRU,B_latidos,2116,529,0.2608,0.511615,0.715273,0.437504,5.8348,0.2104,0.7557,43.21,84
210,F_MED,3,CNN-LSTM,B_latidos,2116,529,0.3287,0.46466,0.68166,0.429649,5.3328,0.217,0.7266,27.941,53
210,F_MED,3,CNN-GRU,B_latidos,2116,529,0.37,0.436068,0.660354,0.426172,5.3271,0.2034,0.6261,18.893,36
210,F_MED,5,LSTM,B_latidos,2114,529,0.3706,0.435581,0.659986,0.42354,5.8112,0.2125,0.6644,21.194,36
210,F_MED,5,GRU,B_latidos,2114,529,0.3168,0.472799,0.687604,0.437322,5.3341,0.2492,0.7488,31.782,55
210,F_MED,5,CNN-LSTM,B_latidos,2114,529,0.3488,0.4507,0.671342,0.438891,5.7222,0.2061,0.6833,23.02,40
210,F_MED,5,CNN-GRU,B_latidos,2114,529,0.3301,0.463587,0.680872,0.442651,5.734,0.2135,0.6902,18.565,35
210,F_MED,10,LSTM,B_latidos,2110,528,0.3864,0.424795,0.651763,0.414469,5.3613,0.2263,0.6577,21.075,32
210,F_MED,10,GRU,B_latidos,2110,528,0.3668,0.438314,0.662053,0.427705,5.4595,0.244,0.7361,27.596,48
210,F_MED,10,CNN-LSTM,B_latidos,2110,528,0.3378,0.458417,0.677065,0.433603,5.2961,0.2311,0.7676,31.602,60
210,F_MED,10,CNN-GRU,B_latidos,2110,528,0.3833,0.426919,0.65339,0.422372,5.2707,0.2438,0.6882,20.189,37
210,F_N+PB+MED,3,LSTM,B_latidos,2116,529,0.3891,0.646515,0.804061,0.455944,4.7994,0.2111,0.6606,25.5,44
210,F_N+PB+MED,3,GRU,B_latidos,2116,529,0.4025,0.632402,0.795237,0.45936,4.8843,0.202,0.6525,21.057,37
210,F_N+PB+MED,3,CNN-LSTM,B_latidos,2116,529,0.4115,0.622843,0.789204,0.471472,5.5316,0.2384,0.5042,12.685,21
210,F_N+PB+MED,3,CNN-GRU,B_latidos,2116,529,0.3922,0.643279,0.802047,0.46941,5.4055,0.2867,0.5504,13.457,23
210,F_N+PB+MED,5,LSTM,B_latidos,2114,529,0.3953,0.640238,0.800149,0.463195,5.2799,0.2179,0.6369,19.279,35
210,F_N+PB+MED,5,GRU,B_latidos,2114,529,0.3964,0.639081,0.799425,0.4635,5.1529,0.227,0.6003,15.221,27
210,F_N+PB+MED,5,CNN-LSTM,B_latidos,2114,529,0.4056,0.629374,0.793331,0.460485,5.1734,0.2809,0.5485,14.289,25
210,F_N+PB+MED,5,CNN-GRU,B_latidos,2114,529,0.3904,0.645483,0.80342,0.467375,5.3528,0.209,0.5807,14.779,27
210,F_N+PB+MED,10,LSTM,B_latidos,2110,528,0.4119,0.623199,0.78943,0.45541,5.2863,0.234,0.5873,19.376,30
210,F_N+PB+MED,10,GRU,B_latidos,2110,528,0.3956,0.640432,0.80027,0.475004,5.2798,0.2108,0.5755,14.833,25
210,F_N+PB+MED,10,CNN-LSTM,B_latidos,2110,528,0.3871,0.649517,0.805926,0.459309,5.0425,0.2296,0.5417,13.923,24
210,F_N+PB+MED,10,CNN-GRU,B_latidos,2110,528,0.3991,0.636781,0.797985,0.468077,5.0679,0.2385,0.576,13.774,24
212,F_N+MED,3,LSTM,B_latidos,2194,549,0.7963,0.207653,0.455689,0.267568,3.1076,0.2072,0.909,44.607,80
212,F_N+MED,3,GRU,B_latidos,2194,549,0.7897,0.21446,0.463098,0.272976,3.1295,0.1982,0.9114,37.285,72
212,F_N+MED,3,CNN-LSTM,B_latidos,2194,549,0.7849,0.219306,0.468301,0.283224,3.1764,0.277,0.9143,34.317,63
212,F_N+MED,3,CNN-GRU,B_latidos,2194,549,0.7852,0.219035,0.468012,0.292386,3.5513,0.203,0.8894,23.251,42
212,F_N+MED,5,LSTM,B_latidos,2192,549,0.7907,0.21343,0.461984,0.278358,3.4229,0.3261,0.9007,32.599,57
212,F_N+MED,5,GRU,B_latidos,2192,549,0.7852,0.218984,0.467958,0.285703,3.3093,0.2131,0.9024,25.408,44
212,F_N+MED,5,CNN-LSTM,B_latidos,2192,549,0.7834,0.220857,0.469954,0.288141,3.3665,0.2149,0.9179,28.748,52
212,F_N+MED,5,CNN-GRU,B_latidos,2192,549,0.7577,0.246995,0.496986,0.30585,3.5548,0.2191,0.8932,20.785,37
212,F_N+MED,10,LSTM,B_latidos,2188,548,0.7936,0.210536,0.458842,0.272109,3.6306,0.2193,0.8952,28.06,46
212,F_N+MED,10,GRU,B_latidos,2188,548,0.7683,0.236391,0.4862,0.294113,3.7049,0.211,0.9023,25.661,42
212,F_N+MED,10,CNN-LSTM,B_latidos,2188,548,0.794,0.210193,0.458468,0.276298,3.5199,0.2223,0.9116,25.469,45
212,F_N+MED,10,CNN-GRU,B_latidos,2188,548,0.7674,0.237291,0.487126,0.289918,3.3683,0.2374,0.9171,28.831,52
212,F_MED,3,LSTM,B_latidos,2194,549,0.7962,0.207695,0.455736,0.265273,3.1307,0.2274,0.9042,42.859,77
212,F_MED,3,GRU,B_latidos,2194,549,0.7876,0.216472,0.465265,0.272122,3.0791,0.2214,0.9129,47.293,88
212,F_MED,3,CNN-LSTM,B_latidos,2194,549,0.7836,0.220505,0.469579,0.282644,3.4305,0.2956,0.9236,36.812,70
212,F_MED,3,CNN-GRU,B_latidos,2194,549,0.7916,0.212326,0.460788,0.276961,3.1217,0.2043,0.9201,36.452,65
212,F_MED,5,LSTM,B_latidos,2192,549,0.7911,0.212818,0.461322,0.278282,3.3132,0.222,0.9043,37.468,62
212,F_MED,5,GRU,B_latidos,2192,549,0.7904,0.213609,0.462179,0.281091,3.1837,0.209,0.9173,31.981,57
212,F_MED,5,CNN-LSTM,B_latidos,2192,549,0.7808,0.223339,0.472588,0.290873,3.1486,0.2039,0.9006,22.901,39
212,F_MED,5,CNN-GRU,B_latidos,2192,549,0.7629,0.241549,0.491477,0.297517,3.2651,0.218,0.9257,31.673,58
212,F_MED,10,LSTM,B_latidos,2188,548,0.7841,0.220166,0.469219,0.283703,3.8709,0.2281,0.9089,37.585,61
212,F_MED,10,GRU,B_latidos,2188,548,0.7724,0.232081,0.481748,0.287606,3.6067,0.2624,0.9201,37.961,67
212,F_MED,10,CNN-LSTM,B_latidos,2188,548,0.7917,0.212443,0.460915,0.284152,3.4361,0.3927,0.9184,30.549,55
212,F_MED,10,CNN-GRU,B_latidos,2188,548,0.7917,0.212438,0.46091,0.274136,3.2731,0.2288,0.9152,25.34,45
212,F_N+PB+MED,3,LSTM,B_latidos,2194,549,0.9009,0.072155,0.268616,0.168932,1.6907,0.2293,0.9448,42.296,74
212,F_N+PB+MED,3,GRU,B_latidos,2194,549,0.9025,0.071006,0.26647,0.168409,1.6911,0.2039,0.9497,47.4,89
212,F_N+PB+MED,3,CNN-LSTM,B_latidos,2194,549,0.8999,0.072921,0.270038,0.171468,1.6806,0.246,0.9472,33.333,63
212,F_N+PB+MED,3,CNN-GRU,B_latidos,2194,549,0.8975,0.074628,0.273182,0.173192,1.6144,0.2042,0.9506,36.377,66
212,F_N+PB+MED,5,LSTM,B_latidos,2192,549,0.9044,0.069629,0.263873,0.168355,1.7339,0.2227,0.9503,44.691,78
212,F_N+PB+MED,5,GRU,B_latidos,2192,549,0.9049,0.069317,0.263281,0.166002,1.646,0.2278,0.9526,44.636,80
212,F_N+PB+MED,5,CNN-LSTM,B_latidos,2192,549,0.899,0.073562,0.271223,0.172915,1.6746,0.2173,0.9565,43.341,79
212,F_N+PB+MED,5,CNN-GRU,B_latidos,2192,549,0.9004,0.072584,0.269413,0.172195,1.6656,0.2109,0.952,28.312,50
212,F_N+PB+MED,10,LSTM,B_latidos,2188,548,0.9031,0.070559,0.265629,0.168757,1.8288,0.2377,0.9532,53.801,87
212,F_N+PB+MED,10,GRU,B_latidos,2188,548,0.903,0.070677,0.265852,0.169765,1.841,0.2312,0.9511,31.786,54
212,F_N+PB+MED,10,CNN-LSTM,B_latidos,2188,548,0.9023,0.071186,0.266807,0.171485,1.7682,0.2212,0.9579,37.235,67
212,F_N+PB+MED,10,CNN-GRU,B_latidos,2188,548,0.8985,0.073883,0.271815,0.173985,1.7055,0.2393,0.9593,37.408,65
213,F_N+MED,3,LSTM,B_latidos,2596,650,0.6664,0.36718,0.605954,0.327853,5.3039,0.2144,0.8124,35.061,53
213,F_N+MED,3,GRU,B_latidos,2596,650,0.6593,0.375,0.612372,0.340087,5.3021,0.2655,0.8173,28.939,47
213,F_N+MED,3,CNN-LSTM,B_latidos,2596,650,0.6427,0.393291,0.627129,0.344611,5.408,0.204,0.8023,26.275,42
213,F_N+MED,3,CNN-GRU,B_latidos,2596,650,0.6459,0.389797,0.624337,0.343639,5.3673,0.1901,0.8101,26.545,42
213,F_N+MED,5,LSTM,B_latidos,2595,649,0.6248,0.413301,0.642885,0.346317,5.0217,0.2039,0.8521,37.78,59
213,F_N+MED,5,GRU,B_latidos,2595,649,0.6331,0.404153,0.63573,0.350576,5.0883,0.2018,0.8714,32.23,51
213,F_N+MED,5,CNN-LSTM,B_latidos,2595,649,0.6144,0.424756,0.651733,0.354716,5.1214,0.3268,0.8906,34.135,58
213,F_N+MED,5,CNN-GRU,B_latidos,2595,649,0.6232,0.415047,0.644241,0.357558,4.9729,0.1866,0.8682,29.338,49
213,F_N+MED,10,LSTM,B_latidos,2591,648,0.6535,0.381946,0.618018,0.353643,4.1943,0.1972,0.779,18.549,27
213,F_N+MED,10,GRU,B_latidos,2591,648,0.6379,0.399137,0.631773,0.35293,3.9474,0.1941,0.8643,26.257,40
213,F_N+MED,10,CNN-LSTM,B_latidos,2591,648,0.6307,0.407066,0.638017,0.348146,4.4185,0.2053,0.8535,28.986,45
213,F_N+MED,10,CNN-GRU,B_latidos,2591,648,0.6663,0.367839,0.606498,0.343125,4.0281,0.1969,0.7822,18.625,27
213,F_MED,3,LSTM,B_latidos,2596,650,0.6702,0.363038,0.602526,0.331307,5.2437,0.1994,0.8098,33.191,51
213,F_MED,3,GRU,B_latidos,2596,650,0.6504,0.384836,0.620351,0.344109,5.2933,0.1796,0.8345,36.009,59
213,F_MED,3,CNN-LSTM,B_latidos,2596,650,0.6379,0.398582,0.631333,0.337076,5.398,0.1976,0.8236,33.06,54
213,F_MED,3,CNN-GRU,B_latidos,2596,650,0.6395,0.396894,0.629995,0.3401,5.1037,0.178,0.8379,31.753,52
213,F_MED,5,LSTM,B_latidos,2595,649,0.634,0.403173,0.634959,0.340681,4.872,0.1965,0.8694,39.488,60
213,F_MED,5,GRU,B_latidos,2595,649,0.6394,0.397251,0.630279,0.350508,5.0275,0.1963,0.8618,30.716,47
213,F_MED,5,CNN-LSTM,B_latidos,2595,649,0.63,0.407636,0.638464,0.350792,4.9741,0.3283,0.8457,28.212,44
213,F_MED,5,CNN-GRU,B_latidos,2595,649,0.6185,0.420325,0.648325,0.364225,5.3081,0.2691,0.8768,31.184,52
213,F_MED,10,LSTM,B_latidos,2591,648,0.66,0.374801,0.61221,0.331873,3.9574,0.1948,0.8249,27.558,40
213,F_MED,10,GRU,B_latidos,2591,648,0.6589,0.37597,0.613164,0.350283,4.4276,0.2158,0.7719,16.441,25
213,F_MED,10,CNN-LSTM,B_latidos,2591,648,0.623,0.415538,0.644622,0.339491,4.4055,0.1972,0.877,30.705,50
213,F_MED,10,CNN-GRU,B_latidos,2591,648,0.6466,0.389554,0.624142,0.360685,4.1168,0.1917,0.794,17.929,28
213,F_N+PB+MED,3,LSTM,B_latidos,2596,650,0.6131,0.375679,0.612927,0.315479,4.2073,0.1885,0.8082,38.832,61
213,F_N+PB+MED,3,GRU,B_latidos,2596,650,0.5831,0.404882,0.636303,0.318305,4.3191,0.2785,0.8501,38.99,65
213,F_N+PB+MED,3,CNN-LSTM,B_latidos,2596,650,0.586,0.402057,0.634079,0.317737,3.8345,0.3189,0.7923,29.64,48
213,F_N+PB+MED,3,CNN-GRU,B_latidos,2596,650,0.5718,0.415798,0.644824,0.313865,3.7374,0.1801,0.8469,41.453,70
213,F_N+PB+MED,5,LSTM,B_latidos,2595,649,0.6073,0.381548,0.617695,0.308141,3.7625,0.1893,0.8034,27.749,42
213,F_N+PB+MED,5,GRU,B_latidos,2595,649,0.5543,0.433053,0.658068,0.322453,4.1599,0.3266,0.8203,26.28,42
213,F_N+PB+MED,5,CNN-LSTM,B_latidos,2595,649,0.6032,0.385537,0.620916,0.309081,3.976,0.1864,0.7725,20.216,29
213,F_N+PB+MED,5,CNN-GRU,B_latidos,2595,649,0.5988,0.389853,0.624382,0.3022,3.7361,0.2682,0.8467,27.9,45
213,F_N+PB+MED,10,LSTM,B_latidos,2591,648,0.5941,0.39446,0.62806,0.323971,3.6725,0.2041,0.8113,29.121,43
213,F_N+PB+MED,10,GRU,B_latidos,2591,648,0.592,0.396451,0.629643,0.329104,3.3853,0.2654,0.7859,20.011,30
213,F_N+PB+MED,10,CNN-LSTM,B_latidos,2591,648,0.5673,0.420485,0.648448,0.314065,3.3517,0.2055,0.8584,33.443,54
213,F_N+PB+MED,10,CNN-GRU,B_latidos,2591,648,0.6006,0.388105,0.62298,0.322759,3.486,0.2092,0.7667,19.221,29
214,F_N+MED,3,LSTM,B_latidos,1804,451,0.6568,0.304898,0.552176,0.301466,3.3903,0.2325,0.6889,19.615,39
214,F_N+MED,3,GRU,B_latidos,1804,451,0.645,0.315376,0.561583,0.312271,3.5926,0.3303,0.678,16.853,33
214,F_N+MED,3,CNN-LSTM,B_latidos,1804,451,0.6418,0.318215,0.564105,0.313453,3.7215,0.2394,0.6383,13.596,26
214,F_N+MED,3,CNN-GRU,B_latidos,1804,451,0.6417,0.318243,0.56413,0.311824,3.6949,0.2542,0.6532,12.822,26
214,F_N+MED,5,LSTM,B_latidos,1802,451,0.6514,0.309586,0.556405,0.30554,3.2788,0.2411,0.6942,20.139,39
214,F_N+MED,5,GRU,B_latidos,1802,451,0.641,0.318772,0.564599,0.310643,3.6042,0.2328,0.7114,17.542,38
214,F_N+MED,5,CNN-LSTM,B_latidos,1802,451,0.6246,0.333378,0.577389,0.332709,3.8087,0.2438,0.6306,13.042,24
214,F_N+MED,5,CNN-GRU,B_latidos,1802,451,0.6096,0.346637,0.588759,0.340182,3.6556,0.25,0.6949,15.203,31
214,F_N+MED,10,LSTM,B_latidos,1798,450,0.6534,0.307968,0.554949,0.297339,2.8476,0.3525,0.6598,16.615,32
214,F_N+MED,10,GRU,B_latidos,1798,450,0.6195,0.338126,0.581486,0.305509,2.874,0.2828,0.7225,19.107,36
214,F_N+MED,10,CNN-LSTM,B_latidos,1798,450,0.6536,0.307783,0.554782,0.306267,3.2364,0.4591,0.6779,15.848,31
214,F_N+MED,10,CNN-GRU,B_latidos,1798,450,0.6477,0.313033,0.559494,0.302543,2.6374,0.343,0.7221,16.492,34
214,F_MED,3,LSTM,B_latidos,1804,451,0.6552,0.306066,0.553232,0.307823,3.5925,0.231,0.6797,18.263,36
214,F_MED,3,GRU,B_latidos,1804,451,0.6418,0.318039,0.563949,0.307354,3.2281,0.2554,0.7075,17.68,38
214,F_MED,3,CNN-LSTM,B_latidos,1804,451,0.6511,0.309705,0.556511,0.313351,3.4931,0.2475,0.673,16.42,35
214,F_MED,3,CNN-GRU,B_latidos,1804,451,0.6388,0.320633,0.566244,0.317877,3.7413,0.2589,0.6533,13.112,27
214,F_MED,5,LSTM,B_latidos,1802,451,0.6488,0.311695,0.558297,0.3061,3.4622,0.2671,0.6789,21.287,40
214,F_MED,5,GRU,B_latidos,1802,451,0.6191,0.33803,0.581403,0.313025,3.8862,0.238,0.7478,22.79,51
214,F_MED,5,CNN-LSTM,B_latidos,1802,451,0.6217,0.335694,0.579391,0.329135,3.6029,0.2319,0.6395,12.928,25
214,F_MED,5,CNN-GRU,B_latidos,1802,451,0.6063,0.349363,0.591069,0.34322,3.6376,0.2313,0.6811,13.876,29
214,F_MED,10,LSTM,B_latidos,1798,450,0.6525,0.308587,0.555506,0.296513,2.7275,0.2792,0.6636,18.495,34
214,F_MED,10,GRU,B_latidos,1798,450,0.6366,0.322675,0.568045,0.305497,2.63,0.2403,0.6482,13.322,25
214,F_MED,10,CNN-LSTM,B_latidos,1798,450,0.6498,0.310945,0.557624,0.301866,2.9479,0.2458,0.6903,18.048,35
214,F_MED,10,CNN-GRU,B_latidos,1798,450,0.6461,0.314269,0.560597,0.307801,2.7316,0.4655,0.6864,14.63,29
214,F_N+PB+MED,3,LSTM,B_latidos,1804,451,0.6925,0.288601,0.537216,0.297862,3.148,0.2339,0.6953,19.986,42
214,F_N+PB+MED,3,GRU,B_latidos,1804,451,0.6951,0.286189,0.534967,0.296304,2.934,0.2245,0.6906,15.46,32
214,F_N+PB+MED,3,CNN-LSTM,B_latidos,1804,451,0.6897,0.291232,0.539659,0.298919,3.2234,0.2507,0.7026,22.123,45
214,F_N+PB+MED,3,CNN-GRU,B_latidos,1804,451,0.6905,0.290462,0.538945,0.301587,2.9832,0.2365,0.661,14.059,27
214,F_N+PB+MED,5,LSTM,B_latidos,1802,451,0.6771,0.30302,0.550472,0.30971,3.7391,0.267,0.7278,25.738,53
214,F_N+PB+MED,5,GRU,B_latidos,1802,451,0.696,0.285217,0.534057,0.301104,3.223,0.3254,0.7361,19.043,40
214,F_N+PB+MED,5,CNN-LSTM,B_latidos,1802,451,0.6967,0.284607,0.533486,0.288159,3.3242,0.2243,0.7382,21.996,44
214,F_N+PB+MED,5,CNN-GRU,B_latidos,1802,451,0.6736,0.306269,0.553416,0.319615,3.2014,0.2397,0.6669,14.213,28
214,F_N+PB+MED,10,LSTM,B_latidos,1798,450,0.6855,0.295223,0.543344,0.283166,2.3986,0.2526,0.7007,23.953,47
214,F_N+PB+MED,10,GRU,B_latidos,1798,450,0.688,0.292924,0.541225,0.294457,2.5669,0.2731,0.7217,18.917,37
214,F_N+PB+MED,10,CNN-LSTM,B_latidos,1798,450,0.6967,0.284781,0.533649,0.28458,2.3078,0.2419,0.6946,16.802,36
214,F_N+PB+MED,10,CNN-GRU,B_latidos,1798,450,0.707,0.275062,0.524464,0.287219,2.2939,0.2403,0.7168,15.885,34
215,F_N+MED,3,LSTM,B_latidos,2686,672,0.7896,0.230904,0.480525,0.226343,2.4059,0.1744,0.8096,26.465,39
215,F_N+MED,3,GRU,B_latidos,2686,672,0.7976,0.222036,0.471207,0.214635,2.1504,0.1608,0.8678,38.565,60
215,F_N+MED,3,CNN-LSTM,B_latidos,2686,672,0.7943,0.225683,0.475061,0.212224,2.2182,0.1699,0.8772,53.537,86
215,F_N+MED,3,CNN-GRU,B_latidos,2686,672,0.793,0.227136,0.476588,0.220473,2.2057,0.1829,0.8838,47.125,74
215,F_N+MED,5,LSTM,B_latidos,2684,672,0.7827,0.238354,0.488215,0.227867,2.4699,0.2556,0.8106,25.743,37
215,F_N+MED,5,GRU,B_latidos,2684,672,0.7897,0.230746,0.48036,0.227348,2.189,0.1776,0.8501,25.906,40
215,F_N+MED,5,CNN-LSTM,B_latidos,2684,672,0.7843,0.236622,0.486438,0.221323,2.362,0.1831,0.8705,37.159,58
215,F_N+MED,5,CNN-GRU,B_latidos,2684,672,0.7854,0.235417,0.485198,0.224443,2.284,0.1842,0.8252,19.237,31
215,F_N+MED,10,LSTM,B_latidos,2680,671,0.7872,0.233584,0.483305,0.216045,2.0982,0.1926,0.8066,26.819,36
215,F_N+MED,10,GRU,B_latidos,2680,671,0.7787,0.242853,0.492801,0.227412,1.9773,0.2033,0.7855,17.286,25
215,F_N+MED,10,CNN-LSTM,B_latidos,2680,671,0.78,0.241409,0.491334,0.225927,2.1962,0.1926,0.8052,19.237,30
215,F_N+MED,10,CNN-GRU,B_latidos,2680,671,0.7867,0.234064,0.483802,0.224639,1.9624,0.1873,0.8894,40.135,65
215,F_MED,3,LSTM,B_latidos,2686,672,0.7907,0.229606,0.479173,0.216285,2.318,0.2024,0.8276,32.307,49
215,F_MED,3,GRU,B_latidos,2686,672,0.8021,0.217066,0.465903,0.211047,2.1467,0.1648,0.8519,31.851,48
215,F_MED,3,CNN-LSTM,B_latidos,2686,672,0.7887,0.231763,0.481418,0.216436,2.2596,0.1744,0.8671,45.163,70
215,F_MED,3,CNN-GRU,B_latidos,2686,672,0.795,0.224818,0.47415,0.215341,2.1584,0.1705,0.8644,41.519,68
215,F_MED,5,LSTM,B_latidos,2684,672,0.7867,0.23393,0.483664,0.217929,2.394,0.3103,0.8293,30.271,45
215,F_MED,5,GRU,B_latidos,2684,672,0.7856,0.235127,0.484899,0.227658,2.2266,0.1811,0.8305,22.688,34
215,F_MED,5,CNN-LSTM,B_latidos,2684,672,0.7803,0.240925,0.490842,0.23313,2.4249,0.1804,0.8151,23.862,34
215,F_MED,5,CNN-GRU,B_latidos,2684,672,0.7822,0.2389,0.488773,0.228687,2.2234,0.1927,0.8631,28.81,45
215,F_MED,10,LSTM,B_latidos,2680,671,0.7821,0.239042,0.48892,0.215776,2.0204,0.188,0.7968,22.416,31
215,F_MED,10,GRU,B_latidos,2680,671,0.7802,0.241175,0.491096,0.224198,1.9118,0.3231,0.7867,17.582,24
215,F_MED,10,CNN-LSTM,B_latidos,2680,671,0.7755,0.246338,0.496325,0.233354,2.1898,0.1912,0.7973,20.084,29
215,F_MED,10,CNN-GRU,B_latidos,2680,671,0.7813,0.239937,0.489834,0.232155,2.1118,0.2003,0.7977,17.864,27
215,F_N+PB+MED,3,LSTM,B_latidos,2686,672,0.7496,0.282099,0.53113,0.234215,2.2552,0.3075,0.7606,15.46,21
215,F_N+PB+MED,3,GRU,B_latidos,2686,672,0.8088,0.215417,0.464131,0.201533,1.7414,0.181,0.8397,37.222,58
215,F_N+PB+MED,3,CNN-LSTM,B_latidos,2686,672,0.7524,0.278985,0.52819,0.220786,1.8689,0.1668,0.746,13.093,19
215,F_N+PB+MED,3,CNN-GRU,B_latidos,2686,672,0.8167,0.206527,0.454452,0.189468,1.6379,0.1856,0.9057,59.963,100
215,F_N+PB+MED,5,LSTM,B_latidos,2684,672,0.7695,0.259577,0.509487,0.212964,2.025,0.244,0.8009,27.028,40
215,F_N+PB+MED,5,GRU,B_latidos,2684,672,0.8071,0.217236,0.466086,0.200809,1.8363,0.1857,0.8447,35.396,53
215,F_N+PB+MED,5,CNN-LSTM,B_latidos,2684,672,0.7602,0.27014,0.51975,0.217652,1.9446,0.2065,0.778,15.132,22
215,F_N+PB+MED,5,CNN-GRU,B_latidos,2684,672,0.8068,0.217625,0.466503,0.202639,1.8978,0.1782,0.8842,39.243,64
215,F_N+PB+MED,10,LSTM,B_latidos,2680,671,0.7552,0.275835,0.5252,0.225954,1.8704,0.1898,0.7662,20.184,26
215,F_N+PB+MED,10,GRU,B_latidos,2680,671,0.7825,0.245062,0.495037,0.21529,2.0107,0.2063,0.8276,27.024,39
215,F_N+PB+MED,10,CNN-LSTM,B_latidos,2680,671,0.7674,0.26205,0.511908,0.212944,1.6102,0.1962,0.7854,19.921,30
215,F_N+PB+MED,10,CNN-GRU,B_latidos,2680,671,0.7573,0.273443,0.522918,0.228298,1.7037,0.2018,0.7529,15.282,21
217,F_N+MED,3,LSTM,B_latidos,1762,441,0.8326,0.191734,0.437875,0.247384,2.9145,0.2443,0.7959,18.807,38
217,F_N+MED,3,GRU,B_latidos,1762,441,0.8113,0.216029,0.464789,0.247378,2.5167,0.2283,0.8177,18.852,41
217,F_N+MED,3,CNN-LSTM,B_latidos,1762,441,0.8368,0.186853,0.432265,0.252771,3.2297,0.2602,0.7798,15.848,33
217,F_N+MED,3,CNN-GRU,B_latidos,1762,441,0.8312,0.193294,0.439652,0.253203,2.9209,0.2394,0.7773,14.383,30
217,F_N+MED,5,LSTM,B_latidos,1760,441,0.835,0.189017,0.43476,0.245269,2.7237,0.5538,0.7639,15.374,30
217,F_N+MED,5,GRU,B_latidos,1760,441,0.839,0.184433,0.429457,0.258452,2.6382,0.5213,0.7609,14.668,28
217,F_N+MED,5,CNN-LSTM,B_latidos,1760,441,0.8476,0.174566,0.417811,0.24495,2.6192,1.5727,0.7841,16.976,32
217,F_N+MED,5,CNN-GRU,B_latidos,1760,441,0.8121,0.215237,0.463937,0.259388,2.9268,0.8434,0.8318,17.119,35
217,F_N+MED,10,LSTM,B_latidos,1756,440,0.8443,0.178239,0.422183,0.2481,3.2782,0.3692,0.7362,15.073,27
217,F_N+MED,10,GRU,B_latidos,1756,440,0.8537,0.167553,0.409332,0.24432,2.8907,0.471,0.7431,13.623,26
217,F_N+MED,10,CNN-LSTM,B_latidos,1756,440,0.8398,0.183393,0.428245,0.253317,3.387,0.3372,0.8034,18.364,37
217,F_N+MED,10,CNN-GRU,B_latidos,1756,440,0.8159,0.210764,0.45909,0.275105,3.299,0.3451,0.8076,16.024,32
217,F_MED,3,LSTM,B_latidos,1762,441,0.8309,0.193794,0.440221,0.240447,2.5321,0.2535,0.8181,24.996,51
217,F_MED,3,GRU,B_latidos,1762,441,0.8372,0.18656,0.431926,0.239273,2.5486,0.2256,0.8141,19.657,42
217,F_MED,3,CNN-LSTM,B_latidos,1762,441,0.8142,0.212933,0.461447,0.257585,2.9534,0.4738,0.8017,17.062,36
217,F_MED,3,CNN-GRU,B_latidos,1762,441,0.8298,0.195118,0.441721,0.263362,3.5174,0.2395,0.7585,13.371,27
217,F_MED,5,LSTM,B_latidos,1760,441,0.8305,0.194285,0.440777,0.258942,2.7891,0.5884,0.7478,14.928,29
217,F_MED,5,GRU,B_latidos,1760,441,0.8449,0.177836,0.421706,0.254095,2.7353,0.5215,0.7509,13.781,27
217,F_MED,5,CNN-LSTM,B_latidos,1760,441,0.8516,0.170148,0.41249,0.244764,2.6426,0.7137,0.799,15.996,33
217,F_MED,5,CNN-GRU,B_latidos,1760,441,0.7989,0.230493,0.480096,0.280715,2.9914,0.7149,0.8091,15.709,32
217,F_MED,10,LSTM,B_latidos,1756,440,0.8617,0.158479,0.398094,0.235877,2.9842,0.3779,0.7463,16.419,29
217,F_MED,10,GRU,B_latidos,1756,440,0.8566,0.164342,0.405391,0.247353,2.8001,0.2502,0.746,13.8,27
217,F_MED,10,CNN-LSTM,B_latidos,1756,440,0.863,0.157045,0.396289,0.228933,2.6562,0.2489,0.7613,15.004,30
217,F_MED,10,CNN-GRU,B_latidos,1756,440,0.8206,0.205606,0.453438,0.268969,3.2527,0.234,0.7875,14.197,29
217,F_N+PB+MED,3,LSTM,B_latidos,1762,441,0.8761,0.160737,0.400921,0.213416,2.1601,0.313,0.8305,21.255,42
217,F_N+PB+MED,3,GRU,B_latidos,1762,441,0.872,0.166037,0.407477,0.222341,2.2804,0.2346,0.8342,18.051,39
217,F_N+PB+MED,3,CNN-LSTM,B_latidos,1762,441,0.8634,0.177281,0.421048,0.226731,2.3257,0.2597,0.7707,13.81,27
217,F_N+PB+MED,3,CNN-GRU,B_latidos,1762,441,0.8591,0.182787,0.427536,0.23503,2.5499,0.2493,0.812,14.311,30
217,F_N+PB+MED,5,LSTM,B_latidos,1760,441,0.8758,0.161248,0.401557,0.211791,2.2052,0.9082,0.8681,36.053,77
217,F_N+PB+MED,5,GRU,B_latidos,1760,441,0.879,0.157018,0.396254,0.207659,2.1872,0.8653,0.8761,29.782,63
217,F_N+PB+MED,5,CNN-LSTM,B_latidos,1760,441,0.8764,0.16043,0.400537,0.219847,2.1629,0.4784,0.8067,15.017,30
217,F_N+PB+MED,5,CNN-GRU,B_latidos,1760,441,0.8633,0.177362,0.421143,0.223354,2.273,0.7106,0.84,16.491,32
217,F_N+PB+MED,10,LSTM,B_latidos,1756,440,0.8657,0.174302,0.417495,0.228412,2.7768,0.267,0.7768,16.357,28
217,F_N+PB+MED,10,GRU,B_latidos,1756,440,0.8626,0.178381,0.422352,0.235215,2.5175,0.2762,0.8272,17.269,33
217,F_N+PB+MED,10,CNN-LSTM,B_latidos,1756,440,0.8411,0.206319,0.454224,0.236251,2.8235,0.2503,0.8774,26.658,57
217,F_N+PB+MED,10,CNN-GRU,B_latidos,1756,440,0.8578,0.184541,0.429583,0.248414,2.7383,0.2462,0.7985,13.199,26
219,F_N+MED,3,LSTM,B_latidos,1719,430,0.7279,0.198566,0.445607,0.283034,3.4414,0.2471,0.8095,22.381,45
219,F_N+MED,3,GRU,B_latidos,1719,430,0.7267,0.199465,0.446615,0.287356,3.322,0.2323,0.8205,19.821,44
219,F_N+MED,3,CNN-LSTM,B_latidos,1719,430,0.7133,0.209183,0.457365,0.290955,3.4984,0.247,0.8246,21.789,45
219,F_N+MED,3,CNN-GRU,B_latidos,1719,430,0.714,0.208722,0.456861,0.294301,3.4344,0.2429,0.7986,15.331,32
219,F_N+MED,5,LSTM,B_latidos,1717,430,0.714,0.208628,0.456758,0.29404,3.4621,0.2476,0.8087,20.76,43
219,F_N+MED,5,GRU,B_latidos,1717,430,0.7162,0.206975,0.454945,0.292136,3.4609,0.3522,0.7822,14.474,29
219,F_N+MED,5,CNN-LSTM,B_latidos,1717,430,0.6991,0.219483,0.46849,0.299923,3.9436,0.2595,0.8011,17.719,34
219,F_N+MED,5,CNN-GRU,B_latidos,1717,430,0.6858,0.229181,0.478729,0.305209,3.7079,0.4894,0.7539,11.05,23
219,F_N+MED,10,LSTM,B_latidos,1713,429,0.7172,0.205677,0.453516,0.290771,3.3895,0.2785,0.7866,18.188,32
219,F_N+MED,10,GRU,B_latidos,1713,429,0.7119,0.209533,0.457748,0.295998,3.341,0.2535,0.7742,14.482,28
219,F_N+MED,10,CNN-LSTM,B_latidos,1713,429,0.7175,0.205471,0.453289,0.290273,3.5263,0.27,0.7994,16.154,32
219,F_N+MED,10,CNN-GRU,B_latidos,1713,429,0.7033,0.215808,0.464551,0.305732,3.3972,0.2545,0.7871,14.46,29
219,F_MED,3,LSTM,B_latidos,1719,430,0.7244,0.201105,0.448447,0.285898,3.4795,0.2632,0.8139,24.144,50
219,F_MED,3,GRU,B_latidos,1719,430,0.7268,0.199299,0.446429,0.28795,3.269,0.2423,0.7916,16.252,34
219,F_MED,3,CNN-LSTM,B_latidos,1719,430,0.7016,0.217689,0.466572,0.305225,3.5283,0.262,0.7891,16.861,36
219,F_MED,3,CNN-GRU,B_latidos,1719,430,0.7144,0.208374,0.45648,0.295388,3.4038,0.2413,0.7989,15.379,33
219,F_MED,5,LSTM,B_latidos,1717,430,0.7128,0.209436,0.457642,0.29185,3.5602,0.3318,0.7859,17.252,33
219,F_MED,5,GRU,B_latidos,1717,430,0.7165,0.206746,0.454694,0.288422,3.3784,0.4957,0.7762,12.578,26
219,F_MED,5,CNN-LSTM,B_latidos,1717,430,0.6696,0.240958,0.490875,0.310894,3.9018,0.2421,0.7307,10.985,22
219,F_MED,5,CNN-GRU,B_latidos,1717,430,0.6804,0.233076,0.48278,0.308583,3.7067,0.2568,0.7514,12.432,24
219,F_MED,10,LSTM,B_latidos,1713,429,0.7018,0.216807,0.465626,0.30515,3.7767,0.2731,0.8013,21.964,42
219,F_MED,10,GRU,B_latidos,1713,429,0.7099,0.210936,0.459278,0.301756,3.4342,0.2555,0.8136,18.689,39
219,F_MED,10,CNN-LSTM,B_latidos,1713,429,0.7102,0.210698,0.459018,0.299203,3.403,0.2596,0.804,17.155,34
219,F_MED,10,CNN-GRU,B_latidos,1713,429,0.6995,0.21851,0.467451,0.303651,3.4951,0.2673,0.7679,13.152,27
219,F_N+PB+MED,3,LSTM,B_latidos,1719,430,0.5759,0.44912,0.670164,0.407835,5.7386,0.382,0.59,14.663,29
219,F_N+PB+MED,3,GRU,B_latidos,1719,430,0.561,0.464909,0.681842,0.413894,5.3747,0.2542,0.5559,10.977,22
219,F_N+PB+MED,3,CNN-LSTM,B_latidos,1719,430,0.5551,0.471168,0.686416,0.414045,5.7943,0.2442,0.579,12.543,25
219,F_N+PB+MED,3,CNN-GRU,B_latidos,1719,430,0.5511,0.475345,0.689453,0.411058,5.6215,0.271,0.5845,12.701,25
219,F_N+PB+MED,5,LSTM,B_latidos,1717,430,0.5529,0.474065,0.688524,0.41301,5.6281,0.2458,0.5692,14.086,27
219,F_N+PB+MED,5,GRU,B_latidos,1717,430,0.55,0.477131,0.690746,0.418088,5.2993,0.2385,0.545,11.896,22
219,F_N+PB+MED,5,CNN-LSTM,B_latidos,1717,430,0.5457,0.481644,0.694006,0.421597,5.077,0.2463,0.5297,10.981,20
219,F_N+PB+MED,5,CNN-GRU,B_latidos,1717,430,0.5411,0.486607,0.697572,0.427248,4.8419,0.2392,0.5267,10.545,20
219,F_N+PB+MED,10,LSTM,B_latidos,1713,429,0.5449,0.483577,0.695397,0.411382,5.8713,0.2584,0.571,14.443,27
219,F_N+PB+MED,10,GRU,B_latidos,1713,429,0.5385,0.49039,0.700279,0.421403,5.3925,0.2426,0.5753,13.124,26
219,F_N+PB+MED,10,CNN-LSTM,B_latidos,1713,429,0.5508,0.477335,0.690894,0.411285,5.554,0.2536,0.5578,12.049,22
219,F_N+PB+MED,10,CNN-GRU,B_latidos,1713,429,0.5597,0.467847,0.683993,0.408218,4.9491,0.2424,0.6399,14.518,30
220,F_N+MED,3,LSTM,B_latidos,1634,409,0.8266,0.280779,0.529886,0.365535,5.3516,0.2682,0.8589,25.165,55
220,F_N+MED,3,GRU,B_latidos,1634,409,0.8267,0.280605,0.529722,0.361347,5.5171,0.2267,0.8608,18.069,41
220,F_N+MED,3,CNN-LSTM,B_latidos,1634,409,0.8101,0.307382,0.55442,0.385063,5.9356,0.2381,0.8439,14.893,30
220,F_N+MED,3,CNN-GRU,B_latidos,1634,409,0.8282,0.278096,0.527348,0.355696,4.9644,0.2472,0.8722,16.371,38
220,F_N+MED,5,LSTM,B_latidos,1632,409,0.8112,0.30614,0.5533,0.394155,5.931,0.674,0.8394,16.351,34
220,F_N+MED,5,GRU,B_latidos,1632,409,0.836,0.265993,0.515745,0.359246,5.125,0.5488,0.8552,16.686,35
220,F_N+MED,5,CNN-LSTM,B_latidos,1632,409,0.848,0.246542,0.49653,0.340955,4.5272,0.4927,0.8865,22.732,52
220,F_N+MED,5,CNN-GRU,B_latidos,1632,409,0.8492,0.244437,0.494406,0.339039,4.2489,0.4959,0.8894,23.402,55
220,F_N+MED,10,LSTM,B_latidos,1628,408,0.8232,0.289583,0.538129,0.366104,5.5478,0.3644,0.8496,20.221,44
220,F_N+MED,10,GRU,B_latidos,1628,408,0.8388,0.264146,0.513951,0.354778,5.0806,0.2661,0.8596,20.305,42
220,F_N+MED,10,CNN-LSTM,B_latidos,1628,408,0.844,0.25562,0.505589,0.360396,4.907,0.2642,0.8826,24.522,53
220,F_N+MED,10,CNN-GRU,B_latidos,1628,408,0.8374,0.266411,0.51615,0.359641,4.5744,0.284,0.8932,24.614,56
220,F_MED,3,LSTM,B_latidos,1634,409,0.8307,0.274022,0.523471,0.356437,5.3569,0.2519,0.8366,16.639,34
220,F_MED,3,GRU,B_latidos,1634,409,0.8379,0.262382,0.512232,0.348581,4.9367,0.4619,0.8484,15.316,34
220,F_MED,3,CNN-LSTM,B_latidos,1634,409,0.8348,0.267327,0.517037,0.355647,4.7615,0.267,0.8512,17.243,35
220,F_MED,3,CNN-GRU,B_latidos,1634,409,0.8348,0.267375,0.517083,0.350935,5.1659,0.269,0.8616,17.44,35
220,F_MED,5,LSTM,B_latidos,1632,409,0.8234,0.286232,0.535006,0.376681,5.5987,0.8987,0.8548,22.308,47
220,F_MED,5,GRU,B_latidos,1632,409,0.8273,0.279826,0.528986,0.372713,5.2854,0.5574,0.8675,20.507,45
220,F_MED,5,CNN-LSTM,B_latidos,1632,409,0.843,0.254379,0.50436,0.346633,4.4561,0.5463,0.8742,21.561,46
220,F_MED,5,CNN-GRU,B_latidos,1632,409,0.8517,0.240363,0.490268,0.33006,4.0605,0.5215,0.8805,18.074,40
220,F_MED,10,LSTM,B_latidos,1628,408,0.8203,0.294225,0.542425,0.372675,5.565,0.3735,0.8489,22.013,46
220,F_MED,10,GRU,B_latidos,1628,408,0.8357,0.26908,0.518729,0.353999,5.0554,0.4686,0.8416,14.728,30
220,F_MED,10,CNN-LSTM,B_latidos,1628,408,0.8371,0.266646,0.516377,0.355852,4.9675,0.2591,0.8706,19.038,42
220,F_MED,10,CNN-GRU,B_latidos,1628,408,0.8201,0.294636,0.542804,0.369821,5.3353,0.2498,0.8707,17.908,37
220,F_N+PB+MED,3,LSTM,B_latidos,1634,409,0.8494,0.27922,0.528413,0.349754,4.4777,0.2618,0.8409,15.356,31
220,F_N+PB+MED,3,GRU,B_latidos,1634,409,0.8596,0.260403,0.510297,0.333817,3.998,0.2453,0.8455,13.726,28
220,F_N+PB+MED,3,CNN-LSTM,B_latidos,1634,409,0.8471,0.283518,0.532464,0.352701,4.238,0.2392,0.8491,14.578,30
220,F_N+PB+MED,3,CNN-GRU,B_latidos,1634,409,0.863,0.254114,0.504097,0.319123,3.3838,0.237,0.8554,13.116,28
220,F_N+PB+MED,5,LSTM,B_latidos,1632,409,0.8328,0.310039,0.556811,0.375683,4.7222,0.5851,0.8556,15.516,32
220,F_N+PB+MED,5,GRU,B_latidos,1632,409,0.8708,0.239583,0.489472,0.30646,2.9557,0.5346,0.8808,18.965,43
220,F_N+PB+MED,5,CNN-LSTM,B_latidos,1632,409,0.8703,0.240588,0.490498,0.315484,3.2384,0.5078,0.8595,13.437,28
220,F_N+PB+MED,5,CNN-GRU,B_latidos,1632,409,0.862,0.255962,0.505927,0.327738,3.1629,0.8683,0.8575,12.02,25
220,F_N+PB+MED,10,LSTM,B_latidos,1628,408,0.8261,0.322919,0.568259,0.377954,4.69,0.5136,0.8535,17.248,35
220,F_N+PB+MED,10,GRU,B_latidos,1628,408,0.8617,0.256762,0.506717,0.335924,3.7599,0.254,0.8633,16.716,35
220,F_N+PB+MED,10,CNN-LSTM,B_latidos,1628,408,0.8516,0.275494,0.524875,0.343524,3.7389,0.2514,0.8525,13.404,27
220,F_N+PB+MED,10,CNN-GRU,B_latidos,1628,408,0.8636,0.253211,0.503201,0.325591,3.3979,0.2667,0.8437,12.07,24
221,F_N+MED,3,LSTM,B_latidos,1937,485,0.4822,0.245368,0.495346,0.284705,3.4393,0.2487,0.7036,18.174,28
221,F_N+MED,3,GRU,B_latidos,1937,485,0.4748,0.248841,0.49884,0.287443,3.2278,0.2172,0.6897,13.125,23
221,F_N+MED,3,CNN-LSTM,B_latidos,1937,485,0.4786,0.247087,0.497079,0.2842,3.4593,0.3168,0.6683,13.277,21
221,F_N+MED,3,CNN-GRU,B_latidos,1937,485,0.4645,0.253759,0.503745,0.292295,3.4738,0.2726,0.6929,13.052,24
221,F_N+MED,5,LSTM,B_latidos,1936,484,0.4723,0.250398,0.500398,0.285071,3.27,0.3312,0.6904,14.227,24
221,F_N+MED,5,GRU,B_latidos,1936,484,0.4852,0.244276,0.494243,0.289431,3.1306,0.2419,0.7005,13.913,25
221,F_N+MED,5,CNN-LSTM,B_latidos,1936,484,0.4244,0.27314,0.522628,0.297886,3.1154,0.3071,0.7522,18.486,36
221,F_N+MED,5,CNN-GRU,B_latidos,1936,484,0.4803,0.246622,0.49661,0.2925,3.1076,0.235,0.693,13.191,24
221,F_N+MED,10,LSTM,B_latidos,1932,483,0.4804,0.247199,0.497192,0.287317,3.1489,0.2457,0.7632,23.717,40
221,F_N+MED,10,GRU,B_latidos,1932,483,0.4717,0.251312,0.501311,0.294271,2.9213,0.2421,0.6848,14.085,23
221,F_N+MED,10,CNN-LSTM,B_latidos,1932,483,0.4811,0.246856,0.496846,0.279585,2.9753,0.327,0.7094,18.543,32
221,F_N+MED,10,CNN-GRU,B_latidos,1932,483,0.4594,0.257179,0.507128,0.292434,3.1281,0.4036,0.743,17.236,33
221,F_MED,3,LSTM,B_latidos,1937,485,0.4811,0.245395,0.495373,0.283352,3.2151,0.2282,0.6936,14.874,25
221,F_MED,3,GRU,B_latidos,1937,485,0.4745,0.248536,0.498534,0.288132,3.1683,0.3288,0.7043,14.414,26
221,F_MED,3,CNN-LSTM,B_latidos,1937,485,0.4808,0.245535,0.495515,0.284848,3.3609,0.3029,0.6601,10.375,20
221,F_MED,3,CNN-GRU,B_latidos,1937,485,0.4776,0.247046,0.497038,0.288781,3.5937,0.3199,0.687,12.074,23
221,F_MED,5,LSTM,B_latidos,1936,484,0.4758,0.248267,0.498264,0.284968,3.2382,0.2503,0.6913,14.79,25
221,F_MED,5,GRU,B_latidos,1936,484,0.4967,0.238366,0.488227,0.28696,3.1059,0.239,0.7034,14.887,26
221,F_MED,5,CNN-LSTM,B_latidos,1936,484,0.4765,0.24796,0.497956,0.287561,3.1069,0.265,0.7761,23.255,44
221,F_MED,5,CNN-GRU,B_latidos,1936,484,0.4761,0.248125,0.498121,0.290408,3.1312,0.2279,0.7017,14.853,26
221,F_MED,10,LSTM,B_latidos,1932,483,0.4788,0.247457,0.49745,0.283195,3.0565,0.2449,0.7612,23.575,40
221,F_MED,10,GRU,B_latidos,1932,483,0.4808,0.246499,0.496487,0.289756,2.9056,0.242,0.7125,15.704,28
221,F_MED,10,CNN-LSTM,B_latidos,1932,483,0.5047,0.235159,0.484932,0.278258,2.939,0.2708,0.7231,18.288,32
221,F_MED,10,CNN-GRU,B_latidos,1932,483,0.4832,0.245365,0.495344,0.294649,3.1999,0.4056,0.6629,11.621,20
221,F_N+PB+MED,3,LSTM,B_latidos,1937,485,0.402,0.231986,0.48165,0.26524,3.0817,0.2349,0.7169,16.35,30
221,F_N+PB+MED,3,GRU,B_latidos,1937,485,0.4539,0.211869,0.460292,0.266342,2.9227,0.2293,0.6919,13.408,24
221,F_N+PB+MED,3,CNN-LSTM,B_latidos,1937,485,0.482,0.200964,0.44829,0.258731,3.1076,0.4324,0.6802,13.086,24
221,F_N+PB+MED,3,CNN-GRU,B_latidos,1937,485,0.4986,0.194519,0.441043,0.254006,2.7605,0.3442,0.6941,12.386,24
221,F_N+PB+MED,5,LSTM,B_latidos,1936,484,0.4245,0.223628,0.472893,0.266199,2.9544,0.2517,0.7026,16.287,28
221,F_N+PB+MED,5,GRU,B_latidos,1936,484,0.4559,0.211445,0.459831,0.260886,2.6485,0.232,0.7168,14.595,27
221,F_N+PB+MED,5,CNN-LSTM,B_latidos,1936,484,0.4592,0.21016,0.458432,0.2613,3.2897,0.2326,0.7117,18.67,33
221,F_N+PB+MED,5,CNN-GRU,B_latidos,1936,484,0.497,0.195456,0.442104,0.252408,2.4851,0.2395,0.7261,14.739,28
221,F_N+PB+MED,10,LSTM,B_latidos,1932,483,0.4533,0.212951,0.461466,0.25679,3.1413,0.2433,0.7384,22.295,35
221,F_N+PB+MED,10,GRU,B_latidos,1932,483,0.429,0.222439,0.471635,0.270221,2.7977,0.2355,0.7121,15.362,27
221,F_N+PB+MED,10,CNN-LSTM,B_latidos,1932,483,0.4932,0.197426,0.444326,0.247328,2.7703,0.3353,0.72,16.431,31
221,F_N+PB+MED,10,CNN-GRU,B_latidos,1932,483,0.5101,0.190848,0.436861,0.249905,2.4749,0.2311,0.7252,14.886,27
222,F_N+MED,3,LSTM,B_latidos,1982,496,0.4852,0.482459,0.694593,0.53384,6.8511,0.3641,0.6095,16.051,26
222,F_N+MED,3,GRU,B_latidos,1982,496,0.4971,0.471247,0.686475,0.527676,6.8359,0.2297,0.5964,15.138,25
222,F_N+MED,3,CNN-LSTM,B_latidos,1982,496,0.5066,0.462363,0.679973,0.519578,6.8311,0.3345,0.5568,12.666,21
222,F_N+MED,3,CNN-GRU,B_latidos,1982,496,0.5199,0.449947,0.670781,0.511589,6.6076,0.2253,0.6178,14.113,25
222,F_N+MED,5,LSTM,B_latidos,1980,496,0.5108,0.458378,0.677036,0.525811,6.9288,0.238,0.5924,15.016,24
222,F_N+MED,5,GRU,B_latidos,1980,496,0.4954,0.472827,0.687624,0.535233,6.9723,0.2735,0.6634,17.413,30
222,F_N+MED,5,CNN-LSTM,B_latidos,1980,496,0.4828,0.484599,0.696132,0.539068,6.9231,0.2392,0.5433,12.282,21
222,F_N+MED,5,CNN-GRU,B_latidos,1980,496,0.5236,0.446422,0.668148,0.516334,6.1493,0.2326,0.5759,12.663,22
222,F_N+MED,10,LSTM,B_latidos,1976,495,0.5048,0.466068,0.682692,0.520115,7.0523,0.3756,0.6403,17.553,29
222,F_N+MED,10,GRU,B_latidos,1976,495,0.5153,0.45624,0.675455,0.519258,7.0781,0.3918,0.6519,16.265,28
222,F_N+MED,10,CNN-LSTM,B_latidos,1976,495,0.5316,0.440894,0.663999,0.511351,6.5656,0.235,0.5757,13.636,23
222,F_N+MED,10,CNN-GRU,B_latidos,1976,495,0.5168,0.454851,0.674426,0.518711,6.3058,0.2424,0.5533,11.934,20
222,F_MED,3,LSTM,B_latidos,1982,496,0.4773,0.489708,0.699791,0.535101,7.1418,0.2322,0.623,15.462,27
222,F_MED,3,GRU,B_latidos,1982,496,0.4907,0.477119,0.690738,0.529943,6.7396,0.2314,0.6144,15.396,28
222,F_MED,3,CNN-LSTM,B_latidos,1982,496,0.5219,0.447893,0.669248,0.51272,6.7737,0.2497,0.5514,12.856,21
222,F_MED,3,CNN-GRU,B_latidos,1982,496,0.5109,0.458249,0.676941,0.515063,6.8119,0.3172,0.6185,14.016,25
222,F_MED,5,LSTM,B_latidos,1980,496,0.5095,0.459463,0.677837,0.523856,6.6632,0.2643,0.5647,14.114,22
222,F_MED,5,GRU,B_latidos,1980,496,0.4815,0.485741,0.696951,0.541347,7.1479,0.2282,0.6637,16.405,30
222,F_MED,5,CNN-LSTM,B_latidos,1980,496,0.5285,0.441666,0.66458,0.515178,6.2152,0.2417,0.5374,11.992,20
222,F_MED,5,CNN-GRU,B_latidos,1980,496,0.4826,0.484658,0.696174,0.539626,6.8348,0.2305,0.5106,10.962,20
222,F_MED,10,LSTM,B_latidos,1976,495,0.4849,0.48467,0.696182,0.529354,7.2719,0.234,0.6055,15.352,25
222,F_MED,10,GRU,B_latidos,1976,495,0.4486,0.518843,0.720308,0.557097,7.3563,0.2594,0.715,22.14,38
222,F_MED,10,CNN-LSTM,B_latidos,1976,495,0.5321,0.440254,0.663516,0.51081,6.3161,0.2278,0.5517,12.268,21
222,F_MED,10,CNN-GRU,B_latidos,1976,495,0.5091,0.461932,0.679656,0.523872,6.7996,0.2384,0.5446,12.229,20
222,F_N+PB+MED,3,LSTM,B_latidos,1982,496,0.1686,0.879914,0.938037,0.734113,9.4933,0.3072,0.4976,14.067,24
222,F_N+PB+MED,3,GRU,B_latidos,1982,496,0.1719,0.876367,0.936145,0.731877,8.976,0.4261,0.4659,11.761,21
222,F_N+PB+MED,3,CNN-LSTM,B_latidos,1982,496,0.1841,0.863433,0.929211,0.730746,9.0388,0.2208,0.4719,12.467,21
222,F_N+PB+MED,3,CNN-GRU,B_latidos,1982,496,0.1833,0.864309,0.929682,0.732197,9.1101,0.2395,0.4586,11.49,20
222,F_N+PB+MED,5,LSTM,B_latidos,1980,496,0.1949,0.852678,0.923405,0.723462,9.2733,0.2319,0.4407,13.023,21
222,F_N+PB+MED,5,GRU,B_latidos,1980,496,0.169,0.880089,0.93813,0.730984,9.1076,0.2589,0.5317,13.586,24
222,F_N+PB+MED,5,CNN-LSTM,B_latidos,1980,496,0.1802,0.868262,0.931806,0.731094,9.4423,0.3378,0.4842,12.828,22
222,F_N+PB+MED,5,CNN-GRU,B_latidos,1980,496,0.1577,0.892066,0.944492,0.739813,8.8317,0.22,0.4988,12.685,22
222,F_N+PB+MED,10,LSTM,B_latidos,1976,495,0.1952,0.853965,0.924102,0.725653,9.4519,0.2517,0.5053,15.442,25
222,F_N+PB+MED,10,GRU,B_latidos,1976,495,0.191,0.85846,0.926531,0.727938,8.7596,0.4588,0.5006,13.628,23
222,F_N+PB+MED,10,CNN-LSTM,B_latidos,1976,495,0.156,0.895534,0.946327,0.741421,8.836,0.2373,0.55,13.945,25
222,F_N+PB+MED,10,CNN-GRU,B_latidos,1976,495,0.1891,0.860474,0.927618,0.729466,8.4492,0.2601,0.449,11.674,20
223,F_N+MED,3,LSTM,B_latidos,2080,520,0.6317,0.326531,0.571429,0.33291,3.6836,0.5289,0.8318,28.386,50
223,F_N+MED,3,GRU,B_latidos,2080,520,0.6565,0.304516,0.55183,0.3172,3.5378,0.4625,0.8697,30.948,58
223,F_N+MED,3,CNN-LSTM,B_latidos,2080,520,0.6457,0.314129,0.560472,0.325717,3.5137,0.4511,0.8548,24.814,47
223,F_N+MED,3,CNN-GRU,B_latidos,2080,520,0.6181,0.338604,0.581897,0.332301,3.55,0.4271,0.8582,23.223,44
223,F_N+MED,5,LSTM,B_latidos,2078,520,0.6239,0.333295,0.577317,0.335367,4.0048,0.2348,0.8447,33.866,61
223,F_N+MED,5,GRU,B_latidos,2078,520,0.6397,0.319313,0.565078,0.327739,3.5979,0.308,0.8571,28.453,51
223,F_N+MED,5,CNN-LSTM,B_latidos,2078,520,0.6282,0.329497,0.574018,0.330353,3.853,0.3924,0.8734,23.014,43
223,F_N+MED,5,CNN-GRU,B_latidos,2078,520,0.6171,0.33939,0.582571,0.336299,3.846,0.2247,0.8817,26.598,50
223,F_N+MED,10,LSTM,B_latidos,2074,519,0.6135,0.340588,0.583599,0.346303,4.4083,0.2415,0.8254,26.911,44
223,F_N+MED,10,GRU,B_latidos,2074,519,0.6394,0.317781,0.563721,0.324348,3.8282,0.2492,0.8439,32.008,53
223,F_N+MED,10,CNN-LSTM,B_latidos,2074,519,0.6668,0.293584,0.541834,0.313567,3.6812,0.3769,0.8905,37.98,67
223,F_N+MED,10,CNN-GRU,B_latidos,2074,519,0.6468,0.311205,0.557858,0.333152,3.9032,0.2343,0.8558,23.081,39
223,F_MED,3,LSTM,B_latidos,2080,520,0.6263,0.331313,0.575598,0.330429,3.7576,1.3367,0.8461,30.551,53
223,F_MED,3,GRU,B_latidos,2080,520,0.6556,0.305311,0.55255,0.313241,3.4008,0.4613,0.8684,33.097,64
223,F_MED,3,CNN-LSTM,B_latidos,2080,520,0.6448,0.314936,0.561192,0.321238,3.7386,0.452,0.8842,34.695,67
223,F_MED,3,CNN-GRU,B_latidos,2080,520,0.6459,0.313937,0.560301,0.323287,3.5077,0.4621,0.8685,24.527,45
223,F_MED,5,LSTM,B_latidos,2078,520,0.6196,0.337097,0.580601,0.332704,4.1605,0.2338,0.8456,32.566,55
223,F_MED,5,GRU,B_latidos,2078,520,0.6529,0.307622,0.554637,0.321883,3.5715,0.2232,0.8423,24.618,44
223,F_MED,5,CNN-LSTM,B_latidos,2078,520,0.628,0.329693,0.574189,0.335311,3.994,0.3638,0.8856,27.116,50
223,F_MED,5,CNN-GRU,B_latidos,2078,520,0.6026,0.35218,0.593448,0.34715,3.9145,0.2157,0.8503,20.927,40
223,F_MED,10,LSTM,B_latidos,2074,519,0.629,0.326912,0.571762,0.334034,4.1868,0.254,0.8439,30.25,52
223,F_MED,10,GRU,B_latidos,2074,519,0.6393,0.317854,0.563785,0.328489,3.8443,0.3189,0.8692,31.923,56
223,F_MED,10,CNN-LSTM,B_latidos,2074,519,0.6606,0.299053,0.546858,0.325536,3.9049,0.4053,0.8567,21.817,42
223,F_MED,10,CNN-GRU,B_latidos,2074,519,0.6368,0.320066,0.565744,0.340745,3.7642,0.2172,0.8288,18.52,33
223,F_N+PB+MED,3,LSTM,B_latidos,2080,520,0.661,0.358962,0.599134,0.312748,3.2402,0.4914,0.8543,26.265,48
223,F_N+PB+MED,3,GRU,B_latidos,2080,520,0.6896,0.328611,0.573246,0.299044,2.8688,0.4511,0.8623,24.233,44
223,F_N+PB+MED,3,CNN-LSTM,B_latidos,2080,520,0.6775,0.341476,0.584359,0.301371,3.2105,0.4364,0.8665,23.304,42
223,F_N+PB+MED,3,CNN-GRU,B_latidos,2080,520,0.673,0.346271,0.588448,0.312527,3.4975,0.4109,0.872,22.829,43
223,F_N+PB+MED,5,LSTM,B_latidos,2078,520,0.6766,0.342386,0.585138,0.306485,3.4349,0.2296,0.8578,27.822,47
223,F_N+PB+MED,5,GRU,B_latidos,2078,520,0.6828,0.335819,0.579499,0.304337,3.1233,0.2123,0.8505,21.736,39
223,F_N+PB+MED,5,CNN-LSTM,B_latidos,2078,520,0.669,0.350445,0.591984,0.311126,3.5268,0.2162,0.8685,21.464,40
223,F_N+PB+MED,5,CNN-GRU,B_latidos,2078,520,0.641,0.380007,0.616447,0.318555,3.1001,0.2218,0.855,20.145,36
223,F_N+PB+MED,10,LSTM,B_latidos,2074,519,0.6902,0.326183,0.571124,0.302268,3.5303,0.2613,0.8603,34.102,56
223,F_N+PB+MED,10,GRU,B_latidos,2074,519,0.6733,0.343948,0.586471,0.310395,3.4462,0.2308,0.8399,21.56,34
223,F_N+PB+MED,10,CNN-LSTM,B_latidos,2074,519,0.6759,0.341245,0.584162,0.30647,3.3676,0.2859,0.8623,23.45,40
223,F_N+PB+MED,10,CNN-GRU,B_latidos,2074,519,0.6638,0.353961,0.594946,0.325159,3.5835,0.2301,0.84,16.491,30
228,F_N+MED,3,LSTM,B_latidos,1638,410,0.4036,0.355833,0.596518,0.371027,5.0774,0.257,0.5479,11.363,21
228,F_N+MED,3,GRU,B_latidos,1638,410,0.4048,0.355119,0.595918,0.372183,5.0416,0.2523,0.5684,11.399,21
228,F_N+MED,3,CNN-LSTM,B_latidos,1638,410,0.3966,0.360002,0.600002,0.376248,5.1278,0.3459,0.5675,11.612,22
228,F_N+MED,3,CNN-GRU,B_latidos,1638,410,0.3984,0.358976,0.599146,0.377781,5.2656,0.2765,0.5253,9.928,19
228,F_N+MED,5,LSTM,B_latidos,1636,410,0.3925,0.362428,0.60202,0.386644,4.9347,0.3719,0.5185,10.044,19
228,F_N+MED,5,GRU,B_latidos,1636,410,0.3781,0.371013,0.609109,0.393748,5.2435,0.3929,0.5438,9.982,19
228,F_N+MED,5,CNN-LSTM,B_latidos,1636,410,0.4295,0.340354,0.583399,0.375669,4.6548,0.3417,0.611,11.928,23
228,F_N+MED,5,CNN-GRU,B_latidos,1636,410,0.4188,0.346769,0.588871,0.376782,4.8192,0.2524,0.6147,11.394,23
228,F_N+MED,10,LSTM,B_latidos,1632,409,0.417,0.344659,0.587077,0.366647,4.323,0.6674,0.5726,11.844,22
228,F_N+MED,10,GRU,B_latidos,1632,409,0.4149,0.34587,0.588107,0.373595,4.2055,0.9115,0.6003,10.889,23
228,F_N+MED,10,CNN-LSTM,B_latidos,1632,409,0.417,0.344612,0.587037,0.370341,4.3649,0.6668,0.578,11.425,22
228,F_N+MED,10,CNN-GRU,B_latidos,1632,409,0.3881,0.361696,0.601411,0.383371,4.5561,0.5175,0.5585,10.067,19
228,F_MED,3,LSTM,B_latidos,1638,410,0.4069,0.353893,0.594889,0.368698,5.1394,0.5212,0.5998,12.97,25
228,F_MED,3,GRU,B_latidos,1638,410,0.3942,0.361458,0.601214,0.357764,4.6564,0.2582,0.6796,19.125,44
228,F_MED,3,CNN-LSTM,B_latidos,1638,410,0.3886,0.364806,0.603992,0.374181,5.1561,0.341,0.5541,10.714,22
228,F_MED,3,CNN-GRU,B_latidos,1638,410,0.4167,0.34805,0.589958,0.37205,5.0437,0.5256,0.5461,8.493,19
228,F_MED,5,LSTM,B_latidos,1636,410,0.4142,0.349546,0.591224,0.364524,4.5778,0.2929,0.5971,11.619,22
228,F_MED,5,GRU,B_latidos,1636,410,0.3755,0.372618,0.610425,0.396454,5.1724,0.2563,0.5645,10.673,20
228,F_MED,5,CNN-LSTM,B_latidos,1636,410,0.4127,0.350454,0.591992,0.379969,5.048,0.2475,0.5534,10.536,20
228,F_MED,5,CNN-GRU,B_latidos,1636,410,0.3895,0.364277,0.603554,0.388278,5.3336,0.2483,0.5708,10.531,20
228,F_MED,10,LSTM,B_latidos,1632,409,0.4001,0.354675,0.595546,0.376394,4.2881,0.6091,0.5679,11.744,21
228,F_MED,10,GRU,B_latidos,1632,409,0.3624,0.376952,0.613964,0.407296,4.7638,0.6147,0.4888,11.313,18
228,F_MED,10,CNN-LSTM,B_latidos,1632,409,0.4649,0.316328,0.56243,0.343738,3.8982,0.5514,0.6641,14.713,30
228,F_MED,10,CNN-GRU,B_latidos,1632,409,0.3707,0.372041,0.609952,0.390465,4.6247,0.4943,0.5277,9.242,19
228,F_N+PB+MED,3,LSTM,B_latidos,1638,410,0.6157,0.343335,0.585948,0.299032,3.7458,0.2627,0.7584,24.129,51
228,F_N+PB+MED,3,GRU,B_latidos,1638,410,0.5413,0.409736,0.640106,0.321662,3.7849,0.24,0.7751,24.291,53
228,F_N+PB+MED,3,CNN-LSTM,B_latidos,1638,410,0.5693,0.3848,0.620323,0.30399,3.6072,0.3525,0.7826,29.13,65
228,F_N+PB+MED,3,CNN-GRU,B_latidos,1638,410,0.5677,0.386168,0.621425,0.309326,3.4536,0.2638,0.7937,20.167,48
228,F_N+PB+MED,5,LSTM,B_latidos,1636,410,0.5559,0.397093,0.630153,0.299872,3.2208,0.2452,0.7942,28.551,64
228,F_N+PB+MED,5,GRU,B_latidos,1636,410,0.5384,0.412759,0.642464,0.31791,3.8462,0.2614,0.8038,34.161,75
228,F_N+PB+MED,5,CNN-LSTM,B_latidos,1636,410,0.5357,0.415146,0.644318,0.317238,3.7775,0.5223,0.7776,32.348,71
228,F_N+PB+MED,5,CNN-GRU,B_latidos,1636,410,0.5069,0.440895,0.663999,0.328834,3.9251,0.4162,0.8109,20.767,46
228,F_N+PB+MED,10,LSTM,B_latidos,1632,409,0.5959,0.357252,0.597706,0.299403,3.4054,0.6073,0.7225,21.597,41
228,F_N+PB+MED,10,GRU,B_latidos,1632,409,0.4889,0.451854,0.672201,0.330737,3.5423,0.5671,0.7961,26.697,58
228,F_N+PB+MED,10,CNN-LSTM,B_latidos,1632,409,0.5589,0.389969,0.624475,0.3107,3.5048,0.5435,0.8076,30.443,67
228,F_N+PB+MED,10,CNN-GRU,B_latidos,1632,409,0.5053,0.437395,0.661358,0.344041,3.66,0.5096,0.8505,38.143,85
230,F_N+MED,3,LSTM,B_latidos,1800,451,0.6081,0.56132,0.749213,0.508742,6.3657,0.3235,0.7667,19.066,38
230,F_N+MED,3,GRU,B_latidos,1800,451,0.5897,0.587608,0.766556,0.52221,6.7606,0.2258,0.8045,20.015,43
230,F_N+MED,3,CNN-LSTM,B_latidos,1800,451,0.5901,0.58709,0.766218,0.528304,7.0419,0.2502,0.7486,16.673,34
230,F_N+MED,3,CNN-GRU,B_latidos,1800,451,0.5961,0.578518,0.760604,0.522952,6.9267,0.2445,0.7569,14.821,29
230,F_N+MED,5,LSTM,B_latidos,1799,450,0.5738,0.611134,0.78175,0.530471,6.4506,0.2667,0.7863,24.508,48
230,F_N+MED,5,GRU,B_latidos,1799,450,0.5984,0.575882,0.758869,0.518336,6.4122,0.4553,0.7716,17.152,33
230,F_N+MED,5,CNN-LSTM,B_latidos,1799,450,0.5941,0.581941,0.76285,0.528417,6.2228,0.3427,0.773,16.517,34
230,F_N+MED,5,CNN-GRU,B_latidos,1799,450,0.5592,0.632021,0.794997,0.553604,6.5063,0.3176,0.734,12.671,26
230,F_N+MED,10,LSTM,B_latidos,1795,449,0.5973,0.57838,0.760513,0.520155,6.626,0.3475,0.7584,18.071,33
230,F_N+MED,10,GRU,B_latidos,1795,449,0.6103,0.559646,0.748095,0.508096,6.4917,0.2477,0.7585,15.116,29
230,F_N+MED,10,CNN-LSTM,B_latidos,1795,449,0.6054,0.566707,0.7528,0.516942,6.6214,0.8342,0.7259,13.4,26
230,F_N+MED,10,CNN-GRU,B_latidos,1795,449,0.5918,0.586263,0.765678,0.52747,6.6536,0.2521,0.7547,13.432,26
230,F_MED,3,LSTM,B_latidos,1800,451,0.6188,0.546074,0.738968,0.507444,6.3382,0.2377,0.7286,14.34,27
230,F_MED,3,GRU,B_latidos,1800,451,0.6036,0.567963,0.753633,0.517227,6.5824,0.2407,0.7516,14.504,29
230,F_MED,3,CNN-LSTM,B_latidos,1800,451,0.5999,0.573142,0.757061,0.515626,6.8626,0.2365,0.7552,16.261,34
230,F_MED,3,CNN-GRU,B_latidos,1800,451,0.5953,0.579746,0.76141,0.520924,6.3832,0.2509,0.7314,14.099,28
230,F_MED,5,LSTM,B_latidos,1799,450,0.5612,0.629343,0.793311,0.53785,6.287,0.2532,0.7749,21.148,40
230,F_MED,5,GRU,B_latidos,1799,450,0.6002,0.573482,0.757286,0.51352,6.1613,0.2661,0.7877,17.341,35
230,F_MED,5,CNN-LSTM,B_latidos,1799,450,0.589,0.589513,0.767797,0.528491,6.2185,0.2578,0.7767,17.347,37
230,F_MED,5,CNN-GRU,B_latidos,1799,450,0.547,0.649752,0.806072,0.55146,6.4422,0.248,0.7938,16.859,33
230,F_MED,10,LSTM,B_latidos,1795,449,0.6111,0.558787,0.74752,0.511934,6.4755,0.2498,0.7433,17.101,29
230,F_MED,10,GRU,B_latidos,1795,449,0.6125,0.556811,0.746198,0.507783,6.6352,0.2459,0.731,13.65,25
230,F_MED,10,CNN-LSTM,B_latidos,1795,449,0.6163,0.551326,0.742513,0.509686,6.4703,0.2597,0.7824,17.926,36
230,F_MED,10,CNN-GRU,B_latidos,1795,449,0.5829,0.599322,0.774159,0.526696,6.2817,0.3267,0.789,15.73,33
230,F_N+PB+MED,3,LSTM,B_latidos,1800,451,0.6162,0.472131,0.687118,0.444336,5.5117,0.2637,0.8125,17.441,32
230,F_N+PB+MED,3,GRU,B_latidos,1800,451,0.6106,0.479029,0.692119,0.446571,5.3928,0.4697,0.8256,16.718,34
230,F_N+PB+MED,3,CNN-LSTM,B_latidos,1800,451,0.5924,0.5014,0.708096,0.447959,5.0716,0.4089,0.8514,23.052,48
230,F_N+PB+MED,3,CNN-GRU,B_latidos,1800,451,0.6328,0.451637,0.67204,0.443603,5.2659,0.2335,0.7452,9.857,18
230,F_N+PB+MED,5,LSTM,B_latidos,1799,450,0.6002,0.491871,0.701335,0.447048,5.3273,0.2522,0.8471,21.507,41
230,F_N+PB+MED,5,GRU,B_latidos,1799,450,0.6151,0.473477,0.688096,0.443519,5.36,0.2755,0.7958,12.559,24
230,F_N+PB+MED,5,CNN-LSTM,B_latidos,1799,450,0.6004,0.491562,0.701115,0.44027,4.8928,0.2343,0.8168,15.254,31
230,F_N+PB+MED,5,CNN-GRU,B_latidos,1799,450,0.5928,0.500894,0.707739,0.453986,5.1225,0.2335,0.8183,13.488,27
230,F_N+PB+MED,10,LSTM,B_latidos,1795,449,0.6161,0.472358,0.687283,0.443415,5.2699,0.3448,0.8233,17.382,31
230,F_N+PB+MED,10,GRU,B_latidos,1795,449,0.6222,0.464872,0.681815,0.432965,5.109,0.2755,0.8078,14.619,28
230,F_N+PB+MED,10,CNN-LSTM,B_latidos,1795,449,0.5937,0.500025,0.707124,0.446163,5.0306,0.2438,0.8761,19.987,40
230,F_N+PB+MED,10,CNN-GRU,B_latidos,1795,449,0.6033,0.488153,0.69868,0.4486,5.183,0.4741,0.8408,14.269,29
231,F_N+MED,3,LSTM,B_latidos,1252,314,0.9229,0.085427,0.292278,0.184205,1.6782,0.4391,0.9197,21.872,58
231,F_N+MED,3,GRU,B_latidos,1252,314,0.9245,0.083687,0.289288,0.183703,1.5533,0.3097,0.9171,16.71,44
231,F_N+MED,3,CNN-LSTM,B_latidos,1252,314,0.9263,0.081693,0.28582,0.183596,1.5896,0.3022,0.9261,19.083,54
231,F_N+MED,3,CNN-GRU,B_latidos,1252,314,0.9245,0.083701,0.289312,0.186106,1.6577,0.7244,0.938,23.874,70
231,F_N+MED,5,LSTM,B_latidos,1251,313,0.918,0.090963,0.301601,0.187105,1.7053,0.3103,0.9294,35.422,94
231,F_N+MED,5,GRU,B_latidos,1251,313,0.9127,0.096913,0.311308,0.196683,1.8875,0.3054,0.9104,14.116,36
231,F_N+MED,5,CNN-LSTM,B_latidos,1251,313,0.9102,0.099654,0.315681,0.199676,1.8247,0.3051,0.9303,18.776,52
231,F_N+MED,5,CNN-GRU,B_latidos,1251,313,0.9147,0.094643,0.307641,0.195564,1.8609,0.3325,0.9292,17.593,47
231,F_N+MED,10,LSTM,B_latidos,1247,312,0.9069,0.10338,0.321527,0.201485,2.3109,0.3396,0.922,26.72,67
231,F_N+MED,10,GRU,B_latidos,1247,312,0.9053,0.105103,0.324197,0.202907,2.179,0.3162,0.9266,22.955,57
231,F_N+MED,10,CNN-LSTM,B_latidos,1247,312,0.9121,0.097575,0.31237,0.19768,2.19,0.3071,0.9291,25.126,69
231,F_N+MED,10,CNN-GRU,B_latidos,1247,312,0.9089,0.101152,0.318045,0.200975,2.2007,0.3562,0.9306,20.169,56
231,F_MED,3,LSTM,B_latidos,1252,314,0.9214,0.087116,0.295154,0.185703,1.5057,0.3149,0.9122,19.552,50
231,F_MED,3,GRU,B_latidos,1252,314,0.9141,0.095181,0.308515,0.198833,1.6049,0.3313,0.9056,13.385,34
231,F_MED,3,CNN-LSTM,B_latidos,1252,314,0.9148,0.094436,0.307305,0.198225,1.6278,0.3116,0.9133,14.054,36
231,F_MED,3,CNN-GRU,B_latidos,1252,314,0.9254,0.082678,0.287538,0.18213,1.4727,0.2974,0.9357,25.42,71
231,F_MED,5,LSTM,B_latidos,1251,313,0.9162,0.09289,0.304778,0.187989,1.7044,0.4108,0.9224,29.896,79
231,F_MED,5,GRU,B_latidos,1251,313,0.9168,0.09228,0.303776,0.189641,1.7462,0.3111,0.9285,28.867,75
231,F_MED,5,CNN-LSTM,B_latidos,1251,313,0.91,0.099852,0.315994,0.20047,1.9366,0.3114,0.9295,21.576,59
231,F_MED,5,CNN-GRU,B_latidos,1251,313,0.9067,0.103525,0.321753,0.204785,1.9701,0.454,0.9395,25.384,72
231,F_MED,10,LSTM,B_latidos,1247,312,0.9019,0.108843,0.329914,0.206494,2.3759,0.3268,0.9181,23.603,56
231,F_MED,10,GRU,B_latidos,1247,312,0.8997,0.111247,0.333537,0.205539,2.4274,0.3319,0.9153,17.311,43
231,F_MED,10,CNN-LSTM,B_latidos,1247,312,0.9082,0.101832,0.319112,0.203422,2.403,0.3605,0.9309,24.05,63
231,F_MED,10,CNN-GRU,B_latidos,1247,312,0.9092,0.100747,0.317407,0.198783,2.242,0.3044,0.9253,15.331,40
231,F_N+PB+MED,3,LSTM,B_latidos,1252,314,0.9253,0.089419,0.299031,0.171023,1.3066,0.3378,0.9245,22.813,60
231,F_N+PB+MED,3,GRU,B_latidos,1252,314,0.9327,0.080589,0.283881,0.162953,1.2718,0.3183,0.9393,26.564,74
231,F_N+PB+MED,3,CNN-LSTM,B_latidos,1252,314,0.9346,0.078271,0.279769,0.160508,1.3033,0.7446,0.9379,27.442,77
231,F_N+PB+MED,3,CNN-GRU,B_latidos,1252,314,0.9334,0.079804,0.282496,0.160032,1.2458,0.294,0.9498,29.111,82
231,F_N+PB+MED,5,LSTM,B_latidos,1251,313,0.9198,0.096104,0.310007,0.178242,1.4025,0.2991,0.9211,23.024,58
231,F_N+PB+MED,5,GRU,B_latidos,1251,313,0.9243,0.090731,0.301215,0.171023,1.1927,0.3006,0.9352,23.097,61
231,F_N+PB+MED,5,CNN-LSTM,B_latidos,1251,313,0.9242,0.090873,0.301452,0.17448,1.3665,0.3011,0.9315,19.052,52
231,F_N+PB+MED,5,CNN-GRU,B_latidos,1251,313,0.9258,0.088936,0.298221,0.174332,1.3887,0.3107,0.9372,19.059,49
231,F_N+PB+MED,10,LSTM,B_latidos,1247,312,0.9192,0.096872,0.311242,0.170081,1.416,0.3287,0.9279,31.066,76
231,F_N+PB+MED,10,GRU,B_latidos,1247,312,0.9219,0.093637,0.306001,0.169488,1.3355,0.3163,0.929,23.011,60
231,F_N+PB+MED,10,CNN-LSTM,B_latidos,1247,312,0.925,0.089836,0.299726,0.16882,1.2946,0.3051,0.9424,27.927,77
231,F_N+PB+MED,10,CNN-GRU,B_latidos,1247,312,0.925,0.089885,0.299809,0.16991,1.3829,0.315,0.9424,22.035,58
232,F_N+MED,3,LSTM,B_latidos,1420,355,0.7781,0.231615,0.481264,0.331267,4.6112,0.2809,0.8018,26.526,64
232,F_N+MED,3,GRU,B_latidos,1420,355,0.7807,0.228936,0.478473,0.332434,4.5755,0.3502,0.7833,18.127,45
232,F_N+MED,3,CNN-LSTM,B_latidos,1420,355,0.7763,0.233522,0.483242,0.334026,4.5161,0.2841,0.8047,18.623,47
232,F_N+MED,3,CNN-GRU,B_latidos,1420,355,0.76,0.250538,0.500538,0.352579,5.0767,0.2844,0.7761,14.035,32
232,F_N+MED,5,LSTM,B_latidos,1418,355,0.7881,0.221126,0.47024,0.322131,4.28,0.3016,0.7892,19.829,49
232,F_N+MED,5,GRU,B_latidos,1418,355,0.7977,0.211029,0.459378,0.31408,3.7826,0.2675,0.7672,14.204,32
232,F_N+MED,5,CNN-LSTM,B_latidos,1418,355,0.7694,0.240621,0.490531,0.345513,4.55,0.2787,0.7659,12.962,29
232,F_N+MED,5,CNN-GRU,B_latidos,1418,355,0.7771,0.23254,0.482224,0.334795,4.3223,0.2827,0.7695,11.386,28
232,F_N+MED,10,LSTM,B_latidos,1414,354,0.7787,0.230904,0.480525,0.334983,4.5418,0.2984,0.774,18.173,38
232,F_N+MED,10,GRU,B_latidos,1414,354,0.7869,0.222324,0.471512,0.326226,3.9614,0.3148,0.755,12.648,27
232,F_N+MED,10,CNN-LSTM,B_latidos,1414,354,0.77,0.239955,0.489852,0.343398,4.6131,0.321,0.7714,12.916,29
232,F_N+MED,10,CNN-GRU,B_latidos,1414,354,0.7725,0.237343,0.487178,0.33637,4.642,0.2901,0.8001,13.832,33
232,F_MED,3,LSTM,B_latidos,1420,355,0.7822,0.227368,0.476831,0.331064,4.6587,0.3073,0.7804,19.711,47
232,F_MED,3,GRU,B_latidos,1420,355,0.7877,0.221619,0.470764,0.326414,4.2987,0.2772,0.7916,18.843,46
232,F_MED,3,CNN-LSTM,B_latidos,1420,355,0.731,0.280882,0.529983,0.372007,5.308,0.2872,0.7995,18.216,46
232,F_MED,3,CNN-GRU,B_latidos,1420,355,0.7614,0.249107,0.499106,0.354891,4.9309,0.4297,0.769,12.007,30
232,F_MED,5,LSTM,B_latidos,1418,355,0.7719,0.23805,0.487904,0.334456,4.3295,0.3152,0.8129,22.706,57
232,F_MED,5,GRU,B_latidos,1418,355,0.7987,0.210072,0.458337,0.318418,4.1927,0.279,0.7921,16.267,39
232,F_MED,5,CNN-LSTM,B_latidos,1418,355,0.7771,0.232642,0.48233,0.340917,4.2481,0.3003,0.7723,12.548,29
232,F_MED,5,CNN-GRU,B_latidos,1418,355,0.7797,0.229945,0.479526,0.337647,4.2469,0.2897,0.7662,11.741,27
232,F_MED,10,LSTM,B_latidos,1414,354,0.7674,0.242685,0.492631,0.343865,4.5779,0.2924,0.7799,17.765,40
232,F_MED,10,GRU,B_latidos,1414,354,0.7803,0.229217,0.478766,0.334355,4.1023,0.6024,0.7494,11.997,26
232,F_MED,10,CNN-LSTM,B_latidos,1414,354,0.7672,0.24293,0.49288,0.349523,4.8652,0.293,0.7855,14.252,33
232,F_MED,10,CNN-GRU,B_latidos,1414,354,0.7621,0.248213,0.49821,0.346803,4.719,0.2891,0.761,11.506,26
232,F_N+PB+MED,3,LSTM,B_latidos,1420,355,0.714,0.292826,0.541134,0.336032,4.5848,0.2953,0.7464,22.834,53
232,F_N+PB+MED,3,GRU,B_latidos,1420,355,0.7148,0.292038,0.540406,0.343574,4.9756,0.5759,0.7022,16.615,36
232,F_N+PB+MED,3,CNN-LSTM,B_latidos,1420,355,0.6984,0.308748,0.555651,0.355471,5.3922,0.286,0.6658,12.194,28
232,F_N+PB+MED,3,CNN-GRU,B_latidos,1420,355,0.6913,0.316001,0.56214,0.366042,5.3117,0.5485,0.6636,10.239,26
232,F_N+PB+MED,5,LSTM,B_latidos,1418,355,0.7456,0.260473,0.510365,0.31137,4.0972,0.6347,0.6763,15.275,34
232,F_N+PB+MED,5,GRU,B_latidos,1418,355,0.7527,0.253235,0.503225,0.31173,3.9187,0.2868,0.6648,13.173,29
232,F_N+PB+MED,5,CNN-LSTM,B_latidos,1418,355,0.7366,0.269702,0.519328,0.332372,4.2606,0.5798,0.651,10.565,24
232,F_N+PB+MED,5,CNN-GRU,B_latidos,1418,355,0.7327,0.273658,0.523123,0.330517,4.2076,0.2783,0.6573,11.071,25
232,F_N+PB+MED,10,LSTM,B_latidos,1414,354,0.7349,0.271629,0.521181,0.332408,4.3881,0.2881,0.6703,13.501,28
232,F_N+PB+MED,10,GRU,B_latidos,1414,354,0.7239,0.282894,0.531878,0.344271,4.2368,0.3186,0.6545,9.617,22
232,F_N+PB+MED,10,CNN-LSTM,B_latidos,1414,354,0.7238,0.282981,0.531959,0.340609,4.7112,0.2868,0.7149,13.606,30
232,F_N+PB+MED,10,CNN-GRU,B_latidos,1414,354,0.7312,0.275424,0.524808,0.333564,4.6965,0.2865,0.6911,9.987,24
233,F_N+MED,3,LSTM,B_latidos,2459,615,0.8058,0.204046,0.451714,0.265387,2.4416,0.3101,0.8214,34.256,53
233,F_N+MED,3,GRU,B_latidos,2459,615,0.8001,0.210036,0.458297,0.261524,2.4817,0.1785,0.8494,43.493,80
233,F_N+MED,3,CNN-LSTM,B_latidos,2459,615,0.7682,0.243602,0.49356,0.29951,3.0848,0.2552,0.7695,17.273,27
233,F_N+MED,3,CNN-GRU,B_latidos,2459,615,0.767,0.244871,0.494845,0.292671,2.8523,0.1886,0.7709,17.0,27
233,F_N+MED,5,LSTM,B_latidos,2457,615,0.8009,0.209301,0.457494,0.269566,2.7174,0.1935,0.8369,33.427,57
233,F_N+MED,5,GRU,B_latidos,2457,615,0.8002,0.209996,0.458253,0.261311,2.5929,0.2204,0.8657,33.354,57
233,F_N+MED,5,CNN-LSTM,B_latidos,2457,615,0.778,0.233368,0.483082,0.27627,2.5326,0.2646,0.8575,26.935,46
233,F_N+MED,5,CNN-GRU,B_latidos,2457,615,0.7975,0.212788,0.461289,0.268378,2.4486,0.1927,0.8581,25.844,45
233,F_N+MED,10,LSTM,B_latidos,2453,614,0.8074,0.202613,0.450125,0.266749,2.4235,0.3206,0.838,32.434,51
233,F_N+MED,10,GRU,B_latidos,2453,614,0.8033,0.206934,0.4549,0.269333,2.6477,0.1969,0.8654,35.134,60
233,F_N+MED,10,CNN-LSTM,B_latidos,2453,614,0.7883,0.222791,0.472007,0.281944,2.7729,0.2625,0.8009,18.267,28
233,F_N+MED,10,CNN-GRU,B_latidos,2453,614,0.7666,0.245589,0.495569,0.309549,3.1493,0.2144,0.7771,14.597,23
233,F_MED,3,LSTM,B_latidos,2459,615,0.8107,0.198982,0.446074,0.261199,2.5858,0.1877,0.8262,35.741,60
233,F_MED,3,GRU,B_latidos,2459,615,0.8115,0.198117,0.445103,0.26372,2.5927,0.204,0.827,26.686,43
233,F_MED,3,CNN-LSTM,B_latidos,2459,615,0.7861,0.224827,0.474159,0.281459,2.6711,0.1974,0.7917,19.822,32
233,F_MED,3,CNN-GRU,B_latidos,2459,615,0.7835,0.227527,0.476998,0.282929,2.763,0.2005,0.7884,16.738,30
233,F_MED,5,LSTM,B_latidos,2457,615,0.8049,0.205079,0.452856,0.264954,2.656,0.1941,0.8432,34.004,55
233,F_MED,5,GRU,B_latidos,2457,615,0.802,0.208138,0.456222,0.2652,2.4711,0.1962,0.8406,31.878,56
233,F_MED,5,CNN-LSTM,B_latidos,2457,615,0.7944,0.216128,0.464896,0.274247,2.7956,0.2901,0.8497,27.876,49
233,F_MED,5,CNN-GRU,B_latidos,2457,615,0.7839,0.227107,0.476557,0.276601,2.4696,0.1921,0.849,21.367,39
233,F_MED,10,LSTM,B_latidos,2453,614,0.7998,0.21063,0.458945,0.265699,2.2889,0.3131,0.8669,60.373,100
233,F_MED,10,GRU,B_latidos,2453,614,0.8008,0.209574,0.457793,0.269344,2.6689,0.3419,0.8597,29.894,49
233,F_MED,10,CNN-LSTM,B_latidos,2453,614,0.7971,0.21354,0.462104,0.265169,2.357,0.2172,0.8639,31.714,55
233,F_MED,10,CNN-GRU,B_latidos,2453,614,0.7914,0.219491,0.468499,0.271703,2.4164,0.1948,0.8528,23.52,39
233,F_N+PB+MED,3,LSTM,B_latidos,2459,615,0.8064,0.219107,0.468089,0.239659,2.3556,0.1899,0.8593,49.416,82
233,F_N+PB+MED,3,GRU,B_latidos,2459,615,0.8059,0.21969,0.468711,0.244805,2.1506,0.2042,0.846,28.957,49
233,F_N+PB+MED,3,CNN-LSTM,B_latidos,2459,615,0.8045,0.221327,0.470454,0.240479,2.1708,0.2771,0.838,27.815,49
233,F_N+PB+MED,3,CNN-GRU,B_latidos,2459,615,0.7904,0.237261,0.487094,0.241557,2.2073,0.1881,0.8673,33.353,61
233,F_N+PB+MED,5,LSTM,B_latidos,2457,615,0.8122,0.212563,0.461046,0.237558,2.231,0.2035,0.8553,35.463,59
233,F_N+PB+MED,5,GRU,B_latidos,2457,615,0.8035,0.222439,0.471634,0.24598,2.0971,0.1849,0.8699,39.62,68
233,F_N+PB+MED,5,CNN-LSTM,B_latidos,2457,615,0.7814,0.247404,0.497397,0.251764,2.2159,0.1946,0.8348,32.651,56
233,F_N+PB+MED,5,CNN-GRU,B_latidos,2457,615,0.7908,0.236846,0.486668,0.257599,2.2431,0.2176,0.8319,19.886,36
233,F_N+PB+MED,10,LSTM,B_latidos,2453,614,0.811,0.214262,0.462884,0.242138,2.1702,0.2008,0.8411,31.096,50
233,F_N+PB+MED,10,GRU,B_latidos,2453,614,0.805,0.221058,0.470168,0.249532,2.1268,0.2536,0.8392,26.108,42
233,F_N+PB+MED,10,CNN-LSTM,B_latidos,2453,614,0.7786,0.250906,0.500905,0.26044,2.1543,0.2173,0.8136,22.312,36
233,F_N+PB+MED,10,CNN-GRU,B_latidos,2453,614,0.7848,0.243864,0.493826,0.266068,2.097,0.1971,0.8372,21.354,34
234,F_N+MED,3,LSTM,B_latidos,2198,550,0.8968,0.087099,0.295125,0.180801,2.2806,0.3847,0.9184,31.923,58
234,F_N+MED,3,GRU,B_latidos,2198,550,0.8997,0.084732,0.291088,0.172234,1.8981,0.204,0.9148,28.399,54
234,F_N+MED,3,CNN-LSTM,B_latidos,2198,550,0.8914,0.09172,0.302852,0.176466,1.946,0.2727,0.9163,29.947,58
234,F_N+MED,3,CNN-GRU,B_latidos,2198,550,0.8907,0.092255,0.303736,0.183332,2.2255,0.271,0.8907,16.781,31
234,F_N+MED,5,LSTM,B_latidos,2196,550,0.8429,0.132667,0.364235,0.21471,2.4397,0.3511,0.8836,18.936,33
234,F_N+MED,5,GRU,B_latidos,2196,550,0.8991,0.085236,0.291952,0.165705,2.4765,0.2032,0.9254,34.544,64
234,F_N+MED,5,CNN-LSTM,B_latidos,2196,550,0.8609,0.117482,0.342756,0.194783,2.4393,0.2828,0.8993,25.286,46
234,F_N+MED,5,CNN-GRU,B_latidos,2196,550,0.9115,0.07472,0.27335,0.1645,1.8262,0.2193,0.925,27.909,54
234,F_N+MED,10,LSTM,B_latidos,2192,549,0.8665,0.112784,0.335833,0.180358,2.5269,0.2076,0.9187,35.691,65
234,F_N+MED,10,GRU,B_latidos,2192,549,0.8961,0.087816,0.296338,0.168028,2.3186,0.2107,0.9216,36.941,66
234,F_N+MED,10,CNN-LSTM,B_latidos,2192,549,0.8866,0.095822,0.309552,0.186127,2.6292,0.2085,0.9017,21.166,36
234,F_N+MED,10,CNN-GRU,B_latidos,2192,549,0.8544,0.123028,0.350753,0.211585,2.6163,0.2376,0.8781,16.287,29
234,F_MED,3,LSTM,B_latidos,2198,550,0.8949,0.088721,0.29786,0.174462,2.6469,0.2121,0.9194,32.2,60
234,F_MED,3,GRU,B_latidos,2198,550,0.9056,0.079734,0.282373,0.168383,2.2163,0.2074,0.924,38.792,75
234,F_MED,3,CNN-LSTM,B_latidos,2198,550,0.906,0.079386,0.281755,0.158434,1.717,0.2154,0.9204,47.014,87
234,F_MED,3,CNN-GRU,B_latidos,2198,550,0.9149,0.071808,0.267971,0.160283,1.8662,0.2053,0.9253,29.993,57
234,F_MED,5,LSTM,B_latidos,2196,550,0.8866,0.095757,0.309446,0.178813,2.7793,0.2282,0.9137,28.095,48
234,F_MED,5,GRU,B_latidos,2196,550,0.8556,0.121964,0.349233,0.203671,2.4067,0.2028,0.8801,18.335,33
234,F_MED,5,CNN-LSTM,B_latidos,2196,550,0.9097,0.076243,0.276122,0.165061,1.974,0.2301,0.903,23.692,45
234,F_MED,5,CNN-GRU,B_latidos,2196,550,0.9185,0.068834,0.262362,0.153626,1.7599,0.2119,0.9276,38.937,73
234,F_MED,10,LSTM,B_latidos,2192,549,0.8714,0.108606,0.329554,0.183068,2.611,0.2138,0.9094,31.309,54
234,F_MED,10,GRU,B_latidos,2192,549,0.877,0.103858,0.322269,0.172489,2.579,0.2253,0.9179,33.113,60
234,F_MED,10,CNN-LSTM,B_latidos,2192,549,0.9184,0.068928,0.262541,0.152409,2.1186,0.2081,0.927,39.802,75
234,F_MED,10,CNN-GRU,B_latidos,2192,549,0.9203,0.067307,0.259436,0.154418,2.1173,0.2353,0.931,31.074,59
234,F_N+PB+MED,3,LSTM,B_latidos,2198,550,0.8755,0.105419,0.324683,0.206305,1.9867,0.2114,0.9181,54.521,100
234,F_N+PB+MED,3,GRU,B_latidos,2198,550,0.8692,0.110792,0.332855,0.211785,2.0801,0.2135,0.914,35.312,65
234,F_N+PB+MED,3,CNN-LSTM,B_latidos,2198,550,0.8807,0.101069,0.317914,0.205974,1.9544,0.2087,0.917,26.257,51
234,F_N+PB+MED,3,CNN-GRU,B_latidos,2198,550,0.8811,0.100675,0.317293,0.203502,1.9468,0.2,0.9151,23.196,45
234,F_N+PB+MED,5,LSTM,B_latidos,2196,550,0.8816,0.10024,0.316606,0.196291,1.8621,0.1987,0.9195,53.703,100
234,F_N+PB+MED,5,GRU,B_latidos,2196,550,0.8852,0.097175,0.311729,0.19247,1.8296,0.2048,0.9229,48.865,93
234,F_N+PB+MED,5,CNN-LSTM,B_latidos,2196,550,0.8941,0.089646,0.299409,0.197766,1.8793,0.2278,0.9281,38.78,73
234,F_N+PB+MED,5,CNN-GRU,B_latidos,2196,550,0.9006,0.084151,0.290089,0.190476,1.799,0.2039,0.9305,40.382,82
234,F_N+PB+MED,10,LSTM,B_latidos,2192,549,0.8849,0.097481,0.31222,0.20015,2.0384,0.2199,0.9242,54.972,100
234,F_N+PB+MED,10,GRU,B_latidos,2192,549,0.8965,0.087677,0.296103,0.185143,2.0002,0.2127,0.9292,53.473,100
234,F_N+PB+MED,10,CNN-LSTM,B_latidos,2192,549,0.887,0.095714,0.309377,0.198241,2.0228,0.208,0.9224,32.265,60
234,F_N+PB+MED,10,CNN-GRU,B_latidos,2192,549,0.8924,0.091114,0.301852,0.206715,2.045,0.2108,0.932,39.869,78
100,F_N+MED,3,Persistencia,B_latidos,1814,454,0.2212,1.025236,1.01254,0.701904,9.6841,0.0,0.4902,0.0,0
100,F_N+MED,5,Persistencia,B_latidos,1812,454,0.2212,1.02571,1.012774,0.702066,9.6864,0.0,0.49,0.0,0
100,F_N+MED,10,Persistencia,B_latidos,1808,453,0.2215,1.024804,1.012326,0.701422,10.4176,0.0,0.4901,0.0,0
100,F_MED,3,Persistencia,B_latidos,1814,454,0.219,1.029475,1.01463,0.703777,9.6658,0.0,0.4876,0.0,0
100,F_MED,5,Persistencia,B_latidos,1812,454,0.219,1.02995,1.014865,0.703939,9.668,0.0,0.4873,0.0,0
100,F_MED,10,Persistencia,B_latidos,1808,453,0.2193,1.029016,1.014404,0.703295,10.3542,0.0,0.4875,0.0,0
100,F_N+PB+MED,3,Persistencia,B_latidos,1814,454,0.3034,0.768874,0.876855,0.440289,5.5129,0.0,0.7651,0.0,0
100,F_N+PB+MED,5,Persistencia,B_latidos,1812,454,0.3034,0.768658,0.876731,0.440227,5.5122,0.0,0.765,0.0,0
100,F_N+PB+MED,10,Persistencia,B_latidos,1808,453,0.3065,0.764889,0.87458,0.438279,5.7761,0.0,0.7653,0.0,0
101,F_N+MED,3,Persistencia,B_latidos,1486,372,0.4569,0.201057,0.448394,0.335644,4.1433,0.0,-0.0622,0.0,0
101,F_N+MED,5,Persistencia,B_latidos,1484,372,0.4569,0.20085,0.448163,0.33547,4.1412,0.0,-0.0624,0.0,0
101,F_N+MED,10,Persistencia,B_latidos,1480,371,0.4569,0.200895,0.448214,0.335561,4.8913,0.0,-0.0625,0.0,0
101,F_MED,3,Persistencia,B_latidos,1486,372,0.4568,0.201758,0.449175,0.336167,4.1359,0.0,-0.0616,0.0,0
101,F_MED,5,Persistencia,B_latidos,1484,372,0.4568,0.20155,0.448943,0.335994,4.1338,0.0,-0.0619,0.0,0
101,F_MED,10,Persistencia,B_latidos,1480,371,0.4568,0.201599,0.448998,0.336091,4.8809,0.0,-0.0619,0.0,0
101,F_N+PB+MED,3,Persistencia,B_latidos,1486,372,0.7098,0.20508,0.452858,0.305659,3.3109,0.0,-0.0423,0.0,0
101,F_N+PB+MED,5,Persistencia,B_latidos,1484,372,0.7098,0.204971,0.452737,0.305578,3.31,0.0,-0.0428,0.0,0
101,F_N+PB+MED,10,Persistencia,B_latidos,1480,371,0.71,0.20465,0.452383,0.305497,3.5532,0.0,-0.0438,0.0,0
102,F_N+MED,3,Persistencia,B_latidos,1745,437,0.711,0.266846,0.516571,0.326722,3.3661,0.0,0.7233,0.0,0
102,F_N+MED,5,Persistencia,B_latidos,1744,436,0.7109,0.266888,0.516612,0.326679,3.5089,0.0,0.7233,0.0,0
102,F_N+MED,10,Persistencia,B_latidos,1740,435,0.7105,0.267047,0.516766,0.326875,3.3203,0.0,0.7234,0.0,0
102,F_MED,3,Persistencia,B_latidos,1745,437,0.7108,0.266566,0.5163,0.327288,3.4054,0.0,0.7237,0.0,0
102,F_MED,5,Persistencia,B_latidos,1744,436,0.7107,0.266595,0.516329,0.327235,3.5178,0.0,0.7238,0.0,0
102,F_MED,10,Persistencia,B_latidos,1740,435,0.7103,0.266765,0.516493,0.327435,3.3154,0.0,0.7239,0.0,0
102,F_N+PB+MED,3,Persistencia,B_latidos,1745,437,0.7286,0.251797,0.501794,0.280223,2.8094,0.0,0.778,0.0,0
102,F_N+PB+MED,5,Persistencia,B_latidos,1744,436,0.7285,0.251991,0.501987,0.280398,2.7964,0.0,0.7781,0.0,0
102,F_N+PB+MED,10,Persistencia,B_latidos,1740,435,0.7282,0.252079,0.502075,0.280481,2.739,0.0,0.7783,0.0,0
103,F_N+MED,3,Persistencia,B_latidos,1663,416,0.8313,0.080783,0.284224,0.217332,2.5582,0.0,0.5601,0.0,0
103,F_N+MED,5,Persistencia,B_latidos,1661,416,0.8313,0.080732,0.284134,0.217264,2.5574,0.0,0.5599,0.0,0
103,F_N+MED,10,Persistencia,B_latidos,1657,415,0.8321,0.08028,0.283337,0.216642,2.6046,0.0,0.5593,0.0,0
103,F_MED,3,Persistencia,B_latidos,1663,416,0.8303,0.081241,0.285027,0.217773,2.5635,0.0,0.5594,0.0,0
103,F_MED,5,Persistencia,B_latidos,1661,416,0.8303,0.081189,0.284938,0.217704,2.5627,0.0,0.5591,0.0,0
103,F_MED,10,Persistencia,B_latidos,1657,415,0.8311,0.080755,0.284174,0.217099,2.604,0.0,0.5586,0.0,0
103,F_N+PB+MED,3,Persistencia,B_latidos,1663,416,0.9365,0.058712,0.242306,0.157436,1.4468,0.0,0.7553,0.0,0
103,F_N+PB+MED,5,Persistencia,B_latidos,1661,416,0.9365,0.058712,0.242306,0.157436,1.4468,0.0,0.755,0.0,0
103,F_N+PB+MED,10,Persistencia,B_latidos,1657,415,0.9366,0.05865,0.242177,0.157318,1.4417,0.0,0.7544,0.0,0
104,F_N+MED,3,Persistencia,B_latidos,1764,442,0.428,0.468182,0.684238,0.439473,5.7973,0.0,0.483,0.0,0
104,F_N+MED,5,Persistencia,B_latidos,1763,441,0.4285,0.467462,0.683712,0.439503,5.501,0.0,0.4831,0.0,0
104,F_N+MED,10,Persistencia,B_latidos,1759,440,0.4307,0.466374,0.682916,0.438931,5.1173,0.0,0.4826,0.0,0
104,F_MED,3,Persistencia,B_latidos,1764,442,0.4276,0.468296,0.684322,0.439125,5.8041,0.0,0.4825,0.0,0
104,F_MED,5,Persistencia,B_latidos,1763,441,0.4281,0.467557,0.683781,0.43915,5.5352,0.0,0.4827,0.0,0
104,F_MED,10,Persistencia,B_latidos,1759,440,0.4303,0.466425,0.682953,0.438565,5.1204,0.0,0.4821,0.0,0
104,F_N+PB+MED,3,Persistencia,B_latidos,1764,442,0.3956,0.529071,0.727372,0.437206,6.0915,0.0,0.4992,0.0,0
104,F_N+PB+MED,5,Persistencia,B_latidos,1763,441,0.396,0.527987,0.726627,0.43705,5.6568,0.0,0.4994,0.0,0
104,F_N+PB+MED,10,Persistencia,B_latidos,1759,440,0.3987,0.526574,0.725654,0.436374,5.0881,0.0,0.4987,0.0,0
105,F_N+MED,3,Persistencia,B_latidos,2049,513,-0.6338,1.400205,1.183302,0.522169,9.0101,0.0,-0.6104,0.0,0
105,F_N+MED,5,Persistencia,B_latidos,2048,512,-0.6341,1.402317,1.184194,0.52273,8.898,0.0,-0.6106,0.0,0
105,F_N+MED,10,Persistencia,B_latidos,2044,511,-0.6345,1.402829,1.184411,0.523052,8.1843,0.0,-0.6114,0.0,0
105,F_MED,3,Persistencia,B_latidos,2049,513,-0.6349,1.397673,1.182232,0.521838,8.9881,0.0,-0.6108,0.0,0
105,F_MED,5,Persistencia,B_latidos,2048,512,-0.6352,1.399784,1.183125,0.522412,8.869,0.0,-0.611,0.0,0
105,F_MED,10,Persistencia,B_latidos,2044,511,-0.6356,1.4003,1.183343,0.522739,8.1613,0.0,-0.6118,0.0,0
105,F_N+PB+MED,3,Persistencia,B_latidos,2049,513,-0.7314,1.432798,1.196996,0.522552,8.3742,0.0,-0.8324,0.0,0
105,F_N+PB+MED,5,Persistencia,B_latidos,2048,512,-0.7318,1.43501,1.197919,0.523116,8.4189,0.0,-0.8329,0.0,0
105,F_N+PB+MED,10,Persistencia,B_latidos,2044,511,-0.7325,1.435812,1.198254,0.523574,6.8911,0.0,-0.8342,0.0,0
106,F_N+MED,3,Persistencia,B_latidos,1617,405,-0.8982,3.121983,1.766913,1.322822,17.7394,0.0,-0.5008,0.0,0
106,F_N+MED,5,Persistencia,B_latidos,1616,404,-0.8938,3.120416,1.76647,1.322262,18.1201,0.0,-0.5042,0.0,0
106,F_N+MED,10,Persistencia,B_latidos,1612,403,-0.8957,3.123654,1.767386,1.322792,18.8512,0.0,-0.5077,0.0,0
106,F_MED,3,Persistencia,B_latidos,1617,405,-0.8994,3.123639,1.767382,1.323403,17.6988,0.0,-0.502,0.0,0
106,F_MED,5,Persistencia,B_latidos,1616,404,-0.8949,3.122033,1.766928,1.322836,18.0783,0.0,-0.5053,0.0,0
106,F_MED,10,Persistencia,B_latidos,1612,403,-0.8968,3.125258,1.76784,1.323371,18.8198,0.0,-0.5089,0.0,0
106,F_N+PB+MED,3,Persistencia,B_latidos,1617,405,-0.8354,3.164708,1.778963,1.311319,17.0939,0.0,-0.4968,0.0,0
106,F_N+PB+MED,5,Persistencia,B_latidos,1616,404,-0.831,3.163483,1.778618,1.310701,17.4212,0.0,-0.5003,0.0,0
106,F_N+PB+MED,10,Persistencia,B_latidos,1612,403,-0.8335,3.167111,1.779638,1.311404,17.976,0.0,-0.5038,0.0,0
107,F_N+MED,3,Persistencia,B_latidos,1705,427,0.6196,0.432566,0.657698,0.435056,4.9114,0.0,0.669,0.0,0
107,F_N+MED,5,Persistencia,B_latidos,1704,426,0.6189,0.433447,0.658367,0.43558,4.7048,0.0,0.6689,0.0,0
107,F_N+MED,10,Persistencia,B_latidos,1700,425,0.6183,0.434517,0.659179,0.436332,4.4941,0.0,0.6681,0.0,0
107,F_MED,3,Persistencia,B_latidos,1705,427,0.6196,0.432688,0.657791,0.435233,4.9175,0.0,0.6689,0.0,0
107,F_MED,5,Persistencia,B_latidos,1704,426,0.6189,0.433572,0.658462,0.435761,4.7083,0.0,0.6688,0.0,0
107,F_MED,10,Persistencia,B_latidos,1700,425,0.6183,0.434641,0.659273,0.436509,4.5043,0.0,0.668,0.0,0
107,F_N+PB+MED,3,Persistencia,B_latidos,1705,427,0.6802,0.342444,0.585188,0.341165,3.4372,0.0,0.7251,0.0,0
107,F_N+PB+MED,5,Persistencia,B_latidos,1704,426,0.6796,0.343155,0.585794,0.341524,3.28,0.0,0.725,0.0,0
107,F_N+PB+MED,10,Persistencia,B_latidos,1700,425,0.679,0.343954,0.586476,0.342099,3.1683,0.0,0.7243,0.0,0
108,F_N+MED,3,Persistencia,B_latidos,1406,352,0.233,2.0616,1.435827,0.839241,12.7369,0.0,0.0083,0.0,0
108,F_N+MED,5,Persistencia,B_latidos,1404,352,0.233,2.059397,1.43506,0.838793,12.7301,0.0,0.0081,0.0,0
108,F_N+MED,10,Persistencia,B_latidos,1400,351,0.2334,2.059619,1.435137,0.838448,12.5868,0.0,0.0067,0.0,0
108,F_MED,3,Persistencia,B_latidos,1406,352,0.2331,2.063078,1.436342,0.839203,12.7152,0.0,0.0083,0.0,0
108,F_MED,5,Persistencia,B_latidos,1404,352,0.2331,2.060872,1.435574,0.838754,12.7084,0.0,0.008,0.0,0
108,F_MED,10,Persistencia,B_latidos,1400,351,0.2335,2.061105,1.435655,0.838412,12.563,0.0,0.0066,0.0,0
108,F_N+PB+MED,3,Persistencia,B_latidos,1406,352,-0.5535,1.458277,1.207591,0.724055,9.385,0.0,0.0998,0.0,0
108,F_N+PB+MED,5,Persistencia,B_latidos,1404,352,-0.5535,1.457773,1.207383,0.72393,9.3834,0.0,0.0988,0.0,0
108,F_N+PB+MED,10,Persistencia,B_latidos,1400,351,-0.5517,1.456321,1.206781,0.722409,9.2957,0.0,0.0956,0.0,0
109,F_N+MED,3,Persistencia,B_latidos,2021,506,0.6543,1.135266,1.065489,0.421174,3.2808,0.0,0.7635,0.0,0
109,F_N+MED,5,Persistencia,B_latidos,2020,505,0.6541,1.138716,1.067106,0.422033,4.0269,0.0,0.7633,0.0,0
109,F_N+MED,10,Persistencia,B_latidos,2016,504,0.654,1.142101,1.068691,0.422844,4.4939,0.0,0.7633,0.0,0
109,F_MED,3,Persistencia,B_latidos,2021,506,0.654,1.137937,1.066741,0.421849,3.2893,0.0,0.7633,0.0,0
109,F_MED,5,Persistencia,B_latidos,2020,505,0.6538,1.141398,1.068362,0.422705,4.0274,0.0,0.7631,0.0,0
109,F_MED,10,Persistencia,B_latidos,2016,504,0.6537,1.144789,1.069948,0.423518,4.5118,0.0,0.7631,0.0,0
109,F_N+PB+MED,3,Persistencia,B_latidos,2021,506,0.6855,0.98663,0.993292,0.359598,2.7935,0.0,0.7727,0.0,0
109,F_N+PB+MED,5,Persistencia,B_latidos,2020,505,0.6853,0.988441,0.994204,0.360088,3.5994,0.0,0.7727,0.0,0
109,F_N+PB+MED,10,Persistencia,B_latidos,2016,504,0.6852,0.989756,0.994865,0.360446,3.8329,0.0,0.7728,0.0,0
111,F_N+MED,3,Persistencia,B_latidos,1695,424,0.4064,0.336963,0.580485,0.420025,6.7421,0.0,0.3814,0.0,0
111,F_N+MED,5,Persistencia,B_latidos,1693,424,0.4064,0.336675,0.580237,0.419845,6.7392,0.0,0.3814,0.0,0
111,F_N+MED,10,Persistencia,B_latidos,1689,423,0.4065,0.336291,0.579906,0.419551,7.1297,0.0,0.3813,0.0,0
111,F_MED,3,Persistencia,B_latidos,1695,424,0.4063,0.336919,0.580447,0.419922,6.7383,0.0,0.3811,0.0,0
111,F_MED,5,Persistencia,B_latidos,1693,424,0.4063,0.336629,0.580198,0.419742,6.7354,0.0,0.381,0.0,0
111,F_MED,10,Persistencia,B_latidos,1689,423,0.4065,0.336231,0.579854,0.419435,7.1018,0.0,0.381,0.0,0
111,F_N+PB+MED,3,Persistencia,B_latidos,1695,424,0.5742,0.358882,0.599068,0.421381,5.5891,0.0,0.5293,0.0,0
111,F_N+PB+MED,5,Persistencia,B_latidos,1693,424,0.5742,0.358767,0.598971,0.421313,5.5882,0.0,0.5291,0.0,0
111,F_N+PB+MED,10,Persistencia,B_latidos,1689,423,0.5743,0.358279,0.598564,0.421104,5.7343,0.0,0.5287,0.0,0
112,F_N+MED,3,Persistencia,B_latidos,2027,507,0.9157,0.035,0.187084,0.145215,1.6384,0.0,0.7831,0.0,0
112,F_N+MED,5,Persistencia,B_latidos,2025,507,0.9157,0.034985,0.187043,0.145184,1.638,0.0,0.783,0.0,0
112,F_N+MED,10,Persistencia,B_latidos,2021,506,0.9155,0.035021,0.18714,0.145308,1.5424,0.0,0.7828,0.0,0
112,F_MED,3,Persistencia,B_latidos,2027,507,0.9153,0.035136,0.187446,0.145325,1.6292,0.0,0.783,0.0,0
112,F_MED,5,Persistencia,B_latidos,2025,507,0.9153,0.035121,0.187405,0.145293,1.6289,0.0,0.7829,0.0,0
112,F_MED,10,Persistencia,B_latidos,2021,506,0.9152,0.035156,0.1875,0.145411,1.5441,0.0,0.7827,0.0,0
112,F_N+PB+MED,3,Persistencia,B_latidos,2027,507,0.9589,0.035345,0.188003,0.12658,1.3245,0.0,0.9169,0.0,0
112,F_N+PB+MED,5,Persistencia,B_latidos,2025,507,0.9589,0.035342,0.187995,0.126574,1.3245,0.0,0.917,0.0,0
112,F_N+PB+MED,10,Persistencia,B_latidos,2021,506,0.9589,0.035368,0.188065,0.126615,1.3526,0.0,0.917,0.0,0
113,F_N+MED,3,Persistencia,B_latidos,1432,358,0.6459,0.297665,0.545587,0.29105,1.8674,0.0,0.5202,0.0,0
113,F_N+MED,5,Persistencia,B_latidos,1430,358,0.6459,0.297617,0.545543,0.291027,1.8673,0.0,0.5202,0.0,0
113,F_N+MED,10,Persistencia,B_latidos,1426,357,0.6454,0.298241,0.546115,0.291395,1.9729,0.0,0.5212,0.0,0
113,F_MED,3,Persistencia,B_latidos,1432,358,0.6461,0.297399,0.545343,0.290897,1.8816,0.0,0.5202,0.0,0
113,F_MED,5,Persistencia,B_latidos,1430,358,0.6461,0.297352,0.5453,0.290874,1.8815,0.0,0.5203,0.0,0
113,F_MED,10,Persistencia,B_latidos,1426,357,0.6456,0.297974,0.54587,0.291233,1.9693,0.0,0.5212,0.0,0
113,F_N+PB+MED,3,Persistencia,B_latidos,1432,358,0.6821,0.320027,0.565709,0.267929,1.2402,0.0,0.6891,0.0,0
113,F_N+PB+MED,5,Persistencia,B_latidos,1430,358,0.6821,0.320016,0.5657,0.267925,1.2401,0.0,0.6892,0.0,0
113,F_N+PB+MED,10,Persistencia,B_latidos,1426,357,0.6817,0.320597,0.566213,0.268079,1.1927,0.0,0.6901,0.0,0
114,F_N+MED,3,Persistencia,B_latidos,1499,375,0.1438,2.991186,1.729505,1.312713,20.5661,0.0,0.2958,0.0,0
114,F_N+MED,5,Persistencia,B_latidos,1497,375,0.1438,2.992073,1.729761,1.312908,20.5692,0.0,0.2956,0.0,0
114,F_N+MED,10,Persistencia,B_latidos,1493,374,0.1443,2.993446,1.730158,1.312846,20.4113,0.0,0.2947,0.0,0
114,F_MED,3,Persistencia,B_latidos,1499,375,0.1439,2.995738,1.73082,1.314295,20.5796,0.0,0.2958,0.0,0
114,F_MED,5,Persistencia,B_latidos,1497,375,0.1439,2.9966,1.731069,1.314484,20.5825,0.0,0.2956,0.0,0
114,F_MED,10,Persistencia,B_latidos,1493,374,0.1444,2.998012,1.731477,1.314441,20.4557,0.0,0.2946,0.0,0
114,F_N+PB+MED,3,Persistencia,B_latidos,1499,375,-0.17,0.921979,0.960197,0.698022,8.7489,0.0,0.3781,0.0,0
114,F_N+PB+MED,5,Persistencia,B_latidos,1497,375,-0.17,0.921945,0.96018,0.69801,8.7487,0.0,0.3776,0.0,0
114,F_N+PB+MED,10,Persistencia,B_latidos,1493,374,-0.1729,0.923562,0.961021,0.698611,8.7178,0.0,0.3765,0.0,0
115,F_N+MED,3,Persistencia,B_latidos,1558,390,0.7535,0.228786,0.478315,0.293777,2.8663,0.0,0.5306,0.0,0
115,F_N+MED,5,Persistencia,B_latidos,1556,390,0.7535,0.228713,0.47824,0.293731,2.8659,0.0,0.5307,0.0,0
115,F_N+MED,10,Persistencia,B_latidos,1552,389,0.7535,0.228842,0.478374,0.293828,2.9715,0.0,0.5311,0.0,0
115,F_MED,3,Persistencia,B_latidos,1558,390,0.7534,0.228915,0.47845,0.293915,2.8665,0.0,0.5305,0.0,0
115,F_MED,5,Persistencia,B_latidos,1556,390,0.7534,0.228842,0.478374,0.293869,2.8661,0.0,0.5306,0.0,0
115,F_MED,10,Persistencia,B_latidos,1552,389,0.7533,0.228971,0.478509,0.293968,2.9691,0.0,0.531,0.0,0
115,F_N+PB+MED,3,Persistencia,B_latidos,1558,390,0.607,0.341012,0.583963,0.353301,2.8625,0.0,0.6738,0.0,0
115,F_N+PB+MED,5,Persistencia,B_latidos,1556,390,0.607,0.341029,0.583976,0.35331,2.8626,0.0,0.6741,0.0,0
115,F_N+PB+MED,10,Persistencia,B_latidos,1552,389,0.6067,0.341414,0.584307,0.353269,2.926,0.0,0.674,0.0,0
116,F_N+MED,3,Persistencia,B_latidos,1925,482,0.2214,0.205877,0.453737,0.270165,4.1478,0.0,0.1259,0.0,0
116,F_N+MED,5,Persistencia,B_latidos,1924,481,0.221,0.206182,0.454072,0.270452,3.825,0.0,0.1257,0.0,0
116,F_N+MED,10,Persistencia,B_latidos,1920,480,0.2207,0.206233,0.454129,0.270424,3.9468,0.0,0.1253,0.0,0
116,F_MED,3,Persistencia,B_latidos,1925,482,0.2208,0.206028,0.453903,0.27018,4.145,0.0,0.1257,0.0,0
116,F_MED,5,Persistencia,B_latidos,1924,481,0.2204,0.206336,0.454242,0.270469,3.8217,0.0,0.1255,0.0,0
116,F_MED,10,Persistencia,B_latidos,1920,480,0.2201,0.206388,0.454299,0.270442,3.9458,0.0,0.1251,0.0,0
116,F_N+PB+MED,3,Persistencia,B_latidos,1925,482,-0.3903,0.368825,0.60731,0.281576,4.7825,0.0,-0.5392,0.0,0
116,F_N+PB+MED,5,Persistencia,B_latidos,1924,481,-0.3944,0.36941,0.607791,0.281729,4.4829,0.0,-0.5403,0.0,0
116,F_N+PB+MED,10,Persistencia,B_latidos,1920,480,-0.398,0.369964,0.608246,0.281913,4.5396,0.0,-0.5424,0.0,0
117,F_N+MED,3,Persistencia,B_latidos,1224,306,0.793,0.153107,0.391289,0.302531,2.9484,0.0,0.7392,0.0,0
117,F_N+MED,5,Persistencia,B_latidos,1222,306,0.793,0.153028,0.391188,0.302453,2.9477,0.0,0.7391,0.0,0
117,F_N+MED,10,Persistencia,B_latidos,1218,305,0.793,0.153065,0.391236,0.302542,3.1069,0.0,0.7386,0.0,0
117,F_MED,3,Persistencia,B_latidos,1224,306,0.7928,0.153236,0.391453,0.302699,2.9463,0.0,0.7391,0.0,0
117,F_MED,5,Persistencia,B_latidos,1222,306,0.7928,0.153157,0.391353,0.302622,2.9455,0.0,0.7391,0.0,0
117,F_MED,10,Persistencia,B_latidos,1218,305,0.7928,0.153195,0.391402,0.302716,3.1001,0.0,0.7385,0.0,0
117,F_N+PB+MED,3,Persistencia,B_latidos,1224,306,0.9291,0.060661,0.246294,0.149549,1.0322,0.0,0.9076,0.0,0
117,F_N+PB+MED,5,Persistencia,B_latidos,1222,306,0.9291,0.060667,0.246308,0.149558,1.0323,0.0,0.9076,0.0,0
117,F_N+PB+MED,10,Persistencia,B_latidos,1218,305,0.9294,0.060451,0.245867,0.149305,1.0882,0.0,0.9072,0.0,0
118,F_N+MED,3,Persistencia,B_latidos,1818,455,0.6256,0.336498,0.580085,0.312816,3.984,0.0,0.5775,0.0,0
118,F_N+MED,5,Persistencia,B_latidos,1816,455,0.6256,0.336531,0.580113,0.312831,3.9842,0.0,0.5775,0.0,0
118,F_N+MED,10,Persistencia,B_latidos,1812,454,0.6249,0.336996,0.580514,0.313059,4.0272,0.0,0.5773,0.0,0
118,F_MED,3,Persistencia,B_latidos,1818,455,0.6256,0.336912,0.580441,0.312945,3.9814,0.0,0.5775,0.0,0
118,F_MED,5,Persistencia,B_latidos,1816,455,0.6256,0.336945,0.580469,0.31296,3.9815,0.0,0.5774,0.0,0
118,F_MED,10,Persistencia,B_latidos,1812,454,0.6249,0.33741,0.58087,0.313182,4.0218,0.0,0.5773,0.0,0
118,F_N+PB+MED,3,Persistencia,B_latidos,1818,455,0.6259,0.43635,0.660568,0.318905,3.7498,0.0,0.5497,0.0,0
118,F_N+PB+MED,5,Persistencia,B_latidos,1816,455,0.6259,0.436376,0.660588,0.318915,3.7499,0.0,0.5494,0.0,0
118,F_N+PB+MED,10,Persistencia,B_latidos,1812,454,0.6252,0.437182,0.661197,0.319302,3.9037,0.0,0.5493,0.0,0
119,F_N+MED,3,Persistencia,B_latidos,1585,397,-0.801,1.830744,1.35305,0.718949,12.2821,0.0,-0.9264,0.0,0
119,F_N+MED,5,Persistencia,B_latidos,1584,396,-0.8071,1.824309,1.35067,0.717064,13.8172,0.0,-0.9247,0.0,0
119,F_N+MED,10,Persistencia,B_latidos,1580,395,-0.7976,1.816659,1.347835,0.714818,13.6823,0.0,-0.927,0.0,0
119,F_MED,3,Persistencia,B_latidos,1585,397,-0.8019,1.831468,1.353317,0.719226,12.2782,0.0,-0.927,0.0,0
119,F_MED,5,Persistencia,B_latidos,1584,396,-0.8079,1.825023,1.350934,0.717339,13.81,0.0,-0.9254,0.0,0
119,F_MED,10,Persistencia,B_latidos,1580,395,-0.7984,1.817367,1.348098,0.715094,13.6773,0.0,-0.9277,0.0,0
119,F_N+PB+MED,3,Persistencia,B_latidos,1585,397,-0.919,1.809077,1.345019,0.64556,12.2155,0.0,-0.9329,0.0,0
119,F_N+PB+MED,5,Persistencia,B_latidos,1584,396,-0.9281,1.803543,1.342961,0.644143,13.5674,0.0,-0.931,0.0,0
119,F_N+PB+MED,10,Persistencia,B_latidos,1580,395,-0.9186,1.796764,1.340434,0.642336,13.2691,0.0,-0.9333,0.0,0
121,F_N+MED,3,Persistencia,B_latidos,1486,372,0.6209,2.625308,1.62028,1.042474,15.2879,0.0,0.5542,0.0,0
121,F_N+MED,5,Persistencia,B_latidos,1484,372,0.6209,2.623562,1.619741,1.042128,15.2828,0.0,0.5542,0.0,0
121,F_N+MED,10,Persistencia,B_latidos,1480,371,0.6207,2.628227,1.621181,1.043495,14.315,0.0,0.5548,0.0,0
121,F_MED,3,Persistencia,B_latidos,1486,372,0.6208,2.625875,1.620455,1.042557,15.2874,0.0,0.5541,0.0,0
121,F_MED,5,Persistencia,B_latidos,1484,372,0.6208,2.624122,1.619914,1.042208,15.2823,0.0,0.5541,0.0,0
121,F_MED,10,Persistencia,B_latidos,1480,371,0.6206,2.628781,1.621352,1.043574,14.3097,0.0,0.5546,0.0,0
121,F_N+PB+MED,3,Persistencia,B_latidos,1486,372,-0.3454,1.6358,1.278984,0.81514,10.2376,0.0,0.7633,0.0,0
121,F_N+PB+MED,5,Persistencia,B_latidos,1484,372,-0.3454,1.635916,1.279029,0.815169,10.2379,0.0,0.7629,0.0,0
121,F_N+PB+MED,10,Persistencia,B_latidos,1480,371,-0.3488,1.640683,1.280891,0.81698,10.285,0.0,0.7625,0.0,0
122,F_N+MED,3,Persistencia,B_latidos,1976,495,0.731,0.237291,0.487125,0.354492,4.9399,0.0,0.6993,0.0,0
122,F_N+MED,5,Persistencia,B_latidos,1975,494,0.7306,0.237525,0.487366,0.354861,4.6993,0.0,0.6994,0.0,0
122,F_N+MED,10,Persistencia,B_latidos,1971,493,0.7301,0.237823,0.487671,0.355267,4.7424,0.0,0.6996,0.0,0
122,F_MED,3,Persistencia,B_latidos,1976,495,0.73,0.237948,0.487799,0.35524,4.9623,0.0,0.6982,0.0,0
122,F_MED,5,Persistencia,B_latidos,1975,494,0.7297,0.238175,0.488032,0.355612,4.6971,0.0,0.6984,0.0,0
122,F_MED,10,Persistencia,B_latidos,1971,493,0.7291,0.238475,0.488339,0.356022,4.73,0.0,0.6986,0.0,0
122,F_N+PB+MED,3,Persistencia,B_latidos,1976,495,0.7945,0.206708,0.454651,0.23935,3.9141,0.0,0.7844,0.0,0
122,F_N+PB+MED,5,Persistencia,B_latidos,1975,494,0.7943,0.206849,0.454806,0.239476,3.7849,0.0,0.7847,0.0,0
122,F_N+PB+MED,10,Persistencia,B_latidos,1971,493,0.7938,0.207157,0.455145,0.239626,4.0072,0.0,0.785,0.0,0
123,F_N+MED,3,Persistencia,B_latidos,1210,303,0.2529,0.745582,0.863471,0.597931,6.8957,0.0,0.3097,0.0,0
123,F_N+MED,5,Persistencia,B_latidos,1208,303,0.2529,0.746704,0.864121,0.598381,6.9009,0.0,0.3096,0.0,0
123,F_N+MED,10,Persistencia,B_latidos,1204,302,0.2514,0.748763,0.865311,0.599145,6.3232,0.0,0.3108,0.0,0
123,F_MED,3,Persistencia,B_latidos,1210,303,0.2524,0.745834,0.863617,0.598207,6.885,0.0,0.3092,0.0,0
123,F_MED,5,Persistencia,B_latidos,1208,303,0.2524,0.746955,0.864266,0.598657,6.8902,0.0,0.3091,0.0,0
123,F_MED,10,Persistencia,B_latidos,1204,302,0.2509,0.749017,0.865458,0.599423,6.3176,0.0,0.3104,0.0,0
123,F_N+PB+MED,3,Persistencia,B_latidos,1210,303,0.3838,0.66744,0.81697,0.452354,3.1506,0.0,0.4483,0.0,0
123,F_N+PB+MED,5,Persistencia,B_latidos,1208,303,0.3838,0.66756,0.817044,0.452395,3.1509,0.0,0.4484,0.0,0
123,F_N+PB+MED,10,Persistencia,B_latidos,1204,302,0.382,0.669564,0.818269,0.453176,3.015,0.0,0.4507,0.0,0
124,F_N+MED,3,Persistencia,B_latidos,1291,323,0.5116,0.183287,0.42812,0.29084,3.3203,0.0,0.4468,0.0,0
124,F_N+MED,5,Persistencia,B_latidos,1289,323,0.5116,0.183129,0.427936,0.290714,3.3189,0.0,0.4468,0.0,0
124,F_N+MED,10,Persistencia,B_latidos,1285,322,0.5106,0.183252,0.428079,0.290967,3.1927,0.0,0.4469,0.0,0
124,F_MED,3,Persistencia,B_latidos,1291,323,0.5115,0.183487,0.428354,0.290862,3.3215,0.0,0.4468,0.0,0
124,F_MED,5,Persistencia,B_latidos,1289,323,0.5115,0.183329,0.42817,0.290737,3.3201,0.0,0.4468,0.0,0
124,F_MED,10,Persistencia,B_latidos,1285,322,0.5106,0.183452,0.428314,0.290991,3.1928,0.0,0.4469,0.0,0
124,F_N+PB+MED,3,Persistencia,B_latidos,1291,323,0.6137,0.32468,0.569807,0.262092,2.5419,0.0,0.5455,0.0,0
124,F_N+PB+MED,5,Persistencia,B_latidos,1289,323,0.6137,0.32465,0.569781,0.26208,2.5418,0.0,0.5454,0.0,0
124,F_N+PB+MED,10,Persistencia,B_latidos,1285,322,0.6127,0.325241,0.570299,0.262374,2.4282,0.0,0.5458,0.0,0
200,F_N+MED,3,Persistencia,B_latidos,2076,520,-1.0862,1.933245,1.390412,0.857082,12.5717,0.0,-1.0457,0.0,0
200,F_N+MED,5,Persistencia,B_latidos,2075,519,-1.0947,1.930453,1.389407,0.856262,11.077,0.0,-1.0434,0.0,0
200,F_N+MED,10,Persistencia,B_latidos,2071,518,-1.0867,1.925729,1.387706,0.854902,11.4115,0.0,-1.0453,0.0,0
200,F_MED,3,Persistencia,B_latidos,2076,520,-1.0857,1.934097,1.390718,0.857156,12.5366,0.0,-1.0464,0.0,0
200,F_MED,5,Persistencia,B_latidos,2075,519,-1.0942,1.931325,1.389721,0.856336,11.0375,0.0,-1.0441,0.0,0
200,F_MED,10,Persistencia,B_latidos,2071,518,-1.0861,1.926594,1.388018,0.854969,11.3885,0.0,-1.0459,0.0,0
200,F_N+PB+MED,3,Persistencia,B_latidos,2076,520,-1.1819,2.074594,1.440345,0.860904,12.4614,0.0,-1.2007,0.0,0
200,F_N+PB+MED,5,Persistencia,B_latidos,2075,519,-1.1904,2.071333,1.439213,0.859905,11.102,0.0,-1.1983,0.0,0
200,F_N+PB+MED,10,Persistencia,B_latidos,2071,518,-1.1821,2.066468,1.437522,0.858578,11.5727,0.0,-1.2011,0.0,0
201,F_N+MED,3,Persistencia,B_latidos,1566,392,-0.556,0.664955,0.815448,0.578066,6.394,0.0,-0.3892,0.0,0
201,F_N+MED,5,Persistencia,B_latidos,1564,392,-0.556,0.66459,0.815224,0.577907,6.3922,0.0,-0.3892,0.0,0
201,F_N+MED,10,Persistencia,B_latidos,1560,391,-0.5572,0.663658,0.814652,0.57735,7.4596,0.0,-0.3897,0.0,0
201,F_MED,3,Persistencia,B_latidos,1566,392,-0.5556,0.663966,0.814841,0.57762,6.4169,0.0,-0.3886,0.0,0
201,F_MED,5,Persistencia,B_latidos,1564,392,-0.5556,0.663597,0.814615,0.577459,6.4151,0.0,-0.3885,0.0,0
201,F_MED,10,Persistencia,B_latidos,1560,391,-0.5567,0.662689,0.814057,0.576923,7.4468,0.0,-0.389,0.0,0
201,F_N+PB+MED,3,Persistencia,B_latidos,1566,392,-0.8073,0.908813,0.953317,0.681571,6.6035,0.0,-0.8319,0.0,0
201,F_N+PB+MED,5,Persistencia,B_latidos,1564,392,-0.8073,0.908339,0.953068,0.681393,6.6018,0.0,-0.8322,0.0,0
201,F_N+PB+MED,10,Persistencia,B_latidos,1560,391,-0.8067,0.908299,0.953047,0.681254,8.0957,0.0,-0.8323,0.0,0
202,F_N+MED,3,Persistencia,B_latidos,1704,427,-0.0595,0.546101,0.738986,0.478656,3.9404,0.0,0.0781,0.0,0
202,F_N+MED,5,Persistencia,B_latidos,1703,426,-0.0618,0.547754,0.740104,0.479649,3.7409,0.0,0.0769,0.0,0
202,F_N+MED,10,Persistencia,B_latidos,1699,425,-0.0646,0.549214,0.74109,0.480572,3.5744,0.0,0.0756,0.0,0
202,F_MED,3,Persistencia,B_latidos,1704,427,-0.0573,0.545236,0.738401,0.47708,3.8731,0.0,0.0783,0.0,0
202,F_MED,5,Persistencia,B_latidos,1703,426,-0.0596,0.546893,0.739522,0.478088,3.6806,0.0,0.0772,0.0,0
202,F_MED,10,Persistencia,B_latidos,1699,425,-0.0624,0.548346,0.740504,0.478991,3.5042,0.0,0.0758,0.0,0
202,F_N+PB+MED,3,Persistencia,B_latidos,1704,427,-0.2922,1.095275,1.046554,0.64875,4.4375,0.0,0.1324,0.0,0
202,F_N+PB+MED,5,Persistencia,B_latidos,1703,426,-0.2952,1.097731,1.047727,0.649886,4.182,0.0,0.1322,0.0,0
202,F_N+PB+MED,10,Persistencia,B_latidos,1699,425,-0.2979,1.100305,1.048954,0.651075,4.1004,0.0,0.131,0.0,0
203,F_N+MED,3,Persistencia,B_latidos,2376,595,-0.3862,1.532425,1.237912,0.874622,9.4262,0.0,-0.4507,0.0,0
203,F_N+MED,5,Persistencia,B_latidos,2375,594,-0.386,1.533844,1.238485,0.87524,10.3333,0.0,-0.451,0.0,0
203,F_N+MED,10,Persistencia,B_latidos,2371,593,-0.3867,1.534509,1.238753,0.875569,10.5277,0.0,-0.4511,0.0,0
203,F_MED,3,Persistencia,B_latidos,2376,595,-0.3865,1.534284,1.238662,0.87479,9.4214,0.0,-0.4505,0.0,0
203,F_MED,5,Persistencia,B_latidos,2375,594,-0.3864,1.535704,1.239235,0.875406,10.3436,0.0,-0.4508,0.0,0
203,F_MED,10,Persistencia,B_latidos,2371,593,-0.3871,1.536397,1.239515,0.87574,10.5212,0.0,-0.4509,0.0,0
203,F_N+PB+MED,3,Persistencia,B_latidos,2376,595,-0.8282,1.830886,1.353102,0.869656,7.3188,0.0,-0.9712,0.0,0
203,F_N+PB+MED,5,Persistencia,B_latidos,2375,594,-0.8279,1.832604,1.353737,0.870202,7.9985,0.0,-0.9711,0.0,0
203,F_N+PB+MED,10,Persistencia,B_latidos,2371,593,-0.8288,1.832692,1.35377,0.870039,8.1132,0.0,-0.9702,0.0,0
205,F_N+MED,3,Persistencia,B_latidos,2120,531,-0.1817,2.341669,1.530251,0.51869,5.2624,0.0,0.4524,0.0,0
205,F_N+MED,5,Persistencia,B_latidos,2119,530,-0.1827,2.346643,1.531876,0.519522,6.107,0.0,0.4521,0.0,0
205,F_N+MED,10,Persistencia,B_latidos,2115,529,-0.1842,2.350471,1.533124,0.519883,7.3497,0.0,0.4522,0.0,0
205,F_MED,3,Persistencia,B_latidos,2120,531,-0.182,2.342291,1.530454,0.518993,5.2574,0.0,0.452,0.0,0
205,F_MED,5,Persistencia,B_latidos,2119,530,-0.1829,2.347265,1.532079,0.519821,6.0993,0.0,0.4518,0.0,0
205,F_MED,10,Persistencia,B_latidos,2115,529,-0.1844,2.351099,1.533329,0.520188,7.3409,0.0,0.4518,0.0,0
205,F_N+PB+MED,3,Persistencia,B_latidos,2120,531,-0.3,4.619044,2.149196,0.607305,6.339,0.0,0.1194,0.0,0
205,F_N+PB+MED,5,Persistencia,B_latidos,2119,530,-0.3002,4.62612,2.150842,0.608113,7.6158,0.0,0.1193,0.0,0
205,F_N+PB+MED,10,Persistencia,B_latidos,2115,529,-0.3004,4.628697,2.151441,0.608634,9.4083,0.0,0.1191,0.0,0
207,F_N+MED,3,Persistencia,B_latidos,1484,371,0.7102,0.202958,0.450509,0.242484,2.5103,0.0,0.2038,0.0,0
207,F_N+MED,5,Persistencia,B_latidos,1482,371,0.7102,0.202874,0.450415,0.242434,2.5097,0.0,0.205,0.0,0
207,F_N+MED,10,Persistencia,B_latidos,1478,370,0.7095,0.203192,0.450768,0.242662,2.4603,0.0,0.2086,0.0,0
207,F_MED,3,Persistencia,B_latidos,1484,371,0.7099,0.203235,0.450816,0.242964,2.4973,0.0,0.2047,0.0,0
207,F_MED,5,Persistencia,B_latidos,1482,371,0.7099,0.20315,0.450722,0.242913,2.4968,0.0,0.2059,0.0,0
207,F_MED,10,Persistencia,B_latidos,1478,370,0.7092,0.203468,0.451075,0.243142,2.4745,0.0,0.2095,0.0,0
207,F_N+PB+MED,3,Persistencia,B_latidos,1484,371,0.784,0.218928,0.467898,0.207799,1.9521,0.0,0.4142,0.0,0
207,F_N+PB+MED,5,Persistencia,B_latidos,1482,371,0.784,0.218909,0.467877,0.207789,1.952,0.0,0.4157,0.0,0
207,F_N+PB+MED,10,Persistencia,B_latidos,1478,370,0.7835,0.219414,0.468416,0.208137,1.8461,0.0,0.4198,0.0,0
208,F_N+MED,3,Persistencia,B_latidos,2358,590,-0.8698,1.392653,1.180107,0.802239,11.9014,0.0,-0.5778,0.0,0
208,F_N+MED,5,Persistencia,B_latidos,2356,590,-0.8698,1.392612,1.18009,0.802227,11.9012,0.0,-0.5767,0.0,0
208,F_N+MED,10,Persistencia,B_latidos,2352,589,-0.8715,1.393422,1.180433,0.802377,10.3059,0.0,-0.5766,0.0,0
208,F_MED,3,Persistencia,B_latidos,2358,590,-0.869,1.392629,1.180097,0.802584,11.9051,0.0,-0.5771,0.0,0
208,F_MED,5,Persistencia,B_latidos,2356,590,-0.869,1.392581,1.180077,0.80257,11.9049,0.0,-0.576,0.0,0
208,F_MED,10,Persistencia,B_latidos,2352,589,-0.8707,1.39341,1.180428,0.802728,10.3118,0.0,-0.5759,0.0,0
208,F_N+PB+MED,3,Persistencia,B_latidos,2358,590,-1.0174,1.896109,1.376993,0.906145,13.7907,0.0,-1.0686,0.0,0
208,F_N+PB+MED,5,Persistencia,B_latidos,2356,590,-1.0174,1.896331,1.377073,0.906198,13.7915,0.0,-1.0676,0.0,0
208,F_N+PB+MED,10,Persistencia,B_latidos,2352,589,-1.0191,1.897985,1.377674,0.906465,11.8426,0.0,-1.0696,0.0,0
209,F_N+MED,3,Persistencia,B_latidos,2400,600,0.3672,0.738217,0.859196,0.647507,7.5792,0.0,0.4463,0.0,0
209,F_N+MED,5,Persistencia,B_latidos,2398,600,0.3672,0.737923,0.859024,0.647378,7.5777,0.0,0.4463,0.0,0
209,F_N+MED,10,Persistencia,B_latidos,2394,599,0.3668,0.738587,0.859411,0.647878,8.0009,0.0,0.4459,0.0,0
209,F_MED,3,Persistencia,B_latidos,2400,600,0.3672,0.738448,0.85933,0.64804,7.5091,0.0,0.4457,0.0,0
209,F_MED,5,Persistencia,B_latidos,2398,600,0.3672,0.738152,0.859158,0.64791,7.5076,0.0,0.4457,0.0,0
209,F_MED,10,Persistencia,B_latidos,2394,599,0.3669,0.73882,0.859546,0.648435,7.9606,0.0,0.4453,0.0,0
209,F_N+PB+MED,3,Persistencia,B_latidos,2400,600,0.3929,0.650373,0.806457,0.543686,5.0286,0.0,0.3793,0.0,0
209,F_N+PB+MED,5,Persistencia,B_latidos,2398,600,0.3929,0.650335,0.806433,0.54367,5.0285,0.0,0.379,0.0,0
209,F_N+PB+MED,10,Persistencia,B_latidos,2394,599,0.392,0.6512,0.80697,0.544127,4.9679,0.0,0.3783,0.0,0
210,F_N+MED,3,Persistencia,B_latidos,2116,529,-0.3963,0.965063,0.982376,0.663877,8.1369,0.0,0.0318,0.0,0
210,F_N+MED,5,Persistencia,B_latidos,2114,529,-0.3963,0.964922,0.982304,0.663829,8.1363,0.0,0.0332,0.0,0
210,F_N+MED,10,Persistencia,B_latidos,2110,528,-0.3971,0.965753,0.982727,0.66407,8.2076,0.0,0.0327,0.0,0
210,F_MED,3,Persistencia,B_latidos,2116,529,-0.3964,0.966503,0.983109,0.663662,8.1153,0.0,0.0317,0.0,0
210,F_MED,5,Persistencia,B_latidos,2114,529,-0.3964,0.966367,0.98304,0.663616,8.1147,0.0,0.0332,0.0,0
210,F_MED,10,Persistencia,B_latidos,2110,528,-0.3972,0.96721,0.983468,0.663869,8.1961,0.0,0.0326,0.0,0
210,F_N+PB+MED,3,Persistencia,B_latidos,2116,529,-0.4756,1.561665,1.249666,0.754632,7.1395,0.0,-0.4012,0.0,0
210,F_N+PB+MED,5,Persistencia,B_latidos,2114,529,-0.4756,1.562334,1.249934,0.754793,7.1411,0.0,-0.3985,0.0,0
210,F_N+PB+MED,10,Persistencia,B_latidos,2110,528,-0.4771,1.565278,1.251111,0.755625,8.0093,0.0,-0.3988,0.0,0
212,F_N+MED,3,Persistencia,B_latidos,2194,549,0.5274,0.481921,0.694205,0.512161,7.7901,0.0,0.5705,0.0,0
212,F_N+MED,5,Persistencia,B_latidos,2192,549,0.5274,0.481881,0.694177,0.51214,7.7897,0.0,0.5705,0.0,0
212,F_N+MED,10,Persistencia,B_latidos,2188,548,0.5272,0.482423,0.694567,0.512388,7.4175,0.0,0.5714,0.0,0
212,F_MED,3,Persistencia,B_latidos,2194,549,0.5265,0.482538,0.694649,0.512512,7.7551,0.0,0.5703,0.0,0
212,F_MED,5,Persistencia,B_latidos,2192,549,0.5265,0.482498,0.694621,0.512491,7.7548,0.0,0.5703,0.0,0
212,F_MED,10,Persistencia,B_latidos,2188,548,0.5263,0.483029,0.695003,0.512728,7.4107,0.0,0.5712,0.0,0
212,F_N+PB+MED,3,Persistencia,B_latidos,2194,549,0.6752,0.236612,0.486428,0.322306,4.0396,0.0,0.7923,0.0,0
212,F_N+PB+MED,5,Persistencia,B_latidos,2192,549,0.6752,0.236677,0.486495,0.32235,4.0402,0.0,0.7923,0.0,0
212,F_N+PB+MED,10,Persistencia,B_latidos,2188,548,0.6744,0.237102,0.486931,0.322685,3.8106,0.0,0.7932,0.0,0
213,F_N+MED,3,Persistencia,B_latidos,2596,650,0.0379,1.059113,1.029132,0.653001,13.4496,0.0,0.0439,0.0,0
213,F_N+MED,5,Persistencia,B_latidos,2595,649,0.0376,1.06017,1.029646,0.653263,12.1586,0.0,0.0436,0.0,0
213,F_N+MED,10,Persistencia,B_latidos,2591,648,0.0376,1.060938,1.030018,0.653336,10.7156,0.0,0.0422,0.0,0
213,F_MED,3,Persistencia,B_latidos,2596,650,0.0379,1.059151,1.029151,0.652987,13.4488,0.0,0.0439,0.0,0
213,F_MED,5,Persistencia,B_latidos,2595,649,0.0376,1.060208,1.029664,0.653248,12.157,0.0,0.0436,0.0,0
213,F_MED,10,Persistencia,B_latidos,2591,648,0.0375,1.060974,1.030036,0.65332,10.7149,0.0,0.0422,0.0,0
213,F_N+PB+MED,3,Persistencia,B_latidos,2596,650,-0.1297,1.096967,1.047362,0.565701,13.1846,0.0,-0.107,0.0,0
213,F_N+PB+MED,5,Persistencia,B_latidos,2595,649,-0.1302,1.098128,1.047916,0.56592,11.7801,0.0,-0.1074,0.0,0
213,F_N+PB+MED,10,Persistencia,B_latidos,2591,648,-0.1309,1.09899,1.048327,0.566222,10.1746,0.0,-0.1085,0.0,0
214,F_N+MED,3,Persistencia,B_latidos,1804,451,0.0122,0.877433,0.936714,0.493695,7.4667,0.0,-0.0107,0.0,0
214,F_N+MED,5,Persistencia,B_latidos,1802,451,0.0122,0.877122,0.936548,0.493608,7.4654,0.0,-0.0114,0.0,0
214,F_N+MED,10,Persistencia,B_latidos,1798,450,0.0124,0.877508,0.936754,0.493264,7.4177,0.0,-0.008,0.0,0
214,F_MED,3,Persistencia,B_latidos,1804,451,0.0129,0.876313,0.936116,0.493293,7.4779,0.0,-0.0106,0.0,0
214,F_MED,5,Persistencia,B_latidos,1802,451,0.0129,0.876004,0.935951,0.493206,7.4765,0.0,-0.0113,0.0,0
214,F_MED,10,Persistencia,B_latidos,1798,450,0.0131,0.876405,0.936165,0.492866,7.3902,0.0,-0.0079,0.0,0
214,F_N+PB+MED,3,Persistencia,B_latidos,1804,451,0.0076,0.931491,0.965138,0.496187,7.6813,0.0,-0.071,0.0,0
214,F_N+PB+MED,5,Persistencia,B_latidos,1802,451,0.0076,0.931162,0.964967,0.496099,7.68,0.0,-0.0718,0.0,0
214,F_N+PB+MED,10,Persistencia,B_latidos,1798,450,0.0079,0.931384,0.965082,0.495669,7.4129,0.0,-0.0682,0.0,0
215,F_N+MED,3,Persistencia,B_latidos,2686,672,0.2569,0.815354,0.90297,0.404815,4.2259,0.0,0.3662,0.0,0
215,F_N+MED,5,Persistencia,B_latidos,2684,672,0.2569,0.815169,0.902867,0.404769,4.2254,0.0,0.3659,0.0,0
215,F_N+MED,10,Persistencia,B_latidos,2680,671,0.2567,0.815724,0.903175,0.404725,4.3991,0.0,0.3653,0.0,0
215,F_MED,3,Persistencia,B_latidos,2686,672,0.2556,0.816525,0.903618,0.406771,4.1619,0.0,0.3647,0.0,0
215,F_MED,5,Persistencia,B_latidos,2684,672,0.2556,0.816341,0.903516,0.406725,4.1614,0.0,0.3644,0.0,0
215,F_MED,10,Persistencia,B_latidos,2680,671,0.2554,0.816889,0.903819,0.406689,4.3671,0.0,0.3638,0.0,0
215,F_N+PB+MED,3,Persistencia,B_latidos,2686,672,0.1852,0.91796,0.958102,0.406206,3.992,0.0,0.2885,0.0,0
215,F_N+PB+MED,5,Persistencia,B_latidos,2684,672,0.1852,0.91779,0.958014,0.406169,3.9916,0.0,0.2881,0.0,0
215,F_N+PB+MED,10,Persistencia,B_latidos,2680,671,0.1845,0.918741,0.95851,0.406467,4.3766,0.0,0.2874,0.0,0
217,F_N+MED,3,Persistencia,B_latidos,1762,441,0.4605,0.617724,0.785954,0.382252,3.6094,0.0,0.2041,0.0,0
217,F_N+MED,5,Persistencia,B_latidos,1760,441,0.4605,0.617791,0.785997,0.382272,3.6096,0.0,0.2041,0.0,0
217,F_N+MED,10,Persistencia,B_latidos,1756,440,0.4593,0.619098,0.786828,0.382915,4.1382,0.0,0.2028,0.0,0
217,F_MED,3,Persistencia,B_latidos,1762,441,0.4607,0.618083,0.786183,0.382448,3.6233,0.0,0.2041,0.0,0
217,F_MED,5,Persistencia,B_latidos,1760,441,0.4607,0.618148,0.786224,0.382468,3.6235,0.0,0.2041,0.0,0
217,F_MED,10,Persistencia,B_latidos,1756,440,0.4595,0.619452,0.787053,0.383114,4.1457,0.0,0.2028,0.0,0
217,F_N+PB+MED,3,Persistencia,B_latidos,1762,441,0.5281,0.61231,0.782503,0.381927,3.2636,0.0,0.238,0.0,0
217,F_N+PB+MED,5,Persistencia,B_latidos,1760,441,0.5281,0.612488,0.782616,0.381982,3.2641,0.0,0.2379,0.0,0
217,F_N+PB+MED,10,Persistencia,B_latidos,1756,440,0.527,0.613991,0.783576,0.382697,3.7109,0.0,0.2365,0.0,0
219,F_N+MED,3,Persistencia,B_latidos,1719,430,0.2184,0.570343,0.755211,0.51236,6.4666,0.0,0.2325,0.0,0
219,F_N+MED,5,Persistencia,B_latidos,1717,430,0.2184,0.570073,0.755032,0.512238,6.4651,0.0,0.2327,0.0,0
219,F_N+MED,10,Persistencia,B_latidos,1713,429,0.2162,0.570051,0.755017,0.512062,5.8199,0.0,0.2329,0.0,0
219,F_MED,3,Persistencia,B_latidos,1719,430,0.2185,0.570157,0.755088,0.512099,6.469,0.0,0.2327,0.0,0
219,F_MED,5,Persistencia,B_latidos,1717,430,0.2185,0.569887,0.754909,0.511978,6.4675,0.0,0.2328,0.0,0
219,F_MED,10,Persistencia,B_latidos,1713,429,0.2162,0.569867,0.754895,0.511805,5.8213,0.0,0.2331,0.0,0
219,F_N+PB+MED,3,Persistencia,B_latidos,1719,430,-0.1406,1.207801,1.099,0.635863,8.6507,0.0,-0.2407,0.0,0
219,F_N+PB+MED,5,Persistencia,B_latidos,1717,430,-0.1406,1.209346,1.099703,0.63627,8.6563,0.0,-0.2404,0.0,0
219,F_N+PB+MED,10,Persistencia,B_latidos,1713,429,-0.14,1.211372,1.100624,0.63635,7.4396,0.0,-0.2419,0.0,0
220,F_N+MED,3,Persistencia,B_latidos,1634,409,0.7592,0.389912,0.624429,0.377536,3.7915,0.0,0.6431,0.0,0
220,F_N+MED,5,Persistencia,B_latidos,1632,409,0.7592,0.390499,0.624899,0.37782,3.7943,0.0,0.6428,0.0,0
220,F_N+MED,10,Persistencia,B_latidos,1628,408,0.759,0.394853,0.628373,0.379934,3.6929,0.0,0.6425,0.0,0
220,F_MED,3,Persistencia,B_latidos,1634,409,0.7583,0.391194,0.625455,0.378544,3.808,0.0,0.642,0.0,0
220,F_MED,5,Persistencia,B_latidos,1632,409,0.7583,0.391782,0.625925,0.378829,3.8108,0.0,0.6417,0.0,0
220,F_MED,10,Persistencia,B_latidos,1628,408,0.7581,0.396149,0.629404,0.380952,3.7125,0.0,0.6413,0.0,0
220,F_N+PB+MED,3,Persistencia,B_latidos,1634,409,0.787,0.394905,0.628415,0.327849,2.6108,0.0,0.6226,0.0,0
220,F_N+PB+MED,5,Persistencia,B_latidos,1632,409,0.787,0.394999,0.62849,0.327888,2.6111,0.0,0.6222,0.0,0
220,F_N+PB+MED,10,Persistencia,B_latidos,1628,408,0.7868,0.395884,0.629193,0.328145,2.6291,0.0,0.6216,0.0,0
221,F_N+MED,3,Persistencia,B_latidos,1937,485,-0.3982,0.662515,0.81395,0.452811,6.0169,0.0,-0.772,0.0,0
221,F_N+MED,5,Persistencia,B_latidos,1936,484,-0.3984,0.663621,0.814629,0.453197,5.6185,0.0,-0.773,0.0,0
221,F_N+MED,10,Persistencia,B_latidos,1932,483,-0.3985,0.665312,0.815667,0.453716,7.2787,0.0,-0.7705,0.0,0
221,F_MED,3,Persistencia,B_latidos,1937,485,-0.401,0.66258,0.81399,0.453269,5.9682,0.0,-0.7754,0.0,0
221,F_MED,5,Persistencia,B_latidos,1936,484,-0.4013,0.663686,0.814669,0.45366,5.611,0.0,-0.7764,0.0,0
221,F_MED,10,Persistencia,B_latidos,1932,483,-0.4014,0.66538,0.815708,0.454182,7.2761,0.0,-0.7739,0.0,0
221,F_N+PB+MED,3,Persistencia,B_latidos,1937,485,-0.8636,0.722992,0.850289,0.444799,5.4987,0.0,-0.9804,0.0,0
221,F_N+PB+MED,5,Persistencia,B_latidos,1936,484,-0.8635,0.72414,0.850964,0.445096,4.99,0.0,-0.9819,0.0,0
221,F_N+PB+MED,10,Persistencia,B_latidos,1932,483,-0.8642,0.726163,0.852152,0.44576,6.9393,0.0,-0.9796,0.0,0
222,F_N+MED,3,Persistencia,B_latidos,1982,496,-0.3172,1.234401,1.111036,0.877944,11.5499,0.0,-0.5244,0.0,0
222,F_N+MED,5,Persistencia,B_latidos,1980,496,-0.3172,1.234295,1.110988,0.877906,11.5494,0.0,-0.5248,0.0,0
222,F_N+MED,10,Persistencia,B_latidos,1976,495,-0.318,1.240593,1.113819,0.880768,10.803,0.0,-0.5258,0.0,0
222,F_MED,3,Persistencia,B_latidos,1982,496,-0.3174,1.234227,1.110958,0.878214,11.5946,0.0,-0.5237,0.0,0
222,F_MED,5,Persistencia,B_latidos,1980,496,-0.3174,1.234122,1.11091,0.878176,11.5941,0.0,-0.5241,0.0,0
222,F_MED,10,Persistencia,B_latidos,1976,495,-0.3183,1.240407,1.113735,0.881023,10.7523,0.0,-0.525,0.0,0
222,F_N+PB+MED,3,Persistencia,B_latidos,1982,496,-0.9673,2.081923,1.442887,1.114013,12.5716,0.0,-0.9298,0.0,0
222,F_N+PB+MED,5,Persistencia,B_latidos,1980,496,-0.9673,2.083473,1.443424,1.114428,12.5763,0.0,-0.9304,0.0,0
222,F_N+PB+MED,10,Persistencia,B_latidos,1976,495,-0.969,2.08937,1.445465,1.116819,11.2238,0.0,-0.9305,0.0,0
223,F_N+MED,3,Persistencia,B_latidos,2080,520,-0.2892,1.143035,1.069128,0.651188,7.8986,0.0,-0.4157,0.0,0
223,F_N+MED,5,Persistencia,B_latidos,2078,520,-0.2892,1.142611,1.06893,0.651067,7.8972,0.0,-0.4163,0.0,0
223,F_N+MED,10,Persistencia,B_latidos,2074,519,-0.2835,1.131028,1.063498,0.6479,7.6923,0.0,-0.4191,0.0,0
223,F_MED,3,Persistencia,B_latidos,2080,520,-0.2898,1.143459,1.069327,0.651363,7.9006,0.0,-0.4165,0.0,0
223,F_MED,5,Persistencia,B_latidos,2078,520,-0.2898,1.143035,1.069128,0.651242,7.8991,0.0,-0.4171,0.0,0
223,F_MED,10,Persistencia,B_latidos,2074,519,-0.284,1.131443,1.063693,0.648072,7.6971,0.0,-0.4198,0.0,0
223,F_N+PB+MED,3,Persistencia,B_latidos,2080,520,-0.4551,1.54067,1.241237,0.717718,8.2367,0.0,-0.8151,0.0,0
223,F_N+PB+MED,5,Persistencia,B_latidos,2078,520,-0.4551,1.540448,1.241148,0.717666,8.2361,0.0,-0.8162,0.0,0
223,F_N+PB+MED,10,Persistencia,B_latidos,2074,519,-0.4503,1.526857,1.235661,0.714308,8.2787,0.0,-0.8196,0.0,0
228,F_N+MED,3,Persistencia,B_latidos,1638,410,-0.6798,1.002253,1.001126,0.666907,9.4122,0.0,-0.3746,0.0,0
228,F_N+MED,5,Persistencia,B_latidos,1636,410,-0.6798,1.002206,1.001102,0.666891,9.412,0.0,-0.375,0.0,0
228,F_N+MED,10,Persistencia,B_latidos,1632,409,-0.6878,0.9977,0.998849,0.665768,9.788,0.0,-0.3758,0.0,0
228,F_MED,3,Persistencia,B_latidos,1638,410,-0.6799,1.002416,1.001207,0.666888,9.448,0.0,-0.3745,0.0,0
228,F_MED,5,Persistencia,B_latidos,1636,410,-0.6799,1.002371,1.001185,0.666873,9.4478,0.0,-0.3749,0.0,0
228,F_MED,10,Persistencia,B_latidos,1632,409,-0.6879,0.997886,0.998943,0.665754,9.8101,0.0,-0.3757,0.0,0
228,F_N+PB+MED,3,Persistencia,B_latidos,1638,410,-0.6676,1.489743,1.22055,0.718727,10.1706,0.0,-0.7265,0.0,0
228,F_N+PB+MED,5,Persistencia,B_latidos,1636,410,-0.6676,1.491007,1.221068,0.719032,10.1749,0.0,-0.7271,0.0,0
228,F_N+PB+MED,10,Persistencia,B_latidos,1632,409,-0.6787,1.484231,1.21829,0.717895,10.1235,0.0,-0.7264,0.0,0
230,F_N+MED,3,Persistencia,B_latidos,1800,451,0.4418,0.799396,0.894089,0.608871,9.0266,0.0,0.5314,0.0,0
230,F_N+MED,5,Persistencia,B_latidos,1799,450,0.4414,0.800993,0.894982,0.609813,7.965,0.0,0.5312,0.0,0
230,F_N+MED,10,Persistencia,B_latidos,1795,449,0.4411,0.802659,0.895912,0.610523,8.6307,0.0,0.5317,0.0,0
230,F_MED,3,Persistencia,B_latidos,1800,451,0.4422,0.799104,0.893926,0.608694,9.009,0.0,0.5314,0.0,0
230,F_MED,5,Persistencia,B_latidos,1799,450,0.4418,0.8007,0.894819,0.609637,7.9507,0.0,0.5312,0.0,0
230,F_MED,10,Persistencia,B_latidos,1795,449,0.4415,0.802364,0.895748,0.610346,8.6146,0.0,0.5317,0.0,0
230,F_N+PB+MED,3,Persistencia,B_latidos,1800,451,0.3621,0.784626,0.885791,0.561808,8.0629,0.0,0.6076,0.0,0
230,F_N+PB+MED,5,Persistencia,B_latidos,1799,450,0.3613,0.785799,0.886453,0.562459,7.2062,0.0,0.6074,0.0,0
230,F_N+PB+MED,10,Persistencia,B_latidos,1795,449,0.3603,0.787143,0.887211,0.5631,7.3932,0.0,0.6089,0.0,0
231,F_N+MED,3,Persistencia,B_latidos,1252,314,0.802,0.219525,0.468534,0.310058,2.5178,0.0,0.7473,0.0,0
231,F_N+MED,5,Persistencia,B_latidos,1251,313,0.8017,0.220051,0.469096,0.310572,2.2053,0.0,0.7494,0.0,0
231,F_N+MED,10,Persistencia,B_latidos,1247,312,0.8015,0.220402,0.46947,0.310751,2.662,0.0,0.751,0.0,0
231,F_MED,3,Persistencia,B_latidos,1252,314,0.8018,0.219584,0.468598,0.310289,2.5169,0.0,0.747,0.0,0
231,F_MED,5,Persistencia,B_latidos,1251,313,0.8015,0.220112,0.469161,0.310806,2.1997,0.0,0.7491,0.0,0
231,F_MED,10,Persistencia,B_latidos,1247,312,0.8013,0.220468,0.46954,0.310988,2.6589,0.0,0.7507,0.0,0
231,F_N+PB+MED,3,Persistencia,B_latidos,1252,314,0.7876,0.254391,0.504372,0.307737,1.919,0.0,0.7396,0.0,0
231,F_N+PB+MED,5,Persistencia,B_latidos,1251,313,0.7871,0.255042,0.505016,0.308247,1.6705,0.0,0.7422,0.0,0
231,F_N+PB+MED,10,Persistencia,B_latidos,1247,312,0.7869,0.255386,0.505357,0.308342,2.0379,0.0,0.7444,0.0,0
232,F_N+MED,3,Persistencia,B_latidos,1420,355,0.6367,0.379221,0.615809,0.404501,3.9686,0.0,0.3426,0.0,0
232,F_N+MED,5,Persistencia,B_latidos,1418,355,0.6367,0.379053,0.615673,0.404411,3.9677,0.0,0.3437,0.0,0
232,F_N+MED,10,Persistencia,B_latidos,1414,354,0.6364,0.379396,0.615951,0.404524,3.669,0.0,0.3444,0.0,0
232,F_MED,3,Persistencia,B_latidos,1420,355,0.6367,0.379315,0.615885,0.404504,3.9726,0.0,0.3424,0.0,0
232,F_MED,5,Persistencia,B_latidos,1418,355,0.6367,0.379147,0.615749,0.404414,3.9718,0.0,0.3435,0.0,0
232,F_MED,10,Persistencia,B_latidos,1414,354,0.6363,0.37949,0.616028,0.404531,3.6781,0.0,0.3442,0.0,0
232,F_N+PB+MED,3,Persistencia,B_latidos,1420,355,0.4312,0.58239,0.763145,0.454123,3.8422,0.0,-0.0361,0.0,0
232,F_N+PB+MED,5,Persistencia,B_latidos,1418,355,0.4312,0.582451,0.763185,0.454147,3.8424,0.0,-0.0345,0.0,0
232,F_N+PB+MED,10,Persistencia,B_latidos,1414,354,0.4304,0.583627,0.763955,0.454434,3.5984,0.0,-0.0324,0.0,0
233,F_N+MED,3,Persistencia,B_latidos,2459,615,-0.6346,1.717654,1.310593,0.880729,10.4268,0.0,-0.5091,0.0,0
233,F_N+MED,5,Persistencia,B_latidos,2457,615,-0.6346,1.717965,1.310712,0.880809,10.4277,0.0,-0.5098,0.0,0
233,F_N+MED,10,Persistencia,B_latidos,2453,614,-0.6346,1.719908,1.311452,0.881228,11.218,0.0,-0.5088,0.0,0
233,F_MED,3,Persistencia,B_latidos,2459,615,-0.6346,1.717981,1.310718,0.880789,10.4306,0.0,-0.5095,0.0,0
233,F_MED,5,Persistencia,B_latidos,2457,615,-0.6346,1.718292,1.310836,0.880868,10.4315,0.0,-0.5102,0.0,0
233,F_MED,10,Persistencia,B_latidos,2453,614,-0.6347,1.720238,1.311578,0.881289,11.2209,0.0,-0.5092,0.0,0
233,F_N+PB+MED,3,Persistencia,B_latidos,2459,615,-0.9707,2.230569,1.493509,0.998052,11.9158,0.0,-0.9141,0.0,0
233,F_N+PB+MED,5,Persistencia,B_latidos,2457,615,-0.9707,2.230618,1.493525,0.998063,11.9159,0.0,-0.9155,0.0,0
233,F_N+PB+MED,10,Persistencia,B_latidos,2453,614,-0.9704,2.233235,1.494401,0.998503,12.5791,0.0,-0.9153,0.0,0
234,F_N+MED,3,Persistencia,B_latidos,2198,550,0.717,0.238998,0.488874,0.243151,2.8201,0.0,0.7072,0.0,0
234,F_N+MED,5,Persistencia,B_latidos,2196,550,0.717,0.239049,0.488927,0.243177,2.8204,0.0,0.707,0.0,0
234,F_N+MED,10,Persistencia,B_latidos,2192,549,0.7164,0.239565,0.489454,0.243491,2.957,0.0,0.7071,0.0,0
234,F_MED,3,Persistencia,B_latidos,2198,550,0.7169,0.239035,0.488912,0.243104,2.8264,0.0,0.7071,0.0,0
234,F_MED,5,Persistencia,B_latidos,2196,550,0.7169,0.239086,0.488964,0.24313,2.8267,0.0,0.7069,0.0,0
234,F_MED,10,Persistencia,B_latidos,2192,549,0.7164,0.2396,0.48949,0.243437,2.9567,0.0,0.707,0.0,0
234,F_N+PB+MED,3,Persistencia,B_latidos,2198,550,0.7132,0.242842,0.49279,0.273591,2.8837,0.0,0.7084,0.0,0
234,F_N+PB+MED,5,Persistencia,B_latidos,2196,550,0.7132,0.242815,0.492763,0.273576,2.8835,0.0,0.7082,0.0,0
234,F_N+PB+MED,10,Persistencia,B_latidos,2192,549,0.713,0.243037,0.492988,0.273606,3.1437,0.0,0.7081,0.0,0
