Paciente,Filtro,Horizonte_seg,Modelo,Experimento,n_train,n_test,R2,MSE,RMSE,MAE,DTW,Latencia_ms,R2_train,t_fit_s,epochs_ran
100,F_N+MED,1,LSTM,A_tiempo,576,144,0.4974,0.629514,0.793419,0.588383,8.7203,1.5047,0.7412,20.81,58
100,F_N+MED,1,GRU,A_tiempo,576,144,0.586,0.518502,0.720071,0.516721,8.3308,1.3942,0.7757,15.594,56
100,F_N+MED,1,CNN-LSTM,A_tiempo,576,144,0.5652,0.544575,0.737953,0.533683,8.5478,2.3441,0.7819,14.252,45
100,F_N+MED,1,CNN-GRU,A_tiempo,576,144,0.5763,0.53071,0.728498,0.52138,8.4139,1.3433,0.831,19.369,76
100,F_N+MED,3,LSTM,A_tiempo,576,144,0.2381,0.996775,0.998386,0.734221,16.8635,1.5364,0.548,14.009,47
100,F_N+MED,3,GRU,A_tiempo,576,144,0.2924,0.925658,0.962111,0.694087,16.7046,1.952,0.5657,16.557,56
100,F_N+MED,3,CNN-LSTM,A_tiempo,576,144,0.2633,0.96372,0.981692,0.702437,17.3194,1.3883,0.5958,13.123,51
100,F_N+MED,3,CNN-GRU,A_tiempo,576,144,0.2542,0.975716,0.987783,0.703021,17.1309,1.2239,0.6371,15.231,62
100,F_N+MED,5,LSTM,A_tiempo,575,144,0.1386,1.143227,1.069218,0.781344,26.0813,0.582,0.3488,9.854,28
100,F_N+MED,5,GRU,A_tiempo,575,144,0.1759,1.093682,1.045793,0.760922,25.2229,0.6366,0.435,14.946,49
100,F_N+MED,5,CNN-LSTM,A_tiempo,575,144,0.1401,1.141112,1.068228,0.773239,25.4302,0.686,0.4479,11.806,42
100,F_N+MED,5,CNN-GRU,A_tiempo,575,144,0.1779,1.091015,1.044517,0.753684,23.8973,0.5944,0.4874,13.47,49
100,F_MED,1,LSTM,A_tiempo,576,144,0.4865,0.643959,0.802471,0.591983,9.1064,2.1658,0.7053,12.154,41
100,F_MED,1,GRU,A_tiempo,576,144,0.5613,0.550162,0.741729,0.533652,8.9223,2.4466,0.7601,15.036,52
100,F_MED,1,CNN-LSTM,A_tiempo,576,144,0.5639,0.546894,0.739523,0.532868,8.5825,1.3308,0.7633,12.128,45
100,F_MED,1,CNN-GRU,A_tiempo,576,144,0.5842,0.521433,0.722103,0.522035,8.0347,1.2505,0.8151,18.725,78
100,F_MED,3,LSTM,A_tiempo,576,144,0.2312,1.006802,1.003395,0.726641,17.2272,1.588,0.4992,11.374,37
100,F_MED,3,GRU,A_tiempo,576,144,0.2886,0.931717,0.965255,0.691049,17.0144,2.1142,0.5546,15.547,56
100,F_MED,3,CNN-LSTM,A_tiempo,576,144,0.2518,0.979861,0.989879,0.714345,17.7357,1.3797,0.5821,13.71,52
100,F_MED,3,CNN-GRU,A_tiempo,576,144,0.2623,0.966148,0.982928,0.696237,16.9145,1.2093,0.5962,12.56,47
100,F_MED,5,LSTM,A_tiempo,575,144,0.1188,1.171093,1.08217,0.788139,25.5177,0.6064,0.3854,10.952,33
100,F_MED,5,GRU,A_tiempo,575,144,0.1834,1.085165,1.041713,0.755911,24.6443,0.5906,0.4449,18.251,68
100,F_MED,5,CNN-LSTM,A_tiempo,575,144,0.1551,1.122734,1.059591,0.759926,25.001,0.5827,0.5252,15.648,59
100,F_MED,5,CNN-GRU,A_tiempo,575,144,0.1779,1.092452,1.045204,0.754493,24.1222,0.5707,0.4832,13.013,50
100,F_N+PB+MED,1,LSTM,A_tiempo,576,144,0.6124,0.352324,0.593569,0.425673,4.7341,1.5301,0.796,20.372,68
100,F_N+PB+MED,1,GRU,A_tiempo,576,144,0.6207,0.344738,0.587144,0.421346,4.4097,2.1325,0.8125,20.748,80
100,F_N+PB+MED,1,CNN-LSTM,A_tiempo,576,144,0.6215,0.344016,0.586529,0.422578,4.5529,1.3979,0.7979,17.98,69
100,F_N+PB+MED,1,CNN-GRU,A_tiempo,576,144,0.6245,0.341264,0.584178,0.421779,4.6503,1.296,0.8082,14.687,57
100,F_N+PB+MED,3,LSTM,A_tiempo,576,144,0.2568,0.810191,0.900106,0.617084,11.7916,2.2422,0.6095,16.834,56
100,F_N+PB+MED,3,GRU,A_tiempo,576,144,0.3648,0.692417,0.832116,0.554467,11.1098,1.3695,0.6267,19.47,73
100,F_N+PB+MED,3,CNN-LSTM,A_tiempo,576,144,0.3226,0.73843,0.859319,0.57057,11.8731,2.557,0.6149,14.064,55
100,F_N+PB+MED,3,CNN-GRU,A_tiempo,576,144,0.3281,0.732515,0.855871,0.570895,11.4739,2.5612,0.6199,13.04,50
100,F_N+PB+MED,5,LSTM,A_tiempo,575,144,0.2408,0.831489,0.91186,0.63169,15.9131,0.6073,0.5881,18.746,68
100,F_N+PB+MED,5,GRU,A_tiempo,575,144,0.2562,0.814658,0.902584,0.624872,16.0659,0.7873,0.5325,14.595,49
100,F_N+PB+MED,5,CNN-LSTM,A_tiempo,575,144,0.2592,0.811325,0.900736,0.618138,16.268,0.5784,0.545,14.421,54
100,F_N+PB+MED,5,CNN-GRU,A_tiempo,575,144,0.2477,0.82395,0.907717,0.625175,15.8663,0.5705,0.5796,15.576,62
101,F_N+MED,1,LSTM,A_tiempo,576,144,0.1816,0.299275,0.547061,0.421028,8.4262,2.3424,0.344,7.942,26
101,F_N+MED,1,GRU,A_tiempo,576,144,0.212,0.288168,0.536813,0.412957,8.5727,1.4806,0.3038,7.282,22
101,F_N+MED,1,CNN-LSTM,A_tiempo,576,144,0.1693,0.303757,0.551142,0.419922,7.3969,1.3094,0.4744,9.945,34
101,F_N+MED,1,CNN-GRU,A_tiempo,576,144,0.2414,0.277408,0.526695,0.396659,7.1108,1.3167,0.3872,8.092,25
101,F_N+MED,3,LSTM,A_tiempo,576,144,0.0919,0.33212,0.576298,0.452305,14.8769,1.5652,0.1675,9.511,25
101,F_N+MED,3,GRU,A_tiempo,576,144,0.0851,0.334618,0.578462,0.455389,14.9253,2.0055,0.1792,7.608,25
101,F_N+MED,3,CNN-LSTM,A_tiempo,576,144,0.0823,0.335645,0.579349,0.451144,13.7501,1.42,0.2298,8.229,31
101,F_N+MED,3,CNN-GRU,A_tiempo,576,144,0.0861,0.334263,0.578155,0.452215,13.2183,1.2469,0.239,8.433,29
101,F_N+MED,5,LSTM,A_tiempo,575,144,0.0438,0.355097,0.5959,0.471422,19.8826,0.5988,0.1451,9.948,29
101,F_N+MED,5,GRU,A_tiempo,575,144,0.0285,0.360782,0.600652,0.4752,19.9816,0.5997,0.109,9.399,26
101,F_N+MED,5,CNN-LSTM,A_tiempo,575,144,0.0261,0.361668,0.601389,0.474466,18.8462,0.5663,0.1936,10.411,36
101,F_N+MED,5,CNN-GRU,A_tiempo,575,144,0.0417,0.355871,0.596549,0.471437,20.1156,0.5769,0.1084,7.993,23
101,F_MED,1,LSTM,A_tiempo,576,144,0.1168,0.324708,0.569832,0.442197,8.4635,1.4928,0.4562,10.925,34
101,F_MED,1,GRU,A_tiempo,576,144,0.2032,0.292956,0.541254,0.418978,8.6534,1.4939,0.2808,7.764,20
101,F_MED,1,CNN-LSTM,A_tiempo,576,144,0.0848,0.33648,0.580069,0.439772,7.4125,1.2988,0.5336,10.161,36
101,F_MED,1,CNN-GRU,A_tiempo,576,144,0.2413,0.278942,0.528149,0.4043,6.8711,1.8871,0.4087,7.927,26
101,F_MED,3,LSTM,A_tiempo,576,144,0.0828,0.336664,0.580227,0.455434,14.9042,1.5545,0.2165,10.947,34
101,F_MED,3,GRU,A_tiempo,576,144,0.0829,0.336631,0.580199,0.454323,14.8137,1.4532,0.1845,9.764,26
101,F_MED,3,CNN-LSTM,A_tiempo,576,144,0.0517,0.348103,0.590003,0.459837,13.2779,1.3745,0.2809,10.654,37
101,F_MED,3,CNN-GRU,A_tiempo,576,144,0.0601,0.344991,0.58736,0.460378,13.1067,2.548,0.2431,8.335,29
101,F_MED,5,LSTM,A_tiempo,575,144,0.0398,0.357749,0.598121,0.473744,20.2713,0.6,0.1599,10.938,32
101,F_MED,5,GRU,A_tiempo,575,144,0.0529,0.352868,0.594027,0.469282,20.1604,0.6159,0.1258,9.797,28
101,F_MED,5,CNN-LSTM,A_tiempo,575,144,0.0164,0.366463,0.605362,0.48033,19.2372,0.5844,0.139,8.991,29
101,F_MED,5,CNN-GRU,A_tiempo,575,144,0.0426,0.356697,0.597241,0.473192,19.4436,0.7612,0.1227,7.458,25
101,F_N+PB+MED,1,LSTM,A_tiempo,576,144,0.5702,0.28428,0.53318,0.392944,6.0133,1.5578,0.7156,17.249,62
101,F_N+PB+MED,1,GRU,A_tiempo,576,144,0.5814,0.276879,0.526193,0.383289,5.6698,1.3508,0.683,16.617,59
101,F_N+PB+MED,1,CNN-LSTM,A_tiempo,576,144,0.5383,0.305379,0.552611,0.399008,5.8437,1.2628,0.6944,18.326,76
101,F_N+PB+MED,1,CNN-GRU,A_tiempo,576,144,0.5288,0.311675,0.558278,0.405644,5.9988,1.2929,0.6873,18.944,72
101,F_N+PB+MED,3,LSTM,A_tiempo,576,144,0.1443,0.567897,0.75359,0.570247,17.7262,1.4941,0.2004,11.208,34
101,F_N+PB+MED,3,GRU,A_tiempo,576,144,0.2416,0.503374,0.709488,0.525585,14.6362,2.0913,0.3456,15.974,57
101,F_N+PB+MED,3,CNN-LSTM,A_tiempo,576,144,0.2126,0.522565,0.722887,0.5349,15.2893,2.5874,0.318,11.838,45
101,F_N+PB+MED,3,CNN-GRU,A_tiempo,576,144,0.1908,0.537043,0.732832,0.547638,15.6263,1.2277,0.2621,10.445,38
101,F_N+PB+MED,5,LSTM,A_tiempo,575,144,0.1086,0.592539,0.769766,0.580378,23.3922,0.606,0.1793,13.235,42
101,F_N+PB+MED,5,GRU,A_tiempo,575,144,0.113,0.589602,0.767856,0.578734,24.4314,0.6647,0.1009,9.38,28
101,F_N+PB+MED,5,CNN-LSTM,A_tiempo,575,144,0.0765,0.613886,0.783509,0.58799,24.549,0.5941,0.0965,8.855,28
101,F_N+PB+MED,5,CNN-GRU,A_tiempo,575,144,0.0982,0.599431,0.774229,0.583095,23.357,0.5816,0.1178,8.748,28
102,F_N+MED,1,LSTM,A_tiempo,576,144,0.5329,0.423302,0.650616,0.44151,5.2104,1.559,0.7082,15.634,54
102,F_N+MED,1,GRU,A_tiempo,576,144,0.5601,0.398617,0.631361,0.42576,4.8397,1.3439,0.7213,16.157,59
102,F_N+MED,1,CNN-LSTM,A_tiempo,576,144,0.559,0.399653,0.632181,0.43051,4.8022,1.3166,0.692,12.812,47
102,F_N+MED,1,CNN-GRU,A_tiempo,576,144,0.5724,0.387503,0.622498,0.420299,4.7007,1.7432,0.7105,13.089,50
102,F_N+MED,3,LSTM,A_tiempo,576,144,0.3002,0.646989,0.804357,0.563279,13.4752,1.5986,0.4725,14.451,48
102,F_N+MED,3,GRU,A_tiempo,576,144,0.3172,0.631251,0.794513,0.555919,13.2293,1.3789,0.4592,13.97,48
102,F_N+MED,3,CNN-LSTM,A_tiempo,576,144,0.3465,0.604218,0.777314,0.539955,13.5574,1.3144,0.5024,15.366,62
102,F_N+MED,3,CNN-GRU,A_tiempo,576,144,0.3551,0.596205,0.772143,0.538155,13.2572,1.2177,0.4562,11.228,39
102,F_N+MED,5,LSTM,A_tiempo,575,144,0.4769,0.481901,0.694191,0.483253,13.7712,0.598,0.5593,26.351,99
102,F_N+MED,5,GRU,A_tiempo,575,144,0.3954,0.557006,0.746328,0.526892,16.606,0.5783,0.4443,14.054,48
102,F_N+MED,5,CNN-LSTM,A_tiempo,575,144,0.5046,0.456387,0.675565,0.480433,13.5449,0.5677,0.6113,23.318,94
102,F_N+MED,5,CNN-GRU,A_tiempo,575,144,0.4909,0.469029,0.684857,0.48177,13.4002,0.9311,0.5832,19.663,81
102,F_MED,1,LSTM,A_tiempo,576,144,0.5489,0.408176,0.638886,0.432047,5.1545,2.6001,0.7512,18.246,65
102,F_MED,1,GRU,A_tiempo,576,144,0.5674,0.391493,0.625694,0.419967,4.7276,1.3482,0.6979,14.772,53
102,F_MED,1,CNN-LSTM,A_tiempo,576,144,0.5498,0.40743,0.638302,0.432273,4.8132,1.3053,0.7111,14.303,53
102,F_MED,1,CNN-GRU,A_tiempo,576,144,0.5638,0.394712,0.628261,0.425161,4.7178,1.2444,0.6983,12.425,45
102,F_MED,3,LSTM,A_tiempo,576,144,0.3023,0.644115,0.802568,0.554821,12.5711,1.4933,0.5706,18.992,70
102,F_MED,3,GRU,A_tiempo,576,144,0.3243,0.623851,0.789843,0.550506,13.3749,1.3947,0.4537,14.3,48
102,F_MED,3,CNN-LSTM,A_tiempo,576,144,0.3505,0.599647,0.774369,0.537368,13.7069,1.312,0.4782,12.9,47
102,F_MED,3,CNN-GRU,A_tiempo,576,144,0.3516,0.598597,0.77369,0.539875,13.6723,1.2237,0.4387,9.887,35
102,F_MED,5,LSTM,A_tiempo,575,144,0.4653,0.491815,0.701295,0.49119,14.194,0.9233,0.5432,27.003,100
102,F_MED,5,GRU,A_tiempo,575,144,0.4863,0.472538,0.687414,0.484594,13.7501,0.6079,0.5314,26.413,99
102,F_MED,5,CNN-LSTM,A_tiempo,575,144,0.4961,0.463493,0.680804,0.487295,14.0321,0.573,0.6095,22.913,94
102,F_MED,5,CNN-GRU,A_tiempo,575,144,0.4874,0.47148,0.686644,0.485096,13.4796,0.5854,0.5753,20.704,83
102,F_N+PB+MED,1,LSTM,A_tiempo,576,144,0.6172,0.353591,0.594635,0.353378,4.0112,1.5413,0.7908,20.875,73
102,F_N+PB+MED,1,GRU,A_tiempo,576,144,0.5812,0.386861,0.621981,0.3836,4.6045,1.3369,0.7163,15.664,57
102,F_N+PB+MED,1,CNN-LSTM,A_tiempo,576,144,0.5901,0.378649,0.615344,0.372263,4.243,1.304,0.7657,19.044,75
102,F_N+PB+MED,1,CNN-GRU,A_tiempo,576,144,0.5886,0.380017,0.616455,0.375036,4.2763,1.3136,0.761,14.796,59
102,F_N+PB+MED,3,LSTM,A_tiempo,576,144,0.395,0.563633,0.750755,0.475801,10.826,1.5216,0.5548,18.514,66
102,F_N+PB+MED,3,GRU,A_tiempo,576,144,0.3343,0.620112,0.787472,0.505423,12.617,1.431,0.46,14.277,51
102,F_N+PB+MED,3,CNN-LSTM,A_tiempo,576,144,0.5291,0.438673,0.662324,0.430138,10.3206,1.3573,0.6824,24.453,100
102,F_N+PB+MED,3,CNN-GRU,A_tiempo,576,144,0.3711,0.585837,0.7654,0.492575,13.2414,1.2132,0.4526,9.836,35
102,F_N+PB+MED,5,LSTM,A_tiempo,575,144,0.5347,0.430861,0.6564,0.402748,10.9046,1.4776,0.5791,27.126,100
102,F_N+PB+MED,5,GRU,A_tiempo,575,144,0.529,0.436224,0.660472,0.410409,11.1095,0.5732,0.5811,26.651,100
102,F_N+PB+MED,5,CNN-LSTM,A_tiempo,575,144,0.5742,0.394367,0.627986,0.408098,11.552,0.6011,0.6628,24.331,100
102,F_N+PB+MED,5,CNN-GRU,A_tiempo,575,144,0.5507,0.416072,0.645036,0.403776,10.807,0.597,0.6273,23.824,100
103,F_N+MED,1,LSTM,A_tiempo,576,144,0.5967,0.20645,0.454368,0.344269,5.08,1.4923,0.6833,13.875,46
103,F_N+MED,1,GRU,A_tiempo,576,144,0.63,0.1894,0.435201,0.327378,4.4452,1.3373,0.7136,14.034,50
103,F_N+MED,1,CNN-LSTM,A_tiempo,576,144,0.6381,0.185284,0.430447,0.314773,4.103,1.3014,0.7627,15.364,60
103,F_N+MED,1,CNN-GRU,A_tiempo,576,144,0.614,0.19761,0.444534,0.332388,3.8962,1.2597,0.7154,12.774,48
103,F_N+MED,3,LSTM,A_tiempo,576,144,0.3183,0.343121,0.585765,0.442781,12.0946,2.4062,0.4224,10.682,38
103,F_N+MED,3,GRU,A_tiempo,576,144,0.3679,0.318155,0.564052,0.425558,10.865,1.5583,0.4211,12.661,41
103,F_N+MED,3,CNN-LSTM,A_tiempo,576,144,0.359,0.322639,0.568013,0.428965,11.1209,1.4338,0.4235,10.394,37
103,F_N+MED,3,CNN-GRU,A_tiempo,576,144,0.3324,0.335994,0.57965,0.437826,10.7034,1.2395,0.4457,10.522,37
103,F_N+MED,5,LSTM,A_tiempo,575,144,0.2354,0.383397,0.619191,0.475293,17.627,0.6044,0.2676,9.854,33
103,F_N+MED,5,GRU,A_tiempo,575,144,0.2254,0.388389,0.623208,0.481486,17.0687,0.6024,0.2446,8.303,28
103,F_N+MED,5,CNN-LSTM,A_tiempo,575,144,0.2438,0.379198,0.615791,0.470747,16.5025,0.6806,0.333,14.98,58
103,F_N+MED,5,CNN-GRU,A_tiempo,575,144,0.2442,0.378997,0.615628,0.464258,15.8897,0.5986,0.3175,9.899,35
103,F_MED,1,LSTM,A_tiempo,576,144,0.64,0.184172,0.429153,0.320435,4.495,1.6088,0.7589,17.173,62
103,F_MED,1,GRU,A_tiempo,576,144,0.5771,0.216325,0.465108,0.347429,5.0854,1.4566,0.5905,10.272,32
103,F_MED,1,CNN-LSTM,A_tiempo,576,144,0.6315,0.188485,0.434149,0.320392,4.4415,2.5558,0.7483,15.045,55
103,F_MED,1,CNN-GRU,A_tiempo,576,144,0.6462,0.18098,0.425417,0.309695,3.9361,1.2929,0.7361,12.355,48
103,F_MED,3,LSTM,A_tiempo,576,144,0.3449,0.329734,0.574225,0.433642,11.3184,1.5313,0.4498,11.855,40
103,F_MED,3,GRU,A_tiempo,576,144,0.3592,0.32258,0.567961,0.42828,11.2217,1.9219,0.4026,10.709,39
103,F_MED,3,CNN-LSTM,A_tiempo,576,144,0.3424,0.33099,0.575317,0.431094,11.3503,1.9202,0.4285,10.097,37
103,F_MED,3,CNN-GRU,A_tiempo,576,144,0.3368,0.333842,0.577791,0.435043,11.1757,2.5442,0.3989,8.48,30
103,F_MED,5,LSTM,A_tiempo,575,144,0.2427,0.379706,0.616203,0.470636,15.9996,0.5911,0.3067,12.054,38
103,F_MED,5,GRU,A_tiempo,575,144,0.2784,0.361816,0.601511,0.453345,15.5556,0.8292,0.3266,13.403,45
103,F_MED,5,CNN-LSTM,A_tiempo,575,144,0.2647,0.368663,0.607176,0.456858,15.6696,0.5806,0.4022,13.048,50
103,F_MED,5,CNN-GRU,A_tiempo,575,144,0.2516,0.375248,0.612575,0.46244,15.51,0.5665,0.3197,10.46,35
103,F_N+PB+MED,1,LSTM,A_tiempo,576,144,0.7652,0.216619,0.465423,0.309338,3.8903,1.4623,0.7679,14.185,48
103,F_N+PB+MED,1,GRU,A_tiempo,576,144,0.7803,0.202674,0.450193,0.300238,3.5271,2.1852,0.7847,16.204,56
103,F_N+PB+MED,1,CNN-LSTM,A_tiempo,576,144,0.7689,0.213228,0.461766,0.306647,3.8035,1.3098,0.7586,12.775,46
103,F_N+PB+MED,1,CNN-GRU,A_tiempo,576,144,0.759,0.222332,0.471521,0.317282,3.8676,1.2226,0.7814,11.986,44
103,F_N+PB+MED,3,LSTM,A_tiempo,576,144,0.5135,0.451092,0.671634,0.45922,12.2879,1.5012,0.5094,12.468,40
103,F_N+PB+MED,3,GRU,A_tiempo,576,144,0.5083,0.455905,0.675207,0.453642,11.5514,1.375,0.5412,16.454,60
103,F_N+PB+MED,3,CNN-LSTM,A_tiempo,576,144,0.5087,0.455495,0.674904,0.456676,11.5865,1.3115,0.5249,11.879,44
103,F_N+PB+MED,3,CNN-GRU,A_tiempo,576,144,0.5089,0.455329,0.674781,0.454901,11.579,1.2807,0.539,10.815,40
103,F_N+PB+MED,5,LSTM,A_tiempo,575,144,0.4018,0.556939,0.746284,0.510035,18.3645,0.582,0.4375,21.421,77
103,F_N+PB+MED,5,GRU,A_tiempo,575,144,0.3985,0.560001,0.748332,0.51529,19.0429,0.5946,0.4193,16.561,60
103,F_N+PB+MED,5,CNN-LSTM,A_tiempo,575,144,0.3844,0.573211,0.757107,0.52226,18.6103,0.5995,0.4212,13.164,50
103,F_N+PB+MED,5,CNN-GRU,A_tiempo,575,144,0.3836,0.573911,0.757569,0.521513,18.485,0.6604,0.4359,13.597,51
104,F_N+MED,1,LSTM,A_tiempo,576,144,0.311,0.553946,0.744276,0.523792,8.6831,2.5638,0.7279,20.415,76
104,F_N+MED,1,GRU,A_tiempo,576,144,0.4583,0.435463,0.659896,0.458959,7.8234,1.3873,0.5865,13.524,47
104,F_N+MED,1,CNN-LSTM,A_tiempo,576,144,0.4461,0.445343,0.66734,0.46592,7.7009,1.3426,0.6532,12.914,49
104,F_N+MED,1,CNN-GRU,A_tiempo,576,144,0.4831,0.415571,0.644648,0.445841,7.3283,1.2373,0.6837,13.906,52
104,F_N+MED,3,LSTM,A_tiempo,576,144,0.2031,0.655975,0.809923,0.589649,16.836,1.5425,0.364,12.751,41
104,F_N+MED,3,GRU,A_tiempo,576,144,0.2999,0.576344,0.759173,0.55035,14.1056,1.5575,0.4185,13.409,47
104,F_N+MED,3,CNN-LSTM,A_tiempo,576,144,0.2518,0.615913,0.784801,0.569622,14.5261,1.3065,0.4306,11.997,44
104,F_N+MED,3,CNN-GRU,A_tiempo,576,144,0.3,0.576268,0.759123,0.548821,14.2859,1.5058,0.4171,10.326,38
104,F_N+MED,5,LSTM,A_tiempo,575,144,0.1588,0.687507,0.829161,0.610475,20.5061,0.8384,0.3303,12.371,43
104,F_N+MED,5,GRU,A_tiempo,575,144,0.3175,0.557825,0.746877,0.548154,17.0765,0.6118,0.407,21.783,79
104,F_N+MED,5,CNN-LSTM,A_tiempo,575,144,0.2439,0.617964,0.786107,0.572554,18.2373,0.5843,0.3757,11.401,41
104,F_N+MED,5,CNN-GRU,A_tiempo,575,144,0.264,0.601597,0.775627,0.56908,17.1193,0.5716,0.4337,13.213,50
104,F_MED,1,LSTM,A_tiempo,576,144,0.3411,0.529713,0.727814,0.505642,9.16,1.5575,0.5834,13.938,48
104,F_MED,1,GRU,A_tiempo,576,144,0.4476,0.444026,0.666353,0.46188,7.7421,1.3846,0.6106,15.813,55
104,F_MED,1,CNN-LSTM,A_tiempo,576,144,0.4249,0.462278,0.67991,0.471231,8.2375,1.3093,0.6149,11.524,42
104,F_MED,1,CNN-GRU,A_tiempo,576,144,0.474,0.422854,0.650272,0.44796,7.6033,1.7184,0.6279,10.636,43
104,F_MED,3,LSTM,A_tiempo,576,144,0.2241,0.638624,0.79914,0.580406,15.9868,1.515,0.3967,13.766,44
104,F_MED,3,GRU,A_tiempo,576,144,0.295,0.580303,0.761776,0.549795,13.7112,1.3502,0.4238,14.465,50
104,F_MED,3,CNN-LSTM,A_tiempo,576,144,0.256,0.612338,0.78252,0.563982,15.5227,1.3913,0.3322,9.224,30
104,F_MED,3,CNN-GRU,A_tiempo,576,144,0.2888,0.585327,0.765067,0.550587,13.779,1.2334,0.459,12.133,43
104,F_MED,5,LSTM,A_tiempo,575,144,0.1665,0.680718,0.825056,0.607676,20.9505,0.5858,0.3221,12.726,41
104,F_MED,5,GRU,A_tiempo,575,144,0.3049,0.567746,0.753489,0.551371,16.8381,0.5985,0.4404,19.048,68
104,F_MED,5,CNN-LSTM,A_tiempo,575,144,0.2481,0.614076,0.78363,0.571717,18.103,0.6139,0.4034,12.719,46
104,F_MED,5,CNN-GRU,A_tiempo,575,144,0.2903,0.579617,0.761326,0.558329,16.8261,0.5753,0.4534,16.16,68
104,F_N+PB+MED,1,LSTM,A_tiempo,576,144,0.5012,0.437063,0.661107,0.435813,6.4729,2.5998,0.7068,18.6,66
104,F_N+PB+MED,1,GRU,A_tiempo,576,144,0.5,0.438087,0.661881,0.436167,6.8615,1.372,0.6227,14.785,53
104,F_N+PB+MED,1,CNN-LSTM,A_tiempo,576,144,0.5115,0.428033,0.654242,0.42021,6.6485,1.2718,0.6492,13.004,49
104,F_N+PB+MED,1,CNN-GRU,A_tiempo,576,144,0.5189,0.421591,0.6493,0.426031,6.6567,1.2045,0.6375,10.432,42
104,F_N+PB+MED,3,LSTM,A_tiempo,576,144,0.3505,0.574474,0.75794,0.522965,13.7279,1.7717,0.5506,22.629,76
104,F_N+PB+MED,3,GRU,A_tiempo,576,144,0.34,0.583783,0.764057,0.525576,13.4466,2.6077,0.4916,27.029,67
104,F_N+PB+MED,3,CNN-LSTM,A_tiempo,576,144,0.3365,0.58687,0.766075,0.530191,14.1554,1.3348,0.4441,12.148,44
104,F_N+PB+MED,3,CNN-GRU,A_tiempo,576,144,0.3256,0.596565,0.772376,0.534493,14.2375,1.2455,0.4396,10.626,37
104,F_N+PB+MED,5,LSTM,A_tiempo,575,144,0.3703,0.550476,0.74194,0.519679,18.2123,0.6199,0.5057,24.351,86
104,F_N+PB+MED,5,GRU,A_tiempo,575,144,0.3948,0.529037,0.727349,0.505084,16.528,0.5882,0.4741,26.688,100
104,F_N+PB+MED,5,CNN-LSTM,A_tiempo,575,144,0.3036,0.608717,0.780203,0.54154,17.7681,0.8789,0.3802,10.395,39
104,F_N+PB+MED,5,CNN-GRU,A_tiempo,575,144,0.3609,0.558607,0.7474,0.519866,16.5355,0.7906,0.4983,19.357,81
105,F_N+MED,1,LSTM,A_tiempo,576,144,-0.0679,0.926143,0.962363,0.548299,12.5106,1.6165,0.1191,10.423,31
105,F_N+MED,1,GRU,A_tiempo,576,144,0.0638,0.811917,0.901064,0.514429,11.1216,1.4178,0.0724,8.589,23
105,F_N+MED,1,CNN-LSTM,A_tiempo,576,144,-0.0061,0.87254,0.934098,0.528876,13.2194,1.3564,0.0001,5.108,16
105,F_N+MED,1,CNN-GRU,A_tiempo,576,144,0.068,0.808251,0.899028,0.511034,10.6407,1.7401,0.1434,8.284,29
105,F_N+MED,3,LSTM,A_tiempo,576,144,-0.0005,0.886225,0.941395,0.536914,24.6857,1.7128,0.0016,7.175,16
105,F_N+MED,3,GRU,A_tiempo,576,144,0.0005,0.885313,0.940911,0.536357,23.8869,1.4006,0.0028,6.627,16
105,F_N+MED,3,CNN-LSTM,A_tiempo,576,144,-0.0009,0.886576,0.941582,0.537051,24.5771,2.0903,0.001,5.981,16
105,F_N+MED,3,CNN-GRU,A_tiempo,576,144,-0.0011,0.886789,0.941695,0.537279,23.966,1.7854,0.0017,5.594,16
105,F_N+MED,5,LSTM,A_tiempo,575,144,0.0004,0.873011,0.934351,0.537957,33.8228,0.5963,0.002,7.053,16
105,F_N+MED,5,GRU,A_tiempo,575,144,0.0022,0.871468,0.933525,0.537472,33.2683,0.5864,0.0031,6.406,16
105,F_N+MED,5,CNN-LSTM,A_tiempo,575,144,0.0012,0.872369,0.934007,0.537968,33.0822,0.6031,0.0034,6.529,17
105,F_N+MED,5,CNN-GRU,A_tiempo,575,144,0.0005,0.872944,0.934315,0.538359,33.5556,0.591,0.0013,6.419,16
105,F_MED,1,LSTM,A_tiempo,576,144,-0.0087,0.873162,0.934431,0.536033,12.0641,1.5597,0.1143,10.065,29
105,F_MED,1,GRU,A_tiempo,576,144,0.1036,0.775893,0.880848,0.508854,10.3575,1.4017,0.1077,9.259,26
105,F_MED,1,CNN-LSTM,A_tiempo,576,144,-0.0079,0.872465,0.934058,0.527808,13.2408,1.296,0.0009,6.244,16
105,F_MED,1,CNN-GRU,A_tiempo,576,144,0.0509,0.821519,0.906377,0.514328,10.8898,1.2298,0.1133,8.169,27
105,F_MED,3,LSTM,A_tiempo,576,144,0.0,0.883717,0.940062,0.53569,24.5565,1.6477,0.0018,5.772,16
105,F_MED,3,GRU,A_tiempo,576,144,-0.0,0.883784,0.940098,0.535605,23.8624,1.3909,0.0024,5.809,16
105,F_MED,3,CNN-LSTM,A_tiempo,576,144,-0.0002,0.883909,0.940165,0.536141,24.5762,1.3066,0.0009,5.855,16
105,F_MED,3,CNN-GRU,A_tiempo,576,144,-0.0009,0.884595,0.940529,0.536241,24.2015,1.2162,0.0016,6.131,16
105,F_MED,5,LSTM,A_tiempo,575,144,0.0005,0.870813,0.933173,0.537016,33.7632,0.5971,0.0018,5.629,16
105,F_MED,5,GRU,A_tiempo,575,144,0.0015,0.869872,0.932669,0.536648,33.3587,0.5984,0.0028,5.437,16
105,F_MED,5,CNN-LSTM,A_tiempo,575,144,0.0018,0.869646,0.932548,0.536586,32.8401,0.5814,0.0038,5.387,17
105,F_MED,5,CNN-GRU,A_tiempo,575,144,0.0,0.871173,0.933366,0.53741,33.1849,0.654,0.0015,5.251,16
105,F_N+PB+MED,1,LSTM,A_tiempo,576,144,0.0227,0.814513,0.902504,0.551176,10.9064,1.5826,0.0754,7.556,20
105,F_N+PB+MED,1,GRU,A_tiempo,576,144,0.0156,0.820472,0.905799,0.550716,9.4678,1.4164,0.1907,8.584,26
105,F_N+PB+MED,1,CNN-LSTM,A_tiempo,576,144,-0.0209,0.850869,0.922426,0.566016,9.3602,1.3321,0.1776,7.492,26
105,F_N+PB+MED,1,CNN-GRU,A_tiempo,576,144,-0.0171,0.84773,0.920723,0.541353,8.545,1.2822,0.2616,7.482,28
105,F_N+PB+MED,3,LSTM,A_tiempo,576,144,0.0012,0.839148,0.91605,0.554253,22.1235,1.5338,0.0403,8.31,20
105,F_N+PB+MED,3,GRU,A_tiempo,576,144,0.0041,0.83669,0.914708,0.552181,21.3935,1.5317,0.0245,7.412,18
105,F_N+PB+MED,3,CNN-LSTM,A_tiempo,576,144,-0.0098,0.848397,0.921085,0.559701,20.0207,1.3187,0.0601,7.919,23
105,F_N+PB+MED,3,CNN-GRU,A_tiempo,576,144,0.0025,0.838062,0.915457,0.553609,21.2683,1.2647,0.0361,6.566,19
105,F_N+PB+MED,5,LSTM,A_tiempo,575,144,0.0017,0.851885,0.922976,0.553115,30.7258,0.8507,0.015,6.178,18
105,F_N+PB+MED,5,GRU,A_tiempo,575,144,0.0037,0.850177,0.922051,0.551736,31.2388,1.0063,0.0115,5.872,17
105,F_N+PB+MED,5,CNN-LSTM,A_tiempo,575,144,-0.0072,0.859468,0.927075,0.5586,29.0846,0.7866,0.0292,6.883,21
105,F_N+PB+MED,5,CNN-GRU,A_tiempo,575,144,-0.0003,0.853613,0.923912,0.556204,29.6094,0.8345,0.0264,6.334,19
106,F_N+MED,1,LSTM,A_tiempo,576,144,0.0776,1.521868,1.23364,0.817612,14.9935,1.5347,0.3789,12.745,41
106,F_N+MED,1,GRU,A_tiempo,576,144,0.2009,1.318473,1.148248,0.735703,14.2124,2.2172,0.3972,11.582,41
106,F_N+MED,1,CNN-LSTM,A_tiempo,576,144,0.1657,1.376582,1.173278,0.755186,15.3906,2.5527,0.3392,9.229,33
106,F_N+MED,1,CNN-GRU,A_tiempo,576,144,0.1957,1.326961,1.151938,0.738455,15.1381,1.229,0.3583,9.357,31
106,F_N+MED,3,LSTM,A_tiempo,576,144,0.0255,1.595273,1.263041,0.863022,34.2478,2.2322,0.0824,8.113,27
106,F_N+MED,3,GRU,A_tiempo,576,144,0.0525,1.551117,1.245438,0.836121,30.5628,1.3732,0.1876,12.658,43
106,F_N+MED,3,CNN-LSTM,A_tiempo,576,144,0.0408,1.570284,1.25311,0.846803,30.8145,1.2775,0.2302,12.027,45
106,F_N+MED,3,CNN-GRU,A_tiempo,576,144,0.0595,1.539727,1.240857,0.83751,30.5202,1.3034,0.1981,10.324,37
106,F_N+MED,5,LSTM,A_tiempo,575,144,0.0084,1.62507,1.274782,0.860434,46.1369,0.6886,0.0471,7.337,24
106,F_N+MED,5,GRU,A_tiempo,575,144,0.0271,1.594343,1.262673,0.854787,40.9676,0.5936,0.1228,11.974,38
106,F_N+MED,5,CNN-LSTM,A_tiempo,575,144,0.0092,1.623793,1.274281,0.868898,40.0489,0.5954,0.1514,11.081,41
106,F_N+MED,5,CNN-GRU,A_tiempo,575,144,0.0355,1.580625,1.257229,0.852224,40.8217,0.8272,0.1217,8.554,31
106,F_MED,1,LSTM,A_tiempo,576,144,0.0774,1.524941,1.234885,0.818464,15.6908,1.5313,0.3676,12.318,41
106,F_MED,1,GRU,A_tiempo,576,144,0.2116,1.303086,1.141528,0.732658,13.9976,1.351,0.3978,13.638,47
106,F_MED,1,CNN-LSTM,A_tiempo,576,144,0.1596,1.389134,1.178615,0.75983,15.6471,1.2716,0.3139,8.213,31
106,F_MED,1,CNN-GRU,A_tiempo,576,144,0.1887,1.340997,1.158014,0.744592,15.2849,2.5971,0.3464,7.637,30
106,F_MED,3,LSTM,A_tiempo,576,144,0.0213,1.602729,1.265989,0.859042,33.166,1.5827,0.1024,9.937,31
106,F_MED,3,GRU,A_tiempo,576,144,0.0039,1.631263,1.277209,0.865171,28.9592,1.4102,0.2957,16.201,58
106,F_MED,3,CNN-LSTM,A_tiempo,576,144,0.0372,1.576702,1.255668,0.859944,30.0074,1.8771,0.2143,11.011,43
106,F_MED,3,CNN-GRU,A_tiempo,576,144,0.0643,1.532355,1.237883,0.83219,31.6338,1.2659,0.1568,9.41,31
106,F_MED,5,LSTM,A_tiempo,575,144,0.0151,1.61407,1.270461,0.861687,43.5157,1.4803,0.07,9.617,30
106,F_MED,5,GRU,A_tiempo,575,144,0.0261,1.596056,1.263351,0.854538,41.9049,0.6622,0.1079,11.487,35
106,F_MED,5,CNN-LSTM,A_tiempo,575,144,0.0177,1.609876,1.268809,0.860868,42.4149,0.5992,0.1098,8.901,34
106,F_MED,5,CNN-GRU,A_tiempo,575,144,0.0228,1.601491,1.2655,0.85563,40.7619,0.5984,0.1344,9.904,34
106,F_N+PB+MED,1,LSTM,A_tiempo,576,144,0.057,1.638487,1.280034,0.835541,13.9282,1.6645,0.5924,16.233,58
106,F_N+PB+MED,1,GRU,A_tiempo,576,144,0.1814,1.422379,1.192635,0.758538,13.8219,1.5294,0.5456,16.991,61
106,F_N+PB+MED,1,CNN-LSTM,A_tiempo,576,144,0.1572,1.464322,1.210092,0.77147,14.3843,1.366,0.491,11.808,45
106,F_N+PB+MED,1,CNN-GRU,A_tiempo,576,144,0.1542,1.46957,1.212258,0.766734,14.5081,1.2531,0.5083,12.63,50
106,F_N+PB+MED,3,LSTM,A_tiempo,576,144,-0.0291,1.751861,1.323579,0.884547,28.2025,1.6804,0.2657,14.513,49
106,F_N+PB+MED,3,GRU,A_tiempo,576,144,0.0377,1.638101,1.279883,0.843898,28.7981,1.4384,0.2726,15.222,53
106,F_N+PB+MED,3,CNN-LSTM,A_tiempo,576,144,0.0322,1.647386,1.283505,0.833204,32.1954,2.5691,0.1575,9.059,35
106,F_N+PB+MED,3,CNN-GRU,A_tiempo,576,144,0.0333,1.645658,1.282832,0.838005,30.3349,1.2345,0.2262,10.042,37
106,F_N+PB+MED,5,LSTM,A_tiempo,575,144,-0.0046,1.714169,1.309263,0.863103,40.2552,0.6041,0.1349,14.982,51
106,F_N+PB+MED,5,GRU,A_tiempo,575,144,0.0049,1.69789,1.303031,0.852472,39.7886,0.5973,0.1584,14.939,52
106,F_N+PB+MED,5,CNN-LSTM,A_tiempo,575,144,0.001,1.704525,1.305575,0.852943,40.7382,0.5755,0.1568,10.434,41
106,F_N+PB+MED,5,CNN-GRU,A_tiempo,575,144,0.0111,1.687412,1.299004,0.840388,43.4622,0.5994,0.0862,8.051,26
107,F_N+MED,1,LSTM,A_tiempo,576,144,0.5792,0.488549,0.698963,0.50768,6.7937,2.2603,0.6744,12.506,43
107,F_N+MED,1,GRU,A_tiempo,576,144,0.6601,0.394593,0.628166,0.444332,5.4707,1.3905,0.7523,15.012,52
107,F_N+MED,1,CNN-LSTM,A_tiempo,576,144,0.6418,0.415915,0.644914,0.460592,5.5173,2.5594,0.757,13.075,51
107,F_N+MED,1,CNN-GRU,A_tiempo,576,144,0.6504,0.405839,0.637055,0.453905,5.3263,1.2818,0.7635,13.282,49
107,F_N+MED,3,LSTM,A_tiempo,576,144,0.4099,0.669411,0.818175,0.60527,13.9485,1.581,0.5908,24.579,85
107,F_N+MED,3,GRU,A_tiempo,576,144,0.3848,0.697834,0.835364,0.621149,15.0004,1.4459,0.4932,27.315,100
107,F_N+MED,3,CNN-LSTM,A_tiempo,576,144,0.3965,0.684588,0.827398,0.617685,14.7036,1.3762,0.4966,11.237,41
107,F_N+MED,3,CNN-GRU,A_tiempo,576,144,0.3983,0.682514,0.826144,0.614507,14.9709,1.7155,0.4711,8.461,32
107,F_N+MED,5,LSTM,A_tiempo,575,144,0.3585,0.730564,0.854731,0.638834,19.2829,0.6938,0.5052,25.312,91
107,F_N+MED,5,GRU,A_tiempo,575,144,0.3718,0.715485,0.845864,0.631115,18.3452,0.6155,0.5152,25.268,95
107,F_N+MED,5,CNN-LSTM,A_tiempo,575,144,0.3206,0.773758,0.879635,0.662937,20.7467,0.6199,0.4356,10.606,38
107,F_N+MED,5,CNN-GRU,A_tiempo,575,144,0.3398,0.751918,0.867132,0.653927,19.1913,0.5945,0.4881,11.569,43
107,F_MED,1,LSTM,A_tiempo,576,144,0.612,0.450368,0.671095,0.477454,6.0867,1.5508,0.7478,15.606,53
107,F_MED,1,GRU,A_tiempo,576,144,0.6617,0.392735,0.626685,0.445159,5.6039,1.9482,0.7526,15.934,55
107,F_MED,1,CNN-LSTM,A_tiempo,576,144,0.6405,0.41734,0.646019,0.458408,5.4783,1.5092,0.7455,12.291,46
107,F_MED,1,CNN-GRU,A_tiempo,576,144,0.6616,0.392869,0.626793,0.445575,5.1373,1.2844,0.7796,18.846,77
107,F_MED,3,LSTM,A_tiempo,576,144,0.4418,0.633275,0.795786,0.58217,12.9942,1.6154,0.6249,27.716,100
107,F_MED,3,GRU,A_tiempo,576,144,0.3944,0.687079,0.828902,0.613324,14.639,1.6492,0.5053,14.112,49
107,F_MED,3,CNN-LSTM,A_tiempo,576,144,0.407,0.67285,0.820275,0.611515,14.8508,1.3274,0.4946,10.312,38
107,F_MED,3,CNN-GRU,A_tiempo,576,144,0.3984,0.682527,0.826152,0.614726,14.6462,1.2279,0.4925,10.411,36
107,F_MED,5,LSTM,A_tiempo,575,144,0.3572,0.732328,0.855762,0.637588,18.9319,0.5818,0.5124,26.133,94
107,F_MED,5,GRU,A_tiempo,575,144,0.3869,0.698451,0.835734,0.621424,17.4994,0.6054,0.5386,23.809,91
107,F_MED,5,CNN-LSTM,A_tiempo,575,144,0.3135,0.782108,0.884368,0.666331,19.802,0.5922,0.463,12.942,48
107,F_MED,5,CNN-GRU,A_tiempo,575,144,0.3419,0.749728,0.865868,0.65145,18.6566,0.8894,0.5227,23.172,100
107,F_N+PB+MED,1,LSTM,A_tiempo,576,144,0.6766,0.354183,0.595133,0.402834,5.5105,1.5429,0.753,14.316,47
107,F_N+PB+MED,1,GRU,A_tiempo,576,144,0.6892,0.34036,0.583404,0.394537,4.9804,1.4128,0.7751,15.735,51
107,F_N+PB+MED,1,CNN-LSTM,A_tiempo,576,144,0.6745,0.356463,0.597045,0.400528,4.5712,1.3062,0.7694,13.641,53
107,F_N+PB+MED,1,CNN-GRU,A_tiempo,576,144,0.6875,0.342267,0.585036,0.396045,4.6003,1.2598,0.7647,16.331,65
107,F_N+PB+MED,3,LSTM,A_tiempo,576,144,0.5483,0.480984,0.69353,0.467738,10.6898,1.526,0.6817,27.709,100
107,F_N+PB+MED,3,GRU,A_tiempo,576,144,0.4354,0.60121,0.775377,0.54924,14.1804,1.4542,0.5218,13.519,46
107,F_N+PB+MED,3,CNN-LSTM,A_tiempo,576,144,0.4438,0.592318,0.769622,0.542429,13.9888,1.907,0.522,11.127,42
107,F_N+PB+MED,3,CNN-GRU,A_tiempo,576,144,0.4559,0.579427,0.761201,0.538467,13.5475,1.2544,0.5349,11.811,43
107,F_N+PB+MED,5,LSTM,A_tiempo,575,144,0.4477,0.591345,0.76899,0.532787,15.644,0.8551,0.5767,27.569,100
107,F_N+PB+MED,5,GRU,A_tiempo,575,144,0.441,0.598544,0.773657,0.5406,15.6869,0.6202,0.5741,26.75,100
107,F_N+PB+MED,5,CNN-LSTM,A_tiempo,575,144,0.3682,0.676422,0.822449,0.58412,19.3599,0.5802,0.4686,10.848,39
107,F_N+PB+MED,5,CNN-GRU,A_tiempo,575,144,0.438,0.601724,0.775709,0.543421,15.5819,0.6687,0.5881,24.215,100
108,F_N+MED,1,LSTM,A_tiempo,576,144,0.3415,1.379963,1.174718,0.709753,16.3492,1.5987,0.5952,13.963,36
108,F_N+MED,1,GRU,A_tiempo,576,144,0.4991,1.049599,1.024499,0.641022,14.945,1.3979,0.5524,10.071,30
108,F_N+MED,1,CNN-LSTM,A_tiempo,576,144,0.4635,1.124266,1.060314,0.647434,14.0116,1.5909,0.6226,11.34,37
108,F_N+MED,1,CNN-GRU,A_tiempo,576,144,0.5622,0.917463,0.957843,0.609267,14.244,1.2511,0.566,7.523,29
108,F_N+MED,3,LSTM,A_tiempo,576,144,0.1682,1.895906,1.376919,0.8043,28.9688,1.4793,0.2937,10.13,32
108,F_N+MED,3,GRU,A_tiempo,576,144,0.1706,1.890431,1.37493,0.809867,28.366,1.3897,0.2924,11.948,40
108,F_N+MED,3,CNN-LSTM,A_tiempo,576,144,0.1942,1.836694,1.355247,0.803167,26.8998,1.2758,0.3098,10.434,36
108,F_N+MED,3,CNN-GRU,A_tiempo,576,144,0.2178,1.782933,1.335265,0.793314,27.7126,1.2251,0.2456,8.633,28
108,F_N+MED,5,LSTM,A_tiempo,575,144,0.0815,2.14908,1.465974,0.865164,41.296,0.5942,0.2259,11.968,36
108,F_N+MED,5,GRU,A_tiempo,575,144,0.1141,2.072793,1.43972,0.857125,42.4206,0.5668,0.2046,11.469,37
108,F_N+MED,5,CNN-LSTM,A_tiempo,575,144,0.1381,2.016777,1.420133,0.84274,40.3183,0.5655,0.1886,9.297,30
108,F_N+MED,5,CNN-GRU,A_tiempo,575,144,0.1266,2.043707,1.429583,0.845577,41.3055,0.742,0.1607,8.021,27
108,F_MED,1,LSTM,A_tiempo,576,144,0.4719,1.107319,1.052292,0.653441,16.0046,1.5376,0.5736,11.776,37
108,F_MED,1,GRU,A_tiempo,576,144,0.5325,0.980243,0.990072,0.620006,14.8325,1.9657,0.5254,8.017,28
108,F_MED,1,CNN-LSTM,A_tiempo,576,144,0.5184,1.00985,1.004913,0.617739,14.2018,1.3457,0.5825,9.006,32
108,F_MED,1,CNN-GRU,A_tiempo,576,144,0.5807,0.879273,0.937696,0.599638,14.0178,1.2337,0.5703,9.414,30
108,F_MED,3,LSTM,A_tiempo,576,144,0.1037,2.044635,1.429907,0.840657,29.4696,1.5987,0.311,11.644,35
108,F_MED,3,GRU,A_tiempo,576,144,0.1717,1.889391,1.374551,0.811196,27.3564,1.4255,0.2783,11.743,36
108,F_MED,3,CNN-LSTM,A_tiempo,576,144,0.2052,1.813072,1.346504,0.793447,26.2373,1.3422,0.292,9.49,32
108,F_MED,3,CNN-GRU,A_tiempo,576,144,0.2162,1.787972,1.337151,0.796208,28.1715,1.2064,0.2455,8.902,28
108,F_MED,5,LSTM,A_tiempo,575,144,0.114,2.074785,1.440411,0.850365,42.0909,0.6188,0.1673,9.751,27
108,F_MED,5,GRU,A_tiempo,575,144,0.104,2.098321,1.448558,0.856304,42.4975,0.5883,0.1833,11.351,35
108,F_MED,5,CNN-LSTM,A_tiempo,575,144,0.161,1.964897,1.401748,0.837888,38.6014,0.5818,0.255,11.826,40
108,F_MED,5,CNN-GRU,A_tiempo,575,144,0.1209,2.058827,1.434861,0.852639,40.3093,0.6043,0.1555,8.208,26
108,F_N+PB+MED,1,LSTM,A_tiempo,576,144,0.1036,0.784614,0.885784,0.638832,10.1591,1.5492,0.2252,10.113,28
108,F_N+PB+MED,1,GRU,A_tiempo,576,144,0.1198,0.770467,0.877762,0.634348,8.6144,1.4214,0.4404,27.036,100
108,F_N+PB+MED,1,CNN-LSTM,A_tiempo,576,144,0.1501,0.743919,0.862507,0.61891,8.8319,1.2755,0.3817,11.057,40
108,F_N+PB+MED,1,CNN-GRU,A_tiempo,576,144,0.0796,0.805682,0.897598,0.637882,8.4436,1.2371,0.426,11.766,43
108,F_N+PB+MED,3,LSTM,A_tiempo,576,144,0.0133,0.91823,0.958243,0.675988,25.9793,1.659,0.0219,7.115,17
108,F_N+PB+MED,3,GRU,A_tiempo,576,144,0.0055,0.925511,0.962035,0.676666,26.898,1.3987,0.0132,5.686,16
108,F_N+PB+MED,3,CNN-LSTM,A_tiempo,576,144,0.0058,0.925151,0.961848,0.67533,27.7997,1.3173,0.01,6.444,17
108,F_N+PB+MED,3,CNN-GRU,A_tiempo,576,144,0.0129,0.918573,0.958422,0.675283,26.0274,2.0561,0.0258,5.276,17
108,F_N+PB+MED,5,LSTM,A_tiempo,575,144,0.0016,0.938445,0.968734,0.677378,35.4927,0.7243,0.0048,5.837,16
108,F_N+PB+MED,5,GRU,A_tiempo,575,144,0.0014,0.938605,0.968816,0.679129,33.5227,0.5888,0.0115,6.661,16
108,F_N+PB+MED,5,CNN-LSTM,A_tiempo,575,144,0.0023,0.937745,0.968372,0.677484,34.6794,0.9244,0.0083,6.352,17
108,F_N+PB+MED,5,CNN-GRU,A_tiempo,575,144,0.0003,0.939701,0.969382,0.677563,35.661,0.5899,0.0037,5.207,16
109,F_N+MED,1,LSTM,A_tiempo,576,144,0.3061,2.357925,1.535554,0.911557,22.1337,1.5257,0.6722,15.897,55
109,F_N+MED,1,GRU,A_tiempo,576,144,0.3125,2.336016,1.528403,0.900025,21.4151,1.3581,0.7124,16.715,62
109,F_N+MED,1,CNN-LSTM,A_tiempo,576,144,0.3246,2.295101,1.514959,0.908781,19.959,1.2898,0.7047,17.597,66
109,F_N+MED,1,CNN-GRU,A_tiempo,576,144,0.3391,2.245545,1.498514,0.891674,19.0138,1.3169,0.7234,15.862,64
109,F_N+MED,3,LSTM,A_tiempo,576,144,0.1316,2.905783,1.704636,1.070476,44.4175,1.5094,0.4029,13.155,43
109,F_N+MED,3,GRU,A_tiempo,576,144,0.1204,2.94301,1.71552,1.072635,42.788,2.0028,0.4318,14.993,51
109,F_N+MED,3,CNN-LSTM,A_tiempo,576,144,0.1209,2.941494,1.715078,1.071968,42.0372,1.2903,0.4155,12.711,46
109,F_N+MED,3,CNN-GRU,A_tiempo,576,144,0.1225,2.935973,1.713468,1.072046,40.5839,1.9672,0.395,10.171,38
109,F_N+MED,5,LSTM,A_tiempo,575,144,0.031,3.213288,1.792565,1.136603,59.8837,0.6087,0.3107,13.179,43
109,F_N+MED,5,GRU,A_tiempo,575,144,0.0186,3.25452,1.804029,1.148587,58.5978,0.684,0.3267,14.025,47
109,F_N+MED,5,CNN-LSTM,A_tiempo,575,144,0.0404,3.181922,1.783794,1.136824,59.0027,0.5913,0.2923,8.765,30
109,F_N+MED,5,CNN-GRU,A_tiempo,575,144,0.036,3.196802,1.78796,1.144298,56.3241,0.5629,0.3078,9.634,33
109,F_MED,1,LSTM,A_tiempo,576,144,0.3003,2.381782,1.543302,0.908658,21.5557,1.52,0.7182,19.734,68
109,F_MED,1,GRU,A_tiempo,576,144,0.2878,2.424406,1.55705,0.938198,21.5385,1.9712,0.7254,18.033,63
109,F_MED,1,CNN-LSTM,A_tiempo,576,144,0.3163,2.327242,1.52553,0.90921,20.2152,1.4149,0.6871,14.759,56
109,F_MED,1,CNN-GRU,A_tiempo,576,144,0.3375,2.255076,1.501691,0.895887,18.8221,1.2671,0.6941,13.792,53
109,F_MED,3,LSTM,A_tiempo,576,144,0.1281,2.921693,1.709296,1.067976,44.2068,2.5706,0.4147,14.542,47
109,F_MED,3,GRU,A_tiempo,576,144,0.1166,2.960359,1.720569,1.076515,43.5767,1.4424,0.4379,15.19,53
109,F_MED,3,CNN-LSTM,A_tiempo,576,144,0.1211,2.945199,1.716158,1.076793,42.2633,1.3284,0.3885,10.148,36
109,F_MED,3,CNN-GRU,A_tiempo,576,144,0.1198,2.949766,1.717488,1.072921,40.3146,1.2229,0.4077,10.972,41
109,F_MED,5,LSTM,A_tiempo,575,144,0.0233,3.243686,1.801024,1.142498,59.8143,0.5898,0.3109,12.959,41
109,F_MED,5,GRU,A_tiempo,575,144,0.0177,3.26217,1.806148,1.150054,59.2331,0.6017,0.3143,11.808,41
109,F_MED,5,CNN-LSTM,A_tiempo,575,144,0.0414,3.183606,1.784266,1.139154,58.735,0.6416,0.2966,8.709,31
109,F_MED,5,CNN-GRU,A_tiempo,575,144,0.0381,3.194692,1.78737,1.141826,56.6681,0.5634,0.3035,8.369,30
109,F_N+PB+MED,1,LSTM,A_tiempo,576,144,0.2688,2.294293,1.514693,0.865021,19.8097,1.5332,0.7441,20.945,77
109,F_N+PB+MED,1,GRU,A_tiempo,576,144,0.3265,2.113126,1.45366,0.835931,18.414,1.3981,0.7476,21.521,80
109,F_N+PB+MED,1,CNN-LSTM,A_tiempo,576,144,0.3595,2.009731,1.41765,0.827881,18.4837,2.5446,0.6958,16.129,61
109,F_N+PB+MED,1,CNN-GRU,A_tiempo,576,144,0.3997,1.883334,1.372346,0.813302,16.427,1.1848,0.7279,22.56,95
109,F_N+PB+MED,3,LSTM,A_tiempo,576,144,0.0741,2.936049,1.71349,1.035859,40.3281,2.2778,0.4995,23.336,86
109,F_N+PB+MED,3,GRU,A_tiempo,576,144,0.1355,2.741429,1.655726,1.020289,40.274,1.4842,0.4142,14.31,49
109,F_N+PB+MED,3,CNN-LSTM,A_tiempo,576,144,0.145,2.711412,1.646637,1.00472,40.2402,1.2906,0.4185,12.235,47
109,F_N+PB+MED,3,CNN-GRU,A_tiempo,576,144,0.1674,2.640386,1.624926,1.002231,38.1918,1.2487,0.4153,11.495,43
109,F_N+PB+MED,5,LSTM,A_tiempo,575,144,-0.0096,3.209439,1.791491,1.114155,54.3631,0.6003,0.3837,20.597,73
109,F_N+PB+MED,5,GRU,A_tiempo,575,144,0.0152,3.130442,1.769305,1.104719,55.525,0.6029,0.324,13.933,48
109,F_N+PB+MED,5,CNN-LSTM,A_tiempo,575,144,0.0648,2.972882,1.724205,1.079656,55.4641,0.57,0.309,8.986,35
109,F_N+PB+MED,5,CNN-GRU,A_tiempo,575,144,0.0522,3.012884,1.735766,1.089213,53.6148,0.569,0.3122,9.046,35
111,F_N+MED,1,LSTM,A_tiempo,576,144,0.1803,0.470477,0.685913,0.519787,11.1979,1.4935,0.4079,10.386,30
111,F_N+MED,1,GRU,A_tiempo,576,144,0.3726,0.360093,0.600078,0.445414,6.685,1.33,0.649,16.106,57
111,F_N+MED,1,CNN-LSTM,A_tiempo,576,144,0.2863,0.409647,0.640037,0.483101,8.3875,1.3507,0.5558,10.531,38
111,F_N+MED,1,CNN-GRU,A_tiempo,576,144,0.3363,0.380929,0.617195,0.454885,6.846,1.2358,0.7351,17.962,70
111,F_N+MED,3,LSTM,A_tiempo,576,144,0.1044,0.494142,0.702952,0.544058,19.5995,1.541,0.2095,10.854,32
111,F_N+MED,3,GRU,A_tiempo,576,144,0.1399,0.47457,0.688891,0.529455,14.6172,1.3663,0.3207,12.538,42
111,F_N+MED,3,CNN-LSTM,A_tiempo,576,144,0.0606,0.518331,0.719952,0.552212,16.0373,1.2949,0.3867,12.398,48
111,F_N+MED,3,CNN-GRU,A_tiempo,576,144,0.1238,0.483451,0.695306,0.533566,15.2263,1.2384,0.2588,7.797,30
111,F_N+MED,5,LSTM,A_tiempo,575,144,0.0452,0.527627,0.726379,0.557061,24.2526,1.4489,0.1639,10.935,35
111,F_N+MED,5,GRU,A_tiempo,575,144,0.0878,0.504091,0.709994,0.542874,20.1869,0.7993,0.2339,12.406,40
111,F_N+MED,5,CNN-LSTM,A_tiempo,575,144,-0.007,0.556458,0.745961,0.572106,21.6458,0.5805,0.279,13.186,50
111,F_N+MED,5,CNN-GRU,A_tiempo,575,144,0.057,0.521078,0.721857,0.55083,19.8536,0.5682,0.2003,8.983,32
111,F_MED,1,LSTM,A_tiempo,576,144,0.1965,0.461088,0.679035,0.515695,11.1815,2.2234,0.3931,8.001,27
111,F_MED,1,GRU,A_tiempo,576,144,0.3481,0.374067,0.61161,0.452603,7.2018,1.4538,0.5895,13.254,44
111,F_MED,1,CNN-LSTM,A_tiempo,576,144,0.2902,0.407314,0.638211,0.477905,7.8678,1.3315,0.5411,10.833,38
111,F_MED,1,CNN-GRU,A_tiempo,576,144,0.3159,0.392545,0.626534,0.466523,7.4069,1.276,0.6864,14.819,59
111,F_MED,3,LSTM,A_tiempo,576,144,0.0631,0.516669,0.718797,0.549188,19.8761,2.5595,0.2727,12.456,41
111,F_MED,3,GRU,A_tiempo,576,144,0.128,0.480889,0.693462,0.533666,14.2549,1.495,0.3325,12.936,44
111,F_MED,3,CNN-LSTM,A_tiempo,576,144,0.12,0.485311,0.696643,0.541313,16.7312,1.3918,0.2818,10.746,38
111,F_MED,3,CNN-GRU,A_tiempo,576,144,0.0957,0.498735,0.706212,0.54118,14.4969,1.2226,0.3399,10.141,36
111,F_MED,5,LSTM,A_tiempo,575,144,0.0206,0.540953,0.735495,0.561863,24.0973,0.5787,0.1869,11.644,37
111,F_MED,5,GRU,A_tiempo,575,144,0.0538,0.522606,0.722915,0.553247,20.1095,1.0128,0.2465,11.958,42
111,F_MED,5,CNN-LSTM,A_tiempo,575,144,0.0119,0.545757,0.738754,0.572434,22.3118,0.5914,0.2357,11.481,41
111,F_MED,5,CNN-GRU,A_tiempo,575,144,0.0364,0.532184,0.72951,0.556006,18.6824,0.6079,0.2873,11.195,40
111,F_N+PB+MED,1,LSTM,A_tiempo,576,144,0.4171,0.500461,0.707433,0.495711,6.4491,1.5972,0.5451,11.089,37
111,F_N+PB+MED,1,GRU,A_tiempo,576,144,0.4139,0.503294,0.709432,0.49063,5.8103,1.3763,0.545,9.105,31
111,F_N+PB+MED,1,CNN-LSTM,A_tiempo,576,144,0.3769,0.535062,0.731479,0.505825,5.7017,1.3356,0.6217,10.54,39
111,F_N+PB+MED,1,CNN-GRU,A_tiempo,576,144,0.3824,0.530293,0.728212,0.498994,5.6951,1.3001,0.6188,9.214,37
111,F_N+PB+MED,3,LSTM,A_tiempo,576,144,0.1483,0.722037,0.849728,0.638831,17.8475,2.4431,0.2178,9.696,27
111,F_N+PB+MED,3,GRU,A_tiempo,576,144,0.1527,0.718247,0.847494,0.620262,14.6237,1.431,0.2932,9.656,29
111,F_N+PB+MED,3,CNN-LSTM,A_tiempo,576,144,0.1333,0.734728,0.857163,0.636081,16.0123,2.555,0.2577,7.149,24
111,F_N+PB+MED,3,CNN-GRU,A_tiempo,576,144,0.1322,0.735605,0.857674,0.626889,14.6663,1.2318,0.301,6.843,26
111,F_N+PB+MED,5,LSTM,A_tiempo,575,144,0.0773,0.779541,0.882916,0.667219,23.8479,0.5992,0.1835,10.299,30
111,F_N+PB+MED,5,GRU,A_tiempo,575,144,0.0689,0.786638,0.886926,0.66487,22.2291,0.5776,0.1997,9.845,28
111,F_N+PB+MED,5,CNN-LSTM,A_tiempo,575,144,0.0706,0.785211,0.886121,0.667622,25.9049,0.6054,0.139,7.488,22
111,F_N+PB+MED,5,CNN-GRU,A_tiempo,575,144,0.0659,0.789166,0.88835,0.670361,26.3237,0.8662,0.1222,6.605,19
112,F_N+MED,1,LSTM,A_tiempo,576,144,0.8102,0.080807,0.284266,0.221333,2.2629,1.6332,0.8982,22.738,83
112,F_N+MED,1,GRU,A_tiempo,576,144,0.8003,0.085023,0.291586,0.231059,2.1175,1.4743,0.8381,15.354,54
112,F_N+MED,1,CNN-LSTM,A_tiempo,576,144,0.7385,0.111294,0.333608,0.258315,2.3422,1.3619,0.8656,14.83,54
112,F_N+MED,1,CNN-GRU,A_tiempo,576,144,0.7667,0.099301,0.31512,0.249217,2.2965,1.3074,0.8105,9.036,31
112,F_N+MED,3,LSTM,A_tiempo,576,144,0.5844,0.175162,0.418523,0.326128,5.2238,2.5678,0.5171,9.173,29
112,F_N+MED,3,GRU,A_tiempo,576,144,0.5522,0.18874,0.434442,0.339665,5.0273,1.9892,0.5038,8.275,27
112,F_N+MED,3,CNN-LSTM,A_tiempo,576,144,0.5554,0.187353,0.432842,0.33747,5.259,1.3578,0.4752,6.818,23
112,F_N+MED,3,CNN-GRU,A_tiempo,576,144,0.5534,0.188201,0.433822,0.338447,5.5559,1.2934,0.5124,7.482,26
112,F_N+MED,5,LSTM,A_tiempo,575,144,0.3698,0.264154,0.51396,0.401143,8.3493,0.6545,0.4274,13.709,45
112,F_N+MED,5,GRU,A_tiempo,575,144,0.3606,0.268019,0.517706,0.401582,8.5039,1.0178,0.4252,16.417,56
112,F_N+MED,5,CNN-LSTM,A_tiempo,575,144,0.3469,0.273782,0.523242,0.409524,8.3953,0.9661,0.3951,9.047,31
112,F_N+MED,5,CNN-GRU,A_tiempo,575,144,0.3317,0.280135,0.529278,0.415273,8.5198,0.8843,0.3503,6.511,22
112,F_MED,1,LSTM,A_tiempo,576,144,0.7995,0.085299,0.292059,0.23088,2.2783,1.5869,0.859,19.189,62
112,F_MED,1,GRU,A_tiempo,576,144,0.7779,0.094486,0.307386,0.245091,2.2261,1.4353,0.8189,12.943,43
112,F_MED,1,CNN-LSTM,A_tiempo,576,144,0.7517,0.105637,0.325019,0.254905,2.2456,1.4462,0.8544,13.861,52
112,F_MED,1,CNN-GRU,A_tiempo,576,144,0.7553,0.104129,0.32269,0.251939,2.3935,1.7582,0.8456,10.047,40
112,F_MED,3,LSTM,A_tiempo,576,144,0.5944,0.17084,0.413328,0.318629,5.0065,1.5967,0.621,14.465,47
112,F_MED,3,GRU,A_tiempo,576,144,0.5491,0.189945,0.435827,0.339493,5.219,1.5097,0.5293,10.018,34
112,F_MED,3,CNN-LSTM,A_tiempo,576,144,0.5165,0.203656,0.451282,0.350995,5.8072,1.3688,0.571,9.523,36
112,F_MED,3,CNN-GRU,A_tiempo,576,144,0.5465,0.191023,0.437062,0.341722,5.7443,1.2518,0.5104,7.514,26
112,F_MED,5,LSTM,A_tiempo,575,144,0.4544,0.228583,0.478104,0.373356,9.1308,0.6744,0.4131,11.932,37
112,F_MED,5,GRU,A_tiempo,575,144,0.3521,0.271432,0.520991,0.404952,8.5478,0.8688,0.4238,15.96,54
112,F_MED,5,CNN-LSTM,A_tiempo,575,144,0.338,0.277349,0.526639,0.412446,8.3429,0.8842,0.3903,8.487,30
112,F_MED,5,CNN-GRU,A_tiempo,575,144,0.3313,0.280181,0.529321,0.412805,8.3917,0.8041,0.3855,8.212,27
112,F_N+PB+MED,1,LSTM,A_tiempo,576,144,0.9023,0.083947,0.289737,0.208382,2.2111,2.6306,0.9223,28.339,100
112,F_N+PB+MED,1,GRU,A_tiempo,576,144,0.9021,0.084156,0.290097,0.209638,2.2399,1.4092,0.9167,25.222,89
112,F_N+PB+MED,1,CNN-LSTM,A_tiempo,576,144,0.8547,0.124842,0.35333,0.260746,2.5055,1.287,0.8762,10.494,36
112,F_N+PB+MED,1,CNN-GRU,A_tiempo,576,144,0.8588,0.12132,0.34831,0.255289,2.4531,1.2498,0.8759,9.684,33
112,F_N+PB+MED,3,LSTM,A_tiempo,576,144,0.7208,0.240266,0.49017,0.356561,5.4651,1.5592,0.7935,18.701,67
112,F_N+PB+MED,3,GRU,A_tiempo,576,144,0.8203,0.154618,0.393215,0.283295,4.868,1.9776,0.866,27.066,100
112,F_N+PB+MED,3,CNN-LSTM,A_tiempo,576,144,0.6059,0.33907,0.582297,0.428305,5.4435,1.3558,0.6996,6.828,25
112,F_N+PB+MED,3,CNN-GRU,A_tiempo,576,144,0.5991,0.344915,0.587295,0.436139,5.3874,1.2706,0.6927,6.496,23
112,F_N+PB+MED,5,LSTM,A_tiempo,575,144,0.7211,0.24002,0.489919,0.360179,6.9393,0.593,0.7774,25.316,87
112,F_N+PB+MED,5,GRU,A_tiempo,575,144,0.7371,0.226291,0.4757,0.350158,7.0288,0.6039,0.7755,23.055,83
112,F_N+PB+MED,5,CNN-LSTM,A_tiempo,575,144,0.6704,0.283656,0.532593,0.395781,7.0676,0.6014,0.7228,21.919,87
112,F_N+PB+MED,5,CNN-GRU,A_tiempo,575,144,0.4037,0.513236,0.716405,0.522471,8.4736,0.5695,0.6582,24.815,100
113,F_N+MED,1,LSTM,A_tiempo,576,144,0.5432,0.389555,0.624144,0.401968,6.9736,1.6277,0.6458,13.067,44
113,F_N+MED,1,GRU,A_tiempo,576,144,0.5643,0.371565,0.609561,0.387255,6.2289,1.3367,0.6804,15.764,55
113,F_N+MED,1,CNN-LSTM,A_tiempo,576,144,0.5641,0.371715,0.609685,0.39301,5.9479,1.255,0.7329,14.868,58
113,F_N+MED,1,CNN-GRU,A_tiempo,576,144,0.5437,0.389094,0.623774,0.402476,5.7792,1.2668,0.7306,17.933,70
113,F_N+MED,3,LSTM,A_tiempo,576,144,0.1961,0.663679,0.814665,0.567665,16.2156,1.5993,0.4043,12.895,39
113,F_N+MED,3,GRU,A_tiempo,576,144,0.1971,0.662862,0.814163,0.577951,17.6816,1.5347,0.3026,10.401,27
113,F_N+MED,3,CNN-LSTM,A_tiempo,576,144,0.2121,0.65051,0.806542,0.567638,15.8996,1.4281,0.4415,14.248,53
113,F_N+MED,3,CNN-GRU,A_tiempo,576,144,0.1936,0.665818,0.815977,0.569129,16.4569,1.2601,0.3398,7.873,29
113,F_N+MED,5,LSTM,A_tiempo,575,144,0.095,0.7461,0.863771,0.620797,23.9861,0.6002,0.2166,9.772,26
113,F_N+MED,5,GRU,A_tiempo,575,144,0.095,0.746085,0.863762,0.613671,22.5341,0.6686,0.287,13.001,44
113,F_N+MED,5,CNN-LSTM,A_tiempo,575,144,0.0848,0.754484,0.86861,0.623141,22.6647,0.7854,0.2897,10.102,37
113,F_N+MED,5,CNN-GRU,A_tiempo,575,144,0.095,0.74609,0.863765,0.612207,22.7046,0.6086,0.2814,10.202,36
113,F_MED,1,LSTM,A_tiempo,576,144,0.5246,0.405338,0.636662,0.419265,7.1053,1.5978,0.641,12.58,40
113,F_MED,1,GRU,A_tiempo,576,144,0.5547,0.379672,0.616176,0.390709,6.0349,2.0922,0.7083,19.466,70
113,F_MED,1,CNN-LSTM,A_tiempo,576,144,0.5654,0.370548,0.608726,0.394832,6.1612,1.28,0.7399,14.85,57
113,F_MED,1,CNN-GRU,A_tiempo,576,144,0.5296,0.401087,0.633315,0.410641,6.2417,1.2568,0.6894,12.381,47
113,F_MED,3,LSTM,A_tiempo,576,144,0.1927,0.666365,0.816312,0.569716,16.7749,1.607,0.396,12.4,38
113,F_MED,3,GRU,A_tiempo,576,144,0.2078,0.653901,0.808641,0.570278,15.7754,1.3858,0.3742,11.999,39
113,F_MED,3,CNN-LSTM,A_tiempo,576,144,0.2226,0.641689,0.801055,0.561724,15.7078,1.3169,0.428,13.037,48
113,F_MED,3,CNN-GRU,A_tiempo,576,144,0.2045,0.656619,0.81032,0.562199,15.9466,1.2604,0.3652,9.454,33
113,F_MED,5,LSTM,A_tiempo,575,144,0.0933,0.747247,0.864434,0.619079,23.6027,0.7634,0.2226,8.392,26
113,F_MED,5,GRU,A_tiempo,575,144,0.0974,0.7439,0.862496,0.616056,22.6892,0.58,0.2727,13.493,44
113,F_MED,5,CNN-LSTM,A_tiempo,575,144,0.0971,0.744144,0.862638,0.61503,22.4355,0.5906,0.3081,11.751,43
113,F_MED,5,CNN-GRU,A_tiempo,575,144,0.0967,0.744465,0.862824,0.61308,22.9153,0.5897,0.2729,9.556,36
113,F_N+PB+MED,1,LSTM,A_tiempo,576,144,0.6124,0.389695,0.624256,0.361835,5.896,2.1313,0.6942,16.659,53
113,F_N+PB+MED,1,GRU,A_tiempo,576,144,0.6519,0.349965,0.591579,0.331107,4.6636,1.3513,0.7501,17.624,64
113,F_N+PB+MED,1,CNN-LSTM,A_tiempo,576,144,0.62,0.382011,0.618071,0.354217,4.668,1.2851,0.7723,17.176,64
113,F_N+PB+MED,1,CNN-GRU,A_tiempo,576,144,0.6206,0.38149,0.617649,0.356555,4.5301,1.313,0.775,16.669,68
113,F_N+PB+MED,3,LSTM,A_tiempo,576,144,0.2533,0.741689,0.861214,0.559331,16.811,1.5805,0.4103,14.111,46
113,F_N+PB+MED,3,GRU,A_tiempo,576,144,0.2637,0.731335,0.855181,0.549649,16.0506,2.1723,0.4307,24.667,91
113,F_N+PB+MED,3,CNN-LSTM,A_tiempo,576,144,0.2196,0.775163,0.880433,0.57627,16.823,1.3152,0.393,10.952,40
113,F_N+PB+MED,3,CNN-GRU,A_tiempo,576,144,0.2465,0.748457,0.865134,0.55776,15.4494,1.6913,0.455,16.378,63
113,F_N+PB+MED,5,LSTM,A_tiempo,575,144,0.1118,0.884744,0.940608,0.641539,25.5003,0.6013,0.2734,10.176,31
113,F_N+PB+MED,5,GRU,A_tiempo,575,144,0.1143,0.882268,0.939291,0.632251,24.263,0.5917,0.2993,15.83,55
113,F_N+PB+MED,5,CNN-LSTM,A_tiempo,575,144,0.0957,0.90084,0.949126,0.642597,24.0106,0.6787,0.3156,12.841,47
113,F_N+PB+MED,5,CNN-GRU,A_tiempo,575,144,0.0984,0.898143,0.947704,0.63996,23.8748,0.5781,0.3129,11.82,44
114,F_N+MED,1,LSTM,A_tiempo,576,144,0.1271,2.840008,1.685232,1.137528,15.4362,1.5259,0.4814,9.856,28
114,F_N+MED,1,GRU,A_tiempo,576,144,0.1685,2.705534,1.644851,1.090557,15.682,1.4446,0.5267,10.023,30
114,F_N+MED,1,CNN-LSTM,A_tiempo,576,144,0.2207,2.535575,1.592349,1.025066,13.922,1.3497,0.587,10.53,37
114,F_N+MED,1,CNN-GRU,A_tiempo,576,144,0.2321,2.498619,1.580702,1.035821,13.7774,1.1923,0.5985,10.276,35
114,F_N+MED,3,LSTM,A_tiempo,576,144,0.1054,2.900711,1.703147,1.161142,37.1395,1.5727,0.1554,6.386,19
114,F_N+MED,3,GRU,A_tiempo,576,144,0.107,2.895417,1.701592,1.155652,37.5606,1.5308,0.1469,5.79,17
114,F_N+MED,3,CNN-LSTM,A_tiempo,576,144,0.0998,2.919064,1.708527,1.163438,32.8423,1.3215,0.2155,6.478,22
114,F_N+MED,3,CNN-GRU,A_tiempo,576,144,0.0964,2.929803,1.711667,1.159518,33.2378,1.2935,0.1878,5.755,19
114,F_N+MED,5,LSTM,A_tiempo,575,144,0.0586,3.04299,1.744417,1.202261,54.2169,0.6078,0.0997,7.59,18
114,F_N+MED,5,GRU,A_tiempo,575,144,0.0641,3.025491,1.739394,1.196868,52.7723,0.581,0.1026,7.212,17
114,F_N+MED,5,CNN-LSTM,A_tiempo,575,144,0.0376,3.110925,1.763781,1.210778,51.7637,0.5665,0.0721,6.18,16
114,F_N+MED,5,CNN-GRU,A_tiempo,575,144,0.0625,3.030401,1.740805,1.197813,52.3874,0.5906,0.1,6.283,17
114,F_MED,1,LSTM,A_tiempo,576,144,0.1422,2.792427,1.671056,1.118212,15.2497,1.664,0.535,10.904,31
114,F_MED,1,GRU,A_tiempo,576,144,0.1946,2.622096,1.619289,1.063253,15.641,1.4196,0.5177,10.119,29
114,F_MED,1,CNN-LSTM,A_tiempo,576,144,0.1592,2.737105,1.65442,1.085717,14.4903,1.3335,0.6156,11.541,41
114,F_MED,1,CNN-GRU,A_tiempo,576,144,0.2182,2.545241,1.595381,1.041479,13.7085,2.5671,0.648,11.652,45
114,F_MED,3,LSTM,A_tiempo,576,144,0.1077,2.897362,1.702164,1.1608,38.1683,1.5841,0.1478,6.957,18
114,F_MED,3,GRU,A_tiempo,576,144,0.1066,2.900711,1.703147,1.156807,37.2028,1.3725,0.1503,6.403,17
114,F_MED,3,CNN-LSTM,A_tiempo,576,144,0.0897,2.955519,1.719162,1.171345,31.2805,1.2859,0.233,8.065,23
114,F_MED,3,CNN-GRU,A_tiempo,576,144,0.102,2.915671,1.707534,1.1597,34.2291,1.2503,0.1831,6.496,19
114,F_MED,5,LSTM,A_tiempo,575,144,0.0372,3.116657,1.765406,1.215365,54.1919,0.7814,0.0749,5.824,16
114,F_MED,5,GRU,A_tiempo,575,144,0.0645,3.028206,1.740174,1.197619,53.5413,0.8495,0.1002,5.76,17
114,F_MED,5,CNN-LSTM,A_tiempo,575,144,0.0591,3.045703,1.745194,1.200286,53.4837,0.9015,0.0958,5.401,17
114,F_MED,5,CNN-GRU,A_tiempo,575,144,0.0591,3.045736,1.745204,1.199919,52.1101,0.6356,0.1,5.169,17
114,F_N+PB+MED,1,LSTM,A_tiempo,576,144,0.0585,0.799734,0.894279,0.672295,8.6183,1.5217,0.6168,16.215,55
114,F_N+PB+MED,1,GRU,A_tiempo,576,144,0.0164,0.835505,0.91406,0.673893,8.7527,1.4712,0.63,19.853,68
114,F_N+PB+MED,1,CNN-LSTM,A_tiempo,576,144,-0.0624,0.902417,0.949956,0.704982,8.2597,1.949,0.6699,16.098,64
114,F_N+PB+MED,1,CNN-GRU,A_tiempo,576,144,-0.1093,0.942324,0.970734,0.722643,8.132,1.2505,0.6541,12.274,47
114,F_N+PB+MED,3,LSTM,A_tiempo,576,144,-0.2591,1.058631,1.028898,0.798328,16.6296,2.1272,0.3068,8.635,27
114,F_N+PB+MED,3,GRU,A_tiempo,576,144,-0.086,0.913086,0.955555,0.741029,19.5505,2.0512,0.1006,5.489,16
114,F_N+PB+MED,3,CNN-LSTM,A_tiempo,576,144,-0.0019,0.842403,0.917825,0.706775,25.9195,1.4538,0.0191,5.153,16
114,F_N+PB+MED,3,CNN-GRU,A_tiempo,576,144,-0.0243,0.861182,0.927999,0.715771,22.2575,1.2496,0.0599,5.334,16
114,F_N+PB+MED,5,LSTM,A_tiempo,575,144,-0.0113,0.854276,0.924271,0.712085,31.668,0.5867,0.0352,7.23,16
114,F_N+PB+MED,5,GRU,A_tiempo,575,144,-0.0519,0.888534,0.942621,0.728191,26.9101,0.5927,0.0623,6.624,16
114,F_N+PB+MED,5,CNN-LSTM,A_tiempo,575,144,-0.003,0.847217,0.920444,0.708354,34.556,0.5978,0.0123,6.016,16
114,F_N+PB+MED,5,CNN-GRU,A_tiempo,575,144,-0.0126,0.855319,0.924834,0.712518,30.9623,0.5713,0.0341,6.084,16
115,F_N+MED,1,LSTM,A_tiempo,576,144,0.6848,0.270879,0.520461,0.389995,5.5868,2.5673,0.7399,12.053,41
115,F_N+MED,1,GRU,A_tiempo,576,144,0.6995,0.258256,0.508189,0.379306,5.4226,1.3927,0.7376,11.794,36
115,F_N+MED,1,CNN-LSTM,A_tiempo,576,144,0.7471,0.21735,0.466208,0.35228,4.9404,2.5713,0.8362,17.097,67
115,F_N+MED,1,CNN-GRU,A_tiempo,576,144,0.7493,0.215451,0.464167,0.342852,4.733,1.3022,0.8434,17.774,72
115,F_N+MED,3,LSTM,A_tiempo,576,144,0.2053,0.729708,0.854229,0.621752,16.4144,1.5293,0.345,11.713,36
115,F_N+MED,3,GRU,A_tiempo,576,144,0.3748,0.574105,0.757697,0.546757,13.5669,1.5297,0.3126,9.0,25
115,F_N+MED,3,CNN-LSTM,A_tiempo,576,144,0.2063,0.728822,0.853711,0.621066,15.4376,1.3406,0.455,13.955,53
115,F_N+MED,3,CNN-GRU,A_tiempo,576,144,0.3393,0.606686,0.778901,0.568231,14.3034,1.2522,0.4931,12.648,47
115,F_N+MED,5,LSTM,A_tiempo,575,144,0.1431,0.79013,0.888892,0.651324,24.7846,0.6806,0.1748,7.809,20
115,F_N+MED,5,GRU,A_tiempo,575,144,0.0998,0.830072,0.911083,0.661182,22.7879,0.6013,0.2394,9.591,28
115,F_N+MED,5,CNN-LSTM,A_tiempo,575,144,0.1653,0.769658,0.877302,0.644459,23.693,0.5923,0.211,7.271,27
115,F_N+MED,5,CNN-GRU,A_tiempo,575,144,-0.011,0.932225,0.965518,0.700749,23.3685,0.5967,0.2728,12.414,48
115,F_MED,1,LSTM,A_tiempo,576,144,0.7046,0.253853,0.503839,0.375751,5.5759,1.5276,0.7358,12.717,39
115,F_MED,1,GRU,A_tiempo,576,144,0.7253,0.236021,0.48582,0.360112,5.1881,2.5261,0.7521,13.263,46
115,F_MED,1,CNN-LSTM,A_tiempo,576,144,0.7463,0.21797,0.466873,0.349092,4.8034,1.2591,0.8302,14.696,59
115,F_MED,1,CNN-GRU,A_tiempo,576,144,0.7457,0.218525,0.467466,0.348794,4.8114,1.2746,0.8116,13.438,52
115,F_MED,3,LSTM,A_tiempo,576,144,0.261,0.678618,0.823783,0.605118,16.8623,2.2558,0.3254,9.253,29
115,F_MED,3,GRU,A_tiempo,576,144,0.2872,0.654562,0.80905,0.578979,15.2683,1.5333,0.3724,10.177,31
115,F_MED,3,CNN-LSTM,A_tiempo,576,144,0.1997,0.734919,0.857274,0.622612,15.7314,1.9878,0.4097,15.302,55
115,F_MED,3,CNN-GRU,A_tiempo,576,144,0.3267,0.618298,0.786319,0.572327,15.1607,1.2314,0.4178,10.318,38
115,F_MED,5,LSTM,A_tiempo,575,144,0.1304,0.801835,0.895453,0.656897,23.4412,0.5933,0.2459,11.511,34
115,F_MED,5,GRU,A_tiempo,575,144,0.0774,0.850692,0.92233,0.668647,22.7026,0.5795,0.2491,9.642,29
115,F_MED,5,CNN-LSTM,A_tiempo,575,144,0.1438,0.789431,0.888499,0.653979,23.6827,0.5734,0.2146,7.472,28
115,F_MED,5,CNN-GRU,A_tiempo,575,144,0.1423,0.790839,0.889291,0.658502,21.7961,0.5871,0.2989,9.818,36
115,F_N+PB+MED,1,LSTM,A_tiempo,576,144,0.5207,0.419312,0.647543,0.457477,5.8053,1.5487,0.7292,15.558,53
115,F_N+PB+MED,1,GRU,A_tiempo,576,144,0.5281,0.412853,0.642536,0.460991,5.996,1.3831,0.6985,12.23,41
115,F_N+PB+MED,1,CNN-LSTM,A_tiempo,576,144,0.5533,0.390851,0.62518,0.438066,5.5153,1.281,0.7334,14.454,56
115,F_N+PB+MED,1,CNN-GRU,A_tiempo,576,144,0.5621,0.383168,0.619006,0.438602,5.5047,1.2466,0.7304,11.372,44
115,F_N+PB+MED,3,LSTM,A_tiempo,576,144,0.1958,0.697626,0.83524,0.610708,12.8377,1.5691,0.5315,17.19,61
115,F_N+PB+MED,3,GRU,A_tiempo,576,144,0.1891,0.703431,0.838708,0.615448,13.347,1.3825,0.5024,16.06,57
115,F_N+PB+MED,3,CNN-LSTM,A_tiempo,576,144,0.1589,0.729558,0.854142,0.627809,12.8886,1.3297,0.5036,16.794,65
115,F_N+PB+MED,3,CNN-GRU,A_tiempo,576,144,0.1682,0.721497,0.84941,0.62196,12.4075,2.5909,0.5198,14.476,56
115,F_N+PB+MED,5,LSTM,A_tiempo,575,144,-0.0063,0.860404,0.92758,0.71077,19.7899,0.6207,0.3265,15.862,53
115,F_N+PB+MED,5,GRU,A_tiempo,575,144,0.0335,0.826323,0.909023,0.692487,20.2937,0.5943,0.3487,15.894,56
115,F_N+PB+MED,5,CNN-LSTM,A_tiempo,575,144,0.0104,0.846058,0.919814,0.702604,19.7211,0.6029,0.3446,12.451,47
115,F_N+PB+MED,5,CNN-GRU,A_tiempo,575,144,0.0295,0.829737,0.910899,0.697097,19.5876,0.5812,0.3343,10.755,39
116,F_N+MED,1,LSTM,A_tiempo,576,144,0.2353,0.199869,0.447067,0.272867,4.1799,1.5428,0.3423,7.538,24
116,F_N+MED,1,GRU,A_tiempo,576,144,0.4075,0.154848,0.393508,0.237846,3.1588,2.1178,0.4445,10.59,35
116,F_N+MED,1,CNN-LSTM,A_tiempo,576,144,0.3667,0.16553,0.406854,0.244756,3.8014,2.5387,0.3905,7.862,26
116,F_N+MED,1,CNN-GRU,A_tiempo,576,144,0.3548,0.168638,0.410655,0.264048,3.8458,1.2422,0.4433,9.035,30
116,F_N+MED,3,LSTM,A_tiempo,576,144,0.0563,0.254387,0.504368,0.312245,9.6269,1.6244,0.1774,9.592,26
116,F_N+MED,3,GRU,A_tiempo,576,144,0.1538,0.228085,0.477582,0.305963,7.9276,1.3815,0.2124,9.56,29
116,F_N+MED,3,CNN-LSTM,A_tiempo,576,144,0.1813,0.220689,0.469776,0.293191,8.8569,1.4067,0.2003,7.215,26
116,F_N+MED,3,CNN-GRU,A_tiempo,576,144,0.1959,0.21675,0.465564,0.290881,8.1884,1.2111,0.2335,6.914,26
116,F_N+MED,5,LSTM,A_tiempo,575,144,0.0394,0.274841,0.524253,0.326071,12.6583,0.5829,0.0965,8.32,26
116,F_N+MED,5,GRU,A_tiempo,575,144,0.0563,0.270005,0.51962,0.32945,10.8991,0.9413,0.1382,8.948,27
116,F_N+MED,5,CNN-LSTM,A_tiempo,575,144,0.0643,0.267725,0.517422,0.325185,10.9205,0.5647,0.1386,9.022,29
116,F_N+MED,5,CNN-GRU,A_tiempo,575,144,0.0799,0.263266,0.513095,0.323098,11.0652,0.5934,0.1649,8.814,34
116,F_MED,1,LSTM,A_tiempo,576,144,0.2662,0.191783,0.43793,0.268772,4.0254,2.6087,0.3507,8.369,28
116,F_MED,1,GRU,A_tiempo,576,144,0.3939,0.158405,0.398002,0.24921,3.3793,1.3907,0.4527,11.635,37
116,F_MED,1,CNN-LSTM,A_tiempo,576,144,0.3545,0.168725,0.410762,0.259098,3.8658,2.4214,0.4015,8.519,30
116,F_MED,1,CNN-GRU,A_tiempo,576,144,0.3465,0.1708,0.41328,0.265485,3.9638,1.2478,0.4353,7.254,28
116,F_MED,3,LSTM,A_tiempo,576,144,0.0947,0.244011,0.493974,0.308624,9.6812,1.6559,0.1642,8.172,25
116,F_MED,3,GRU,A_tiempo,576,144,0.1619,0.2259,0.47529,0.3039,7.7618,2.0934,0.2215,8.655,29
116,F_MED,3,CNN-LSTM,A_tiempo,576,144,0.1661,0.22477,0.474099,0.298529,8.5642,1.2946,0.1956,8.216,26
116,F_MED,3,CNN-GRU,A_tiempo,576,144,0.197,0.216451,0.465243,0.291949,8.1923,1.2159,0.24,9.084,29
116,F_MED,5,LSTM,A_tiempo,575,144,0.0553,0.270298,0.519902,0.322546,12.7375,0.624,0.0837,8.424,22
116,F_MED,5,GRU,A_tiempo,575,144,0.0579,0.269531,0.519163,0.329072,10.9985,0.5905,0.1342,7.818,26
116,F_MED,5,CNN-LSTM,A_tiempo,575,144,0.0045,0.284818,0.533683,0.340909,11.004,0.7214,0.1479,9.692,35
116,F_MED,5,CNN-GRU,A_tiempo,575,144,0.06,0.268946,0.5186,0.330301,11.2229,0.6813,0.1572,9.595,32
116,F_N+PB+MED,1,LSTM,A_tiempo,576,144,-0.0351,0.284782,0.53365,0.342301,4.6279,2.2891,0.3137,14.065,45
116,F_N+PB+MED,1,GRU,A_tiempo,576,144,-0.1195,0.308011,0.554987,0.369592,4.2555,1.4498,0.3656,12.976,43
116,F_N+PB+MED,1,CNN-LSTM,A_tiempo,576,144,-0.0994,0.30249,0.549991,0.366051,4.6392,1.302,0.4721,11.663,43
116,F_N+PB+MED,1,CNN-GRU,A_tiempo,576,144,-0.1622,0.319761,0.565474,0.383299,4.8559,1.3125,0.4554,10.991,40
116,F_N+PB+MED,3,LSTM,A_tiempo,576,144,-0.1189,0.30054,0.548216,0.349304,10.5056,1.522,0.199,10.695,32
116,F_N+PB+MED,3,GRU,A_tiempo,576,144,-0.3429,0.360694,0.600578,0.414612,10.9335,2.5658,0.1991,9.226,31
116,F_N+PB+MED,3,CNN-LSTM,A_tiempo,576,144,-0.2359,0.331951,0.576152,0.378767,10.595,1.3322,0.1529,7.848,23
116,F_N+PB+MED,3,CNN-GRU,A_tiempo,576,144,-0.1522,0.30947,0.556301,0.3555,10.7518,1.2664,0.161,7.483,22
116,F_N+PB+MED,5,LSTM,A_tiempo,575,144,-0.1436,0.322989,0.568321,0.354489,15.4074,0.6269,0.1469,10.068,29
116,F_N+PB+MED,5,GRU,A_tiempo,575,144,-0.3829,0.390592,0.624974,0.428172,14.759,0.9263,0.156,8.885,32
116,F_N+PB+MED,5,CNN-LSTM,A_tiempo,575,144,-0.2318,0.347911,0.58984,0.382585,15.0783,0.5728,0.1209,7.607,23
116,F_N+PB+MED,5,CNN-GRU,A_tiempo,575,144,-0.2043,0.340152,0.583225,0.374401,14.6758,0.577,0.1393,7.797,23
117,F_N+MED,1,LSTM,A_tiempo,576,144,0.7625,0.182296,0.426961,0.308671,4.1921,2.4403,0.8608,16.306,57
117,F_N+MED,1,GRU,A_tiempo,576,144,0.7799,0.168954,0.41104,0.2948,3.6738,1.4266,0.8623,17.917,67
117,F_N+MED,1,CNN-LSTM,A_tiempo,576,144,0.8152,0.141836,0.376612,0.272237,3.5887,1.3081,0.9069,21.167,88
117,F_N+MED,1,CNN-GRU,A_tiempo,576,144,0.8372,0.124994,0.353545,0.255049,3.0783,1.2051,0.9183,19.615,81
117,F_N+MED,3,LSTM,A_tiempo,576,144,0.5997,0.308361,0.555303,0.410978,9.4891,2.553,0.7209,16.216,53
117,F_N+MED,3,GRU,A_tiempo,576,144,0.6034,0.305537,0.552754,0.408497,9.1597,1.4825,0.6698,12.97,43
117,F_N+MED,3,CNN-LSTM,A_tiempo,576,144,0.6207,0.29219,0.540546,0.401007,9.3733,1.287,0.692,13.736,54
117,F_N+MED,3,CNN-GRU,A_tiempo,576,144,0.6184,0.293973,0.542193,0.397192,8.9903,1.2514,0.7562,15.629,63
117,F_N+MED,5,LSTM,A_tiempo,575,144,0.4925,0.388372,0.623195,0.470681,14.5117,0.6064,0.6394,16.583,56
117,F_N+MED,5,GRU,A_tiempo,575,144,0.5041,0.37948,0.61602,0.462052,14.3737,0.5897,0.5685,13.41,43
117,F_N+MED,5,CNN-LSTM,A_tiempo,575,144,0.5188,0.36825,0.606836,0.454111,13.8178,0.5759,0.5951,13.067,51
117,F_N+MED,5,CNN-GRU,A_tiempo,575,144,0.4979,0.384279,0.619902,0.462895,13.9597,0.8161,0.5913,12.13,47
117,F_MED,1,LSTM,A_tiempo,576,144,0.7686,0.177671,0.42151,0.308863,4.162,1.4909,0.8292,15.554,53
117,F_MED,1,GRU,A_tiempo,576,144,0.7801,0.168776,0.410824,0.299169,4.0296,1.4693,0.8481,16.393,56
117,F_MED,1,CNN-LSTM,A_tiempo,576,144,0.8225,0.136277,0.369157,0.268054,3.4499,1.7099,0.9149,19.547,82
117,F_MED,1,CNN-GRU,A_tiempo,576,144,0.8175,0.140085,0.37428,0.269082,3.2871,2.027,0.9055,19.727,78
117,F_MED,3,LSTM,A_tiempo,576,144,0.6003,0.307938,0.554922,0.411578,9.8384,1.5545,0.724,16.118,54
117,F_MED,3,GRU,A_tiempo,576,144,0.6077,0.302218,0.549744,0.414597,9.5969,1.368,0.6316,11.022,36
117,F_MED,3,CNN-LSTM,A_tiempo,576,144,0.6274,0.287075,0.535793,0.39564,9.293,2.5469,0.7072,14.985,58
117,F_MED,3,CNN-GRU,A_tiempo,576,144,0.6038,0.305247,0.552492,0.410543,9.5264,1.2376,0.6698,11.014,41
117,F_MED,5,LSTM,A_tiempo,575,144,0.5125,0.373144,0.610855,0.457772,14.3527,0.6288,0.6632,22.561,79
117,F_MED,5,GRU,A_tiempo,575,144,0.5028,0.380498,0.616845,0.463659,14.3745,0.8812,0.5449,10.52,35
117,F_MED,5,CNN-LSTM,A_tiempo,575,144,0.5107,0.374495,0.61196,0.459171,14.2436,0.6175,0.5883,13.2,48
117,F_MED,5,CNN-GRU,A_tiempo,575,144,0.508,0.376574,0.613656,0.4621,13.8159,0.6523,0.5538,9.942,35
117,F_N+PB+MED,1,LSTM,A_tiempo,576,144,0.9145,0.072439,0.269144,0.167374,1.8182,1.5586,0.9277,22.124,77
117,F_N+PB+MED,1,GRU,A_tiempo,576,144,0.8754,0.105548,0.324882,0.193316,1.8334,1.4488,0.8911,17.244,62
117,F_N+PB+MED,1,CNN-LSTM,A_tiempo,576,144,0.8901,0.093127,0.305167,0.180868,1.6271,1.26,0.9236,18.274,73
117,F_N+PB+MED,1,CNN-GRU,A_tiempo,576,144,0.891,0.092302,0.303813,0.184947,1.5894,1.3379,0.9138,15.878,64
117,F_N+PB+MED,3,LSTM,A_tiempo,576,144,0.8086,0.164317,0.405361,0.240349,5.4924,1.7573,0.8171,20.501,69
117,F_N+PB+MED,3,GRU,A_tiempo,576,144,0.7707,0.196815,0.443638,0.266809,5.8323,1.3737,0.7504,15.044,52
117,F_N+PB+MED,3,CNN-LSTM,A_tiempo,576,144,0.7804,0.188459,0.434118,0.259085,5.0455,1.4982,0.8177,16.916,67
117,F_N+PB+MED,3,CNN-GRU,A_tiempo,576,144,0.7664,0.200473,0.447743,0.270354,5.2033,1.2848,0.7936,13.988,56
117,F_N+PB+MED,5,LSTM,A_tiempo,575,144,0.7063,0.251322,0.501321,0.300009,8.8029,0.6091,0.7663,27.705,100
117,F_N+PB+MED,5,GRU,A_tiempo,575,144,0.6489,0.300404,0.548091,0.338906,10.8584,0.5886,0.642,12.562,41
117,F_N+PB+MED,5,CNN-LSTM,A_tiempo,575,144,0.6628,0.288566,0.537184,0.33304,10.3669,0.8268,0.6825,12.867,49
117,F_N+PB+MED,5,CNN-GRU,A_tiempo,575,144,0.6605,0.290483,0.538965,0.334532,9.7323,0.5809,0.7219,18.6,73
118,F_N+MED,1,LSTM,A_tiempo,576,144,0.3022,0.658357,0.811392,0.54049,10.9127,2.1888,0.5969,16.774,58
118,F_N+MED,1,GRU,A_tiempo,576,144,0.3221,0.639645,0.799778,0.529552,10.4097,1.5201,0.6383,18.188,67
118,F_N+MED,1,CNN-LSTM,A_tiempo,576,144,0.2629,0.695498,0.833965,0.554147,10.325,1.353,0.6587,20.958,89
118,F_N+MED,1,CNN-GRU,A_tiempo,576,144,0.2629,0.695426,0.833922,0.548176,10.3655,1.2154,0.6102,11.962,46
118,F_N+MED,3,LSTM,A_tiempo,576,144,0.0482,0.879716,0.937932,0.66326,21.3212,2.3747,0.4317,14.723,49
118,F_N+MED,3,GRU,A_tiempo,576,144,0.0544,0.873997,0.934878,0.64892,21.8638,2.4237,0.3955,14.635,50
118,F_N+MED,3,CNN-LSTM,A_tiempo,576,144,-0.0039,0.927887,0.963269,0.679997,21.2043,1.3355,0.342,10.485,37
118,F_N+MED,3,CNN-GRU,A_tiempo,576,144,0.0124,0.912837,0.955425,0.670283,21.5721,1.8847,0.3625,9.729,39
118,F_N+MED,5,LSTM,A_tiempo,575,144,0.0061,0.900375,0.948881,0.664217,29.1035,0.6283,0.2734,12.62,39
118,F_N+MED,5,GRU,A_tiempo,575,144,0.0319,0.876959,0.936461,0.649752,30.4991,0.5908,0.1811,6.572,21
118,F_N+MED,5,CNN-LSTM,A_tiempo,575,144,0.0181,0.889456,0.94311,0.657226,30.2686,0.6069,0.1979,8.242,25
118,F_N+MED,5,CNN-GRU,A_tiempo,575,144,0.0142,0.893024,0.945,0.664078,29.8214,0.5869,0.1986,7.16,23
118,F_MED,1,LSTM,A_tiempo,576,144,0.2875,0.673323,0.820563,0.550844,11.5323,1.5344,0.5345,12.436,39
118,F_MED,1,GRU,A_tiempo,576,144,0.3057,0.65615,0.810031,0.535335,10.4295,2.0476,0.6425,25.629,98
118,F_MED,1,CNN-LSTM,A_tiempo,576,144,0.2803,0.680079,0.824669,0.546976,10.0608,1.9471,0.6574,16.981,68
118,F_MED,1,CNN-GRU,A_tiempo,576,144,0.2463,0.712234,0.843939,0.554339,10.3865,1.2033,0.6492,21.893,88
118,F_MED,3,LSTM,A_tiempo,576,144,0.0483,0.8808,0.938509,0.660042,21.7278,1.5121,0.3758,12.701,41
118,F_MED,3,GRU,A_tiempo,576,144,0.0587,0.871136,0.933346,0.65064,21.4222,2.5959,0.3838,17.686,63
118,F_MED,3,CNN-LSTM,A_tiempo,576,144,0.0329,0.895046,0.946068,0.660011,22.5034,1.332,0.3023,8.824,29
118,F_MED,3,CNN-GRU,A_tiempo,576,144,-0.0019,0.927261,0.962944,0.685137,21.4825,2.5596,0.3814,9.865,39
118,F_MED,5,LSTM,A_tiempo,575,144,-0.0338,0.937696,0.968347,0.69026,28.654,0.7495,0.3044,14.098,48
118,F_MED,5,GRU,A_tiempo,575,144,0.0154,0.893084,0.945031,0.659824,29.7529,0.585,0.224,12.005,38
118,F_MED,5,CNN-LSTM,A_tiempo,575,144,0.0168,0.891772,0.944337,0.660763,29.9432,0.5844,0.1971,6.82,24
118,F_MED,5,CNN-GRU,A_tiempo,575,144,0.017,0.891628,0.94426,0.655402,30.1784,0.8182,0.1907,6.963,22
118,F_N+PB+MED,1,LSTM,A_tiempo,576,144,0.4139,0.701081,0.837306,0.506968,10.1016,1.5497,0.6615,23.766,83
118,F_N+PB+MED,1,GRU,A_tiempo,576,144,0.3837,0.737249,0.858632,0.535673,10.0222,2.5522,0.6396,25.171,93
118,F_N+PB+MED,1,CNN-LSTM,A_tiempo,576,144,0.3717,0.751537,0.866912,0.536187,10.3884,1.3262,0.5996,12.458,46
118,F_N+PB+MED,1,CNN-GRU,A_tiempo,576,144,0.3849,0.735722,0.857742,0.528205,10.509,1.3368,0.6179,13.051,50
118,F_N+PB+MED,3,LSTM,A_tiempo,576,144,0.2775,0.851223,0.922618,0.582657,21.7162,1.5877,0.4494,21.153,75
118,F_N+PB+MED,3,GRU,A_tiempo,576,144,0.2463,0.887923,0.942296,0.600294,21.908,1.3894,0.4546,21.662,76
118,F_N+PB+MED,3,CNN-LSTM,A_tiempo,576,144,0.1881,0.956598,0.978058,0.624284,22.7555,1.9244,0.4045,14.518,54
118,F_N+PB+MED,3,CNN-GRU,A_tiempo,576,144,0.1995,0.94313,0.971149,0.626345,21.8013,1.322,0.4447,19.364,76
118,F_N+PB+MED,5,LSTM,A_tiempo,575,144,0.1538,0.980874,0.990391,0.636549,31.8213,0.8557,0.3173,16.603,52
118,F_N+PB+MED,5,GRU,A_tiempo,575,144,0.1028,1.039986,1.019797,0.669221,32.1583,0.8891,0.3002,15.277,52
118,F_N+PB+MED,5,CNN-LSTM,A_tiempo,575,144,0.1572,0.976891,0.988378,0.637474,30.7125,0.5964,0.3884,21.904,88
118,F_N+PB+MED,5,CNN-GRU,A_tiempo,575,144,0.0854,1.060154,1.029638,0.683947,30.3193,0.5912,0.3388,17.432,69
119,F_N+MED,1,LSTM,A_tiempo,576,144,0.1662,0.765496,0.874926,0.485276,9.0727,1.5386,0.3351,12.549,40
119,F_N+MED,1,GRU,A_tiempo,576,144,0.1949,0.739154,0.859741,0.486261,9.2999,1.4256,0.4638,18.594,63
119,F_N+MED,1,CNN-LSTM,A_tiempo,576,144,0.1731,0.759109,0.871269,0.484161,8.3984,1.2967,0.339,10.932,40
119,F_N+MED,1,CNN-GRU,A_tiempo,576,144,0.1938,0.740137,0.860312,0.496504,8.6677,2.529,0.3391,10.34,38
119,F_N+MED,3,LSTM,A_tiempo,576,144,0.0696,0.898108,0.947685,0.538034,19.9246,1.5161,0.2014,13.101,40
119,F_N+MED,3,GRU,A_tiempo,576,144,0.0805,0.887603,0.942127,0.532567,19.533,1.4046,0.2282,17.506,64
119,F_N+MED,3,CNN-LSTM,A_tiempo,576,144,0.0821,0.886081,0.941319,0.521248,19.9005,1.4578,0.2088,10.956,40
119,F_N+MED,3,CNN-GRU,A_tiempo,576,144,0.0958,0.872817,0.934247,0.526074,19.4952,1.3664,0.2375,12.218,45
119,F_N+MED,5,LSTM,A_tiempo,575,144,0.061,0.939201,0.969124,0.546877,30.3666,0.6103,0.1407,11.858,36
119,F_N+MED,5,GRU,A_tiempo,575,144,0.0692,0.930987,0.964877,0.53624,31.284,0.6201,0.1156,9.227,26
119,F_N+MED,5,CNN-LSTM,A_tiempo,575,144,0.0627,0.937526,0.968259,0.539361,30.461,0.5853,0.1503,9.395,36
119,F_N+MED,5,CNN-GRU,A_tiempo,575,144,0.0523,0.947878,0.973591,0.559315,29.0818,0.5602,0.1995,13.436,53
119,F_MED,1,LSTM,A_tiempo,576,144,0.1802,0.752536,0.867489,0.488079,8.8926,1.5158,0.3536,13.164,42
119,F_MED,1,GRU,A_tiempo,576,144,0.2138,0.721715,0.849538,0.477055,8.8907,1.5023,0.3523,13.744,47
119,F_MED,1,CNN-LSTM,A_tiempo,576,144,0.1873,0.746054,0.863744,0.490395,8.6211,1.9158,0.3352,10.655,40
119,F_MED,1,CNN-GRU,A_tiempo,576,144,0.1866,0.746675,0.864103,0.494479,8.5952,1.2432,0.359,10.947,39
119,F_MED,3,LSTM,A_tiempo,576,144,0.0876,0.880657,0.938433,0.521701,20.5162,2.1079,0.1758,10.409,34
119,F_MED,3,GRU,A_tiempo,576,144,0.0923,0.876179,0.936044,0.528107,19.8655,1.4227,0.1975,12.699,43
119,F_MED,3,CNN-LSTM,A_tiempo,576,144,0.096,0.872602,0.934132,0.51683,19.8669,1.3067,0.1994,10.491,37
119,F_MED,3,CNN-GRU,A_tiempo,576,144,0.0896,0.878787,0.937437,0.522603,19.6304,1.2331,0.2271,11.796,44
119,F_MED,5,LSTM,A_tiempo,575,144,0.0601,0.939979,0.969525,0.536192,31.092,0.5943,0.1208,9.525,28
119,F_MED,5,GRU,A_tiempo,575,144,0.0646,0.935502,0.967214,0.540594,30.9616,0.5762,0.1164,9.653,27
119,F_MED,5,CNN-LSTM,A_tiempo,575,144,0.0594,0.940676,0.969884,0.544257,30.4365,0.5696,0.1434,9.311,34
119,F_MED,5,CNN-GRU,A_tiempo,575,144,0.0676,0.932503,0.965662,0.537338,30.5046,0.6985,0.1619,10.839,38
119,F_N+PB+MED,1,LSTM,A_tiempo,576,144,0.3524,0.565728,0.752149,0.385477,7.0823,1.5448,0.6169,17.134,60
119,F_N+PB+MED,1,GRU,A_tiempo,576,144,0.4003,0.523845,0.723771,0.37423,5.99,1.4086,0.6769,23.288,84
119,F_N+PB+MED,1,CNN-LSTM,A_tiempo,576,144,0.3836,0.538476,0.733809,0.36906,6.0029,1.3539,0.7991,24.508,100
119,F_N+PB+MED,1,CNN-GRU,A_tiempo,576,144,0.4544,0.476658,0.690404,0.36455,5.79,1.8796,0.77,22.315,91
119,F_N+PB+MED,3,LSTM,A_tiempo,576,144,0.1224,0.791927,0.889903,0.457645,17.6051,1.6235,0.3557,17.998,61
119,F_N+PB+MED,3,GRU,A_tiempo,576,144,0.1192,0.794756,0.891491,0.465277,17.1806,1.4177,0.3728,20.431,66
119,F_N+PB+MED,3,CNN-LSTM,A_tiempo,576,144,0.1013,0.810968,0.900538,0.469974,17.8887,1.4089,0.3346,19.4,79
119,F_N+PB+MED,3,CNN-GRU,A_tiempo,576,144,0.108,0.804923,0.897175,0.479874,17.4344,1.2986,0.3949,22.992,91
119,F_N+PB+MED,5,LSTM,A_tiempo,575,144,0.0455,0.890346,0.943582,0.488942,29.7081,0.652,0.1515,12.624,39
119,F_N+PB+MED,5,GRU,A_tiempo,575,144,0.0493,0.886792,0.941696,0.496496,26.6214,0.7369,0.2765,27.33,98
119,F_N+PB+MED,5,CNN-LSTM,A_tiempo,575,144,0.0366,0.898592,0.947941,0.497858,28.2581,0.5994,0.2028,12.821,47
119,F_N+PB+MED,5,CNN-GRU,A_tiempo,575,144,0.0307,0.904132,0.950859,0.505724,27.5653,0.6313,0.26,21.831,83
121,F_N+MED,1,LSTM,A_tiempo,576,144,0.5872,2.680255,1.637149,1.022654,21.7916,2.1823,0.7047,9.151,31
121,F_N+MED,1,GRU,A_tiempo,576,144,0.5703,2.790259,1.670407,1.004988,22.7883,1.6385,0.677,9.732,27
121,F_N+MED,1,CNN-LSTM,A_tiempo,576,144,0.6298,2.403917,1.550457,0.973936,20.4638,1.8862,0.7715,12.456,48
121,F_N+MED,1,CNN-GRU,A_tiempo,576,144,0.6229,2.448529,1.564777,1.007649,20.7788,1.341,0.7866,14.376,55
121,F_N+MED,3,LSTM,A_tiempo,576,144,0.3005,4.811355,2.19348,1.3935,46.2692,1.5852,0.4361,11.935,34
121,F_N+MED,3,GRU,A_tiempo,576,144,0.2891,4.890383,2.211421,1.39721,46.4453,2.0891,0.4185,8.031,27
121,F_N+MED,3,CNN-LSTM,A_tiempo,576,144,0.2871,4.903809,2.214455,1.391223,44.308,1.3401,0.4264,8.863,27
121,F_N+MED,3,CNN-GRU,A_tiempo,576,144,0.2666,5.045197,2.246151,1.427247,45.6645,2.5668,0.4113,6.641,24
121,F_N+MED,5,LSTM,A_tiempo,575,144,0.1908,5.587467,2.363782,1.535236,68.6197,0.603,0.303,11.836,34
121,F_N+MED,5,GRU,A_tiempo,575,144,0.1777,5.678143,2.382885,1.555388,68.905,0.6035,0.3119,11.173,33
121,F_N+MED,5,CNN-LSTM,A_tiempo,575,144,0.2001,5.523185,2.350146,1.530011,66.1146,0.8998,0.3539,9.9,33
121,F_N+MED,5,CNN-GRU,A_tiempo,575,144,0.1796,5.664938,2.380113,1.548252,68.3128,0.6053,0.3255,8.318,31
121,F_MED,1,LSTM,A_tiempo,576,144,0.605,2.564892,1.601528,0.994176,21.6079,1.5609,0.7292,11.954,37
121,F_MED,1,GRU,A_tiempo,576,144,0.6002,2.596156,1.611259,0.990612,21.6592,1.4427,0.7119,11.745,37
121,F_MED,1,CNN-LSTM,A_tiempo,576,144,0.6174,2.484635,1.576272,0.990229,20.6757,1.4443,0.7918,14.133,53
121,F_MED,1,CNN-GRU,A_tiempo,576,144,0.638,2.351023,1.533305,0.968033,20.1927,1.2837,0.774,13.142,50
121,F_MED,3,LSTM,A_tiempo,576,144,0.3142,4.71779,2.172047,1.362025,45.7249,1.5674,0.4375,11.372,33
121,F_MED,3,GRU,A_tiempo,576,144,0.2911,4.877122,2.208421,1.393018,46.2441,1.5142,0.4177,9.053,25
121,F_MED,3,CNN-LSTM,A_tiempo,576,144,0.2912,4.876152,2.208201,1.38764,44.9108,1.3647,0.4244,7.333,26
121,F_MED,3,CNN-GRU,A_tiempo,576,144,0.2915,4.874192,2.207757,1.402063,44.0098,1.2795,0.4529,8.787,29
121,F_MED,5,LSTM,A_tiempo,575,144,0.1994,5.529011,2.351385,1.519692,68.241,0.8658,0.3207,10.82,36
121,F_MED,5,GRU,A_tiempo,575,144,0.1761,5.689696,2.385308,1.553893,68.518,0.6168,0.2945,10.143,31
121,F_MED,5,CNN-LSTM,A_tiempo,575,144,0.1861,5.620227,2.370702,1.540604,67.622,0.6349,0.3067,9.155,27
121,F_MED,5,CNN-GRU,A_tiempo,575,144,0.1718,5.719355,2.391517,1.555186,68.444,0.5881,0.2981,7.055,26
121,F_N+PB+MED,1,LSTM,A_tiempo,576,144,-0.0702,1.150201,1.072474,0.76446,9.3753,1.6201,0.7996,28.784,100
121,F_N+PB+MED,1,GRU,A_tiempo,576,144,-0.0218,1.098177,1.047939,0.744481,8.4211,1.5346,0.8141,28.277,100
121,F_N+PB+MED,1,CNN-LSTM,A_tiempo,576,144,0.0001,1.074634,1.036646,0.739557,8.3305,1.317,0.7876,23.827,100
121,F_N+PB+MED,1,CNN-GRU,A_tiempo,576,144,0.0171,1.056323,1.027776,0.724287,8.6151,1.2545,0.7829,20.636,81
121,F_N+PB+MED,3,LSTM,A_tiempo,576,144,-0.3028,1.551678,1.245664,0.906891,17.3713,1.7406,0.6446,27.653,97
121,F_N+PB+MED,3,GRU,A_tiempo,576,144,-0.3029,1.551849,1.245732,0.9056,17.3448,2.0437,0.6202,24.66,89
121,F_N+PB+MED,3,CNN-LSTM,A_tiempo,576,144,-0.2803,1.524862,1.234853,0.90177,17.9574,1.3811,0.585,16.458,61
121,F_N+PB+MED,3,CNN-GRU,A_tiempo,576,144,-0.3101,1.560388,1.249155,0.911535,17.3779,1.3064,0.6071,16.045,62
121,F_N+PB+MED,5,LSTM,A_tiempo,575,144,-0.2197,1.462336,1.209271,0.881523,26.2853,1.5051,0.5472,22.934,82
121,F_N+PB+MED,5,GRU,A_tiempo,575,144,-0.28,1.534671,1.238818,0.91098,25.1332,0.6855,0.5231,19.767,67
121,F_N+PB+MED,5,CNN-LSTM,A_tiempo,575,144,-0.2816,1.536492,1.239553,0.90182,24.3574,0.593,0.5448,17.4,71
121,F_N+PB+MED,5,CNN-GRU,A_tiempo,575,144,-0.3145,1.575945,1.255366,0.922887,23.9261,0.896,0.5052,15.902,64
122,F_N+MED,1,LSTM,A_tiempo,576,144,0.5259,0.411859,0.641763,0.464425,7.2868,1.5804,0.7091,23.703,82
122,F_N+MED,1,GRU,A_tiempo,576,144,0.5756,0.368641,0.607158,0.438306,7.1694,1.4663,0.6985,29.4,100
122,F_N+MED,1,CNN-LSTM,A_tiempo,576,144,0.5564,0.385367,0.620779,0.444667,7.0297,1.2813,0.7066,17.543,69
122,F_N+MED,1,CNN-GRU,A_tiempo,576,144,0.5237,0.413703,0.643197,0.461811,7.4298,1.2868,0.6806,14.527,56
122,F_N+MED,3,LSTM,A_tiempo,576,144,0.1889,0.712666,0.844196,0.6322,20.671,1.5821,0.2904,13.43,42
122,F_N+MED,3,GRU,A_tiempo,576,144,0.227,0.679152,0.824107,0.623058,18.778,1.5246,0.3642,15.038,50
122,F_N+MED,3,CNN-LSTM,A_tiempo,576,144,0.2241,0.681678,0.825638,0.622739,19.1795,1.3475,0.383,13.441,48
122,F_N+MED,3,CNN-GRU,A_tiempo,576,144,0.2274,0.678791,0.823888,0.620414,18.3806,1.2515,0.3884,12.23,43
122,F_N+MED,5,LSTM,A_tiempo,575,144,0.1077,0.785025,0.886016,0.662554,31.9751,0.6372,0.133,10.008,27
122,F_N+MED,5,GRU,A_tiempo,575,144,0.1462,0.751123,0.866674,0.657271,27.979,0.5824,0.2198,12.639,42
122,F_N+MED,5,CNN-LSTM,A_tiempo,575,144,0.1449,0.752259,0.867329,0.658351,27.3516,0.8058,0.2213,8.968,35
122,F_N+MED,5,CNN-GRU,A_tiempo,575,144,0.15,0.747808,0.864759,0.655944,26.6023,0.6,0.2422,10.397,34
122,F_MED,1,LSTM,A_tiempo,576,144,0.4589,0.469685,0.685336,0.503163,8.2257,2.3845,0.6423,28.35,100
122,F_MED,1,GRU,A_tiempo,576,144,0.6213,0.328755,0.573372,0.40779,6.3357,2.6524,0.7529,27.191,100
122,F_MED,1,CNN-LSTM,A_tiempo,576,144,0.5121,0.423512,0.650778,0.474214,7.3498,1.3392,0.647,14.126,54
122,F_MED,1,CNN-GRU,A_tiempo,576,144,0.5305,0.40752,0.638373,0.459815,7.2435,1.26,0.6851,14.082,55
122,F_MED,3,LSTM,A_tiempo,576,144,0.2089,0.694776,0.833532,0.629041,20.6364,1.7577,0.3012,13.596,44
122,F_MED,3,GRU,A_tiempo,576,144,0.2444,0.663527,0.814571,0.613064,18.903,1.4305,0.3681,15.179,52
122,F_MED,3,CNN-LSTM,A_tiempo,576,144,0.2166,0.688016,0.829468,0.632268,19.7935,1.3675,0.3057,10.712,36
122,F_MED,3,CNN-GRU,A_tiempo,576,144,0.2278,0.678099,0.823467,0.615407,18.0396,1.2817,0.4309,13.904,54
122,F_MED,5,LSTM,A_tiempo,575,144,0.1071,0.785019,0.886013,0.659614,31.3047,0.5825,0.1466,10.257,30
122,F_MED,5,GRU,A_tiempo,575,144,0.1452,0.751536,0.866912,0.656841,28.6948,0.5986,0.1849,10.971,33
122,F_MED,5,CNN-LSTM,A_tiempo,575,144,0.1385,0.757379,0.870275,0.666051,27.9166,0.7752,0.208,9.091,34
122,F_MED,5,CNN-GRU,A_tiempo,575,144,0.1425,0.753852,0.868247,0.658244,27.416,0.6397,0.2064,8.429,30
122,F_N+PB+MED,1,LSTM,A_tiempo,576,144,0.6541,0.335936,0.5796,0.37643,5.6234,1.5623,0.6977,19.774,64
122,F_N+PB+MED,1,GRU,A_tiempo,576,144,0.7001,0.291234,0.539661,0.343223,5.1304,1.35,0.7477,21.827,82
122,F_N+PB+MED,1,CNN-LSTM,A_tiempo,576,144,0.6125,0.376397,0.613512,0.392187,5.513,1.3847,0.7748,18.644,78
122,F_N+PB+MED,1,CNN-GRU,A_tiempo,576,144,0.6217,0.36745,0.606177,0.391245,5.6205,1.2475,0.7748,20.345,81
122,F_N+PB+MED,3,LSTM,A_tiempo,576,144,0.379,0.621929,0.788625,0.543039,16.2719,1.5708,0.4649,26.162,94
122,F_N+PB+MED,3,GRU,A_tiempo,576,144,0.4166,0.584276,0.76438,0.521158,15.1627,2.6001,0.5055,24.66,91
122,F_N+PB+MED,3,CNN-LSTM,A_tiempo,576,144,0.3782,0.622827,0.789194,0.538895,15.3999,1.277,0.5052,17.811,74
122,F_N+PB+MED,3,CNN-GRU,A_tiempo,576,144,0.3948,0.606127,0.778542,0.538019,15.2475,1.3971,0.5125,18.042,76
122,F_N+PB+MED,5,LSTM,A_tiempo,575,144,0.2408,0.762558,0.873245,0.627433,25.565,0.6916,0.303,23.6,83
122,F_N+PB+MED,5,GRU,A_tiempo,575,144,0.2811,0.722041,0.84973,0.601745,23.9456,0.6246,0.3474,23.889,87
122,F_N+PB+MED,5,CNN-LSTM,A_tiempo,575,144,0.2437,0.759606,0.871554,0.619271,23.5743,0.8307,0.3933,19.684,77
122,F_N+PB+MED,5,CNN-GRU,A_tiempo,575,144,0.2579,0.745406,0.863369,0.614994,23.7612,0.6515,0.3601,14.13,55
123,F_N+MED,1,LSTM,A_tiempo,576,144,0.4388,0.52691,0.725886,0.525304,8.458,1.993,0.7258,17.292,61
123,F_N+MED,1,GRU,A_tiempo,576,144,0.5584,0.414586,0.643883,0.450673,6.5389,1.348,0.8184,26.802,100
123,F_N+MED,1,CNN-LSTM,A_tiempo,576,144,0.6049,0.370977,0.609079,0.43941,6.7848,1.3065,0.8056,19.643,82
123,F_N+MED,1,CNN-GRU,A_tiempo,576,144,0.5643,0.409097,0.639607,0.452992,7.3614,1.7469,0.8148,21.592,87
123,F_N+MED,3,LSTM,A_tiempo,576,144,0.2571,0.736906,0.858432,0.622611,17.3778,1.4962,0.4655,18.255,63
123,F_N+MED,3,GRU,A_tiempo,576,144,0.2602,0.733843,0.856647,0.608626,17.1613,1.4249,0.5145,24.626,88
123,F_N+MED,3,CNN-LSTM,A_tiempo,576,144,0.2338,0.759946,0.871749,0.625896,18.5882,1.4372,0.4281,14.142,53
123,F_N+MED,3,CNN-GRU,A_tiempo,576,144,0.2424,0.75148,0.86688,0.615666,18.4337,1.2478,0.4151,13.722,50
123,F_N+MED,5,LSTM,A_tiempo,575,144,0.1843,0.846,0.919783,0.660989,26.8092,0.6726,0.2505,13.039,40
123,F_N+MED,5,GRU,A_tiempo,575,144,0.17,0.860874,0.927833,0.667233,25.7007,0.5982,0.3581,20.274,66
123,F_N+MED,5,CNN-LSTM,A_tiempo,575,144,0.1517,0.879845,0.938001,0.674854,25.4673,0.6058,0.3459,15.383,58
123,F_N+MED,5,CNN-GRU,A_tiempo,575,144,0.1515,0.880024,0.938096,0.672422,26.564,0.6011,0.2891,11.102,40
123,F_MED,1,LSTM,A_tiempo,576,144,0.4762,0.491693,0.701208,0.511141,7.4917,1.618,0.7391,19.779,66
123,F_MED,1,GRU,A_tiempo,576,144,0.5828,0.391628,0.625802,0.439211,6.337,1.4364,0.8047,25.258,90
123,F_MED,1,CNN-LSTM,A_tiempo,576,144,0.6093,0.366692,0.605551,0.43807,6.8133,2.6048,0.8228,21.217,88
123,F_MED,1,CNN-GRU,A_tiempo,576,144,0.5658,0.407525,0.638377,0.457676,7.0544,1.1763,0.7999,24.104,98
123,F_MED,3,LSTM,A_tiempo,576,144,0.2342,0.75943,0.871453,0.625896,19.0291,1.6663,0.3473,12.439,40
123,F_MED,3,GRU,A_tiempo,576,144,0.2654,0.728441,0.853488,0.609247,16.9855,1.3755,0.5216,24.289,89
123,F_MED,3,CNN-LSTM,A_tiempo,576,144,0.2342,0.759403,0.871437,0.622922,18.7541,1.2806,0.4044,13.204,51
123,F_MED,3,CNN-GRU,A_tiempo,576,144,0.2394,0.754227,0.868462,0.621865,18.4886,1.2283,0.4133,12.436,46
123,F_MED,5,LSTM,A_tiempo,575,144,0.1758,0.854615,0.924454,0.669959,26.5171,0.6034,0.2646,13.546,42
123,F_MED,5,GRU,A_tiempo,575,144,0.1808,0.849448,0.921655,0.664312,25.7351,0.5903,0.3543,21.03,74
123,F_MED,5,CNN-LSTM,A_tiempo,575,144,0.1561,0.875076,0.935455,0.678744,25.7744,0.6759,0.3386,13.624,53
123,F_MED,5,CNN-GRU,A_tiempo,575,144,0.1547,0.876473,0.936202,0.675153,26.3185,0.5917,0.3212,14.387,57
123,F_N+PB+MED,1,LSTM,A_tiempo,576,144,0.5723,0.415428,0.644537,0.411096,5.7681,1.5347,0.7846,18.749,66
123,F_N+PB+MED,1,GRU,A_tiempo,576,144,0.5691,0.418568,0.646968,0.418243,6.1632,1.4871,0.7319,15.393,54
123,F_N+PB+MED,1,CNN-LSTM,A_tiempo,576,144,0.6097,0.379124,0.61573,0.401875,6.2128,1.3625,0.7396,14.548,56
123,F_N+PB+MED,1,CNN-GRU,A_tiempo,576,144,0.5972,0.391204,0.625463,0.409741,6.3616,1.2737,0.7264,13.134,49
123,F_N+PB+MED,3,LSTM,A_tiempo,576,144,0.3069,0.717816,0.84724,0.573359,16.1255,1.5444,0.504,21.506,71
123,F_N+PB+MED,3,GRU,A_tiempo,576,144,0.2987,0.726305,0.852235,0.573977,16.6834,1.362,0.4689,18.313,67
123,F_N+PB+MED,3,CNN-LSTM,A_tiempo,576,144,0.2779,0.747795,0.864751,0.587188,18.2481,1.5869,0.423,13.968,52
123,F_N+PB+MED,3,CNN-GRU,A_tiempo,576,144,0.2758,0.749998,0.866024,0.588448,17.8833,1.2318,0.4239,11.77,47
123,F_N+PB+MED,5,LSTM,A_tiempo,575,144,0.1744,0.866909,0.931079,0.631004,24.118,0.5905,0.3854,21.269,77
123,F_N+PB+MED,5,GRU,A_tiempo,575,144,0.176,0.865291,0.93021,0.634163,25.3745,0.5919,0.3353,23.217,82
123,F_N+PB+MED,5,CNN-LSTM,A_tiempo,575,144,0.1625,0.879388,0.937757,0.640227,26.8926,0.6029,0.3119,13.183,49
123,F_N+PB+MED,5,CNN-GRU,A_tiempo,575,144,0.1575,0.884734,0.940603,0.641663,26.6184,0.6018,0.2876,11.871,42
124,F_N+MED,1,LSTM,A_tiempo,576,144,0.1479,0.311445,0.558072,0.400674,9.02,1.5292,0.5866,15.054,50
124,F_N+MED,1,GRU,A_tiempo,576,144,0.2042,0.290889,0.539341,0.394855,6.8891,1.3662,0.6834,16.875,61
124,F_N+MED,1,CNN-LSTM,A_tiempo,576,144,0.2584,0.271078,0.520651,0.372558,7.0377,2.5358,0.709,11.621,46
124,F_N+MED,1,CNN-GRU,A_tiempo,576,144,0.2211,0.284684,0.533558,0.385558,6.2324,1.229,0.7146,12.069,44
124,F_N+MED,3,LSTM,A_tiempo,576,144,0.0556,0.347646,0.589615,0.425192,15.803,1.6182,0.1013,7.311,16
124,F_N+MED,3,GRU,A_tiempo,576,144,-0.0256,0.377517,0.614424,0.459298,15.5309,1.571,0.3712,18.733,69
124,F_N+MED,3,CNN-LSTM,A_tiempo,576,144,0.0503,0.349589,0.591261,0.428788,15.3465,1.3155,0.0888,5.975,16
124,F_N+MED,3,CNN-GRU,A_tiempo,576,144,-0.005,0.369942,0.608229,0.450428,13.9429,1.2526,0.4206,9.748,34
124,F_N+MED,5,LSTM,A_tiempo,575,144,0.0214,0.363002,0.602496,0.440929,22.1153,0.5942,0.1277,5.925,17
124,F_N+MED,5,GRU,A_tiempo,575,144,-0.0768,0.399424,0.632,0.475273,19.0603,0.6009,0.3055,9.517,33
124,F_N+MED,5,CNN-LSTM,A_tiempo,575,144,0.0237,0.362145,0.601785,0.441835,20.7281,0.581,0.1172,6.066,17
124,F_N+MED,5,CNN-GRU,A_tiempo,575,144,0.0036,0.369593,0.607942,0.452933,19.4165,0.6499,0.2738,9.413,31
124,F_MED,1,LSTM,A_tiempo,576,144,0.1158,0.323557,0.568821,0.413486,9.1826,1.5946,0.4945,7.819,21
124,F_MED,1,GRU,A_tiempo,576,144,0.2333,0.280565,0.529684,0.385452,6.6758,1.4709,0.7095,26.453,96
124,F_MED,1,CNN-LSTM,A_tiempo,576,144,0.2654,0.268817,0.518476,0.367967,6.9857,1.3069,0.6837,13.912,53
124,F_MED,1,CNN-GRU,A_tiempo,576,144,0.2334,0.280527,0.529648,0.37528,6.2517,1.1803,0.7253,11.622,45
124,F_MED,3,LSTM,A_tiempo,576,144,0.0576,0.347269,0.589295,0.424743,15.4791,2.1903,0.0994,6.37,16
124,F_MED,3,GRU,A_tiempo,576,144,-0.0623,0.391444,0.625655,0.470879,14.2289,1.4763,0.4444,19.841,75
124,F_MED,3,CNN-LSTM,A_tiempo,576,144,0.0534,0.348832,0.59062,0.427127,15.3078,1.2848,0.1069,6.183,16
124,F_MED,3,CNN-GRU,A_tiempo,576,144,-0.0212,0.376293,0.613427,0.456626,13.6783,1.3497,0.4501,10.246,37
124,F_MED,5,LSTM,A_tiempo,575,144,0.0237,0.362525,0.602101,0.440445,22.1529,0.5913,0.1287,5.953,17
124,F_MED,5,GRU,A_tiempo,575,144,-0.1201,0.415901,0.644904,0.487475,18.5961,0.8863,0.3571,11.269,41
124,F_MED,5,CNN-LSTM,A_tiempo,575,144,0.0294,0.360405,0.600337,0.436774,21.7608,0.5818,0.0548,5.312,16
124,F_MED,5,CNN-GRU,A_tiempo,575,144,-0.0284,0.381852,0.617942,0.462254,18.9986,0.608,0.2971,9.863,34
124,F_N+PB+MED,1,LSTM,A_tiempo,576,144,0.3572,0.559729,0.748151,0.476002,7.9715,2.5452,0.4691,10.964,38
124,F_N+PB+MED,1,GRU,A_tiempo,576,144,0.4417,0.486197,0.697278,0.432009,6.0984,1.3665,0.6553,26.637,100
124,F_N+PB+MED,1,CNN-LSTM,A_tiempo,576,144,0.3615,0.555993,0.745649,0.456337,6.8585,1.8322,0.6807,20.269,82
124,F_N+PB+MED,1,CNN-GRU,A_tiempo,576,144,0.2754,0.630993,0.79435,0.497312,7.2965,1.2846,0.6179,15.436,62
124,F_N+PB+MED,3,LSTM,A_tiempo,576,144,0.1691,0.718713,0.84777,0.558297,17.0881,1.571,0.4677,27.801,100
124,F_N+PB+MED,3,GRU,A_tiempo,576,144,0.1518,0.733658,0.856539,0.567014,17.0424,1.3871,0.434,26.311,94
124,F_N+PB+MED,3,CNN-LSTM,A_tiempo,576,144,0.1432,0.74106,0.860848,0.573298,16.8189,1.4652,0.4581,19.287,77
124,F_N+PB+MED,3,CNN-GRU,A_tiempo,576,144,0.0799,0.795865,0.892113,0.599441,17.5304,1.7219,0.4167,19.078,78
124,F_N+PB+MED,5,LSTM,A_tiempo,575,144,0.026,0.841916,0.91756,0.629304,23.7636,0.6094,0.416,25.665,91
124,F_N+PB+MED,5,GRU,A_tiempo,575,144,0.0297,0.838749,0.915832,0.6329,24.3045,0.9622,0.3556,20.958,78
124,F_N+PB+MED,5,CNN-LSTM,A_tiempo,575,144,0.0395,0.830244,0.911177,0.622731,25.3575,0.6686,0.3498,15.759,62
124,F_N+PB+MED,5,CNN-GRU,A_tiempo,575,144,-0.0026,0.86667,0.930951,0.647075,24.4807,0.7843,0.3885,18.756,76
200,F_N+MED,1,LSTM,A_tiempo,576,144,0.1741,0.778032,0.882061,0.54092,10.2486,1.7277,0.3952,18.006,41
200,F_N+MED,1,GRU,A_tiempo,576,144,0.2715,0.686211,0.828378,0.512547,9.3672,1.4582,0.4269,13.455,44
200,F_N+MED,1,CNN-LSTM,A_tiempo,576,144,0.2311,0.724288,0.851051,0.53278,9.2229,1.8135,0.5394,15.585,53
200,F_N+MED,1,CNN-GRU,A_tiempo,576,144,0.2324,0.723131,0.850371,0.52989,9.4259,1.4167,0.473,13.242,48
200,F_N+MED,3,LSTM,A_tiempo,576,144,0.0183,0.875344,0.935598,0.566276,20.6283,1.6942,0.1783,11.288,35
200,F_N+MED,3,GRU,A_tiempo,576,144,0.0638,0.834792,0.91367,0.555122,20.1236,1.5547,0.1919,11.725,38
200,F_N+MED,3,CNN-LSTM,A_tiempo,576,144,0.0313,0.863806,0.929412,0.566614,19.422,1.4387,0.2296,12.64,41
200,F_N+MED,3,CNN-GRU,A_tiempo,576,144,0.039,0.856923,0.925702,0.568036,19.0685,1.4311,0.2529,12.505,44
200,F_N+MED,5,LSTM,A_tiempo,575,144,-0.0011,0.86204,0.928461,0.556111,27.4086,0.6601,0.1058,11.172,35
200,F_N+MED,5,GRU,A_tiempo,575,144,0.0151,0.848143,0.920947,0.558635,26.053,0.8974,0.1574,14.562,47
200,F_N+MED,5,CNN-LSTM,A_tiempo,575,144,0.0202,0.843711,0.918537,0.547106,26.6256,0.9069,0.1084,9.117,32
200,F_N+MED,5,CNN-GRU,A_tiempo,575,144,0.0099,0.852637,0.923384,0.559506,25.764,0.854,0.1489,12.105,40
200,F_MED,1,LSTM,A_tiempo,576,144,0.1788,0.774572,0.880098,0.539793,10.6262,1.7321,0.3607,13.497,37
200,F_MED,1,GRU,A_tiempo,576,144,0.2579,0.699986,0.836652,0.519335,9.4289,1.5021,0.4367,13.639,45
200,F_MED,1,CNN-LSTM,A_tiempo,576,144,0.228,0.728185,0.853338,0.529257,9.1182,1.3858,0.5467,14.371,53
200,F_MED,1,CNN-GRU,A_tiempo,576,144,0.2411,0.715803,0.846051,0.521614,9.4625,1.3617,0.4274,10.903,38
200,F_MED,3,LSTM,A_tiempo,576,144,0.0144,0.879586,0.937862,0.570925,20.2367,1.7082,0.2145,13.286,41
200,F_MED,3,GRU,A_tiempo,576,144,0.0661,0.833413,0.912915,0.556306,19.7772,1.4754,0.1979,12.438,39
200,F_MED,3,CNN-LSTM,A_tiempo,576,144,0.0287,0.866775,0.931008,0.568481,19.691,1.4869,0.205,11.662,40
200,F_MED,3,CNN-GRU,A_tiempo,576,144,0.0556,0.842771,0.918026,0.549141,19.8701,1.3612,0.1914,10.153,34
200,F_MED,5,LSTM,A_tiempo,575,144,0.0011,0.860839,0.927814,0.554848,27.4987,0.6747,0.1088,11.893,35
200,F_MED,5,GRU,A_tiempo,575,144,0.013,0.850626,0.922294,0.561794,25.9834,0.8922,0.1576,13.801,46
200,F_MED,5,CNN-LSTM,A_tiempo,575,144,0.0187,0.845658,0.919597,0.54889,26.4099,0.8778,0.1256,9.759,36
200,F_MED,5,CNN-GRU,A_tiempo,575,144,0.0252,0.840126,0.916584,0.548421,26.3791,0.6264,0.123,9.111,34
200,F_N+PB+MED,1,LSTM,A_tiempo,576,144,0.2148,0.734192,0.85685,0.518451,8.32,1.6378,0.4444,13.605,43
200,F_N+PB+MED,1,GRU,A_tiempo,576,144,0.2103,0.738389,0.859296,0.52082,8.3898,1.6177,0.4401,13.27,43
200,F_N+PB+MED,1,CNN-LSTM,A_tiempo,576,144,0.2287,0.72117,0.849217,0.505744,8.5975,1.4833,0.407,11.083,38
200,F_N+PB+MED,1,CNN-GRU,A_tiempo,576,144,0.2093,0.739287,0.859818,0.512878,8.6659,2.6133,0.4252,10.052,36
200,F_N+PB+MED,3,LSTM,A_tiempo,576,144,0.0547,0.850213,0.92207,0.520498,19.6648,1.701,0.2042,13.223,41
200,F_N+PB+MED,3,GRU,A_tiempo,576,144,0.0552,0.849722,0.921803,0.535823,18.9345,1.5292,0.1978,12.339,38
200,F_N+PB+MED,3,CNN-LSTM,A_tiempo,576,144,0.0343,0.868525,0.931947,0.533642,19.0777,1.6247,0.2336,12.057,42
200,F_N+PB+MED,3,CNN-GRU,A_tiempo,576,144,0.0319,0.870639,0.933081,0.541512,18.4224,1.3635,0.2226,10.649,38
200,F_N+PB+MED,5,LSTM,A_tiempo,575,144,0.0261,0.855041,0.924684,0.518152,26.9465,0.6448,0.129,13.554,40
200,F_N+PB+MED,5,GRU,A_tiempo,575,144,0.0112,0.868094,0.931716,0.534761,25.3664,0.9443,0.1572,14.162,45
200,F_N+PB+MED,5,CNN-LSTM,A_tiempo,575,144,0.0181,0.862062,0.928473,0.520823,26.3622,0.859,0.1234,10.178,35
200,F_N+PB+MED,5,CNN-GRU,A_tiempo,575,144,0.0166,0.863348,0.929165,0.523161,25.6918,0.9037,0.1346,9.322,35
201,F_N+MED,1,LSTM,A_tiempo,576,144,-0.0044,0.446694,0.668352,0.476699,8.6126,1.6469,0.5615,26.939,94
201,F_N+MED,1,GRU,A_tiempo,576,144,0.0542,0.420621,0.648553,0.457928,7.6451,1.6226,0.5762,23.928,83
201,F_N+MED,1,CNN-LSTM,A_tiempo,576,144,0.1012,0.399726,0.632239,0.451198,7.5753,1.4143,0.5317,14.685,55
201,F_N+MED,1,CNN-GRU,A_tiempo,576,144,-0.0456,0.464982,0.681896,0.495067,7.7842,1.4447,0.5462,14.326,54
201,F_N+MED,3,LSTM,A_tiempo,576,144,-0.2945,0.580839,0.762128,0.530747,16.5461,1.692,0.3552,18.692,61
201,F_N+MED,3,GRU,A_tiempo,576,144,-0.0062,0.451489,0.67193,0.487858,14.6932,1.5248,0.2935,14.022,46
201,F_N+MED,3,CNN-LSTM,A_tiempo,576,144,-0.0478,0.47013,0.68566,0.497733,14.1294,1.4826,0.3681,16.516,61
201,F_N+MED,3,CNN-GRU,A_tiempo,576,144,-0.0641,0.477468,0.690991,0.505986,14.5088,1.3698,0.3215,13.264,49
201,F_N+MED,5,LSTM,A_tiempo,575,144,-0.0323,0.46199,0.679698,0.49726,20.1791,0.6554,0.2154,14.099,44
201,F_N+MED,5,GRU,A_tiempo,575,144,-0.0258,0.45909,0.677562,0.496116,19.6769,0.8649,0.2174,11.698,40
201,F_N+MED,5,CNN-LSTM,A_tiempo,575,144,-0.0184,0.45577,0.675107,0.501047,19.162,1.09,0.2281,12.489,45
201,F_N+MED,5,CNN-GRU,A_tiempo,575,144,-0.0418,0.46628,0.682847,0.503531,19.0024,0.9882,0.2083,10.218,36
201,F_MED,1,LSTM,A_tiempo,576,144,0.0537,0.421015,0.648856,0.483686,9.7411,1.7316,0.3657,11.71,35
201,F_MED,1,GRU,A_tiempo,576,144,0.1315,0.386411,0.62162,0.437768,7.4117,1.5435,0.5341,16.349,55
201,F_MED,1,CNN-LSTM,A_tiempo,576,144,0.1051,0.398133,0.630978,0.448439,7.3066,1.4051,0.5659,17.384,62
201,F_MED,1,CNN-GRU,A_tiempo,576,144,-0.0443,0.464612,0.681624,0.491935,7.5513,1.2836,0.5264,13.232,50
201,F_MED,3,LSTM,A_tiempo,576,144,-0.0129,0.454053,0.673835,0.496934,15.2589,1.7553,0.2752,13.749,44
201,F_MED,3,GRU,A_tiempo,576,144,-0.0192,0.456891,0.675937,0.495982,14.7553,2.6453,0.3008,14.564,46
201,F_MED,3,CNN-LSTM,A_tiempo,576,144,-0.0189,0.456769,0.675847,0.498612,14.5488,1.4267,0.3509,13.662,50
201,F_MED,3,CNN-GRU,A_tiempo,576,144,-0.0582,0.474389,0.688759,0.503999,14.3076,1.5131,0.3266,13.159,50
201,F_MED,5,LSTM,A_tiempo,575,144,0.0351,0.431498,0.656885,0.486096,22.8374,0.6594,0.0453,7.85,18
201,F_MED,5,GRU,A_tiempo,575,144,-0.0168,0.454688,0.674305,0.492953,19.1753,0.6793,0.2025,11.975,37
201,F_MED,5,CNN-LSTM,A_tiempo,575,144,-0.0408,0.465427,0.682222,0.502258,19.0647,0.5956,0.2611,13.802,49
201,F_MED,5,CNN-GRU,A_tiempo,575,144,-0.0228,0.457386,0.676303,0.498567,19.0592,0.9497,0.2216,11.085,42
201,F_N+PB+MED,1,LSTM,A_tiempo,576,144,0.0272,0.511641,0.715291,0.508655,9.3695,1.7126,0.3911,12.845,41
201,F_N+PB+MED,1,GRU,A_tiempo,576,144,-0.0068,0.529556,0.727706,0.510461,8.6875,1.5825,0.3327,12.332,40
201,F_N+PB+MED,1,CNN-LSTM,A_tiempo,576,144,-0.0259,0.539563,0.734549,0.517685,8.9554,1.5252,0.3694,10.56,35
201,F_N+PB+MED,1,CNN-GRU,A_tiempo,576,144,-0.061,0.558054,0.74703,0.532662,8.3222,1.4294,0.2535,8.701,26
201,F_N+PB+MED,3,LSTM,A_tiempo,576,144,-0.035,0.541736,0.736027,0.528726,16.9884,2.637,0.2656,15.882,50
201,F_N+PB+MED,3,GRU,A_tiempo,576,144,-0.0134,0.530456,0.728324,0.516777,16.2958,1.5358,0.1743,13.013,40
201,F_N+PB+MED,3,CNN-LSTM,A_tiempo,576,144,-0.0189,0.533328,0.730293,0.51893,16.3621,1.5912,0.2328,11.599,40
201,F_N+PB+MED,3,CNN-GRU,A_tiempo,576,144,-0.0191,0.533436,0.730367,0.513487,15.8042,1.437,0.1874,10.448,35
201,F_N+PB+MED,5,LSTM,A_tiempo,575,144,-0.0082,0.5221,0.722565,0.515558,22.9302,0.6421,0.1711,13.425,41
201,F_N+PB+MED,5,GRU,A_tiempo,575,144,-0.0249,0.530764,0.728536,0.521056,22.7724,0.6405,0.102,8.453,26
201,F_N+PB+MED,5,CNN-LSTM,A_tiempo,575,144,-0.0287,0.532727,0.729882,0.520545,21.6271,0.6689,0.1524,9.686,34
201,F_N+PB+MED,5,CNN-GRU,A_tiempo,575,144,-0.0505,0.54402,0.737577,0.529685,20.977,0.6248,0.1095,7.23,24
202,F_N+MED,1,LSTM,A_tiempo,576,144,0.1616,0.394625,0.628192,0.446087,10.6807,2.57,0.3595,9.026,26
202,F_N+MED,1,GRU,A_tiempo,576,144,0.1501,0.400081,0.632519,0.463002,10.8633,1.6069,0.2301,6.155,18
202,F_N+MED,1,CNN-LSTM,A_tiempo,576,144,0.1606,0.395116,0.628582,0.455355,10.201,1.4162,0.2737,7.794,20
202,F_N+MED,1,CNN-GRU,A_tiempo,576,144,0.1664,0.392411,0.626427,0.452123,10.4822,1.462,0.2664,7.108,19
202,F_N+MED,3,LSTM,A_tiempo,576,144,0.1212,0.417757,0.646341,0.468611,18.782,1.668,0.1364,8.8,22
202,F_N+MED,3,GRU,A_tiempo,576,144,0.1052,0.425397,0.652225,0.481997,18.5412,2.1448,0.1042,6.711,18
202,F_N+MED,3,CNN-LSTM,A_tiempo,576,144,0.1207,0.41803,0.646552,0.471888,17.8083,1.5657,0.1419,6.741,23
202,F_N+MED,3,CNN-GRU,A_tiempo,576,144,0.1059,0.425031,0.651944,0.481066,17.7972,1.3582,0.1228,6.128,19
202,F_N+MED,5,LSTM,A_tiempo,575,144,0.0982,0.428803,0.65483,0.475881,24.7218,0.6419,0.0936,7.825,21
202,F_N+MED,5,GRU,A_tiempo,575,144,0.0848,0.435189,0.659689,0.483125,23.727,0.6684,0.098,7.978,20
202,F_N+MED,5,CNN-LSTM,A_tiempo,575,144,0.0935,0.431028,0.656527,0.478238,24.2048,0.6346,0.0794,7.772,19
202,F_N+MED,5,CNN-GRU,A_tiempo,575,144,0.0886,0.433387,0.658322,0.482092,23.8501,0.7303,0.091,7.051,19
202,F_MED,1,LSTM,A_tiempo,576,144,0.164,0.392689,0.626649,0.445356,10.8214,1.6053,0.3345,9.296,25
202,F_MED,1,GRU,A_tiempo,576,144,0.155,0.396912,0.63001,0.456367,10.7909,1.7166,0.2533,8.917,19
202,F_MED,1,CNN-LSTM,A_tiempo,576,144,0.1631,0.393128,0.626999,0.452903,10.5289,1.4783,0.2518,7.904,19
202,F_MED,1,CNN-GRU,A_tiempo,576,144,0.1643,0.392551,0.626539,0.446939,10.2875,2.0083,0.2762,6.587,19
202,F_MED,3,LSTM,A_tiempo,576,144,0.1213,0.417859,0.64642,0.466406,18.7077,1.8273,0.1837,10.24,26
202,F_MED,3,GRU,A_tiempo,576,144,0.1033,0.42642,0.653008,0.482389,18.5577,2.3655,0.1053,7.688,18
202,F_MED,3,CNN-LSTM,A_tiempo,576,144,0.1138,0.421428,0.649175,0.476731,18.1408,2.6453,0.1241,6.918,21
202,F_MED,3,CNN-GRU,A_tiempo,576,144,0.0992,0.428377,0.654505,0.487845,17.7524,1.4853,0.0926,5.609,17
202,F_MED,5,LSTM,A_tiempo,575,144,0.099,0.428618,0.654689,0.476745,24.7234,0.6725,0.0929,7.15,21
202,F_MED,5,GRU,A_tiempo,575,144,0.0789,0.438163,0.661939,0.48957,24.2075,0.6334,0.0853,6.48,19
202,F_MED,5,CNN-LSTM,A_tiempo,575,144,0.0907,0.432557,0.657691,0.478712,24.0688,0.6376,0.0864,6.815,20
202,F_MED,5,CNN-GRU,A_tiempo,575,144,0.0863,0.434627,0.659262,0.477943,24.2031,0.668,0.0758,6.959,18
202,F_N+PB+MED,1,LSTM,A_tiempo,576,144,-0.0407,0.852678,0.923406,0.621439,14.1684,1.6621,0.2906,10.138,31
202,F_N+PB+MED,1,GRU,A_tiempo,576,144,-0.0892,0.892426,0.944683,0.693201,14.3202,1.5494,0.0712,6.272,16
202,F_N+PB+MED,1,CNN-LSTM,A_tiempo,576,144,-0.0438,0.855282,0.924815,0.632319,13.2522,1.4297,0.3158,9.811,30
202,F_N+PB+MED,1,CNN-GRU,A_tiempo,576,144,-0.0599,0.868477,0.931921,0.679897,15.3711,1.3262,0.0413,6.862,16
202,F_N+PB+MED,3,LSTM,A_tiempo,576,144,-0.0181,0.83409,0.913285,0.618323,25.1466,1.6938,0.1714,9.754,26
202,F_N+PB+MED,3,GRU,A_tiempo,576,144,-0.048,0.858563,0.926586,0.649002,23.1747,2.3219,0.2118,16.988,55
202,F_N+PB+MED,3,CNN-LSTM,A_tiempo,576,144,-0.0418,0.853519,0.923861,0.629437,22.6469,2.6632,0.2293,9.624,31
202,F_N+PB+MED,3,CNN-GRU,A_tiempo,576,144,-0.0405,0.852436,0.923275,0.672781,27.4303,1.3963,0.0221,5.282,16
202,F_N+PB+MED,5,LSTM,A_tiempo,575,144,-0.0153,0.833664,0.913052,0.624111,33.1607,0.7476,0.1357,9.012,23
202,F_N+PB+MED,5,GRU,A_tiempo,575,144,-0.0363,0.850917,0.922452,0.639297,31.3783,0.7051,0.1775,15.902,55
202,F_N+PB+MED,5,CNN-LSTM,A_tiempo,575,144,-0.0294,0.845226,0.919361,0.632805,31.6173,0.6142,0.1513,7.121,24
202,F_N+PB+MED,5,CNN-GRU,A_tiempo,575,144,-0.0566,0.86753,0.931413,0.645234,29.5427,0.648,0.1717,8.884,30
203,F_N+MED,1,LSTM,A_tiempo,576,144,0.2459,0.85406,0.924154,0.631301,13.4987,1.7708,0.1847,9.4,24
203,F_N+MED,1,GRU,A_tiempo,576,144,0.2616,0.836254,0.914469,0.627182,12.0044,1.4809,0.2898,12.885,41
203,F_N+MED,1,CNN-LSTM,A_tiempo,576,144,0.2812,0.814034,0.902238,0.616409,11.7079,1.3612,0.287,8.931,27
203,F_N+MED,1,CNN-GRU,A_tiempo,576,144,0.2703,0.826356,0.909041,0.620737,11.9119,1.4597,0.2694,8.491,25
203,F_N+MED,3,LSTM,A_tiempo,576,144,0.0872,1.060635,1.029872,0.715013,25.9553,1.6679,0.0949,9.358,27
203,F_N+MED,3,GRU,A_tiempo,576,144,0.0932,1.05373,1.026514,0.724797,24.909,1.4746,0.1513,10.322,33
203,F_N+MED,3,CNN-LSTM,A_tiempo,576,144,0.0767,1.072859,1.035789,0.725922,25.3997,1.4282,0.0907,7.522,25
203,F_N+MED,3,CNN-GRU,A_tiempo,576,144,0.0836,1.064835,1.031908,0.723201,25.4061,1.3176,0.1101,8.016,25
203,F_N+MED,5,LSTM,A_tiempo,575,144,0.0361,1.135894,1.065783,0.743622,36.6906,0.6349,0.0267,6.698,19
203,F_N+MED,5,GRU,A_tiempo,575,144,0.0487,1.121014,1.058779,0.744636,32.4758,0.9227,0.1145,13.111,42
203,F_N+MED,5,CNN-LSTM,A_tiempo,575,144,0.0371,1.134764,1.065253,0.744327,33.993,0.9422,0.0495,6.95,23
203,F_N+MED,5,CNN-GRU,A_tiempo,575,144,0.0525,1.116506,1.056649,0.740799,32.9016,0.9376,0.0881,7.36,27
203,F_MED,1,LSTM,A_tiempo,576,144,0.2469,0.853566,0.923886,0.629425,12.5474,1.7424,0.2517,10.872,32
203,F_MED,1,GRU,A_tiempo,576,144,0.2759,0.820708,0.90593,0.624019,11.4878,1.5319,0.3311,11.797,37
203,F_MED,1,CNN-LSTM,A_tiempo,576,144,0.2612,0.837398,0.915095,0.628358,12.2371,1.4601,0.2678,7.938,26
203,F_MED,1,CNN-GRU,A_tiempo,576,144,0.2687,0.828902,0.91044,0.62481,12.0561,1.3566,0.2934,8.238,26
203,F_MED,3,LSTM,A_tiempo,576,144,0.0818,1.067804,1.033346,0.717404,26.701,1.8409,0.1173,8.982,29
203,F_MED,3,GRU,A_tiempo,576,144,0.0922,1.055699,1.027472,0.732785,24.1014,1.999,0.1666,11.641,36
203,F_MED,3,CNN-LSTM,A_tiempo,576,144,0.0791,1.070946,1.034865,0.72559,25.5498,1.4256,0.0994,8.699,26
203,F_MED,3,CNN-GRU,A_tiempo,576,144,0.0882,1.060314,1.029715,0.720924,25.2641,2.6595,0.1097,7.844,25
203,F_MED,5,LSTM,A_tiempo,575,144,0.0461,1.124987,1.060654,0.739251,34.3571,0.6611,0.0493,9.59,25
203,F_MED,5,GRU,A_tiempo,575,144,0.0503,1.120004,1.058302,0.742615,34.0153,0.6626,0.0862,10.371,31
203,F_MED,5,CNN-LSTM,A_tiempo,575,144,0.0405,1.131547,1.063742,0.743188,34.8196,0.6608,0.0433,7.105,22
203,F_MED,5,CNN-GRU,A_tiempo,575,144,0.0401,1.132086,1.063995,0.744272,34.8293,0.6385,0.052,7.286,22
203,F_N+PB+MED,1,LSTM,A_tiempo,576,144,0.019,0.966871,0.983296,0.582071,14.6387,2.5658,0.0428,7.006,20
203,F_N+PB+MED,1,GRU,A_tiempo,576,144,0.0682,0.918348,0.958305,0.585624,12.5581,1.6133,0.1492,7.872,26
203,F_N+PB+MED,1,CNN-LSTM,A_tiempo,576,144,0.0525,0.933867,0.966368,0.583585,13.5757,1.4369,0.0744,6.391,21
203,F_N+PB+MED,1,CNN-GRU,A_tiempo,576,144,0.0585,0.927929,0.963291,0.582474,13.0277,1.3516,0.0999,6.531,21
203,F_N+PB+MED,3,LSTM,A_tiempo,576,144,-0.0056,1.041149,1.020367,0.606229,28.156,1.7505,0.0139,6.544,19
203,F_N+PB+MED,3,GRU,A_tiempo,576,144,0.0011,1.034284,1.016998,0.610286,27.1175,1.5002,0.0347,6.784,21
203,F_N+PB+MED,3,CNN-LSTM,A_tiempo,576,144,0.0008,1.034559,1.017133,0.603031,28.2489,1.4039,0.0122,5.815,19
203,F_N+PB+MED,3,CNN-GRU,A_tiempo,576,144,0.0073,1.027816,1.013813,0.606892,27.3758,1.3603,0.0293,6.869,20
203,F_N+PB+MED,5,LSTM,A_tiempo,575,144,-0.0046,1.027973,1.01389,0.604514,36.9094,0.6398,0.0123,6.899,20
203,F_N+PB+MED,5,GRU,A_tiempo,575,144,-0.0006,1.023919,1.011889,0.6061,35.7479,0.6504,0.0258,6.884,22
203,F_N+PB+MED,5,CNN-LSTM,A_tiempo,575,144,-0.0003,1.023568,1.011715,0.602915,36.6619,0.6121,0.0132,5.988,20
203,F_N+PB+MED,5,CNN-GRU,A_tiempo,575,144,0.0015,1.02169,1.010787,0.604514,35.9661,0.6255,0.0229,6.42,20
205,F_N+MED,1,LSTM,A_tiempo,576,144,0.0868,1.263073,1.123865,0.560116,12.0386,1.6591,0.3468,7.991,18
205,F_N+MED,1,GRU,A_tiempo,576,144,0.1478,1.178702,1.085681,0.501215,8.4577,1.5796,0.5143,10.803,33
205,F_N+MED,1,CNN-LSTM,A_tiempo,576,144,0.076,1.278018,1.130495,0.564654,11.4589,1.3761,0.368,7.393,19
205,F_N+MED,1,CNN-GRU,A_tiempo,576,144,0.1198,1.217447,1.10338,0.502548,9.1822,1.3144,0.5583,10.907,39
205,F_N+MED,3,LSTM,A_tiempo,576,144,0.0562,1.576914,1.255752,0.615846,23.3839,1.6053,0.2443,7.997,24
205,F_N+MED,3,GRU,A_tiempo,576,144,0.0527,1.582771,1.258082,0.616124,21.4985,1.5358,0.2773,8.79,30
205,F_N+MED,3,CNN-LSTM,A_tiempo,576,144,0.0515,1.584806,1.258891,0.620431,22.9723,1.3921,0.2176,5.611,18
205,F_N+MED,3,CNN-GRU,A_tiempo,576,144,0.0392,1.605316,1.267011,0.622439,23.015,1.3239,0.2617,6.944,24
205,F_N+MED,5,LSTM,A_tiempo,575,144,0.0396,1.637177,1.279522,0.637062,31.6792,0.6229,0.1992,10.614,29
205,F_N+MED,5,GRU,A_tiempo,575,144,0.0366,1.642312,1.281527,0.639092,30.8692,0.6352,0.1976,9.958,28
205,F_N+MED,5,CNN-LSTM,A_tiempo,575,144,0.0341,1.646584,1.283193,0.639565,30.3646,0.6234,0.2081,9.224,28
205,F_N+MED,5,CNN-GRU,A_tiempo,575,144,0.0353,1.644456,1.282363,0.640416,30.6868,0.6565,0.2201,7.749,27
205,F_MED,1,LSTM,A_tiempo,576,144,0.0949,1.251743,1.118813,0.560895,11.8173,1.6791,0.3096,7.695,17
205,F_MED,1,GRU,A_tiempo,576,144,0.1588,1.163398,1.078609,0.502158,8.616,1.526,0.5217,11.207,34
205,F_MED,1,CNN-LSTM,A_tiempo,576,144,0.0814,1.27051,1.127169,0.562392,11.4087,1.4314,0.3455,6.772,18
205,F_MED,1,CNN-GRU,A_tiempo,576,144,0.1282,1.205773,1.098077,0.502014,8.8478,1.3284,0.5622,10.002,35
205,F_MED,3,LSTM,A_tiempo,576,144,0.0565,1.576402,1.255548,0.61806,23.6443,1.6636,0.2349,7.831,22
205,F_MED,3,GRU,A_tiempo,576,144,0.0422,1.600253,1.265011,0.614968,19.3597,1.758,0.3134,9.924,34
205,F_MED,3,CNN-LSTM,A_tiempo,576,144,0.0532,1.581971,1.257764,0.618858,23.1583,1.5213,0.2183,5.538,18
205,F_MED,3,CNN-GRU,A_tiempo,576,144,0.0455,1.594717,1.262821,0.619149,23.5935,1.3256,0.2226,5.684,18
205,F_MED,5,LSTM,A_tiempo,575,144,0.038,1.639855,1.280568,0.637304,32.1682,0.6435,0.1932,10.101,27
205,F_MED,5,GRU,A_tiempo,575,144,0.0365,1.642469,1.281589,0.637515,32.9503,0.6613,0.1644,9.019,22
205,F_MED,5,CNN-LSTM,A_tiempo,575,144,0.0232,1.665161,1.290411,0.646325,28.4342,0.6219,0.2739,11.162,36
205,F_MED,5,CNN-GRU,A_tiempo,575,144,0.0294,1.654449,1.286254,0.639029,30.3568,0.6317,0.2296,8.019,29
205,F_N+PB+MED,1,LSTM,A_tiempo,576,144,0.0289,2.595796,1.611148,0.657743,12.0231,1.6742,0.1702,8.715,22
205,F_N+PB+MED,1,GRU,A_tiempo,576,144,0.0532,2.530828,1.590858,0.65469,12.854,1.5428,0.0997,7.548,18
205,F_N+PB+MED,1,CNN-LSTM,A_tiempo,576,144,0.1096,2.380041,1.542738,0.61803,10.855,1.5054,0.3755,12.321,42
205,F_N+PB+MED,1,CNN-GRU,A_tiempo,576,144,0.1331,2.31737,1.522291,0.603497,11.3602,1.3893,0.2608,7.574,27
205,F_N+PB+MED,3,LSTM,A_tiempo,576,144,-0.0573,3.516973,1.875359,0.782619,23.0038,1.6221,0.195,10.678,29
205,F_N+PB+MED,3,GRU,A_tiempo,576,144,-0.0442,3.473171,1.863645,0.797136,24.2948,1.5829,0.1986,20.081,66
205,F_N+PB+MED,3,CNN-LSTM,A_tiempo,576,144,-0.022,3.39941,1.843749,0.762739,23.3869,1.4982,0.2679,12.108,42
205,F_N+PB+MED,3,CNN-GRU,A_tiempo,576,144,0.0195,3.261461,1.805952,0.754123,25.748,1.354,0.1614,7.074,24
205,F_N+PB+MED,5,LSTM,A_tiempo,575,144,-0.102,3.73378,1.932299,0.851914,32.5277,0.637,0.1882,12.865,40
205,F_N+PB+MED,5,GRU,A_tiempo,575,144,-0.0005,3.390025,1.841202,0.769193,45.5168,0.677,0.0138,6.82,16
205,F_N+PB+MED,5,CNN-LSTM,A_tiempo,575,144,-0.0227,3.464962,1.861441,0.794598,35.4429,0.6326,0.1945,13.28,49
205,F_N+PB+MED,5,CNN-GRU,A_tiempo,575,144,-0.0125,3.430578,1.852182,0.802248,35.1326,0.6205,0.2255,17.31,70
207,F_N+MED,1,LSTM,A_tiempo,576,144,-0.2713,0.980928,0.990418,0.710764,11.4229,1.6273,0.722,18.724,63
207,F_N+MED,1,GRU,A_tiempo,576,144,-0.301,1.003849,1.001922,0.739594,11.572,2.253,0.6601,14.33,49
207,F_N+MED,1,CNN-LSTM,A_tiempo,576,144,-0.2454,0.960978,0.980295,0.723885,10.879,1.4433,0.7624,25.095,100
207,F_N+MED,1,CNN-GRU,A_tiempo,576,144,-0.3307,1.026773,1.013298,0.734994,11.3942,1.3161,0.6161,11.203,39
207,F_N+MED,3,LSTM,A_tiempo,576,144,-0.0273,0.791979,0.889932,0.647623,17.945,1.6949,0.4799,15.137,47
207,F_N+MED,3,GRU,A_tiempo,576,144,-0.0708,0.825507,0.908574,0.6684,16.9356,1.5682,0.5225,21.501,72
207,F_N+MED,3,CNN-LSTM,A_tiempo,576,144,-0.1448,0.8826,0.939468,0.690573,17.4178,1.9174,0.5455,15.624,58
207,F_N+MED,3,CNN-GRU,A_tiempo,576,144,-0.2478,0.961998,0.980815,0.725948,17.6334,1.3931,0.6291,24.181,95
207,F_N+MED,5,LSTM,A_tiempo,575,144,-0.098,0.840156,0.9166,0.68132,22.7007,0.6469,0.4757,17.244,60
207,F_N+MED,5,GRU,A_tiempo,575,144,-0.0829,0.828606,0.910278,0.675691,23.0747,0.6544,0.3744,19.07,63
207,F_N+MED,5,CNN-LSTM,A_tiempo,575,144,-0.054,0.806455,0.898029,0.656603,24.1256,0.8403,0.4255,14.648,51
207,F_N+MED,5,CNN-GRU,A_tiempo,575,144,-0.1476,0.878072,0.937055,0.696341,24.0954,0.673,0.4329,13.995,51
207,F_MED,1,LSTM,A_tiempo,576,144,-0.2587,0.971549,0.985672,0.708899,11.6758,2.65,0.7149,16.509,53
207,F_MED,1,GRU,A_tiempo,576,144,-0.1117,0.858094,0.926334,0.680279,10.4959,1.5059,0.5602,12.749,40
207,F_MED,1,CNN-LSTM,A_tiempo,576,144,-0.3567,1.047169,1.023313,0.746075,11.5474,2.0336,0.7326,15.178,55
207,F_MED,1,CNN-GRU,A_tiempo,576,144,-0.316,1.015751,1.007845,0.728216,11.6964,1.3812,0.5951,10.443,36
207,F_MED,3,LSTM,A_tiempo,576,144,-0.1107,0.856123,0.925269,0.67134,17.9973,1.7412,0.5495,17.439,58
207,F_MED,3,GRU,A_tiempo,576,144,-0.0482,0.807962,0.898867,0.665351,17.0134,1.5811,0.5386,22.786,79
207,F_MED,3,CNN-LSTM,A_tiempo,576,144,-0.1518,0.887802,0.942233,0.681682,17.8404,1.4876,0.5202,15.747,58
207,F_MED,3,CNN-GRU,A_tiempo,576,144,-0.2393,0.955293,0.977391,0.721978,17.2939,2.4635,0.5993,21.161,80
207,F_MED,5,LSTM,A_tiempo,575,144,0.0678,0.713213,0.844519,0.617177,25.7066,0.9738,0.285,11.502,35
207,F_MED,5,GRU,A_tiempo,575,144,-0.0626,0.812996,0.901663,0.667888,23.3736,0.6806,0.3305,13.663,43
207,F_MED,5,CNN-LSTM,A_tiempo,575,144,-0.0798,0.826214,0.908963,0.67166,24.2349,0.7583,0.4095,14.255,52
207,F_MED,5,CNN-GRU,A_tiempo,575,144,-0.0571,0.808831,0.89935,0.664191,22.8803,0.7292,0.336,11.152,37
207,F_N+PB+MED,1,LSTM,A_tiempo,576,144,-0.325,1.331598,1.153949,0.843687,10.9175,1.6838,0.8382,26.915,94
207,F_N+PB+MED,1,GRU,A_tiempo,576,144,-0.096,1.101496,1.049522,0.767372,10.8481,1.4922,0.7693,18.606,67
207,F_N+PB+MED,1,CNN-LSTM,A_tiempo,576,144,-0.2411,1.247317,1.116833,0.808292,10.5824,2.5948,0.8005,23.743,100
207,F_N+PB+MED,1,CNN-GRU,A_tiempo,576,144,-0.1862,1.192074,1.091821,0.785275,10.2725,1.332,0.7989,24.72,100
207,F_N+PB+MED,3,LSTM,A_tiempo,576,144,0.0554,0.972088,0.985945,0.698657,20.9022,1.558,0.5039,13.456,42
207,F_N+PB+MED,3,GRU,A_tiempo,576,144,-0.0362,1.066367,1.032651,0.756365,17.2088,1.5292,0.5739,22.824,76
207,F_N+PB+MED,3,CNN-LSTM,A_tiempo,576,144,-0.0491,1.079717,1.039094,0.753848,17.1213,1.3912,0.6226,19.678,78
207,F_N+PB+MED,3,CNN-GRU,A_tiempo,576,144,-0.0919,1.123686,1.060041,0.767498,17.1306,1.4701,0.6384,19.674,77
207,F_N+PB+MED,5,LSTM,A_tiempo,575,144,0.0791,0.945158,0.972192,0.68207,30.7865,0.6584,0.378,11.979,35
207,F_N+PB+MED,5,GRU,A_tiempo,575,144,0.0151,1.010862,1.005417,0.733954,26.6415,0.6184,0.3387,10.901,33
207,F_N+PB+MED,5,CNN-LSTM,A_tiempo,575,144,0.0486,0.976528,0.988194,0.704971,27.0806,0.8019,0.425,11.115,43
207,F_N+PB+MED,5,CNN-GRU,A_tiempo,575,144,-0.0117,1.038383,1.019011,0.742672,24.6136,0.6236,0.477,14.161,53
208,F_N+MED,1,LSTM,A_tiempo,576,144,0.0623,0.702119,0.837925,0.534903,13.2013,2.4991,0.2467,8.082,26
208,F_N+MED,1,GRU,A_tiempo,576,144,0.2045,0.595649,0.771783,0.516896,11.0125,2.0905,0.3931,10.301,33
208,F_N+MED,1,CNN-LSTM,A_tiempo,576,144,0.1394,0.644392,0.802741,0.525584,11.1755,2.5804,0.3471,8.394,28
208,F_N+MED,1,CNN-GRU,A_tiempo,576,144,0.1699,0.621589,0.788409,0.515383,11.3688,1.3484,0.3846,9.643,31
208,F_N+MED,3,LSTM,A_tiempo,576,144,0.0185,0.733408,0.856392,0.556008,23.5123,1.6957,0.1152,7.738,24
208,F_N+MED,3,GRU,A_tiempo,576,144,0.0538,0.707087,0.840885,0.567244,19.8023,1.5095,0.2016,11.868,36
208,F_N+MED,3,CNN-LSTM,A_tiempo,576,144,0.0514,0.708886,0.841954,0.548559,21.3395,1.3953,0.1758,9.506,29
208,F_N+MED,3,CNN-GRU,A_tiempo,576,144,0.0487,0.710853,0.843121,0.561303,20.5556,1.332,0.1884,8.456,31
208,F_N+MED,5,LSTM,A_tiempo,575,144,0.0109,0.736975,0.858472,0.557967,30.725,0.6539,0.0767,9.497,24
208,F_N+MED,5,GRU,A_tiempo,575,144,0.0171,0.732372,0.855787,0.56365,27.0274,0.6548,0.1271,9.413,32
208,F_N+MED,5,CNN-LSTM,A_tiempo,575,144,0.0104,0.737359,0.858696,0.563422,28.9617,0.8599,0.082,6.63,22
208,F_N+MED,5,CNN-GRU,A_tiempo,575,144,-0.007,0.75034,0.866222,0.593292,26.0501,0.6938,0.1529,10.627,36
208,F_MED,1,LSTM,A_tiempo,576,144,0.102,0.672217,0.819888,0.533583,11.9432,1.6485,0.3135,11.297,33
208,F_MED,1,GRU,A_tiempo,576,144,0.192,0.604852,0.777722,0.521917,10.8796,1.5438,0.3695,10.397,33
208,F_MED,1,CNN-LSTM,A_tiempo,576,144,0.1395,0.64416,0.802596,0.528795,11.3024,2.1147,0.3546,8.185,29
208,F_MED,1,CNN-GRU,A_tiempo,576,144,0.1554,0.632239,0.795134,0.522573,10.7442,1.3452,0.4725,12.773,47
208,F_MED,3,LSTM,A_tiempo,576,144,0.0256,0.728252,0.853377,0.55859,23.3215,1.6677,0.1228,9.089,25
208,F_MED,3,GRU,A_tiempo,576,144,0.0589,0.703386,0.838681,0.567629,19.6109,1.6378,0.2001,11.96,35
208,F_MED,3,CNN-LSTM,A_tiempo,576,144,0.038,0.718949,0.847908,0.562725,21.4587,1.3768,0.1672,7.511,27
208,F_MED,3,CNN-GRU,A_tiempo,576,144,0.0137,0.737132,0.858564,0.598791,19.7791,1.4313,0.2292,11.77,40
208,F_MED,5,LSTM,A_tiempo,575,144,0.011,0.737198,0.858602,0.560109,30.5513,0.9337,0.066,7.413,22
208,F_MED,5,GRU,A_tiempo,575,144,0.0177,0.732154,0.85566,0.561593,27.1479,0.6508,0.142,11.893,36
208,F_MED,5,CNN-LSTM,A_tiempo,575,144,0.0094,0.738355,0.859276,0.56938,28.3696,0.6223,0.1027,7.424,24
208,F_MED,5,CNN-GRU,A_tiempo,575,144,0.017,0.732676,0.855965,0.562889,26.453,0.9231,0.1539,9.651,34
208,F_N+PB+MED,1,LSTM,A_tiempo,576,144,0.1405,0.799697,0.894258,0.571944,11.7425,1.6599,0.3798,12.714,39
208,F_N+PB+MED,1,GRU,A_tiempo,576,144,0.1273,0.811908,0.901059,0.567897,13.5281,1.5241,0.156,8.924,23
208,F_N+PB+MED,1,CNN-LSTM,A_tiempo,576,144,0.126,0.81314,0.901743,0.57613,12.8638,1.4594,0.1972,8.005,27
208,F_N+PB+MED,1,CNN-GRU,A_tiempo,576,144,0.1339,0.805833,0.897682,0.584167,12.3767,2.5806,0.2968,8.513,31
208,F_N+PB+MED,3,LSTM,A_tiempo,576,144,0.0106,0.936421,0.967688,0.581812,28.5111,1.7585,0.036,7.422,20
208,F_N+PB+MED,3,GRU,A_tiempo,576,144,0.0334,0.914761,0.956432,0.59005,25.4099,1.5219,0.0836,7.925,25
208,F_N+PB+MED,3,CNN-LSTM,A_tiempo,576,144,0.021,0.926579,0.96259,0.590586,26.044,2.0632,0.0748,7.392,24
208,F_N+PB+MED,3,CNN-GRU,A_tiempo,576,144,0.0269,0.920988,0.959681,0.597722,24.3628,1.441,0.1235,9.164,30
208,F_N+PB+MED,5,LSTM,A_tiempo,575,144,0.0001,0.943133,0.97115,0.58528,34.0814,0.946,0.0406,8.285,24
208,F_N+PB+MED,5,GRU,A_tiempo,575,144,0.0073,0.936331,0.967642,0.590819,32.4365,0.6703,0.0582,10.072,26
208,F_N+PB+MED,5,CNN-LSTM,A_tiempo,575,144,0.0003,0.942936,0.971049,0.586074,33.8183,0.7915,0.0418,7.231,22
208,F_N+PB+MED,5,CNN-GRU,A_tiempo,575,144,-0.0018,0.944925,0.972073,0.597198,31.4857,0.6523,0.0795,7.898,28
209,F_N+MED,1,LSTM,A_tiempo,576,144,0.3358,0.747371,0.864506,0.645123,9.8084,1.6374,0.6867,19.889,63
209,F_N+MED,1,GRU,A_tiempo,576,144,0.4251,0.646944,0.804329,0.595595,9.4412,2.5938,0.6652,15.118,51
209,F_N+MED,1,CNN-LSTM,A_tiempo,576,144,0.4273,0.644412,0.802753,0.593742,9.5497,1.5535,0.6333,11.963,41
209,F_N+MED,1,CNN-GRU,A_tiempo,576,144,0.3805,0.697087,0.834918,0.624759,9.8254,1.3296,0.6399,10.357,37
209,F_N+MED,3,LSTM,A_tiempo,576,144,-0.0138,1.185899,1.08899,0.840734,28.4482,1.5947,0.1918,10.345,31
209,F_N+MED,3,GRU,A_tiempo,576,144,0.1333,1.013886,1.006919,0.772149,23.317,2.2952,0.2903,10.662,33
209,F_N+MED,3,CNN-LSTM,A_tiempo,576,144,0.1079,1.043542,1.021539,0.789039,23.7581,1.367,0.2845,10.213,34
209,F_N+MED,3,CNN-GRU,A_tiempo,576,144,0.109,1.042255,1.020909,0.785742,23.1069,1.3614,0.299,8.507,31
209,F_N+MED,5,LSTM,A_tiempo,575,144,-0.0245,1.204878,1.097669,0.856291,37.0207,0.6337,0.0907,8.984,24
209,F_N+MED,5,GRU,A_tiempo,575,144,0.0637,1.101116,1.049341,0.816207,32.8604,0.6628,0.1537,7.795,25
209,F_N+MED,5,CNN-LSTM,A_tiempo,575,144,0.0161,1.157101,1.075686,0.838147,32.1364,0.6319,0.1932,9.796,31
209,F_N+MED,5,CNN-GRU,A_tiempo,575,144,0.0267,1.144629,1.069873,0.831584,31.1773,0.6803,0.2133,8.626,28
209,F_MED,1,LSTM,A_tiempo,576,144,0.2768,0.814616,0.902561,0.685407,11.3961,1.9603,0.5667,15.517,48
209,F_MED,1,GRU,A_tiempo,576,144,0.4472,0.622597,0.789048,0.578612,9.6055,1.5005,0.6648,14.531,49
209,F_MED,1,CNN-LSTM,A_tiempo,576,144,0.4323,0.639381,0.799613,0.597678,9.6119,1.4147,0.6713,13.06,48
209,F_MED,1,CNN-GRU,A_tiempo,576,144,0.4093,0.665305,0.815662,0.596391,9.902,1.8755,0.7065,13.572,51
209,F_MED,3,LSTM,A_tiempo,576,144,0.0298,1.135295,1.065502,0.82711,28.5223,1.6319,0.1179,7.881,24
209,F_MED,3,GRU,A_tiempo,576,144,0.1368,1.010017,1.004996,0.770952,23.6268,1.5128,0.2792,10.838,32
209,F_MED,3,CNN-LSTM,A_tiempo,576,144,0.0999,1.053215,1.026263,0.787287,23.0825,1.4935,0.3469,12.002,42
209,F_MED,3,CNN-GRU,A_tiempo,576,144,0.1233,1.025878,1.012856,0.778976,22.7167,1.489,0.2897,9.559,31
209,F_MED,5,LSTM,A_tiempo,575,144,-0.0162,1.195558,1.093416,0.851991,37.0722,0.6756,0.1098,9.479,25
209,F_MED,5,GRU,A_tiempo,575,144,0.0707,1.09322,1.045571,0.812733,32.8924,0.6582,0.16,9.739,26
209,F_MED,5,CNN-LSTM,A_tiempo,575,144,0.0369,1.133005,1.064427,0.824744,31.4807,0.6299,0.2614,11.443,39
209,F_MED,5,CNN-GRU,A_tiempo,575,144,0.0357,1.134458,1.065109,0.82885,32.3206,0.6243,0.1747,8.583,25
209,F_N+PB+MED,1,LSTM,A_tiempo,576,144,0.5011,0.537351,0.733042,0.521567,6.1517,1.7224,0.6797,16.777,50
209,F_N+PB+MED,1,GRU,A_tiempo,576,144,0.5119,0.52577,0.7251,0.512825,5.961,1.5831,0.7284,19.337,62
209,F_N+PB+MED,1,CNN-LSTM,A_tiempo,576,144,0.4955,0.543368,0.737135,0.515513,6.3083,1.3812,0.6941,14.003,51
209,F_N+PB+MED,1,CNN-GRU,A_tiempo,576,144,0.4687,0.572241,0.756466,0.535531,6.253,1.3593,0.7348,14.029,54
209,F_N+PB+MED,3,LSTM,A_tiempo,576,144,0.2515,0.792861,0.890428,0.661697,15.5717,2.3781,0.4168,15.303,49
209,F_N+PB+MED,3,GRU,A_tiempo,576,144,0.3008,0.740601,0.860582,0.639969,15.2843,2.606,0.4466,16.251,54
209,F_N+PB+MED,3,CNN-LSTM,A_tiempo,576,144,0.2935,0.748294,0.86504,0.644814,15.558,1.4622,0.4319,12.871,46
209,F_N+PB+MED,3,CNN-GRU,A_tiempo,576,144,0.2804,0.762227,0.873056,0.653041,14.6247,1.9406,0.43,11.163,40
209,F_N+PB+MED,5,LSTM,A_tiempo,575,144,0.1818,0.863207,0.929089,0.704719,25.0167,0.6986,0.2482,10.64,31
209,F_N+PB+MED,5,GRU,A_tiempo,575,144,0.1865,0.858246,0.926416,0.696757,20.9938,0.6817,0.336,17.76,55
209,F_N+PB+MED,5,CNN-LSTM,A_tiempo,575,144,0.1784,0.866896,0.931073,0.704117,22.6617,0.6152,0.2883,11.161,39
209,F_N+PB+MED,5,CNN-GRU,A_tiempo,575,144,0.1839,0.861054,0.92793,0.69983,22.9127,0.6326,0.3196,10.363,36
210,F_N+MED,1,LSTM,A_tiempo,576,144,-0.1922,0.818422,0.904667,0.668636,12.63,1.6948,0.4614,15.132,47
210,F_N+MED,1,GRU,A_tiempo,576,144,-0.0474,0.719012,0.847946,0.613331,10.4526,1.4678,0.4394,11.522,37
210,F_N+MED,1,CNN-LSTM,A_tiempo,576,144,-0.0333,0.709338,0.842222,0.610356,10.029,1.399,0.5648,16.973,68
210,F_N+MED,1,CNN-GRU,A_tiempo,576,144,0.0177,0.674355,0.821191,0.594717,10.3399,1.4101,0.4565,11.003,38
210,F_N+MED,3,LSTM,A_tiempo,576,144,-0.049,0.72416,0.850976,0.637624,23.5134,1.7233,0.1071,8.937,22
210,F_N+MED,3,GRU,A_tiempo,576,144,-0.0352,0.714593,0.845336,0.630826,20.6494,2.6195,0.2108,10.088,33
210,F_N+MED,3,CNN-LSTM,A_tiempo,576,144,-0.0214,0.705106,0.839706,0.629655,22.4923,1.4312,0.0692,6.545,17
210,F_N+MED,3,CNN-GRU,A_tiempo,576,144,-0.0127,0.6991,0.836122,0.622369,20.5867,1.3673,0.1477,8.012,24
210,F_N+MED,5,LSTM,A_tiempo,575,144,-0.0474,0.728579,0.853569,0.640102,29.3014,0.734,0.1466,11.449,33
210,F_N+MED,5,GRU,A_tiempo,575,144,-0.0081,0.70125,0.837406,0.627132,26.9955,0.9677,0.1049,8.573,27
210,F_N+MED,5,CNN-LSTM,A_tiempo,575,144,-0.0215,0.710586,0.842963,0.632569,29.2226,0.6609,0.0746,8.266,23
210,F_N+MED,5,CNN-GRU,A_tiempo,575,144,-0.0147,0.705855,0.840152,0.629546,28.0812,0.6012,0.0901,7.099,23
210,F_MED,1,LSTM,A_tiempo,576,144,-0.125,0.773584,0.879537,0.645736,10.8383,1.7053,0.5059,15.776,53
210,F_MED,1,GRU,A_tiempo,576,144,-0.0418,0.716348,0.846374,0.606189,10.2154,2.6406,0.4597,11.808,40
210,F_MED,1,CNN-LSTM,A_tiempo,576,144,-0.0309,0.708865,0.841941,0.613926,10.6373,1.4591,0.4904,12.467,44
210,F_MED,1,CNN-GRU,A_tiempo,576,144,0.0684,0.640619,0.800387,0.582344,9.9164,1.9707,0.4376,8.185,30
210,F_MED,3,LSTM,A_tiempo,576,144,-0.0673,0.737877,0.858998,0.642856,23.178,1.7343,0.1323,8.149,25
210,F_MED,3,GRU,A_tiempo,576,144,-0.0317,0.713294,0.844567,0.633601,23.5965,2.1696,0.0807,6.742,19
210,F_MED,3,CNN-LSTM,A_tiempo,576,144,-0.0789,0.745936,0.863676,0.644763,22.5854,1.453,0.191,9.767,32
210,F_MED,3,CNN-GRU,A_tiempo,576,144,-0.0147,0.701564,0.837594,0.624209,20.9823,1.347,0.1431,7.017,24
210,F_MED,5,LSTM,A_tiempo,575,144,-0.0394,0.724089,0.850934,0.634894,29.0897,0.6492,0.1456,9.89,31
210,F_MED,5,GRU,A_tiempo,575,144,-0.0213,0.711505,0.843507,0.631161,26.801,0.6526,0.1415,12.76,40
210,F_MED,5,CNN-LSTM,A_tiempo,575,144,-0.0216,0.711738,0.843646,0.631693,29.2838,0.6736,0.0829,6.971,24
210,F_MED,5,CNN-GRU,A_tiempo,575,144,-0.0053,0.700386,0.836891,0.626673,28.3985,0.6146,0.0878,8.167,24
210,F_N+PB+MED,1,LSTM,A_tiempo,576,144,0.0997,1.007618,1.003802,0.667541,11.4428,1.6303,0.2128,9.963,27
210,F_N+PB+MED,1,GRU,A_tiempo,576,144,0.138,0.964707,0.982195,0.644386,11.1202,1.5029,0.2384,8.215,27
210,F_N+PB+MED,1,CNN-LSTM,A_tiempo,576,144,0.1373,0.965527,0.982612,0.646196,10.3068,1.4702,0.2814,8.174,30
210,F_N+PB+MED,1,CNN-GRU,A_tiempo,576,144,0.1455,0.956268,0.97789,0.642811,10.8754,1.3471,0.2592,8.346,26
210,F_N+PB+MED,3,LSTM,A_tiempo,576,144,0.0473,1.041166,1.020376,0.711717,24.4983,2.4779,0.0832,8.427,24
210,F_N+PB+MED,3,GRU,A_tiempo,576,144,0.0591,1.028322,1.014062,0.700345,24.4336,1.5257,0.0998,9.598,26
210,F_N+PB+MED,3,CNN-LSTM,A_tiempo,576,144,0.065,1.021909,1.010895,0.697738,23.1422,1.4628,0.1254,8.317,30
210,F_N+PB+MED,3,CNN-GRU,A_tiempo,576,144,0.0683,1.018249,1.009083,0.69534,24.0613,1.4007,0.0996,7.737,23
210,F_N+PB+MED,5,LSTM,A_tiempo,575,144,0.031,1.049073,1.024243,0.719301,34.5352,0.6502,0.0549,10.146,26
210,F_N+PB+MED,5,GRU,A_tiempo,575,144,0.0379,1.041536,1.020557,0.715256,33.8926,0.6381,0.06,7.931,25
210,F_N+PB+MED,5,CNN-LSTM,A_tiempo,575,144,0.0439,1.035029,1.017364,0.711726,33.806,0.6357,0.0651,8.517,24
210,F_N+PB+MED,5,CNN-GRU,A_tiempo,575,144,0.0405,1.038724,1.019178,0.713138,34.6143,0.6139,0.0514,6.611,20
212,F_N+MED,1,LSTM,A_tiempo,576,144,0.5509,0.498268,0.705881,0.528499,7.4538,2.4212,0.7007,14.514,46
212,F_N+MED,1,GRU,A_tiempo,576,144,0.5429,0.507133,0.712133,0.51002,7.4312,1.6592,0.68,13.919,45
212,F_N+MED,1,CNN-LSTM,A_tiempo,576,144,0.5505,0.498772,0.706238,0.514661,7.3667,1.3982,0.7191,13.782,51
212,F_N+MED,1,CNN-GRU,A_tiempo,576,144,0.5192,0.533449,0.730376,0.536039,7.4197,1.3268,0.7592,14.725,57
212,F_N+MED,3,LSTM,A_tiempo,576,144,0.2048,0.84138,0.917268,0.65205,14.2906,1.9397,0.4264,14.716,46
212,F_N+MED,3,GRU,A_tiempo,576,144,0.1767,0.871072,0.933313,0.657509,14.7323,2.5991,0.4737,19.778,66
212,F_N+MED,3,CNN-LSTM,A_tiempo,576,144,0.1899,0.857146,0.925822,0.653065,14.4462,2.6567,0.4433,13.584,49
212,F_N+MED,3,CNN-GRU,A_tiempo,576,144,0.1941,0.852704,0.92342,0.650637,14.3348,1.362,0.4483,12.721,45
212,F_N+MED,5,LSTM,A_tiempo,575,144,0.0668,0.957483,0.978511,0.706685,24.4785,0.6731,0.1434,8.412,27
212,F_N+MED,5,GRU,A_tiempo,575,144,0.1043,0.919011,0.958651,0.683711,22.1677,0.65,0.253,13.171,41
212,F_N+MED,5,CNN-LSTM,A_tiempo,575,144,0.0999,0.923486,0.960982,0.685431,21.7866,0.6427,0.2686,11.916,39
212,F_N+MED,5,CNN-GRU,A_tiempo,575,144,0.0819,0.94194,0.970536,0.692434,21.0392,0.8306,0.2986,11.043,40
212,F_MED,1,LSTM,A_tiempo,576,144,0.5366,0.51313,0.716331,0.538071,7.7284,1.6654,0.6902,13.553,44
212,F_MED,1,GRU,A_tiempo,576,144,0.5547,0.493144,0.702242,0.500921,7.268,1.5375,0.6655,12.627,39
212,F_MED,1,CNN-LSTM,A_tiempo,576,144,0.5442,0.504788,0.710485,0.520774,7.3949,2.1102,0.6731,12.039,44
212,F_MED,1,CNN-GRU,A_tiempo,576,144,0.5242,0.526964,0.725923,0.530964,7.4469,1.2866,0.69,12.738,45
212,F_MED,3,LSTM,A_tiempo,576,144,0.221,0.823234,0.907322,0.643407,15.4327,1.6047,0.3912,13.596,42
212,F_MED,3,GRU,A_tiempo,576,144,0.2049,0.840223,0.916637,0.643808,14.9694,1.5216,0.4219,15.757,52
212,F_MED,3,CNN-LSTM,A_tiempo,576,144,0.2005,0.844945,0.919209,0.642769,14.2708,2.235,0.4524,12.525,48
212,F_MED,3,CNN-GRU,A_tiempo,576,144,0.212,0.83278,0.912568,0.642549,14.3497,1.3347,0.4081,11.749,40
212,F_MED,5,LSTM,A_tiempo,575,144,0.1175,0.904618,0.951114,0.67981,22.2212,0.8717,0.2264,10.962,35
212,F_MED,5,GRU,A_tiempo,575,144,0.1068,0.915587,0.956863,0.683542,22.1475,0.6453,0.2588,13.395,43
212,F_MED,5,CNN-LSTM,A_tiempo,575,144,0.0857,0.937161,0.968071,0.691106,21.5781,0.6538,0.2875,11.765,41
212,F_MED,5,CNN-GRU,A_tiempo,575,144,0.0634,0.960058,0.979826,0.699805,21.0236,0.6458,0.3472,13.095,48
212,F_N+PB+MED,1,LSTM,A_tiempo,576,144,0.5497,0.305772,0.552966,0.400853,4.8711,1.724,0.7537,16.114,55
212,F_N+PB+MED,1,GRU,A_tiempo,576,144,0.5976,0.273248,0.522731,0.387108,4.9121,1.4698,0.7527,14.639,49
212,F_N+PB+MED,1,CNN-LSTM,A_tiempo,576,144,0.6068,0.267021,0.516741,0.37974,4.4788,1.4066,0.8217,20.985,88
212,F_N+PB+MED,1,CNN-GRU,A_tiempo,576,144,0.6192,0.258558,0.508486,0.376566,4.2853,1.3091,0.8106,15.298,61
212,F_N+PB+MED,3,LSTM,A_tiempo,576,144,0.1883,0.562794,0.750196,0.527171,12.9987,2.4788,0.3868,9.519,30
212,F_N+PB+MED,3,GRU,A_tiempo,576,144,0.2398,0.527129,0.726036,0.514493,12.1281,1.4915,0.4324,12.968,42
212,F_N+PB+MED,3,CNN-LSTM,A_tiempo,576,144,0.1717,0.574352,0.75786,0.529954,11.706,1.4564,0.4629,13.09,49
212,F_N+PB+MED,3,CNN-GRU,A_tiempo,576,144,0.1963,0.557261,0.746499,0.52607,11.0551,1.3013,0.5073,13.595,51
212,F_N+PB+MED,5,LSTM,A_tiempo,575,144,0.0965,0.631407,0.794611,0.557384,19.6572,0.6361,0.2494,10.968,33
212,F_N+PB+MED,5,GRU,A_tiempo,575,144,0.1199,0.615032,0.78424,0.553248,18.2624,0.6157,0.3088,14.046,46
212,F_N+PB+MED,5,CNN-LSTM,A_tiempo,575,144,0.0613,0.655996,0.809936,0.567087,18.4583,0.6165,0.2797,11.063,38
212,F_N+PB+MED,5,CNN-GRU,A_tiempo,575,144,0.0692,0.650479,0.806523,0.570054,17.3073,0.9785,0.2886,8.667,34
213,F_N+MED,1,LSTM,A_tiempo,576,144,0.5306,0.496084,0.704332,0.468651,6.2561,1.7222,0.6639,14.937,50
213,F_N+MED,1,GRU,A_tiempo,576,144,0.5496,0.476017,0.68994,0.461982,6.3013,1.4826,0.6973,18.083,63
213,F_N+MED,1,CNN-LSTM,A_tiempo,576,144,0.5165,0.510967,0.71482,0.479605,6.502,1.3519,0.73,17.411,69
213,F_N+MED,1,CNN-GRU,A_tiempo,576,144,0.531,0.495584,0.703978,0.479101,6.7881,1.302,0.7124,13.914,52
213,F_N+MED,3,LSTM,A_tiempo,576,144,0.3257,0.730119,0.85447,0.56923,15.5905,1.7355,0.4341,11.193,35
213,F_N+MED,3,GRU,A_tiempo,576,144,0.2877,0.77118,0.878169,0.59624,14.4863,1.5458,0.49,15.129,50
213,F_N+MED,3,CNN-LSTM,A_tiempo,576,144,0.2815,0.777875,0.881972,0.593208,14.4353,2.46,0.5292,13.851,50
213,F_N+MED,3,CNN-GRU,A_tiempo,576,144,0.2615,0.799553,0.894177,0.606627,14.408,1.2856,0.5657,14.151,54
213,F_N+MED,5,LSTM,A_tiempo,575,144,0.1703,0.9117,0.95483,0.653412,23.0439,0.8353,0.4132,12.852,41
213,F_N+MED,5,GRU,A_tiempo,575,144,0.0967,0.992568,0.996277,0.69265,23.6525,0.646,0.3227,8.911,27
213,F_N+MED,5,CNN-LSTM,A_tiempo,575,144,0.1495,0.934524,0.966708,0.667664,24.0595,0.6515,0.3614,9.466,30
213,F_N+MED,5,CNN-GRU,A_tiempo,575,144,0.0922,0.997519,0.998759,0.700103,24.7772,0.6182,0.296,6.466,22
213,F_MED,1,LSTM,A_tiempo,576,144,0.5128,0.514859,0.717537,0.476722,6.6601,2.6255,0.7385,20.352,66
213,F_MED,1,GRU,A_tiempo,576,144,0.5566,0.468561,0.684515,0.459767,6.559,1.5466,0.7018,19.37,66
213,F_MED,1,CNN-LSTM,A_tiempo,576,144,0.513,0.514685,0.717415,0.475146,6.5118,1.5606,0.6959,13.624,51
213,F_MED,1,CNN-GRU,A_tiempo,576,144,0.518,0.509366,0.713699,0.480358,6.5381,1.4958,0.7721,21.421,83
213,F_MED,3,LSTM,A_tiempo,576,144,0.3093,0.747843,0.864779,0.584285,14.7447,1.7693,0.5231,16.538,52
213,F_MED,3,GRU,A_tiempo,576,144,0.2626,0.798392,0.893528,0.60524,15.1732,1.5228,0.4451,10.061,33
213,F_MED,3,CNN-LSTM,A_tiempo,576,144,0.2759,0.784033,0.885456,0.595825,14.301,1.3998,0.5177,12.107,45
213,F_MED,3,CNN-GRU,A_tiempo,576,144,0.2581,0.803312,0.896277,0.605049,14.298,1.3917,0.5771,14.786,58
213,F_MED,5,LSTM,A_tiempo,575,144,0.1915,0.888443,0.942573,0.644394,24.5387,0.8743,0.3631,11.019,37
213,F_MED,5,GRU,A_tiempo,575,144,0.0936,0.995983,0.997989,0.696273,24.6428,0.6695,0.2922,8.843,24
213,F_MED,5,CNN-LSTM,A_tiempo,575,144,0.1329,0.952809,0.976119,0.673704,22.6091,0.624,0.4461,12.514,45
213,F_MED,5,CNN-GRU,A_tiempo,575,144,0.0909,0.998934,0.999467,0.70333,24.9357,0.6168,0.284,6.165,21
213,F_N+PB+MED,1,LSTM,A_tiempo,576,144,0.5289,0.419998,0.648073,0.390268,5.6939,1.6769,0.7128,18.809,59
213,F_N+PB+MED,1,GRU,A_tiempo,576,144,0.519,0.428848,0.654865,0.395083,5.4611,1.5195,0.6779,17.593,57
213,F_N+PB+MED,1,CNN-LSTM,A_tiempo,576,144,0.502,0.444009,0.66634,0.400225,5.5682,1.4552,0.7067,18.239,72
213,F_N+PB+MED,1,CNN-GRU,A_tiempo,576,144,0.5206,0.427427,0.653779,0.40015,5.8062,1.3102,0.7179,14.288,53
213,F_N+PB+MED,3,LSTM,A_tiempo,576,144,0.2396,0.719854,0.848442,0.52824,13.0368,1.6591,0.4891,15.779,51
213,F_N+PB+MED,3,GRU,A_tiempo,576,144,0.1878,0.768856,0.876844,0.546055,12.8808,2.7628,0.4495,11.006,35
213,F_N+PB+MED,3,CNN-LSTM,A_tiempo,576,144,0.1982,0.759059,0.87124,0.539959,12.9952,1.3602,0.4654,10.727,35
213,F_N+PB+MED,3,CNN-GRU,A_tiempo,576,144,0.1725,0.783389,0.885093,0.55365,12.9283,1.3419,0.4702,13.946,52
213,F_N+PB+MED,5,LSTM,A_tiempo,575,144,0.0349,0.936114,0.96753,0.631044,22.9644,0.9245,0.2814,7.417,22
213,F_N+PB+MED,5,GRU,A_tiempo,575,144,0.0175,0.953036,0.976236,0.63897,22.2818,0.6629,0.2816,8.343,21
213,F_N+PB+MED,5,CNN-LSTM,A_tiempo,575,144,0.0385,0.932639,0.965733,0.634829,23.4973,0.9004,0.2642,6.105,20
213,F_N+PB+MED,5,CNN-GRU,A_tiempo,575,144,0.0431,0.928205,0.963434,0.638135,23.7563,0.6341,0.2338,6.931,18
214,F_N+MED,1,LSTM,A_tiempo,576,144,0.3471,0.506471,0.711668,0.480115,6.8866,1.797,0.4525,13.45,41
214,F_N+MED,1,GRU,A_tiempo,576,144,0.3794,0.481385,0.693819,0.458041,6.1105,1.4673,0.5489,19.731,65
214,F_N+MED,1,CNN-LSTM,A_tiempo,576,144,0.3308,0.519127,0.720504,0.491468,6.5591,1.4474,0.533,21.337,79
214,F_N+MED,1,CNN-GRU,A_tiempo,576,144,0.3212,0.526581,0.725659,0.503144,6.149,1.36,0.5478,14.061,53
214,F_N+MED,3,LSTM,A_tiempo,576,144,0.114,0.776572,0.881233,0.579338,17.4643,2.4614,0.2388,10.554,35
214,F_N+MED,3,GRU,A_tiempo,576,144,0.1376,0.755831,0.869385,0.575884,15.823,2.3764,0.2952,17.576,57
214,F_N+MED,3,CNN-LSTM,A_tiempo,576,144,0.1146,0.776038,0.88093,0.585034,18.1009,1.5289,0.2064,8.593,28
214,F_N+MED,3,CNN-GRU,A_tiempo,576,144,0.0981,0.7905,0.889101,0.594744,16.0423,1.3484,0.2991,15.576,61
214,F_N+MED,5,LSTM,A_tiempo,575,144,0.0613,0.837431,0.915113,0.605786,26.0086,0.6394,0.1896,13.672,42
214,F_N+MED,5,GRU,A_tiempo,575,144,0.0818,0.81909,0.905036,0.593637,25.7667,0.6498,0.1886,14.309,46
214,F_N+MED,5,CNN-LSTM,A_tiempo,575,144,0.0607,0.837945,0.915393,0.608764,27.5937,0.7109,0.1352,8.849,28
214,F_N+MED,5,CNN-GRU,A_tiempo,575,144,0.0718,0.828025,0.909959,0.59942,26.3211,0.6386,0.1619,7.796,29
214,F_MED,1,LSTM,A_tiempo,576,144,0.339,0.511999,0.715541,0.482313,6.6903,1.6075,0.4312,12.175,38
214,F_MED,1,GRU,A_tiempo,576,144,0.3677,0.489755,0.699825,0.465361,6.1376,1.5145,0.5367,20.599,67
214,F_MED,1,CNN-LSTM,A_tiempo,576,144,0.35,0.503467,0.709554,0.483657,6.5348,1.5308,0.5362,14.49,53
214,F_MED,1,CNN-GRU,A_tiempo,576,144,0.3265,0.521646,0.72225,0.491079,6.5291,2.0295,0.5462,13.486,51
214,F_MED,3,LSTM,A_tiempo,576,144,0.1083,0.780982,0.883732,0.585652,16.5355,1.6995,0.2671,13.072,41
214,F_MED,3,GRU,A_tiempo,576,144,0.1343,0.758195,0.870744,0.573411,16.1582,2.3847,0.2845,15.638,51
214,F_MED,3,CNN-LSTM,A_tiempo,576,144,0.1145,0.77556,0.880659,0.586392,17.2643,1.3829,0.2429,10.874,35
214,F_MED,3,CNN-GRU,A_tiempo,576,144,0.1197,0.77101,0.878072,0.584747,17.5005,1.4706,0.22,8.778,28
214,F_MED,5,LSTM,A_tiempo,575,144,0.067,0.831773,0.912016,0.602429,27.0906,0.9539,0.1604,10.765,35
214,F_MED,5,GRU,A_tiempo,575,144,0.0778,0.822178,0.90674,0.596458,26.7162,0.6686,0.1691,12.589,39
214,F_MED,5,CNN-LSTM,A_tiempo,575,144,0.058,0.839785,0.916398,0.610724,26.0546,0.6255,0.1669,10.863,35
214,F_MED,5,CNN-GRU,A_tiempo,575,144,0.075,0.824661,0.908108,0.600452,26.1791,0.6218,0.1563,8.757,28
214,F_N+PB+MED,1,LSTM,A_tiempo,576,144,0.3856,0.495929,0.704222,0.465765,6.6437,1.7213,0.4776,15.256,50
214,F_N+PB+MED,1,GRU,A_tiempo,576,144,0.3958,0.487662,0.698328,0.465149,6.7292,1.4669,0.4631,14.13,46
214,F_N+PB+MED,1,CNN-LSTM,A_tiempo,576,144,0.368,0.510119,0.714226,0.477195,6.804,1.5624,0.5003,12.723,47
214,F_N+PB+MED,1,CNN-GRU,A_tiempo,576,144,0.3454,0.528334,0.726866,0.490013,6.8697,1.2966,0.4899,12.458,43
214,F_N+PB+MED,3,LSTM,A_tiempo,576,144,0.1466,0.791371,0.88959,0.572859,17.9949,1.5991,0.2128,12.952,38
214,F_N+PB+MED,3,GRU,A_tiempo,576,144,0.131,0.805866,0.8977,0.589041,17.0393,1.532,0.238,14.3,47
214,F_N+PB+MED,3,CNN-LSTM,A_tiempo,576,144,0.1302,0.806631,0.898127,0.582002,17.8424,1.4734,0.21,9.968,32
214,F_N+PB+MED,3,CNN-GRU,A_tiempo,576,144,0.1186,0.817396,0.904099,0.58713,17.3264,2.6359,0.2397,10.627,40
214,F_N+PB+MED,5,LSTM,A_tiempo,575,144,0.0742,0.870979,0.933263,0.604353,26.8339,0.9226,0.1787,15.945,49
214,F_N+PB+MED,5,GRU,A_tiempo,575,144,0.0752,0.870054,0.932767,0.600072,26.4034,0.648,0.1625,15.211,48
214,F_N+PB+MED,5,CNN-LSTM,A_tiempo,575,144,0.0729,0.872203,0.933918,0.600761,27.2219,0.6191,0.1262,8.143,30
214,F_N+PB+MED,5,CNN-GRU,A_tiempo,575,144,0.0759,0.869402,0.932418,0.600463,26.7707,0.6306,0.1488,10.258,34
215,F_N+MED,1,LSTM,A_tiempo,576,144,0.506,0.522504,0.722844,0.451594,5.4069,2.4521,0.6245,16.438,52
215,F_N+MED,1,GRU,A_tiempo,576,144,0.4972,0.531812,0.729254,0.452621,5.9112,1.4808,0.5931,14.619,49
215,F_N+MED,1,CNN-LSTM,A_tiempo,576,144,0.4786,0.551523,0.742646,0.461557,6.2189,1.3599,0.5918,12.486,45
215,F_N+MED,1,CNN-GRU,A_tiempo,576,144,0.4855,0.544199,0.737698,0.46009,5.9618,1.4168,0.5921,11.502,41
215,F_N+MED,3,LSTM,A_tiempo,576,144,0.2429,0.830235,0.911172,0.623243,16.5131,1.5783,0.4387,16.368,55
215,F_N+MED,3,GRU,A_tiempo,576,144,0.2467,0.826101,0.908901,0.625241,17.4255,1.4774,0.3646,14.753,49
215,F_N+MED,3,CNN-LSTM,A_tiempo,576,144,0.2322,0.841997,0.917604,0.631846,17.7486,1.6076,0.3411,10.7,34
215,F_N+MED,3,CNN-GRU,A_tiempo,576,144,0.2234,0.851621,0.922833,0.634905,17.704,2.5877,0.3391,8.483,30
215,F_N+MED,5,LSTM,A_tiempo,575,144,0.1616,0.927092,0.962856,0.682466,27.7791,0.6166,0.2531,12.002,36
215,F_N+MED,5,GRU,A_tiempo,575,144,0.165,0.923285,0.960877,0.679747,27.1028,0.6143,0.2645,12.203,40
215,F_N+MED,5,CNN-LSTM,A_tiempo,575,144,0.1649,0.923391,0.960932,0.676419,26.8139,0.6362,0.2557,9.941,31
215,F_N+MED,5,CNN-GRU,A_tiempo,575,144,0.1674,0.920628,0.959493,0.678154,26.3639,0.6364,0.2541,9.215,29
215,F_MED,1,LSTM,A_tiempo,576,144,0.4644,0.564858,0.75157,0.481475,6.64,1.7074,0.5369,11.61,34
215,F_MED,1,GRU,A_tiempo,576,144,0.4998,0.527531,0.726313,0.452013,6.0479,1.4544,0.5784,13.895,46
215,F_MED,1,CNN-LSTM,A_tiempo,576,144,0.4818,0.546522,0.739271,0.463902,5.7572,1.5096,0.596,12.878,47
215,F_MED,1,CNN-GRU,A_tiempo,576,144,0.49,0.537869,0.733396,0.459116,5.491,1.2882,0.5976,11.861,42
215,F_MED,3,LSTM,A_tiempo,576,144,0.2541,0.817173,0.903976,0.620428,16.7107,1.637,0.4196,16.665,55
215,F_MED,3,GRU,A_tiempo,576,144,0.2419,0.830582,0.911363,0.62932,18.0987,1.4402,0.3299,11.698,36
215,F_MED,3,CNN-LSTM,A_tiempo,576,144,0.2281,0.845684,0.919611,0.631544,18.0081,2.3159,0.3297,8.419,31
215,F_MED,3,CNN-GRU,A_tiempo,576,144,0.2215,0.852848,0.923497,0.632548,17.6648,1.3748,0.3454,9.739,33
215,F_MED,5,LSTM,A_tiempo,575,144,0.1641,0.923823,0.961157,0.682525,27.2429,0.6395,0.2599,12.454,39
215,F_MED,5,GRU,A_tiempo,575,144,0.1663,0.921387,0.959889,0.676902,28.1346,0.6527,0.2402,10.33,30
215,F_MED,5,CNN-LSTM,A_tiempo,575,144,0.1571,0.931615,0.965202,0.684446,27.3949,0.9546,0.2365,7.761,27
215,F_MED,5,CNN-GRU,A_tiempo,575,144,0.1539,0.935085,0.966998,0.682221,27.8397,0.6078,0.2281,7.274,23
215,F_N+PB+MED,1,LSTM,A_tiempo,576,144,0.5008,0.538729,0.733982,0.42632,4.6303,1.6892,0.6121,18.278,53
215,F_N+PB+MED,1,GRU,A_tiempo,576,144,0.4949,0.545123,0.738324,0.433269,5.0148,1.6164,0.5746,14.865,48
215,F_N+PB+MED,1,CNN-LSTM,A_tiempo,576,144,0.4885,0.552021,0.742981,0.446015,5.1497,1.4972,0.5582,12.381,43
215,F_N+PB+MED,1,CNN-GRU,A_tiempo,576,144,0.4885,0.55203,0.742987,0.446196,4.8611,1.3396,0.5918,12.782,46
215,F_N+PB+MED,3,LSTM,A_tiempo,576,144,0.2529,0.837155,0.914962,0.598011,15.6459,1.6623,0.4355,18.258,62
215,F_N+PB+MED,3,GRU,A_tiempo,576,144,0.207,0.888523,0.942615,0.639278,18.8488,1.5321,0.2967,11.465,33
215,F_N+PB+MED,3,CNN-LSTM,A_tiempo,576,144,0.2091,0.886208,0.941386,0.630994,18.1482,1.4032,0.3303,12.519,46
215,F_N+PB+MED,3,CNN-GRU,A_tiempo,576,144,0.2101,0.885043,0.940767,0.634304,18.0764,1.4022,0.3116,9.591,31
215,F_N+PB+MED,5,LSTM,A_tiempo,575,144,0.1829,0.926837,0.962724,0.65064,24.0996,0.65,0.3607,20.916,73
215,F_N+PB+MED,5,GRU,A_tiempo,575,144,0.1463,0.968374,0.98406,0.6826,28.2293,0.6677,0.2206,10.42,31
215,F_N+PB+MED,5,CNN-LSTM,A_tiempo,575,144,0.1445,0.970375,0.985076,0.681211,27.4282,0.658,0.2248,9.051,28
215,F_N+PB+MED,5,CNN-GRU,A_tiempo,575,144,0.1397,0.975827,0.98784,0.687671,27.5116,0.7237,0.2084,8.276,22
217,F_N+MED,1,LSTM,A_tiempo,576,144,0.5859,0.483747,0.69552,0.491568,7.3139,1.7797,0.5462,12.244,37
217,F_N+MED,1,GRU,A_tiempo,576,144,0.5753,0.496166,0.70439,0.493219,7.6388,2.0861,0.515,9.738,33
217,F_N+MED,1,CNN-LSTM,A_tiempo,576,144,0.594,0.47433,0.688716,0.47345,6.6603,1.4449,0.5926,11.517,41
217,F_N+MED,1,CNN-GRU,A_tiempo,576,144,0.6023,0.464543,0.681574,0.468733,5.9666,1.2983,0.6533,13.597,53
217,F_N+MED,3,LSTM,A_tiempo,576,144,0.3742,0.714436,0.845243,0.603268,15.8423,2.4011,0.3069,10.241,31
217,F_N+MED,3,GRU,A_tiempo,576,144,0.3819,0.705655,0.840033,0.595692,15.4023,1.5567,0.4017,15.293,48
217,F_N+MED,3,CNN-LSTM,A_tiempo,576,144,0.3555,0.735768,0.857769,0.609266,15.9863,2.6067,0.3422,8.987,32
217,F_N+MED,3,CNN-GRU,A_tiempo,576,144,0.3572,0.733787,0.856613,0.609661,15.1164,1.409,0.3413,8.999,31
217,F_N+MED,5,LSTM,A_tiempo,575,144,0.3442,0.749128,0.865522,0.618613,21.3874,0.6279,0.3218,15.006,48
217,F_N+MED,5,GRU,A_tiempo,575,144,0.3134,0.784258,0.885583,0.636828,21.5118,0.9155,0.2887,13.321,45
217,F_N+MED,5,CNN-LSTM,A_tiempo,575,144,0.3063,0.792397,0.890167,0.639368,22.5652,0.6329,0.2868,10.249,36
217,F_N+MED,5,CNN-GRU,A_tiempo,575,144,0.3083,0.790159,0.888909,0.636011,22.3869,0.6314,0.2803,10.045,32
217,F_MED,1,LSTM,A_tiempo,576,144,0.5906,0.47869,0.691875,0.492494,7.2359,1.757,0.5212,10.782,34
217,F_MED,1,GRU,A_tiempo,576,144,0.5703,0.50244,0.70883,0.497223,7.4186,1.4818,0.5363,11.45,36
217,F_MED,1,CNN-LSTM,A_tiempo,576,144,0.5932,0.475708,0.689716,0.472852,6.6682,1.384,0.6219,12.612,46
217,F_MED,1,CNN-GRU,A_tiempo,576,144,0.5936,0.475251,0.689385,0.471957,6.7556,1.3405,0.6211,12.27,44
217,F_MED,3,LSTM,A_tiempo,576,144,0.3771,0.711815,0.843691,0.603837,15.5917,1.5809,0.3219,11.992,34
217,F_MED,3,GRU,A_tiempo,576,144,0.3768,0.712146,0.843888,0.604986,14.9099,1.5649,0.3855,13.92,45
217,F_MED,3,CNN-LSTM,A_tiempo,576,144,0.3364,0.758284,0.870795,0.614753,15.6438,1.4307,0.3755,11.873,38
217,F_MED,3,CNN-GRU,A_tiempo,576,144,0.3616,0.729453,0.85408,0.607053,15.8651,1.3375,0.3431,9.828,31
217,F_MED,5,LSTM,A_tiempo,575,144,0.3393,0.755409,0.869143,0.620869,20.8126,0.6752,0.3389,15.497,50
217,F_MED,5,GRU,A_tiempo,575,144,0.3374,0.757593,0.870398,0.624639,21.7785,0.8612,0.3038,14.207,47
217,F_MED,5,CNN-LSTM,A_tiempo,575,144,0.2983,0.802309,0.895717,0.640941,22.0432,0.7867,0.3078,10.826,40
217,F_MED,5,CNN-GRU,A_tiempo,575,144,0.3074,0.791973,0.889928,0.635103,23.449,0.6298,0.2639,8.474,28
217,F_N+PB+MED,1,LSTM,A_tiempo,576,144,0.6183,0.503814,0.709799,0.492332,7.3282,2.3607,0.5556,11.034,37
217,F_N+PB+MED,1,GRU,A_tiempo,576,144,0.6392,0.476295,0.690141,0.468073,6.9012,1.5348,0.6018,14.803,49
217,F_N+PB+MED,1,CNN-LSTM,A_tiempo,576,144,0.6233,0.497288,0.705187,0.476731,6.6474,1.3939,0.6216,12.231,44
217,F_N+PB+MED,1,CNN-GRU,A_tiempo,576,144,0.6361,0.480342,0.693067,0.464751,6.0577,1.3734,0.6351,12.939,45
217,F_N+PB+MED,3,LSTM,A_tiempo,576,144,0.4039,0.763723,0.873913,0.617786,15.5036,2.5353,0.4183,14.143,46
217,F_N+PB+MED,3,GRU,A_tiempo,576,144,0.3867,0.785714,0.886405,0.624947,16.1114,1.5494,0.4189,15.566,51
217,F_N+PB+MED,3,CNN-LSTM,A_tiempo,576,144,0.3721,0.804462,0.896918,0.630157,15.8851,1.5166,0.4136,12.016,43
217,F_N+PB+MED,3,CNN-GRU,A_tiempo,576,144,0.3844,0.788694,0.888084,0.623291,15.1684,1.3694,0.4041,10.98,38
217,F_N+PB+MED,5,LSTM,A_tiempo,575,144,0.3308,0.861045,0.927925,0.661181,23.3444,0.635,0.3198,14.47,45
217,F_N+PB+MED,5,GRU,A_tiempo,575,144,0.331,0.860829,0.927809,0.663239,23.1861,0.6365,0.3041,13.07,41
217,F_N+PB+MED,5,CNN-LSTM,A_tiempo,575,144,0.3229,0.871244,0.933405,0.661567,23.4832,0.6322,0.3302,11.799,42
217,F_N+PB+MED,5,CNN-GRU,A_tiempo,575,144,0.328,0.864689,0.929887,0.658185,23.7412,0.6074,0.3076,9.843,33
219,F_N+MED,1,LSTM,A_tiempo,576,144,0.4075,0.427962,0.654188,0.465491,8.367,1.5422,0.558,9.724,32
219,F_N+MED,1,GRU,A_tiempo,576,144,0.4062,0.428928,0.654926,0.447309,6.7461,1.4826,0.6452,12.981,42
219,F_N+MED,1,CNN-LSTM,A_tiempo,576,144,0.4292,0.412323,0.642124,0.453221,6.7393,1.4092,0.6503,11.034,37
219,F_N+MED,1,CNN-GRU,A_tiempo,576,144,0.4201,0.418903,0.647227,0.456374,7.0908,2.5954,0.6495,9.89,37
219,F_N+MED,3,LSTM,A_tiempo,576,144,0.222,0.552571,0.743351,0.543034,18.6492,1.7762,0.322,8.314,26
219,F_N+MED,3,GRU,A_tiempo,576,144,0.1424,0.609146,0.780478,0.572979,17.9839,1.5598,0.3641,12.732,42
219,F_N+MED,3,CNN-LSTM,A_tiempo,576,144,0.1212,0.624185,0.790054,0.576072,18.3832,1.3778,0.3498,8.61,28
219,F_N+MED,3,CNN-GRU,A_tiempo,576,144,0.1131,0.629972,0.793708,0.580236,19.1735,1.3301,0.2888,8.091,23
219,F_N+MED,5,LSTM,A_tiempo,575,144,0.1323,0.604141,0.777265,0.569749,24.4491,0.7173,0.2302,9.484,24
219,F_N+MED,5,GRU,A_tiempo,575,144,0.0692,0.648073,0.80503,0.597599,24.5172,0.887,0.1707,7.079,22
219,F_N+MED,5,CNN-LSTM,A_tiempo,575,144,0.08,0.640547,0.800342,0.588589,23.5907,0.5997,0.2902,8.865,32
219,F_N+MED,5,CNN-GRU,A_tiempo,575,144,0.0864,0.636148,0.797589,0.587773,23.1282,0.6339,0.2955,9.922,33
219,F_MED,1,LSTM,A_tiempo,576,144,0.4091,0.426713,0.653233,0.467255,8.6589,4.8597,0.5435,9.587,30
219,F_MED,1,GRU,A_tiempo,576,144,0.3876,0.442239,0.66501,0.446558,6.7346,1.5538,0.6605,13.234,44
219,F_MED,1,CNN-LSTM,A_tiempo,576,144,0.4533,0.39476,0.628299,0.436611,6.756,1.4352,0.7017,13.254,47
219,F_MED,1,CNN-GRU,A_tiempo,576,144,0.4427,0.40247,0.634405,0.444248,7.0297,1.2999,0.5896,8.099,27
219,F_MED,3,LSTM,A_tiempo,576,144,0.2011,0.567325,0.75321,0.548972,18.6487,1.6354,0.2996,9.373,24
219,F_MED,3,GRU,A_tiempo,576,144,0.1542,0.600601,0.774985,0.567927,19.0751,1.5559,0.3098,10.533,27
219,F_MED,3,CNN-LSTM,A_tiempo,576,144,0.1437,0.608087,0.779799,0.571787,18.4605,1.4148,0.3125,8.042,24
219,F_MED,3,CNN-GRU,A_tiempo,576,144,0.0971,0.641168,0.80073,0.583606,19.1217,1.9451,0.3343,7.641,28
219,F_MED,5,LSTM,A_tiempo,575,144,0.1361,0.601377,0.775485,0.570083,24.2107,0.6305,0.197,6.792,20
219,F_MED,5,GRU,A_tiempo,575,144,0.0858,0.636354,0.797718,0.589512,23.4012,0.6582,0.3116,18.38,60
219,F_MED,5,CNN-LSTM,A_tiempo,575,144,0.1092,0.6201,0.787464,0.578749,23.6491,1.0039,0.2432,7.987,25
219,F_MED,5,CNN-GRU,A_tiempo,575,144,0.1041,0.623669,0.789727,0.580262,23.2996,0.9337,0.2873,8.919,31
219,F_N+PB+MED,1,LSTM,A_tiempo,576,144,0.2576,0.76605,0.875243,0.584928,8.6997,1.8352,0.3035,11.018,32
219,F_N+PB+MED,1,GRU,A_tiempo,576,144,0.258,0.765602,0.874987,0.59386,8.4722,1.508,0.3119,11.672,34
219,F_N+PB+MED,1,CNN-LSTM,A_tiempo,576,144,0.2812,0.741706,0.861224,0.583014,7.4073,1.4554,0.4519,12.991,47
219,F_N+PB+MED,1,CNN-GRU,A_tiempo,576,144,0.2712,0.752026,0.867194,0.598277,7.8693,1.3396,0.375,10.582,36
219,F_N+PB+MED,3,LSTM,A_tiempo,576,144,0.071,1.041764,1.020669,0.704379,21.5851,1.7626,0.1638,12.334,36
219,F_N+PB+MED,3,GRU,A_tiempo,576,144,0.064,1.049596,1.024498,0.70833,21.4634,1.4922,0.1491,12.268,37
219,F_N+PB+MED,3,CNN-LSTM,A_tiempo,576,144,0.0632,1.050468,1.024923,0.709878,20.0603,1.4461,0.1906,11.76,40
219,F_N+PB+MED,3,CNN-GRU,A_tiempo,576,144,0.077,1.035007,1.017353,0.704201,20.8692,1.3771,0.1567,9.024,31
219,F_N+PB+MED,5,LSTM,A_tiempo,575,144,0.0332,1.067976,1.033429,0.72645,32.4009,0.6739,0.1001,10.802,31
219,F_N+PB+MED,5,GRU,A_tiempo,575,144,0.0182,1.084469,1.041379,0.733295,31.6152,0.7606,0.0924,11.059,32
219,F_N+PB+MED,5,CNN-LSTM,A_tiempo,575,144,0.036,1.064877,1.031929,0.727212,31.5457,0.6272,0.1059,9.657,32
219,F_N+PB+MED,5,CNN-GRU,A_tiempo,575,144,0.0355,1.065345,1.032155,0.728644,31.9771,0.6271,0.0982,8.869,27
220,F_N+MED,1,LSTM,A_tiempo,576,144,0.5953,0.694854,0.833579,0.597832,10.2602,1.8081,0.7402,17.962,58
220,F_N+MED,1,GRU,A_tiempo,576,144,0.6535,0.59498,0.77135,0.559899,8.8672,1.5653,0.7971,26.276,92
220,F_N+MED,1,CNN-LSTM,A_tiempo,576,144,0.5391,0.791271,0.889534,0.649043,10.1888,1.4932,0.7238,12.64,44
220,F_N+MED,1,CNN-GRU,A_tiempo,576,144,0.5544,0.765096,0.874698,0.647002,9.3446,2.6019,0.7425,15.384,58
220,F_N+MED,3,LSTM,A_tiempo,576,144,0.2668,1.261577,1.123199,0.814238,27.8433,1.7739,0.4142,11.907,35
220,F_N+MED,3,GRU,A_tiempo,576,144,0.3733,1.078357,1.03844,0.75044,23.5653,1.4663,0.5498,18.369,63
220,F_N+MED,3,CNN-LSTM,A_tiempo,576,144,0.2373,1.312282,1.145549,0.841216,23.2623,2.2128,0.5466,15.762,57
220,F_N+MED,3,CNN-GRU,A_tiempo,576,144,0.2502,1.290155,1.13585,0.83554,22.3209,1.2896,0.5726,16.471,64
220,F_N+MED,5,LSTM,A_tiempo,575,144,0.1495,1.532297,1.23786,0.895995,37.0185,0.697,0.402,17.661,55
220,F_N+MED,5,GRU,A_tiempo,575,144,0.1719,1.491844,1.221411,0.880946,37.3824,0.6521,0.398,13.929,44
220,F_N+MED,5,CNN-LSTM,A_tiempo,575,144,0.1251,1.576186,1.255462,0.908282,38.7226,0.6505,0.3713,11.977,41
220,F_N+MED,5,CNN-GRU,A_tiempo,575,144,0.087,1.644768,1.282485,0.943333,35.5605,0.6101,0.4492,19.26,72
220,F_MED,1,LSTM,A_tiempo,576,144,0.6277,0.638729,0.799205,0.565314,9.9204,1.6972,0.7707,20.425,68
220,F_MED,1,GRU,A_tiempo,576,144,0.6288,0.636812,0.798005,0.580292,9.0347,1.5726,0.7829,27.373,94
220,F_MED,1,CNN-LSTM,A_tiempo,576,144,0.5796,0.721349,0.849323,0.623904,9.1893,1.499,0.7756,18.724,69
220,F_MED,1,CNN-GRU,A_tiempo,576,144,0.5626,0.75037,0.866239,0.635897,8.9252,2.0048,0.7809,17.371,70
220,F_MED,3,LSTM,A_tiempo,576,144,0.3174,1.173694,1.083371,0.787688,22.7873,2.3992,0.5754,20.679,72
220,F_MED,3,GRU,A_tiempo,576,144,0.352,1.114286,1.055598,0.765535,23.0575,1.7,0.567,20.093,73
220,F_MED,3,CNN-LSTM,A_tiempo,576,144,0.2637,1.266148,1.125233,0.816102,23.9516,2.1553,0.5412,14.006,51
220,F_MED,3,CNN-GRU,A_tiempo,576,144,0.2667,1.260951,1.122921,0.81928,22.8482,2.654,0.53,10.882,43
220,F_MED,5,LSTM,A_tiempo,575,144,0.1513,1.527956,1.236105,0.897534,38.4459,0.6492,0.3586,14.067,44
220,F_MED,5,GRU,A_tiempo,575,144,0.1854,1.466523,1.211001,0.874106,35.2815,0.6507,0.4645,19.447,63
220,F_MED,5,CNN-LSTM,A_tiempo,575,144,0.1119,1.5989,1.264476,0.921074,36.9759,0.6353,0.4109,12.599,46
220,F_MED,5,CNN-GRU,A_tiempo,575,144,0.0832,1.650688,1.284791,0.931768,36.413,0.6423,0.4337,12.633,46
220,F_N+PB+MED,1,LSTM,A_tiempo,576,144,0.668,0.62098,0.788023,0.566742,8.834,1.6681,0.817,23.348,76
220,F_N+PB+MED,1,GRU,A_tiempo,576,144,0.7064,0.5491,0.741012,0.516349,7.8781,2.109,0.8174,21.747,74
220,F_N+PB+MED,1,CNN-LSTM,A_tiempo,576,144,0.6245,0.702423,0.838107,0.600785,7.9736,2.5888,0.8292,21.981,90
220,F_N+PB+MED,1,CNN-GRU,A_tiempo,576,144,0.6124,0.725012,0.851477,0.616493,7.8396,1.4585,0.7888,13.857,53
220,F_N+PB+MED,3,LSTM,A_tiempo,576,144,0.3262,1.269955,1.126923,0.820118,23.4371,1.6766,0.5497,15.393,49
220,F_N+PB+MED,3,GRU,A_tiempo,576,144,0.3747,1.178531,1.085602,0.787337,22.9625,1.5939,0.5715,14.901,50
220,F_N+PB+MED,3,CNN-LSTM,A_tiempo,576,144,0.338,1.247705,1.117007,0.808562,22.3414,1.4074,0.6078,18.499,73
220,F_N+PB+MED,3,CNN-GRU,A_tiempo,576,144,0.3486,1.227902,1.108108,0.805129,21.9956,1.3449,0.6244,15.583,58
220,F_N+PB+MED,5,LSTM,A_tiempo,575,144,0.1934,1.519879,1.232834,0.901172,34.8086,0.6531,0.4467,15.929,53
220,F_N+PB+MED,5,GRU,A_tiempo,575,144,0.16,1.582706,1.258056,0.923919,34.4632,0.6748,0.4468,17.711,59
220,F_N+PB+MED,5,CNN-LSTM,A_tiempo,575,144,0.1524,1.597083,1.263757,0.921719,37.0026,0.6313,0.4358,13.054,47
220,F_N+PB+MED,5,CNN-GRU,A_tiempo,575,144,0.0948,1.705678,1.306016,0.958522,37.2028,0.6179,0.3721,8.637,31
221,F_N+MED,1,LSTM,A_tiempo,576,144,0.2186,0.350099,0.591692,0.371459,5.4252,1.7083,0.1132,9.211,24
221,F_N+MED,1,GRU,A_tiempo,576,144,0.2478,0.337044,0.580555,0.409538,4.7618,2.621,0.2451,9.769,30
221,F_N+MED,1,CNN-LSTM,A_tiempo,576,144,0.2575,0.332698,0.576799,0.402673,4.8101,1.4284,0.3526,11.72,41
221,F_N+MED,1,CNN-GRU,A_tiempo,576,144,0.2825,0.321477,0.566989,0.397034,4.7457,1.3218,0.2779,9.352,29
221,F_N+MED,3,LSTM,A_tiempo,576,144,0.1425,0.418876,0.647207,0.403285,13.4481,2.3928,0.0846,8.709,27
221,F_N+MED,3,GRU,A_tiempo,576,144,0.1394,0.420429,0.648405,0.421695,11.5017,1.6526,0.1417,11.804,34
221,F_N+MED,3,CNN-LSTM,A_tiempo,576,144,0.1405,0.419882,0.647983,0.416534,11.5293,1.4517,0.1689,11.128,38
221,F_N+MED,3,CNN-GRU,A_tiempo,576,144,0.149,0.415706,0.644753,0.417956,11.2089,1.4934,0.17,10.078,34
221,F_N+MED,5,LSTM,A_tiempo,575,144,0.0917,0.439529,0.66297,0.427175,17.788,0.6506,0.0687,11.048,29
221,F_N+MED,5,GRU,A_tiempo,575,144,0.0972,0.436844,0.660942,0.43171,16.259,0.6617,0.0995,11.512,36
221,F_N+MED,5,CNN-LSTM,A_tiempo,575,144,0.0962,0.437359,0.661331,0.427467,16.6538,0.6811,0.0935,9.388,33
221,F_N+MED,5,CNN-GRU,A_tiempo,575,144,0.1117,0.429823,0.655609,0.427175,16.0363,0.631,0.1066,8.537,31
221,F_MED,1,LSTM,A_tiempo,576,144,0.2105,0.352779,0.593952,0.377546,5.4391,1.7335,0.1216,9.786,26
221,F_MED,1,GRU,A_tiempo,576,144,0.2624,0.329599,0.574107,0.404591,4.8187,1.5124,0.2474,10.815,31
221,F_MED,1,CNN-LSTM,A_tiempo,576,144,0.2898,0.31736,0.563348,0.386949,4.6331,1.4465,0.2569,9.983,32
221,F_MED,1,CNN-GRU,A_tiempo,576,144,0.305,0.310557,0.557276,0.38686,4.6185,1.7395,0.2734,8.655,29
221,F_MED,3,LSTM,A_tiempo,576,144,0.1492,0.414559,0.643862,0.399182,13.7274,1.6831,0.081,8.272,26
221,F_MED,3,GRU,A_tiempo,576,144,0.1376,0.420224,0.648247,0.423456,11.3204,2.0618,0.1466,9.952,35
221,F_MED,3,CNN-LSTM,A_tiempo,576,144,0.1321,0.42288,0.650292,0.419526,11.2022,1.5064,0.1827,12.889,46
221,F_MED,3,CNN-GRU,A_tiempo,576,144,0.1489,0.414713,0.643982,0.416681,11.1961,1.3911,0.1692,9.996,34
221,F_MED,5,LSTM,A_tiempo,575,144,0.1001,0.434414,0.659101,0.42265,17.8354,0.6529,0.0634,10.044,28
221,F_MED,5,GRU,A_tiempo,575,144,0.0863,0.441113,0.664164,0.438875,15.616,0.6523,0.1155,12.581,41
221,F_MED,5,CNN-LSTM,A_tiempo,575,144,0.108,0.430642,0.656233,0.421834,16.9982,0.6398,0.0794,8.08,29
221,F_MED,5,CNN-GRU,A_tiempo,575,144,0.1177,0.425928,0.652632,0.424677,15.8065,0.6456,0.1115,8.4,32
221,F_N+PB+MED,1,LSTM,A_tiempo,576,144,0.0678,0.327887,0.572614,0.343541,5.4099,1.6242,0.0721,8.85,23
221,F_N+PB+MED,1,GRU,A_tiempo,576,144,0.2777,0.254068,0.504051,0.333185,4.8365,1.4982,0.6318,19.296,63
221,F_N+PB+MED,1,CNN-LSTM,A_tiempo,576,144,0.1559,0.296927,0.54491,0.37112,4.8514,1.3996,0.594,14.047,52
221,F_N+PB+MED,1,CNN-GRU,A_tiempo,576,144,0.1555,0.297049,0.545022,0.376185,4.6384,1.4368,0.5094,11.979,44
221,F_N+PB+MED,3,LSTM,A_tiempo,576,144,0.002,0.397678,0.630617,0.352169,13.7493,1.6881,0.0275,7.352,22
221,F_N+PB+MED,3,GRU,A_tiempo,576,144,-0.0033,0.399819,0.632313,0.381643,11.4062,1.5024,0.218,13.096,41
221,F_N+PB+MED,3,CNN-LSTM,A_tiempo,576,144,-0.0446,0.416271,0.645191,0.395016,11.3404,1.5078,0.191,11.824,40
221,F_N+PB+MED,3,CNN-GRU,A_tiempo,576,144,-0.0238,0.407959,0.638717,0.389564,11.1327,1.3234,0.2361,11.726,42
221,F_N+PB+MED,5,LSTM,A_tiempo,575,144,-0.004,0.39229,0.62633,0.347823,17.8591,0.7262,0.0166,7.176,21
221,F_N+PB+MED,5,GRU,A_tiempo,575,144,-0.0154,0.396761,0.62989,0.373452,15.0665,0.6646,0.1355,12.963,41
221,F_N+PB+MED,5,CNN-LSTM,A_tiempo,575,144,-0.003,0.391908,0.626026,0.361385,16.0048,0.6291,0.0509,9.099,28
221,F_N+PB+MED,5,CNN-GRU,A_tiempo,575,144,-0.0225,0.399542,0.632093,0.373079,15.4134,0.6936,0.0895,9.239,30
222,F_N+MED,1,LSTM,A_tiempo,576,144,0.4612,0.51092,0.714787,0.540778,7.157,1.6945,0.4658,10.565,30
222,F_N+MED,1,GRU,A_tiempo,576,144,0.3808,0.587168,0.766269,0.571135,7.2064,1.4659,0.519,12.429,40
222,F_N+MED,1,CNN-LSTM,A_tiempo,576,144,0.4423,0.528853,0.727223,0.550385,6.3578,1.5308,0.5605,9.443,31
222,F_N+MED,1,CNN-GRU,A_tiempo,576,144,0.4296,0.540847,0.735423,0.550745,6.6163,1.3339,0.5259,9.191,29
222,F_N+MED,3,LSTM,A_tiempo,576,144,0.2779,0.715155,0.845668,0.649717,16.0262,1.671,0.2734,10.446,29
222,F_N+MED,3,GRU,A_tiempo,576,144,0.2965,0.696776,0.834731,0.639654,16.4612,1.605,0.2645,11.038,33
222,F_N+MED,3,CNN-LSTM,A_tiempo,576,144,0.2874,0.705766,0.840099,0.644471,15.1033,1.46,0.3354,10.018,37
222,F_N+MED,3,CNN-GRU,A_tiempo,576,144,0.2986,0.694742,0.833512,0.639636,16.3183,1.4848,0.2807,7.55,27
222,F_N+MED,5,LSTM,A_tiempo,575,144,0.1807,0.811885,0.901047,0.694904,23.2198,0.6315,0.2069,10.359,29
222,F_N+MED,5,GRU,A_tiempo,575,144,0.1897,0.802917,0.896056,0.692282,24.5414,0.6856,0.1865,10.23,30
222,F_N+MED,5,CNN-LSTM,A_tiempo,575,144,0.178,0.814512,0.902503,0.698689,24.567,0.7864,0.2048,9.03,29
222,F_N+MED,5,CNN-GRU,A_tiempo,575,144,0.1969,0.795789,0.89207,0.689327,23.979,0.6549,0.2163,8.82,28
222,F_MED,1,LSTM,A_tiempo,576,144,0.473,0.499587,0.706815,0.533422,6.8771,2.4426,0.4903,10.944,32
222,F_MED,1,GRU,A_tiempo,576,144,0.396,0.572603,0.756705,0.564459,7.5511,1.4371,0.5264,12.901,41
222,F_MED,1,CNN-LSTM,A_tiempo,576,144,0.4561,0.515585,0.718043,0.54836,7.0036,1.3957,0.4967,8.686,27
222,F_MED,1,CNN-GRU,A_tiempo,576,144,0.4426,0.528458,0.726951,0.552759,7.3491,1.3136,0.5585,10.014,33
222,F_MED,3,LSTM,A_tiempo,576,144,0.3202,0.672772,0.820227,0.625243,15.2288,2.4932,0.3023,9.889,33
222,F_MED,3,GRU,A_tiempo,576,144,0.3047,0.688162,0.829555,0.636124,16.9525,2.5886,0.259,9.368,29
222,F_MED,3,CNN-LSTM,A_tiempo,576,144,0.2459,0.74629,0.863881,0.662712,14.9,1.4822,0.3316,10.875,37
222,F_MED,3,CNN-GRU,A_tiempo,576,144,0.3106,0.682301,0.826015,0.633529,16.084,1.3764,0.2788,8.627,27
222,F_MED,5,LSTM,A_tiempo,575,144,0.1946,0.797554,0.893059,0.685912,22.4057,0.6205,0.2332,11.709,35
222,F_MED,5,GRU,A_tiempo,575,144,0.2009,0.791348,0.889578,0.68509,23.5599,0.6457,0.1898,9.096,30
222,F_MED,5,CNN-LSTM,A_tiempo,575,144,0.2009,0.79127,0.889533,0.689518,22.9954,0.8479,0.2182,7.832,29
222,F_MED,5,CNN-GRU,A_tiempo,575,144,0.2007,0.791466,0.889644,0.687243,23.0074,0.9172,0.2207,8.5,30
222,F_N+PB+MED,1,LSTM,A_tiempo,576,144,0.0905,0.970194,0.984984,0.762326,14.1569,1.6924,0.2398,11.254,32
222,F_N+PB+MED,1,GRU,A_tiempo,576,144,0.0724,0.989542,0.994757,0.764887,13.1827,1.5568,0.2475,10.868,32
222,F_N+PB+MED,1,CNN-LSTM,A_tiempo,576,144,0.1042,0.95558,0.977538,0.758661,13.1445,1.4234,0.1958,8.243,23
222,F_N+PB+MED,1,CNN-GRU,A_tiempo,576,144,0.087,0.973887,0.986857,0.766324,13.1989,1.3631,0.2031,8.357,23
222,F_N+PB+MED,3,LSTM,A_tiempo,576,144,0.0338,1.085737,1.041987,0.811271,28.1217,1.6873,0.0854,9.198,25
222,F_N+PB+MED,3,GRU,A_tiempo,576,144,0.034,1.085464,1.041856,0.81036,28.1311,1.5233,0.0713,8.433,21
222,F_N+PB+MED,3,CNN-LSTM,A_tiempo,576,144,0.0374,1.081678,1.040037,0.807798,27.7792,1.4769,0.0741,7.776,22
222,F_N+PB+MED,3,CNN-GRU,A_tiempo,576,144,0.0297,1.090325,1.044186,0.811781,26.9959,1.4157,0.0762,8.12,22
222,F_N+PB+MED,5,LSTM,A_tiempo,575,144,0.0163,1.108042,1.052636,0.817853,37.2559,1.1618,0.0551,7.863,24
222,F_N+PB+MED,5,GRU,A_tiempo,575,144,0.0197,1.104107,1.050765,0.816218,37.1799,0.9389,0.0468,6.64,20
222,F_N+PB+MED,5,CNN-LSTM,A_tiempo,575,144,0.0082,1.117133,1.056945,0.820275,34.4169,0.9118,0.0603,6.952,24
222,F_N+PB+MED,5,CNN-GRU,A_tiempo,575,144,0.0189,1.105012,1.051195,0.816435,36.7606,0.6341,0.0435,6.051,20
223,F_N+MED,1,LSTM,A_tiempo,576,144,0.038,0.943499,0.971339,0.688269,14.948,1.8501,0.045,14.243,16
223,F_N+MED,1,GRU,A_tiempo,576,144,0.0301,0.951219,0.975305,0.694991,14.6665,1.7102,0.0459,9.826,16
223,F_N+MED,1,CNN-LSTM,A_tiempo,576,144,0.0282,0.953106,0.976271,0.693054,15.0007,1.8985,0.0372,8.783,16
223,F_N+MED,1,CNN-GRU,A_tiempo,576,144,0.0263,0.954965,0.977223,0.695279,14.8395,2.6744,0.037,6.964,16
223,F_N+MED,3,LSTM,A_tiempo,576,144,0.0317,0.901586,0.949519,0.674745,26.4033,2.1768,0.0369,9.218,16
223,F_N+MED,3,GRU,A_tiempo,576,144,0.1371,0.803449,0.896353,0.643854,19.5256,1.5857,0.2454,19.408,41
223,F_N+MED,3,CNN-LSTM,A_tiempo,576,144,0.1253,0.814462,0.902476,0.642586,20.2652,1.427,0.2045,13.256,34
223,F_N+MED,3,CNN-GRU,A_tiempo,576,144,0.022,0.910562,0.954234,0.680722,26.679,1.4481,0.0286,7.477,16
223,F_N+MED,5,LSTM,A_tiempo,575,144,0.0203,0.901394,0.949418,0.678731,34.3816,1.0099,0.0234,9.381,16
223,F_N+MED,5,GRU,A_tiempo,575,144,0.0705,0.855211,0.924776,0.67094,28.6245,0.9043,0.121,14.65,29
223,F_N+MED,5,CNN-LSTM,A_tiempo,575,144,0.0111,0.909799,0.953834,0.682701,34.8101,1.0384,0.0146,6.575,16
223,F_N+MED,5,CNN-GRU,A_tiempo,575,144,0.0653,0.859924,0.927321,0.665013,30.2253,0.8113,0.0894,7.787,21
223,F_MED,1,LSTM,A_tiempo,576,144,0.0393,0.942081,0.970608,0.688597,14.9316,1.8248,0.0474,10.451,16
223,F_MED,1,GRU,A_tiempo,576,144,0.0965,0.885982,0.941266,0.672277,14.3453,1.6527,0.1282,11.683,19
223,F_MED,1,CNN-LSTM,A_tiempo,576,144,0.0171,0.963834,0.981751,0.696661,15.409,1.48,0.0256,8.904,16
223,F_MED,1,CNN-GRU,A_tiempo,576,144,0.0275,0.953681,0.976566,0.695594,14.7026,2.6361,0.0414,7.832,16
223,F_MED,3,LSTM,A_tiempo,576,144,0.0312,0.902048,0.949762,0.675269,26.3139,2.434,0.0363,8.98,16
223,F_MED,3,GRU,A_tiempo,576,144,0.1409,0.799918,0.894381,0.6452,20.1437,1.633,0.2164,17.702,37
223,F_MED,3,CNN-LSTM,A_tiempo,576,144,0.1053,0.83304,0.91271,0.65114,21.684,1.4875,0.1621,11.566,26
223,F_MED,3,CNN-GRU,A_tiempo,576,144,0.0708,0.86524,0.930183,0.662073,24.6358,1.5246,0.0986,8.636,19
223,F_MED,5,LSTM,A_tiempo,575,144,0.0205,0.901205,0.949318,0.678775,34.2412,1.5194,0.0246,8.495,16
223,F_MED,5,GRU,A_tiempo,575,144,0.0658,0.859484,0.927084,0.672491,28.5155,0.7229,0.1292,13.711,29
223,F_MED,5,CNN-LSTM,A_tiempo,575,144,0.0106,0.910279,0.954086,0.682958,35.0824,0.9469,0.0136,6.364,16
223,F_MED,5,CNN-GRU,A_tiempo,575,144,0.0366,0.886365,0.94147,0.673626,33.7988,0.6752,0.0531,7.14,18
223,F_N+PB+MED,1,LSTM,A_tiempo,576,144,0.2366,0.852978,0.923568,0.606679,9.99,1.7781,0.5092,21.104,44
223,F_N+PB+MED,1,GRU,A_tiempo,576,144,0.2523,0.835387,0.913995,0.599854,8.8874,1.6927,0.5558,21.198,46
223,F_N+PB+MED,1,CNN-LSTM,A_tiempo,576,144,0.2672,0.818786,0.904868,0.587826,8.6611,1.3514,0.5708,15.215,45
223,F_N+PB+MED,1,CNN-GRU,A_tiempo,576,144,0.2395,0.849717,0.921801,0.597432,8.5051,1.9531,0.5799,20.67,60
223,F_N+PB+MED,3,LSTM,A_tiempo,576,144,0.1671,0.927232,0.962929,0.644947,19.0838,1.6735,0.3868,19.323,43
223,F_N+PB+MED,3,GRU,A_tiempo,576,144,0.1769,0.916376,0.957275,0.649648,17.6628,1.5606,0.4027,22.868,50
223,F_N+PB+MED,3,CNN-LSTM,A_tiempo,576,144,0.1637,0.931091,0.96493,0.653579,18.3682,2.6743,0.3953,18.195,49
223,F_N+PB+MED,3,CNN-GRU,A_tiempo,576,144,0.129,0.969715,0.984741,0.691304,19.9527,1.8133,0.208,9.31,25
223,F_N+PB+MED,5,LSTM,A_tiempo,575,144,0.1043,0.99109,0.995535,0.674482,25.1628,0.9045,0.3745,35.763,82
223,F_N+PB+MED,5,GRU,A_tiempo,575,144,0.1071,0.98798,0.993972,0.694756,26.5983,0.7539,0.2688,15.062,37
223,F_N+PB+MED,5,CNN-LSTM,A_tiempo,575,144,0.1242,0.969091,0.984424,0.666938,24.7786,0.6273,0.3678,17.341,54
223,F_N+PB+MED,5,CNN-GRU,A_tiempo,575,144,0.0055,1.10045,1.049024,0.7276,39.5682,0.6577,0.0103,7.349,16
228,F_N+MED,1,LSTM,A_tiempo,576,144,0.0415,0.609117,0.78046,0.506697,9.721,2.59,0.289,14.719,27
228,F_N+MED,1,GRU,A_tiempo,576,144,0.1,0.571978,0.756292,0.452892,7.0186,1.5174,0.3999,16.035,37
228,F_N+MED,1,CNN-LSTM,A_tiempo,576,144,0.0464,0.606038,0.778485,0.500455,9.4193,1.3677,0.2981,10.621,27
228,F_N+MED,1,CNN-GRU,A_tiempo,576,144,0.0792,0.585195,0.76498,0.473468,7.6832,1.3641,0.3593,11.385,32
228,F_N+MED,3,LSTM,A_tiempo,576,144,0.0532,0.584448,0.764492,0.507859,18.0743,1.7627,0.2495,15.063,34
228,F_N+MED,3,GRU,A_tiempo,576,144,0.074,0.571607,0.756047,0.488954,15.9343,1.5443,0.1735,13.097,28
228,F_N+MED,3,CNN-LSTM,A_tiempo,576,144,0.0168,0.60693,0.779057,0.514792,18.6029,1.4704,0.1293,8.792,25
228,F_N+MED,3,CNN-GRU,A_tiempo,576,144,0.0501,0.586349,0.765734,0.500691,17.2212,1.4549,0.1609,10.197,28
228,F_N+MED,5,LSTM,A_tiempo,575,144,0.0228,0.596536,0.772357,0.513311,25.6304,1.5359,0.1351,13.235,29
228,F_N+MED,5,GRU,A_tiempo,575,144,0.0349,0.58914,0.767555,0.505276,22.5178,0.7184,0.1615,14.829,36
228,F_N+MED,5,CNN-LSTM,A_tiempo,575,144,0.0148,0.601401,0.775501,0.514787,25.7632,0.7433,0.1551,12.211,33
228,F_N+MED,5,CNN-GRU,A_tiempo,575,144,0.0351,0.589037,0.767488,0.504943,25.5018,0.6303,0.1141,10.098,26
228,F_MED,1,LSTM,A_tiempo,576,144,0.0261,0.619094,0.786825,0.50774,8.9497,1.8163,0.3476,17.676,34
228,F_MED,1,GRU,A_tiempo,576,144,0.0915,0.5775,0.759934,0.460143,7.1083,2.6185,0.445,20.663,47
228,F_MED,1,CNN-LSTM,A_tiempo,576,144,0.0445,0.607403,0.77936,0.501357,9.5743,1.415,0.2829,9.099,25
228,F_MED,1,CNN-GRU,A_tiempo,576,144,0.0898,0.578588,0.760649,0.465965,7.1386,2.7163,0.4105,12.323,38
228,F_MED,3,LSTM,A_tiempo,576,144,0.0277,0.600187,0.774717,0.515229,18.9144,1.708,0.2018,14.717,30
228,F_MED,3,GRU,A_tiempo,576,144,0.078,0.569161,0.754428,0.488608,16.1721,1.7066,0.1748,12.422,28
228,F_MED,3,CNN-LSTM,A_tiempo,576,144,0.0175,0.606501,0.778782,0.513352,17.7512,1.3757,0.1691,10.662,29
228,F_MED,3,CNN-GRU,A_tiempo,576,144,0.0553,0.583121,0.763623,0.500308,16.846,1.2962,0.1766,10.274,29
228,F_MED,5,LSTM,A_tiempo,575,144,0.0198,0.598523,0.773643,0.514464,26.0033,0.7702,0.1451,12.476,28
228,F_MED,5,GRU,A_tiempo,575,144,0.0304,0.592007,0.76942,0.507476,22.9998,1.0319,0.1539,13.427,34
228,F_MED,5,CNN-LSTM,A_tiempo,575,144,0.0006,0.610223,0.781168,0.520998,25.2612,0.6298,0.1755,12.561,35
228,F_MED,5,CNN-GRU,A_tiempo,575,144,0.0363,0.588435,0.767095,0.505449,24.2679,0.6433,0.136,11.202,30
228,F_N+PB+MED,1,LSTM,A_tiempo,576,144,0.1086,0.859067,0.926859,0.509227,8.3282,1.81,0.286,19.175,40
228,F_N+PB+MED,1,GRU,A_tiempo,576,144,0.1951,0.775683,0.880729,0.48402,7.8205,2.4268,0.3443,19.446,51
228,F_N+PB+MED,1,CNN-LSTM,A_tiempo,576,144,0.1368,0.831897,0.912084,0.508366,8.2375,2.6406,0.3556,13.715,41
228,F_N+PB+MED,1,CNN-GRU,A_tiempo,576,144,0.1213,0.846813,0.920225,0.491543,8.7465,2.1467,0.2722,8.724,27
228,F_N+PB+MED,3,LSTM,A_tiempo,576,144,0.0826,0.854665,0.924481,0.539344,20.2903,1.8594,0.1388,13.188,28
228,F_N+PB+MED,3,GRU,A_tiempo,576,144,0.0857,0.851777,0.922918,0.539516,19.4129,2.1621,0.167,19.823,48
228,F_N+PB+MED,3,CNN-LSTM,A_tiempo,576,144,0.0777,0.859256,0.926961,0.539559,19.6721,1.508,0.1687,11.555,33
228,F_N+PB+MED,3,CNN-GRU,A_tiempo,576,144,0.0785,0.858518,0.926562,0.533609,19.2928,1.3356,0.1838,11.777,35
228,F_N+PB+MED,5,LSTM,A_tiempo,575,144,0.0548,0.868918,0.932158,0.552486,28.729,0.7147,0.0912,13.55,28
228,F_N+PB+MED,5,GRU,A_tiempo,575,144,0.057,0.866871,0.931059,0.548521,28.3899,0.72,0.0887,11.132,26
228,F_N+PB+MED,5,CNN-LSTM,A_tiempo,575,144,0.0537,0.869893,0.93268,0.550535,27.6008,0.9138,0.1093,10.186,31
228,F_N+PB+MED,5,CNN-GRU,A_tiempo,575,144,0.0578,0.86617,0.930683,0.545764,27.8789,0.8561,0.1026,9.154,28
230,F_N+MED,1,LSTM,A_tiempo,576,144,0.2172,1.085369,1.04181,0.759548,13.3737,1.7153,0.6005,21.604,50
230,F_N+MED,1,GRU,A_tiempo,576,144,0.1837,1.131886,1.063901,0.768684,13.8277,1.5741,0.6116,24.167,58
230,F_N+MED,1,CNN-LSTM,A_tiempo,576,144,0.1294,1.207205,1.098729,0.789226,14.0798,1.3795,0.6084,18.294,55
230,F_N+MED,1,CNN-GRU,A_tiempo,576,144,0.1384,1.194687,1.093017,0.785532,13.6576,1.4345,0.5832,16.142,47
230,F_N+MED,3,LSTM,A_tiempo,576,144,-0.0353,1.424986,1.193728,0.891664,26.2509,1.911,0.336,21.196,47
230,F_N+MED,3,GRU,A_tiempo,576,144,0.0712,1.278416,1.13067,0.835873,25.754,1.5509,0.2834,16.27,40
230,F_N+MED,3,CNN-LSTM,A_tiempo,576,144,0.0619,1.291214,1.136316,0.837179,25.8634,2.5836,0.313,14.628,44
230,F_N+MED,3,CNN-GRU,A_tiempo,576,144,0.0754,1.272582,1.128088,0.83227,25.0852,1.3856,0.2913,12.511,36
230,F_N+MED,5,LSTM,A_tiempo,575,144,0.0121,1.368129,1.16967,0.858545,36.4765,0.9388,0.224,19.683,41
230,F_N+MED,5,GRU,A_tiempo,575,144,0.046,1.321264,1.149463,0.84967,36.8752,0.838,0.108,10.568,22
230,F_N+MED,5,CNN-LSTM,A_tiempo,575,144,0.0256,1.349536,1.161695,0.85854,34.8179,0.6688,0.1743,11.75,34
230,F_N+MED,5,CNN-GRU,A_tiempo,575,144,0.0333,1.33881,1.15707,0.857333,35.2401,0.6302,0.1604,10.495,27
230,F_MED,1,LSTM,A_tiempo,576,144,0.177,1.141649,1.06848,0.782362,14.1497,1.9088,0.5915,23.65,50
230,F_MED,1,GRU,A_tiempo,576,144,0.125,1.213791,1.101722,0.796025,14.064,1.516,0.598,21.889,57
230,F_MED,1,CNN-LSTM,A_tiempo,576,144,0.1815,1.13544,1.06557,0.757086,13.6982,1.4492,0.6338,19.075,56
230,F_MED,1,CNN-GRU,A_tiempo,576,144,0.1586,1.167161,1.080352,0.777272,13.1594,1.3368,0.623,16.729,53
230,F_MED,3,LSTM,A_tiempo,576,144,0.0582,1.296844,1.138791,0.842101,26.1457,1.6613,0.3029,17.956,41
230,F_MED,3,GRU,A_tiempo,576,144,0.0704,1.280049,1.131392,0.833652,25.3723,1.6336,0.2841,18.131,41
230,F_MED,3,CNN-LSTM,A_tiempo,576,144,0.0795,1.267437,1.125805,0.832657,25.5528,1.5026,0.2339,11.23,32
230,F_MED,3,CNN-GRU,A_tiempo,576,144,0.0729,1.276568,1.129853,0.83432,24.8794,1.3503,0.2873,12.266,35
230,F_MED,5,LSTM,A_tiempo,575,144,0.0253,1.350547,1.16213,0.852565,37.0244,0.7659,0.168,14.814,31
230,F_MED,5,GRU,A_tiempo,575,144,0.0416,1.32792,1.152354,0.85515,36.6921,0.6833,0.1161,11.938,23
230,F_MED,5,CNN-LSTM,A_tiempo,575,144,0.0386,1.33218,1.154201,0.855099,34.8982,0.6099,0.1529,10.654,30
230,F_MED,5,CNN-GRU,A_tiempo,575,144,0.0295,1.344793,1.159652,0.854452,34.8101,0.6253,0.1911,11.504,32
230,F_N+PB+MED,1,LSTM,A_tiempo,576,144,0.1433,1.104002,1.050715,0.726231,12.9803,2.1827,0.5904,20.404,48
230,F_N+PB+MED,1,GRU,A_tiempo,576,144,0.1595,1.083126,1.040733,0.720705,12.0408,1.6017,0.5939,21.669,53
230,F_N+PB+MED,1,CNN-LSTM,A_tiempo,576,144,0.1345,1.115347,1.0561,0.743588,12.9642,1.892,0.5457,12.508,38
230,F_N+PB+MED,1,CNN-GRU,A_tiempo,576,144,0.1026,1.156378,1.07535,0.759959,12.8335,1.4457,0.5559,12.092,35
230,F_N+PB+MED,3,LSTM,A_tiempo,576,144,0.0322,1.163333,1.078579,0.771587,26.9055,2.4096,0.2748,15.595,34
230,F_N+PB+MED,3,GRU,A_tiempo,576,144,0.0359,1.158924,1.076533,0.768062,25.5212,1.5677,0.3366,21.084,50
230,F_N+PB+MED,3,CNN-LSTM,A_tiempo,576,144,0.0282,1.168153,1.080811,0.773773,24.0942,1.5163,0.3894,18.092,53
230,F_N+PB+MED,3,CNN-GRU,A_tiempo,576,144,-0.0014,1.203675,1.097121,0.793251,23.6587,1.3399,0.338,13.485,39
230,F_N+PB+MED,5,LSTM,A_tiempo,575,144,0.0079,1.191714,1.091657,0.778431,35.2152,0.7154,0.2219,18.144,42
230,F_N+PB+MED,5,GRU,A_tiempo,575,144,0.0018,1.199072,1.095022,0.78023,33.9069,0.9076,0.2357,21.636,53
230,F_N+PB+MED,5,CNN-LSTM,A_tiempo,575,144,0.0023,1.198457,1.09474,0.782219,32.172,0.7551,0.2807,18.699,55
230,F_N+PB+MED,5,CNN-GRU,A_tiempo,575,144,-0.0271,1.233782,1.110758,0.798103,31.2398,0.6498,0.2922,16.807,48
231,F_N+MED,1,LSTM,A_tiempo,576,144,0.7537,0.274893,0.524303,0.394044,5.0032,1.7408,0.8078,22.28,49
231,F_N+MED,1,GRU,A_tiempo,576,144,0.7683,0.258585,0.508512,0.381722,4.7445,1.6922,0.805,35.291,85
231,F_N+MED,1,CNN-LSTM,A_tiempo,576,144,0.7578,0.270214,0.519821,0.386812,4.9545,2.3437,0.8371,26.214,78
231,F_N+MED,1,CNN-GRU,A_tiempo,576,144,0.7453,0.28418,0.533085,0.394002,5.2191,1.3605,0.8283,20.327,65
231,F_N+MED,3,LSTM,A_tiempo,576,144,0.5987,0.45454,0.674196,0.501133,11.5647,1.9748,0.714,29.018,62
231,F_N+MED,3,GRU,A_tiempo,576,144,0.5865,0.468293,0.684319,0.508084,11.5101,1.6055,0.7164,35.205,81
231,F_N+MED,3,CNN-LSTM,A_tiempo,576,144,0.5474,0.512657,0.716001,0.530709,12.3377,1.5225,0.7281,23.662,70
231,F_N+MED,3,CNN-GRU,A_tiempo,576,144,0.5666,0.490909,0.700649,0.5168,11.9827,1.3472,0.7014,20.078,59
231,F_N+MED,5,LSTM,A_tiempo,575,144,0.4671,0.601786,0.775749,0.568389,20.2534,0.8853,0.5377,19.839,45
231,F_N+MED,5,GRU,A_tiempo,575,144,0.4662,0.602774,0.776385,0.569987,19.1785,0.6963,0.5916,25.102,66
231,F_N+MED,5,CNN-LSTM,A_tiempo,575,144,0.4168,0.658588,0.811535,0.598472,20.1489,0.7893,0.6122,20.925,65
231,F_N+MED,5,CNN-GRU,A_tiempo,575,144,0.4021,0.675132,0.821664,0.607903,19.543,0.6505,0.6117,20.845,61
231,F_MED,1,LSTM,A_tiempo,576,144,0.7681,0.258647,0.508574,0.384112,4.9163,1.5977,0.8175,21.784,56
231,F_MED,1,GRU,A_tiempo,576,144,0.78,0.245352,0.49533,0.37108,4.5658,2.0589,0.8222,23.733,66
231,F_MED,1,CNN-LSTM,A_tiempo,576,144,0.7599,0.267788,0.517483,0.381858,4.6799,1.3516,0.8436,28.11,95
231,F_MED,1,CNN-GRU,A_tiempo,576,144,0.7574,0.270564,0.520158,0.37975,4.9978,1.375,0.8582,27.787,98
231,F_MED,3,LSTM,A_tiempo,576,144,0.5859,0.468817,0.684702,0.507789,11.7726,2.6178,0.7016,21.955,57
231,F_MED,3,GRU,A_tiempo,576,144,0.5873,0.467231,0.683543,0.506011,11.3482,1.6369,0.7246,33.163,86
231,F_MED,3,CNN-LSTM,A_tiempo,576,144,0.5408,0.519892,0.721035,0.530379,12.6439,1.5338,0.6963,20.239,62
231,F_MED,3,CNN-GRU,A_tiempo,576,144,0.5533,0.505756,0.711165,0.522928,12.3758,1.4171,0.7199,21.032,66
231,F_MED,5,LSTM,A_tiempo,575,144,0.4265,0.647337,0.804573,0.590728,20.5243,0.707,0.5245,18.339,42
231,F_MED,5,GRU,A_tiempo,575,144,0.4472,0.623924,0.789889,0.580693,18.9328,0.8389,0.5933,32.793,84
231,F_MED,5,CNN-LSTM,A_tiempo,575,144,0.3928,0.6854,0.827889,0.608628,20.0276,0.6247,0.6342,25.971,78
231,F_MED,5,CNN-GRU,A_tiempo,575,144,0.4154,0.659834,0.812302,0.598111,20.3787,0.6467,0.5922,18.441,55
231,F_N+PB+MED,1,LSTM,A_tiempo,576,144,0.7943,0.258713,0.508638,0.383212,4.5281,1.812,0.8316,41.769,82
231,F_N+PB+MED,1,GRU,A_tiempo,576,144,0.7849,0.270518,0.520113,0.379311,4.1441,1.6524,0.8297,37.99,80
231,F_N+PB+MED,1,CNN-LSTM,A_tiempo,576,144,0.787,0.267921,0.517611,0.373747,4.1375,1.6992,0.844,26.776,73
231,F_N+PB+MED,1,CNN-GRU,A_tiempo,576,144,0.792,0.261615,0.511483,0.362453,4.0583,1.4753,0.8678,33.004,92
231,F_N+PB+MED,3,LSTM,A_tiempo,576,144,0.6306,0.471559,0.686701,0.502645,12.3057,1.7135,0.6774,23.205,50
231,F_N+PB+MED,3,GRU,A_tiempo,576,144,0.6019,0.508169,0.71286,0.519146,10.8124,1.6965,0.7416,47.74,100
231,F_N+PB+MED,3,CNN-LSTM,A_tiempo,576,144,0.5651,0.555118,0.745062,0.538553,11.6762,1.5214,0.727,29.617,85
231,F_N+PB+MED,3,CNN-GRU,A_tiempo,576,144,0.5797,0.536545,0.732492,0.528562,11.3802,1.4252,0.7068,21.348,61
231,F_N+PB+MED,5,LSTM,A_tiempo,575,144,0.4656,0.680607,0.824989,0.594404,17.8917,0.8715,0.6507,36.891,86
231,F_N+PB+MED,5,GRU,A_tiempo,575,144,0.4388,0.714808,0.845463,0.601915,19.4963,0.8087,0.5826,33.495,77
231,F_N+PB+MED,5,CNN-LSTM,A_tiempo,575,144,0.4308,0.725007,0.851473,0.605988,18.9691,0.7228,0.6148,25.608,72
231,F_N+PB+MED,5,CNN-GRU,A_tiempo,575,144,0.4368,0.717373,0.846979,0.603894,19.3046,0.6152,0.6161,21.722,64
232,F_N+MED,1,LSTM,A_tiempo,576,144,0.6391,0.365095,0.604231,0.446532,7.2221,1.6056,0.7217,24.962,54
232,F_N+MED,1,GRU,A_tiempo,576,144,0.6876,0.316093,0.562221,0.409703,6.7523,1.5722,0.7052,19.418,43
232,F_N+MED,1,CNN-LSTM,A_tiempo,576,144,0.696,0.307552,0.554574,0.399244,6.2637,1.5173,0.7678,23.077,63
232,F_N+MED,1,CNN-GRU,A_tiempo,576,144,0.7021,0.301392,0.548991,0.395127,6.2814,1.9032,0.7625,18.251,54
232,F_N+MED,3,LSTM,A_tiempo,576,144,0.4173,0.605324,0.778026,0.554524,20.4993,2.6869,0.3681,18.934,35
232,F_N+MED,3,GRU,A_tiempo,576,144,0.5219,0.496678,0.704754,0.517279,15.443,1.8857,0.4908,20.874,48
232,F_N+MED,3,CNN-LSTM,A_tiempo,576,144,0.5094,0.509614,0.713873,0.526562,15.3328,1.5314,0.5197,17.899,53
232,F_N+MED,3,CNN-GRU,A_tiempo,576,144,0.5283,0.489974,0.699982,0.514285,15.1422,1.3792,0.5417,17.977,53
232,F_N+MED,5,LSTM,A_tiempo,575,144,0.3708,0.652825,0.807976,0.575725,29.1042,0.8187,0.3075,16.073,32
232,F_N+MED,5,GRU,A_tiempo,575,144,0.4023,0.620125,0.78748,0.582885,22.6385,0.7022,0.4348,24.678,58
232,F_N+MED,5,CNN-LSTM,A_tiempo,575,144,0.4193,0.602507,0.776213,0.566003,23.1742,1.5153,0.4136,16.626,47
232,F_N+MED,5,CNN-GRU,A_tiempo,575,144,0.4422,0.578684,0.760713,0.557731,22.4614,0.6681,0.4271,16.32,45
232,F_MED,1,LSTM,A_tiempo,576,144,0.6219,0.382609,0.618554,0.451707,7.7084,1.8514,0.6803,23.582,47
232,F_MED,1,GRU,A_tiempo,576,144,0.6802,0.323596,0.568855,0.413972,6.8993,2.3942,0.6856,18.344,37
232,F_MED,1,CNN-LSTM,A_tiempo,576,144,0.6947,0.308972,0.555852,0.399857,6.5062,2.2491,0.7469,20.798,50
232,F_MED,1,CNN-GRU,A_tiempo,576,144,0.701,0.302554,0.550049,0.394921,6.3435,2.1609,0.7577,21.888,54
232,F_MED,3,LSTM,A_tiempo,576,144,0.4463,0.575311,0.758492,0.553161,17.8696,1.8316,0.4361,28.586,47
232,F_MED,3,GRU,A_tiempo,576,144,0.5292,0.489167,0.699405,0.512021,15.3646,2.3425,0.5052,23.679,48
232,F_MED,3,CNN-LSTM,A_tiempo,576,144,0.5063,0.512939,0.716197,0.52616,15.1632,1.4169,0.5078,16.929,47
232,F_MED,3,CNN-GRU,A_tiempo,576,144,0.5311,0.487202,0.697999,0.509643,14.9067,1.451,0.5418,18.075,52
232,F_MED,5,LSTM,A_tiempo,575,144,0.3793,0.644059,0.802533,0.575967,28.8367,1.1911,0.3118,17.648,33
232,F_MED,5,GRU,A_tiempo,575,144,0.4221,0.599626,0.774355,0.566588,22.6832,0.951,0.4055,25.215,50
232,F_MED,5,CNN-LSTM,A_tiempo,575,144,0.4213,0.600477,0.774905,0.568338,23.0357,0.6482,0.4202,18.005,50
232,F_MED,5,CNN-GRU,A_tiempo,575,144,0.4371,0.584111,0.764271,0.560524,22.4761,0.7612,0.4183,15.374,45
232,F_N+PB+MED,1,LSTM,A_tiempo,576,144,0.5349,0.459208,0.677649,0.492946,7.9678,1.7363,0.5795,17.759,35
232,F_N+PB+MED,1,GRU,A_tiempo,576,144,0.545,0.449225,0.670242,0.481313,7.9289,1.7455,0.5649,17.972,35
232,F_N+PB+MED,1,CNN-LSTM,A_tiempo,576,144,0.5972,0.397753,0.630677,0.434916,6.801,1.568,0.7036,19.928,50
232,F_N+PB+MED,1,CNN-GRU,A_tiempo,576,144,0.5692,0.425354,0.652192,0.447984,7.2765,1.3812,0.6799,15.755,47
232,F_N+PB+MED,3,LSTM,A_tiempo,576,144,0.2846,0.729568,0.854147,0.591386,18.4079,1.7739,0.295,16.16,31
232,F_N+PB+MED,3,GRU,A_tiempo,576,144,0.2909,0.723114,0.850361,0.588093,18.5879,1.7559,0.2848,15.587,30
232,F_N+PB+MED,3,CNN-LSTM,A_tiempo,576,144,0.2944,0.719584,0.848283,0.582845,17.4169,1.839,0.4056,19.212,47
232,F_N+PB+MED,3,CNN-GRU,A_tiempo,576,144,0.2992,0.714657,0.845374,0.575895,18.5706,1.5332,0.3353,13.305,33
232,F_N+PB+MED,5,LSTM,A_tiempo,575,144,0.1461,0.875508,0.935686,0.63397,28.3012,0.9028,0.1671,15.772,28
232,F_N+PB+MED,5,GRU,A_tiempo,575,144,0.1469,0.874685,0.935246,0.633756,28.0659,0.857,0.168,13.841,27
232,F_N+PB+MED,5,CNN-LSTM,A_tiempo,575,144,0.1594,0.861833,0.92835,0.62833,26.3021,0.8077,0.2385,15.722,39
232,F_N+PB+MED,5,CNN-GRU,A_tiempo,575,144,0.1673,0.853731,0.923976,0.628959,25.8927,0.732,0.249,15.264,37
233,F_N+MED,1,LSTM,A_tiempo,576,144,0.2795,0.734578,0.857075,0.566308,11.0066,1.7203,0.4767,21.687,44
233,F_N+MED,1,GRU,A_tiempo,576,144,0.3162,0.697172,0.834969,0.543431,10.4457,1.5606,0.4855,22.369,44
233,F_N+MED,1,CNN-LSTM,A_tiempo,576,144,0.2977,0.716066,0.846207,0.553583,9.9448,2.513,0.4958,15.621,39
233,F_N+MED,1,CNN-GRU,A_tiempo,576,144,0.307,0.706526,0.840551,0.552612,9.9214,1.4722,0.55,18.709,48
233,F_N+MED,3,LSTM,A_tiempo,576,144,0.1833,0.853842,0.924036,0.629147,21.0833,1.9582,0.2708,18.302,35
233,F_N+MED,3,GRU,A_tiempo,576,144,0.2075,0.828589,0.910269,0.620925,20.0253,1.6117,0.3394,26.553,48
233,F_N+MED,3,CNN-LSTM,A_tiempo,576,144,0.1703,0.867417,0.931352,0.640079,20.6655,1.4451,0.3282,15.801,41
233,F_N+MED,3,CNN-GRU,A_tiempo,576,144,0.1844,0.852738,0.923438,0.634896,19.4859,1.4549,0.3955,18.902,54
233,F_N+MED,5,LSTM,A_tiempo,575,144,0.1398,0.901823,0.949644,0.652574,28.4649,0.8978,0.2242,23.776,38
233,F_N+MED,5,GRU,A_tiempo,575,144,0.1679,0.87234,0.933991,0.636176,27.6171,0.8937,0.2175,19.522,38
233,F_N+MED,5,CNN-LSTM,A_tiempo,575,144,0.1267,0.9155,0.956818,0.662892,27.5622,0.837,0.288,19.038,47
233,F_N+MED,5,CNN-GRU,A_tiempo,575,144,0.1553,0.885547,0.941035,0.642175,27.1364,0.6829,0.2323,13.525,35
233,F_MED,1,LSTM,A_tiempo,576,144,0.289,0.724922,0.851424,0.57,11.0445,1.8638,0.4751,24.467,44
233,F_MED,1,GRU,A_tiempo,576,144,0.336,0.677082,0.82285,0.531766,9.9349,2.2071,0.5215,24.48,53
233,F_MED,1,CNN-LSTM,A_tiempo,576,144,0.2925,0.721402,0.849354,0.556457,10.0816,1.3688,0.5222,18.047,45
233,F_MED,1,CNN-GRU,A_tiempo,576,144,0.3099,0.703622,0.838822,0.544696,9.8125,1.3884,0.5456,17.665,47
233,F_MED,3,LSTM,A_tiempo,576,144,0.1884,0.848652,0.921223,0.626685,21.1047,1.9504,0.2873,21.35,40
233,F_MED,3,GRU,A_tiempo,576,144,0.215,0.820836,0.906,0.611396,20.7098,1.7329,0.2874,19.471,37
233,F_MED,3,CNN-LSTM,A_tiempo,576,144,0.1514,0.887305,0.941969,0.650131,20.3637,1.6069,0.3666,18.184,50
233,F_MED,3,CNN-GRU,A_tiempo,576,144,0.1798,0.857662,0.926101,0.634675,19.7235,1.3605,0.3923,17.631,50
233,F_MED,5,LSTM,A_tiempo,575,144,0.1444,0.897122,0.947165,0.651362,28.7022,0.8003,0.1842,17.9,31
233,F_MED,5,GRU,A_tiempo,575,144,0.1642,0.876332,0.936126,0.637723,27.4683,1.0276,0.23,24.842,43
233,F_MED,5,CNN-LSTM,A_tiempo,575,144,0.1272,0.915161,0.95664,0.659648,27.8367,1.0165,0.2601,20.589,44
233,F_MED,5,CNN-GRU,A_tiempo,575,144,0.1239,0.918553,0.958412,0.663762,26.6591,0.884,0.3096,18.008,49
233,F_N+PB+MED,1,LSTM,A_tiempo,576,144,0.3748,0.698363,0.835681,0.531328,9.9004,2.4394,0.5873,26.778,57
233,F_N+PB+MED,1,GRU,A_tiempo,576,144,0.3864,0.685387,0.827881,0.524901,9.8044,1.5957,0.5113,25.149,47
233,F_N+PB+MED,1,CNN-LSTM,A_tiempo,576,144,0.4039,0.665828,0.815983,0.51577,9.5883,2.0829,0.5837,20.587,55
233,F_N+PB+MED,1,CNN-GRU,A_tiempo,576,144,0.3969,0.673621,0.820744,0.514143,9.5978,1.5805,0.5579,20.749,55
233,F_N+PB+MED,3,LSTM,A_tiempo,576,144,0.2756,0.819104,0.905044,0.593338,19.4381,2.6801,0.3525,29.166,59
233,F_N+PB+MED,3,GRU,A_tiempo,576,144,0.2891,0.803889,0.896599,0.591607,19.751,1.6894,0.3413,27.546,50
233,F_N+PB+MED,3,CNN-LSTM,A_tiempo,576,144,0.261,0.835686,0.914159,0.601138,19.4233,1.7292,0.4351,32.644,74
233,F_N+PB+MED,3,CNN-GRU,A_tiempo,576,144,0.2658,0.830207,0.911157,0.597364,19.5713,1.5018,0.4038,22.851,54
233,F_N+PB+MED,5,LSTM,A_tiempo,575,144,0.2397,0.857087,0.92579,0.614256,26.2637,1.0667,0.3129,42.339,68
233,F_N+PB+MED,5,GRU,A_tiempo,575,144,0.2097,0.890959,0.943906,0.618319,27.8151,1.0172,0.2397,26.772,47
233,F_N+PB+MED,5,CNN-LSTM,A_tiempo,575,144,0.1831,0.92089,0.95963,0.624847,27.445,0.7918,0.3034,25.732,60
233,F_N+PB+MED,5,CNN-GRU,A_tiempo,575,144,0.1925,0.910252,0.954072,0.621691,27.631,0.7537,0.2733,18.364,46
234,F_N+MED,1,LSTM,A_tiempo,576,144,0.37,0.416573,0.645425,0.384295,7.9206,1.7724,0.6808,20.487,35
234,F_N+MED,1,GRU,A_tiempo,576,144,0.6375,0.239652,0.489543,0.304133,3.7523,4.8666,0.7789,19.7,40
234,F_N+MED,1,CNN-LSTM,A_tiempo,576,144,0.6017,0.263359,0.513185,0.303563,4.2021,2.1147,0.8098,20.42,45
234,F_N+MED,1,CNN-GRU,A_tiempo,576,144,0.6304,0.244412,0.49438,0.295829,4.0042,1.4373,0.8033,18.421,45
234,F_N+MED,3,LSTM,A_tiempo,576,144,0.1706,0.637424,0.798389,0.478376,16.6152,2.9175,0.3171,16.317,23
234,F_N+MED,3,GRU,A_tiempo,576,144,0.2491,0.577115,0.759681,0.429475,10.2055,1.8999,0.4836,32.188,51
234,F_N+MED,3,CNN-LSTM,A_tiempo,576,144,0.2725,0.559169,0.747776,0.432539,10.4951,1.9167,0.5687,19.872,51
234,F_N+MED,3,CNN-GRU,A_tiempo,576,144,0.2852,0.549398,0.741214,0.428606,11.4285,1.2871,0.4494,12.192,33
234,F_N+MED,5,LSTM,A_tiempo,575,144,0.1065,0.71999,0.848522,0.514329,20.7666,1.0985,0.1952,14.49,22
234,F_N+MED,5,GRU,A_tiempo,575,144,0.0854,0.736985,0.858479,0.50153,14.7668,1.0575,0.4119,33.823,55
234,F_N+MED,5,CNN-LSTM,A_tiempo,575,144,0.2107,0.635999,0.797496,0.459296,14.237,0.6766,0.4603,20.952,52
234,F_N+MED,5,CNN-GRU,A_tiempo,575,144,0.163,0.674473,0.821263,0.485345,14.2807,0.7626,0.4144,16.395,43
234,F_MED,1,LSTM,A_tiempo,576,144,0.3446,0.433141,0.658134,0.381673,8.172,2.6201,0.6665,19.529,32
234,F_MED,1,GRU,A_tiempo,576,144,0.6373,0.2397,0.489591,0.294002,3.7158,2.0257,0.788,21.171,45
234,F_MED,1,CNN-LSTM,A_tiempo,576,144,0.6435,0.235587,0.485373,0.294016,4.2775,1.5823,0.8191,17.315,46
234,F_MED,1,CNN-GRU,A_tiempo,576,144,0.6183,0.252226,0.502221,0.305519,4.1746,1.6002,0.8164,16.942,45
234,F_MED,3,LSTM,A_tiempo,576,144,0.1874,0.624359,0.790164,0.477267,16.6989,2.0309,0.3064,15.837,22
234,F_MED,3,GRU,A_tiempo,576,144,0.2638,0.565673,0.752112,0.434677,10.9941,2.4573,0.4326,21.694,35
234,F_MED,3,CNN-LSTM,A_tiempo,576,144,0.2659,0.56405,0.751033,0.431962,10.8514,2.6103,0.499,21.582,44
234,F_MED,3,CNN-GRU,A_tiempo,576,144,0.245,0.580133,0.761665,0.445251,11.283,1.6675,0.5219,17.408,45
234,F_MED,5,LSTM,A_tiempo,575,144,0.0646,0.753615,0.86811,0.528588,20.794,0.7882,0.2249,18.258,29
234,F_MED,5,GRU,A_tiempo,575,144,0.1411,0.691993,0.831861,0.48628,13.9643,1.1251,0.413,29.031,54
234,F_MED,5,CNN-LSTM,A_tiempo,575,144,0.1379,0.69456,0.833402,0.486847,14.1038,0.9785,0.4473,19.538,51
234,F_MED,5,CNN-GRU,A_tiempo,575,144,0.1442,0.689492,0.830356,0.499964,14.89,0.7235,0.3698,16.061,41
234,F_N+PB+MED,1,LSTM,A_tiempo,576,144,0.786,0.172126,0.414881,0.31188,2.6908,1.7804,0.791,24.5,53
234,F_N+PB+MED,1,GRU,A_tiempo,576,144,0.7897,0.169153,0.411283,0.309961,2.6105,1.6458,0.8064,25.83,61
234,F_N+PB+MED,1,CNN-LSTM,A_tiempo,576,144,0.7804,0.176685,0.42034,0.316511,2.6004,1.3612,0.7905,14.935,42
234,F_N+PB+MED,1,CNN-GRU,A_tiempo,576,144,0.7934,0.166232,0.407716,0.304733,2.6195,1.2778,0.836,19.395,62
234,F_N+PB+MED,3,LSTM,A_tiempo,576,144,0.612,0.321768,0.567246,0.425615,5.2815,2.4637,0.6934,17.269,36
234,F_N+PB+MED,3,GRU,A_tiempo,576,144,0.6447,0.294641,0.542808,0.403358,6.0497,1.7063,0.6847,17.336,37
234,F_N+PB+MED,3,CNN-LSTM,A_tiempo,576,144,0.6104,0.323098,0.568417,0.413086,5.4982,1.4145,0.712,20.247,60
234,F_N+PB+MED,3,CNN-GRU,A_tiempo,576,144,0.6574,0.284046,0.53296,0.384024,5.1035,1.3976,0.744,23.993,70
234,F_N+PB+MED,5,LSTM,A_tiempo,575,144,0.4944,0.423805,0.651003,0.481906,7.6366,0.8428,0.6668,45.846,92
234,F_N+PB+MED,5,GRU,A_tiempo,575,144,0.5328,0.391625,0.6258,0.461429,9.2744,1.4531,0.6239,23.722,54
234,F_N+PB+MED,5,CNN-LSTM,A_tiempo,575,144,0.5003,0.418864,0.647197,0.478172,8.4353,0.8907,0.6628,26.929,72
234,F_N+PB+MED,5,CNN-GRU,A_tiempo,575,144,0.4636,0.449655,0.670564,0.496884,9.3519,0.7369,0.5855,12.219,32
100,F_N+MED,1,Persistencia,A_tiempo,576,144,-0.0715,1.341975,1.158437,0.919118,20.9544,0.0,-0.2604,0.0,0
100,F_N+MED,3,Persistencia,A_tiempo,576,144,-0.5528,2.031359,1.425258,1.119461,43.7428,0.0,-0.6738,0.0,0
100,F_N+MED,5,Persistencia,A_tiempo,575,144,-0.6378,2.173477,1.474272,1.144953,58.694,0.0,-0.7027,0.0,0
100,F_MED,1,Persistencia,A_tiempo,576,144,-0.0608,1.330256,1.153367,0.914497,20.9131,0.0,-0.2552,0.0,0
100,F_MED,3,Persistencia,A_tiempo,576,144,-0.5503,2.030322,1.424894,1.119524,44.141,0.0,-0.6708,0.0,0
100,F_MED,5,Persistencia,A_tiempo,575,144,-0.6316,2.168198,1.47248,1.14419,58.9422,0.0,-0.7009,0.0,0
100,F_N+PB+MED,1,Persistencia,A_tiempo,576,144,-0.8674,1.697275,1.302795,1.02352,23.598,0.0,-0.846,0.0,0
100,F_N+PB+MED,3,Persistencia,A_tiempo,576,144,-0.8118,1.975168,1.405407,1.087319,43.6957,0.0,-1.0179,0.0,0
100,F_N+PB+MED,5,Persistencia,A_tiempo,575,144,-0.7663,1.934557,1.390883,1.067444,53.5468,0.0,-0.9605,0.0,0
101,F_N+MED,1,Persistencia,A_tiempo,576,144,-0.3347,0.488054,0.698608,0.533078,12.3983,0.0,-0.1002,0.0,0
101,F_N+MED,3,Persistencia,A_tiempo,576,144,-0.6125,0.589744,0.767948,0.598036,22.7074,0.0,-0.6577,0.0,0
101,F_N+MED,5,Persistencia,A_tiempo,575,144,-0.6706,0.620417,0.787666,0.617032,33.1324,0.0,-0.8619,0.0,0
101,F_MED,1,Persistencia,A_tiempo,576,144,-0.3517,0.496981,0.704969,0.537573,12.5229,0.0,-0.1026,0.0,0
101,F_MED,3,Persistencia,A_tiempo,576,144,-0.6277,0.59748,0.772968,0.601417,22.775,0.0,-0.6574,0.0,0
101,F_MED,5,Persistencia,A_tiempo,575,144,-0.6861,0.628195,0.792587,0.620503,33.3842,0.0,-0.8599,0.0,0
101,F_N+PB+MED,1,Persistencia,A_tiempo,576,144,-1.1299,1.40892,1.186979,0.896446,20.165,0.0,-1.5781,0.0,0
101,F_N+PB+MED,3,Persistencia,A_tiempo,576,144,-1.0942,1.389921,1.178949,0.895525,34.8349,0.0,-1.4942,0.0,0
101,F_N+PB+MED,5,Persistencia,A_tiempo,575,144,-1.0979,1.394564,1.180917,0.89778,46.7891,0.0,-1.5553,0.0,0
102,F_N+MED,1,Persistencia,A_tiempo,576,144,-0.7825,1.615198,1.270905,0.850034,21.8455,0.0,-0.8097,0.0,0
102,F_N+MED,3,Persistencia,A_tiempo,576,144,-0.8266,1.688758,1.299522,0.898653,39.2601,0.0,-0.8661,0.0,0
102,F_N+MED,5,Persistencia,A_tiempo,575,144,-0.8767,1.728967,1.314902,0.916737,47.7984,0.0,-0.9016,0.0,0
102,F_MED,1,Persistencia,A_tiempo,576,144,-0.788,1.618015,1.272012,0.851125,21.8869,0.0,-0.8104,0.0,0
102,F_MED,3,Persistencia,A_tiempo,576,144,-0.8329,1.692176,1.300837,0.900151,39.3799,0.0,-0.8674,0.0,0
102,F_MED,5,Persistencia,A_tiempo,575,144,-0.8837,1.732701,1.316321,0.918786,48.5549,0.0,-0.9034,0.0,0
102,F_N+PB+MED,1,Persistencia,A_tiempo,576,144,-0.9228,1.776228,1.332752,0.875637,22.9573,0.0,-1.0221,0.0,0
102,F_N+PB+MED,3,Persistencia,A_tiempo,576,144,-0.9176,1.7864,1.336563,0.904342,40.3517,0.0,-1.0167,0.0,0
102,F_N+PB+MED,5,Persistencia,A_tiempo,575,144,-0.9221,1.780004,1.334168,0.902246,50.1597,0.0,-1.0184,0.0,0
103,F_N+MED,1,Persistencia,A_tiempo,576,144,-0.6724,0.856146,0.925281,0.668571,16.5702,0.0,-0.0606,0.0,0
103,F_N+MED,3,Persistencia,A_tiempo,576,144,-0.8896,0.951071,0.975229,0.717222,30.2547,0.0,-0.3215,0.0,0
103,F_N+MED,5,Persistencia,A_tiempo,575,144,-0.9263,0.965896,0.9828,0.728666,37.2394,0.0,-0.4736,0.0,0
103,F_MED,1,Persistencia,A_tiempo,576,144,-0.686,0.862478,0.928697,0.669972,16.5983,0.0,-0.0612,0.0,0
103,F_MED,3,Persistencia,A_tiempo,576,144,-0.9053,0.959072,0.979322,0.719102,30.4609,0.0,-0.3225,0.0,0
103,F_MED,5,Persistencia,A_tiempo,575,144,-0.9412,0.973357,0.986589,0.730339,37.2189,0.0,-0.4749,0.0,0
103,F_N+PB+MED,1,Persistencia,A_tiempo,576,144,-0.9516,1.800668,1.34189,0.959112,23.8301,0.0,-0.885,0.0,0
103,F_N+PB+MED,3,Persistencia,A_tiempo,576,144,-1.0611,1.911009,1.382392,1.002218,42.7134,0.0,-0.9513,0.0,0
103,F_N+PB+MED,5,Persistencia,A_tiempo,575,144,-1.0807,1.93728,1.391862,1.018151,53.4516,0.0,-0.9651,0.0,0
104,F_N+MED,1,Persistencia,A_tiempo,576,144,-0.5779,1.268535,1.126293,0.809711,19.3441,0.0,-0.5775,0.0,0
104,F_N+MED,3,Persistencia,A_tiempo,576,144,-0.6809,1.38371,1.176312,0.879012,34.891,0.0,-0.8824,0.0,0
104,F_N+MED,5,Persistencia,A_tiempo,575,144,-0.7214,1.406994,1.186168,0.893321,45.8871,0.0,-0.9667,0.0,0
104,F_MED,1,Persistencia,A_tiempo,576,144,-0.5626,1.256121,1.120768,0.805114,19.2392,0.0,-0.5753,0.0,0
104,F_MED,3,Persistencia,A_tiempo,576,144,-0.6668,1.371902,1.171282,0.875015,34.737,0.0,-0.8829,0.0,0
104,F_MED,5,Persistencia,A_tiempo,575,144,-0.7078,1.394824,1.181027,0.889146,45.6997,0.0,-0.9667,0.0,0
104,F_N+PB+MED,1,Persistencia,A_tiempo,576,144,-0.7909,1.569247,1.252696,0.891345,21.2747,0.0,-0.9415,0.0,0
104,F_N+PB+MED,3,Persistencia,A_tiempo,576,144,-0.852,1.638163,1.279907,0.944186,37.6644,0.0,-1.0137,0.0,0
104,F_N+PB+MED,5,Persistencia,A_tiempo,575,144,-0.8654,1.630555,1.276932,0.946185,49.1416,0.0,-1.0039,0.0,0
105,F_N+MED,1,Persistencia,A_tiempo,576,144,-0.2692,1.100713,1.049149,0.657469,17.6082,0.0,-0.4928,0.0,0
105,F_N+MED,3,Persistencia,A_tiempo,576,144,-0.9125,1.694091,1.301573,0.759254,37.4687,0.0,-0.8135,0.0,0
105,F_N+MED,5,Persistencia,A_tiempo,575,144,-1.0716,1.809316,1.345108,0.797965,46.4645,0.0,-0.8587,0.0,0
105,F_MED,1,Persistencia,A_tiempo,576,144,-0.2691,1.098535,1.04811,0.656102,17.8005,0.0,-0.4932,0.0,0
105,F_MED,3,Persistencia,A_tiempo,576,144,-0.908,1.686227,1.298548,0.757387,37.3804,0.0,-0.8135,0.0,0
105,F_MED,5,Persistencia,A_tiempo,575,144,-1.0662,1.800095,1.341676,0.795888,46.3481,0.0,-0.8591,0.0,0
105,F_N+PB+MED,1,Persistencia,A_tiempo,576,144,-0.6352,1.362904,1.167435,0.742296,18.6421,0.0,-0.825,0.0,0
105,F_N+PB+MED,3,Persistencia,A_tiempo,576,144,-0.5913,1.336943,1.156262,0.752593,33.3946,0.0,-0.8328,0.0,0
105,F_N+PB+MED,5,Persistencia,A_tiempo,575,144,-0.5828,1.350618,1.162161,0.760613,43.2083,0.0,-0.8317,0.0,0
106,F_N+MED,1,Persistencia,A_tiempo,576,144,-0.8336,3.025279,1.739333,1.214291,26.8614,0.0,-0.8692,0.0,0
106,F_N+MED,3,Persistencia,A_tiempo,576,144,-0.8665,3.055561,1.748016,1.257771,50.3746,0.0,-0.948,0.0,0
106,F_N+MED,5,Persistencia,A_tiempo,575,144,-0.8795,3.080119,1.755027,1.268549,73.112,0.0,-0.9787,0.0,0
106,F_MED,1,Persistencia,A_tiempo,576,144,-0.8299,3.024512,1.739112,1.213308,26.8924,0.0,-0.8702,0.0,0
106,F_MED,3,Persistencia,A_tiempo,576,144,-0.8649,3.054034,1.747579,1.257286,50.4359,0.0,-0.9493,0.0,0
106,F_MED,5,Persistencia,A_tiempo,575,144,-0.8776,3.077099,1.754166,1.267773,73.3226,0.0,-0.9802,0.0,0
106,F_N+PB+MED,1,Persistencia,A_tiempo,576,144,-1.0021,3.478735,1.865137,1.276847,28.6438,0.0,-1.15,0.0,0
106,F_N+PB+MED,3,Persistencia,A_tiempo,576,144,-1.0124,3.42565,1.850851,1.310237,53.102,0.0,-1.1129,0.0,0
106,F_N+PB+MED,5,Persistencia,A_tiempo,575,144,-1.012,3.433027,1.852843,1.306646,77.0521,0.0,-1.1128,0.0,0
107,F_N+MED,1,Persistencia,A_tiempo,576,144,-0.6621,1.929716,1.389142,1.071538,24.491,0.0,-0.6921,0.0,0
107,F_N+MED,3,Persistencia,A_tiempo,576,144,-0.9155,2.172833,1.474053,1.164938,44.3045,0.0,-0.8301,0.0,0
107,F_N+MED,5,Persistencia,A_tiempo,575,144,-1.0132,2.292874,1.514224,1.200509,60.8466,0.0,-0.9004,0.0,0
107,F_MED,1,Persistencia,A_tiempo,576,144,-0.6618,1.9291,1.388921,1.07119,24.4708,0.0,-0.6909,0.0,0
107,F_MED,3,Persistencia,A_tiempo,576,144,-0.9153,2.17309,1.474141,1.164945,44.2827,0.0,-0.8294,0.0,0
107,F_MED,5,Persistencia,A_tiempo,575,144,-1.013,2.293288,1.514361,1.200565,60.8515,0.0,-0.8998,0.0,0
107,F_N+PB+MED,1,Persistencia,A_tiempo,576,144,-0.9196,2.102456,1.449985,1.107871,25.8452,0.0,-0.8471,0.0,0
107,F_N+PB+MED,3,Persistencia,A_tiempo,576,144,-1.015,2.145773,1.464846,1.146402,45.166,0.0,-0.8878,0.0,0
107,F_N+PB+MED,5,Persistencia,A_tiempo,575,144,-1.0176,2.160253,1.46978,1.152724,61.2157,0.0,-0.9018,0.0,0
108,F_N+MED,1,Persistencia,A_tiempo,576,144,0.5209,1.004003,1.002,0.682951,16.0369,0.0,0.2954,0.0,0
108,F_N+MED,3,Persistencia,A_tiempo,576,144,-0.1474,2.61529,1.617186,1.017292,39.4655,0.0,-0.5831,0.0,0
108,F_N+MED,5,Persistencia,A_tiempo,575,144,-0.4301,3.346363,1.829307,1.150664,67.0096,0.0,-0.9187,0.0,0
108,F_MED,1,Persistencia,A_tiempo,576,144,0.5216,1.003169,1.001583,0.682314,15.9625,0.0,0.2955,0.0,0
108,F_MED,3,Persistencia,A_tiempo,576,144,-0.1467,2.615723,1.61732,1.0174,39.376,0.0,-0.5816,0.0,0
108,F_MED,5,Persistencia,A_tiempo,575,144,-0.4299,3.348742,1.829957,1.15127,67.1288,0.0,-0.9172,0.0,0
108,F_N+PB+MED,1,Persistencia,A_tiempo,576,144,-1.1141,1.850523,1.360339,0.997023,21.4359,0.0,-1.0389,0.0,0
108,F_N+PB+MED,3,Persistencia,A_tiempo,576,144,-1.0151,1.87519,1.369376,1.018474,39.3666,0.0,-0.9593,0.0,0
108,F_N+PB+MED,5,Persistencia,A_tiempo,575,144,-1.0014,1.88116,1.371554,1.018487,49.3761,0.0,-0.9534,0.0,0
109,F_N+MED,1,Persistencia,A_tiempo,576,144,-0.9247,6.539773,2.557298,1.760007,46.451,0.0,-0.8762,0.0,0
109,F_N+MED,3,Persistencia,A_tiempo,576,144,-1.0257,6.777894,2.603439,1.82068,84.0243,0.0,-0.895,0.0,0
109,F_N+MED,5,Persistencia,A_tiempo,575,144,-1.0584,6.825641,2.612593,1.830231,107.7353,0.0,-0.914,0.0,0
109,F_MED,1,Persistencia,A_tiempo,576,144,-0.922,6.542636,2.557858,1.760079,46.476,0.0,-0.8767,0.0,0
109,F_MED,3,Persistencia,A_tiempo,576,144,-1.023,6.779241,2.603697,1.820321,84.0473,0.0,-0.8948,0.0,0
109,F_MED,5,Persistencia,A_tiempo,575,144,-1.0562,6.828757,2.613189,1.830211,107.8009,0.0,-0.9138,0.0,0
109,F_N+PB+MED,1,Persistencia,A_tiempo,576,144,-1.1334,6.69365,2.587209,1.765267,45.9786,0.0,-0.9257,0.0,0
109,F_N+PB+MED,3,Persistencia,A_tiempo,576,144,-1.109,6.687917,2.586101,1.791498,80.4492,0.0,-0.9231,0.0,0
109,F_N+PB+MED,5,Persistencia,A_tiempo,575,144,-1.0881,6.637664,2.576366,1.79206,101.9876,0.0,-0.9385,0.0,0
111,F_N+MED,1,Persistencia,A_tiempo,576,144,-0.2664,0.726827,0.852541,0.64372,15.5891,0.0,0.0567,0.0,0
111,F_N+MED,3,Persistencia,A_tiempo,576,144,-0.5184,0.837763,0.915294,0.70589,28.6644,0.0,-0.4925,0.0,0
111,F_N+MED,5,Persistencia,A_tiempo,575,144,-0.6659,0.920586,0.959472,0.743076,38.3961,0.0,-0.7689,0.0,0
111,F_MED,1,Persistencia,A_tiempo,576,144,-0.2575,0.721634,0.84949,0.640085,15.4446,0.0,0.0578,0.0,0
111,F_MED,3,Persistencia,A_tiempo,576,144,-0.5062,0.830671,0.911411,0.702344,28.4328,0.0,-0.4917,0.0,0
111,F_MED,5,Persistencia,A_tiempo,575,144,-0.6563,0.914766,0.956434,0.739964,38.253,0.0,-0.7681,0.0,0
111,F_N+PB+MED,1,Persistencia,A_tiempo,576,144,-1.0409,1.75243,1.323794,0.982443,23.8111,0.0,-0.9865,0.0,0
111,F_N+PB+MED,3,Persistencia,A_tiempo,576,144,-1.0377,1.727387,1.314301,0.989376,40.9611,0.0,-0.9913,0.0,0
111,F_N+PB+MED,5,Persistencia,A_tiempo,575,144,-1.0482,1.730471,1.315474,0.992161,53.1449,0.0,-0.9939,0.0,0
112,F_N+MED,1,Persistencia,A_tiempo,576,144,-0.605,0.683199,0.826558,0.651474,15.2571,0.0,0.0888,0.0,0
112,F_N+MED,3,Persistencia,A_tiempo,576,144,-0.7915,0.755021,0.868919,0.698459,28.1477,0.0,-0.3084,0.0,0
112,F_N+MED,5,Persistencia,A_tiempo,575,144,-0.8554,0.777764,0.88191,0.7159,35.6998,0.0,-0.5355,0.0,0
112,F_MED,1,Persistencia,A_tiempo,576,144,-0.6069,0.683717,0.826872,0.651675,15.2605,0.0,0.0886,0.0,0
112,F_MED,3,Persistencia,A_tiempo,576,144,-0.7947,0.755962,0.869461,0.698744,28.1599,0.0,-0.3082,0.0,0
112,F_MED,5,Persistencia,A_tiempo,575,144,-0.8584,0.778607,0.882387,0.716162,35.8264,0.0,-0.5356,0.0,0
112,F_N+PB+MED,1,Persistencia,A_tiempo,576,144,-0.903,1.635162,1.278735,1.004518,23.436,0.0,-0.932,0.0,0
112,F_N+PB+MED,3,Persistencia,A_tiempo,576,144,-0.9563,1.683297,1.297419,1.030465,41.7615,0.0,-0.9548,0.0,0
112,F_N+PB+MED,5,Persistencia,A_tiempo,575,144,-1.0239,1.742041,1.319864,1.059016,54.1021,0.0,-0.994,0.0,0
113,F_N+MED,1,Persistencia,A_tiempo,576,144,-0.8164,1.54896,1.244572,0.818299,22.1076,0.0,-0.6052,0.0,0
113,F_N+MED,3,Persistencia,A_tiempo,576,144,-0.9168,1.582579,1.258006,0.84031,38.6955,0.0,-0.8783,0.0,0
113,F_N+MED,5,Persistencia,A_tiempo,575,144,-0.9479,1.605885,1.267235,0.852198,49.939,0.0,-0.9662,0.0,0
113,F_MED,1,Persistencia,A_tiempo,576,144,-0.8147,1.547315,1.243911,0.817581,22.1102,0.0,-0.6042,0.0,0
113,F_MED,3,Persistencia,A_tiempo,576,144,-0.9157,1.581303,1.257499,0.839455,38.6888,0.0,-0.8777,0.0,0
113,F_MED,5,Persistencia,A_tiempo,575,144,-0.9461,1.603887,1.266446,0.851255,49.9356,0.0,-0.9659,0.0,0
113,F_N+PB+MED,1,Persistencia,A_tiempo,576,144,-1.0615,2.072607,1.439655,0.930053,25.4548,0.0,-1.0832,0.0,0
113,F_N+PB+MED,3,Persistencia,A_tiempo,576,144,-1.0788,2.064856,1.436961,0.933003,43.8392,0.0,-1.0697,0.0,0
113,F_N+PB+MED,5,Persistencia,A_tiempo,575,144,-1.0809,2.072877,1.439749,0.93616,55.9262,0.0,-1.0614,0.0,0
114,F_N+MED,1,Persistencia,A_tiempo,576,144,0.3306,2.178118,1.475845,1.079712,22.2373,0.0,-0.1874,0.0,0
114,F_N+MED,3,Persistencia,A_tiempo,576,144,-0.3524,4.385137,2.094072,1.463602,52.5506,0.0,-0.419,0.0,0
114,F_N+MED,5,Persistencia,A_tiempo,575,144,-0.7605,5.690972,2.385576,1.61654,83.3507,0.0,-0.5431,0.0,0
114,F_MED,1,Persistencia,A_tiempo,576,144,0.3271,2.19048,1.480027,1.081966,22.2526,0.0,-0.186,0.0,0
114,F_MED,3,Persistencia,A_tiempo,576,144,-0.3569,4.405601,2.098952,1.465975,52.5988,0.0,-0.4196,0.0,0
114,F_MED,5,Persistencia,A_tiempo,575,144,-0.7655,5.714867,2.390579,1.618665,83.3903,0.0,-0.5447,0.0,0
114,F_N+PB+MED,1,Persistencia,A_tiempo,576,144,-1.0398,1.732711,1.316325,0.983006,20.9084,0.0,-0.9791,0.0,0
114,F_N+PB+MED,3,Persistencia,A_tiempo,576,144,-1.162,1.817759,1.348243,1.022763,37.9919,0.0,-0.9468,0.0,0
114,F_N+PB+MED,5,Persistencia,A_tiempo,575,144,-1.1858,1.846322,1.358794,1.033733,53.0859,0.0,-0.9487,0.0,0
115,F_N+MED,1,Persistencia,A_tiempo,576,144,0.6052,0.339296,0.582491,0.440004,9.6584,0.0,0.451,0.0,0
115,F_N+MED,3,Persistencia,A_tiempo,576,144,0.3144,0.629564,0.793451,0.549028,20.5502,0.0,-0.2096,0.0,0
115,F_N+MED,5,Persistencia,A_tiempo,575,144,0.1519,0.782026,0.884322,0.605114,31.0539,0.0,-0.5629,0.0,0
115,F_MED,1,Persistencia,A_tiempo,576,144,0.6052,0.339297,0.582492,0.439783,9.6503,0.0,0.4511,0.0,0
115,F_MED,3,Persistencia,A_tiempo,576,144,0.3146,0.629365,0.793325,0.548786,20.5306,0.0,-0.2095,0.0,0
115,F_MED,5,Persistencia,A_tiempo,575,144,0.1514,0.782462,0.884569,0.604992,31.2979,0.0,-0.5629,0.0,0
115,F_N+PB+MED,1,Persistencia,A_tiempo,576,144,-0.7983,1.573398,1.254352,0.968096,22.635,0.0,-1.0291,0.0,0
115,F_N+PB+MED,3,Persistencia,A_tiempo,576,144,-0.8528,1.607127,1.267725,0.986375,40.2073,0.0,-1.0753,0.0,0
115,F_N+PB+MED,5,Persistencia,A_tiempo,575,144,-0.8707,1.599435,1.264688,0.983354,48.2668,0.0,-1.0945,0.0,0
116,F_N+MED,1,Persistencia,A_tiempo,576,144,0.2777,0.188787,0.434496,0.284464,6.2293,0.0,0.0369,0.0,0
116,F_N+MED,3,Persistencia,A_tiempo,576,144,-0.0479,0.282459,0.531469,0.36397,14.6732,0.0,-0.3421,0.0,0
116,F_N+MED,5,Persistencia,A_tiempo,575,144,-0.2462,0.356551,0.597119,0.401734,18.8911,0.0,-0.4867,0.0,0
116,F_MED,1,Persistencia,A_tiempo,576,144,0.2775,0.18883,0.434546,0.28432,6.2254,0.0,0.037,0.0,0
116,F_MED,3,Persistencia,A_tiempo,576,144,-0.0472,0.282262,0.531283,0.363819,14.7377,0.0,-0.3423,0.0,0
116,F_MED,5,Persistencia,A_tiempo,575,144,-0.2454,0.356306,0.596914,0.401613,18.8891,0.0,-0.4869,0.0,0
116,F_N+PB+MED,1,Persistencia,A_tiempo,576,144,-0.4911,0.410255,0.640512,0.422805,9.4412,0.0,-0.74,0.0,0
116,F_N+PB+MED,3,Persistencia,A_tiempo,576,144,-0.4975,0.402229,0.634215,0.425486,18.7308,0.0,-0.7273,0.0,0
116,F_N+PB+MED,5,Persistencia,A_tiempo,575,144,-0.5008,0.423903,0.651078,0.435654,25.5934,0.0,-0.7184,0.0,0
117,F_N+MED,1,Persistencia,A_tiempo,576,144,-0.4659,1.125148,1.06073,0.72544,19.5947,0.0,-0.2567,0.0,0
117,F_N+MED,3,Persistencia,A_tiempo,576,144,-0.4811,1.140971,1.068162,0.757224,34.6474,0.0,-0.3737,0.0,0
117,F_N+MED,5,Persistencia,A_tiempo,575,144,-0.5099,1.155455,1.074921,0.769073,42.0953,0.0,-0.4669,0.0,0
117,F_MED,1,Persistencia,A_tiempo,576,144,-0.4652,1.124774,1.060554,0.725195,19.6109,0.0,-0.2571,0.0,0
117,F_MED,3,Persistencia,A_tiempo,576,144,-0.4801,1.140315,1.067855,0.757037,34.6766,0.0,-0.3742,0.0,0
117,F_MED,5,Persistencia,A_tiempo,575,144,-0.509,1.154912,1.074668,0.76897,42.0892,0.0,-0.4674,0.0,0
117,F_N+PB+MED,1,Persistencia,A_tiempo,576,144,-1.234,1.892495,1.37568,0.908234,25.5243,0.0,-1.0967,0.0,0
117,F_N+PB+MED,3,Persistencia,A_tiempo,576,144,-1.0387,1.749927,1.322848,0.857839,43.3485,0.0,-0.9428,0.0,0
117,F_N+PB+MED,5,Persistencia,A_tiempo,575,144,-0.9919,1.704415,1.305532,0.842546,50.8841,0.0,-0.9051,0.0,0
118,F_N+MED,1,Persistencia,A_tiempo,576,144,-0.6856,1.590384,1.261104,0.806953,22.8422,0.0,-0.4988,0.0,0
118,F_N+MED,3,Persistencia,A_tiempo,576,144,-0.8005,1.664158,1.290023,0.851574,40.741,0.0,-0.6973,0.0,0
118,F_N+MED,5,Persistencia,A_tiempo,575,144,-0.8571,1.682275,1.297025,0.868857,54.3111,0.0,-0.7883,0.0,0
118,F_MED,1,Persistencia,A_tiempo,576,144,-0.6858,1.593121,1.262189,0.807439,22.869,0.0,-0.4985,0.0,0
118,F_MED,3,Persistencia,A_tiempo,576,144,-0.8006,1.666389,1.290887,0.851861,40.7844,0.0,-0.6969,0.0,0
118,F_MED,5,Persistencia,A_tiempo,575,144,-0.8573,1.684556,1.297905,0.869066,54.3897,0.0,-0.7877,0.0,0
118,F_N+PB+MED,1,Persistencia,A_tiempo,576,144,-0.9406,2.321392,1.523611,0.977207,27.3945,0.0,-1.1396,0.0,0
118,F_N+PB+MED,3,Persistencia,A_tiempo,576,144,-0.9824,2.335546,1.528249,0.993454,47.5925,0.0,-1.2501,0.0,0
118,F_N+PB+MED,5,Persistencia,A_tiempo,575,144,-1.0079,2.327501,1.525615,0.995265,63.6428,0.0,-1.2419,0.0,0
119,F_N+MED,1,Persistencia,A_tiempo,576,144,-0.7195,1.578565,1.25641,0.641108,16.6102,0.0,-0.8017,0.0,0
119,F_N+MED,3,Persistencia,A_tiempo,576,144,-0.7664,1.705136,1.305809,0.70787,34.1471,0.0,-0.8002,0.0,0
119,F_N+MED,5,Persistencia,A_tiempo,575,144,-0.7874,1.787796,1.337085,0.729794,44.3385,0.0,-0.8256,0.0,0
119,F_MED,1,Persistencia,A_tiempo,576,144,-0.7195,1.578412,1.256349,0.64138,16.6099,0.0,-0.802,0.0,0
119,F_MED,3,Persistencia,A_tiempo,576,144,-0.7665,1.705127,1.305805,0.70804,34.1376,0.0,-0.8004,0.0,0
119,F_MED,5,Persistencia,A_tiempo,575,144,-0.7876,1.787793,1.337084,0.729918,44.3221,0.0,-0.8258,0.0,0
119,F_N+PB+MED,1,Persistencia,A_tiempo,576,144,-0.9188,1.676202,1.294682,0.648863,17.3094,0.0,-0.9384,0.0,0
119,F_N+PB+MED,3,Persistencia,A_tiempo,576,144,-0.9095,1.722971,1.31262,0.672165,35.0276,0.0,-0.8791,0.0,0
119,F_N+PB+MED,5,Persistencia,A_tiempo,575,144,-0.8781,1.751768,1.323544,0.680779,44.5188,0.0,-0.888,0.0,0
121,F_N+MED,1,Persistencia,A_tiempo,576,144,0.7313,1.744614,1.320838,0.869843,19.4202,0.0,0.2509,0.0,0
121,F_N+MED,3,Persistencia,A_tiempo,576,144,0.2103,5.432439,2.330759,1.447296,57.1822,0.0,-0.2033,0.0,0
121,F_N+MED,5,Persistencia,A_tiempo,575,144,-0.1792,8.142234,2.85346,1.79536,102.7425,0.0,-0.535,0.0,0
121,F_MED,1,Persistencia,A_tiempo,576,144,0.7316,1.743163,1.320289,0.869178,19.3844,0.0,0.2508,0.0,0
121,F_MED,3,Persistencia,A_tiempo,576,144,0.2104,5.432015,2.330668,1.447212,57.1595,0.0,-0.2037,0.0,0
121,F_MED,5,Persistencia,A_tiempo,575,144,-0.179,8.142097,2.853436,1.79542,102.7385,0.0,-0.5355,0.0,0
121,F_N+PB+MED,1,Persistencia,A_tiempo,576,144,-0.7519,1.882778,1.372144,0.991442,22.8575,0.0,-0.8928,0.0,0
121,F_N+PB+MED,3,Persistencia,A_tiempo,576,144,-0.734,2.065349,1.437132,1.043348,41.3689,0.0,-0.8915,0.0,0
121,F_N+PB+MED,5,Persistencia,A_tiempo,575,144,-0.7419,2.088406,1.445132,1.056343,56.7353,0.0,-0.9005,0.0,0
122,F_N+MED,1,Persistencia,A_tiempo,576,144,-0.5803,1.372699,1.171622,0.859714,20.4933,0.0,-0.3139,0.0,0
122,F_N+MED,3,Persistencia,A_tiempo,576,144,-0.8138,1.593625,1.262389,0.948275,39.0997,0.0,-0.5816,0.0,0
122,F_N+MED,5,Persistencia,A_tiempo,575,144,-0.8093,1.591667,1.261613,0.949273,49.0828,0.0,-0.6658,0.0,0
122,F_MED,1,Persistencia,A_tiempo,576,144,-0.5752,1.36736,1.169342,0.858284,20.4531,0.0,-0.3104,0.0,0
122,F_MED,3,Persistencia,A_tiempo,576,144,-0.8087,1.588414,1.260323,0.94687,39.0051,0.0,-0.5783,0.0,0
122,F_MED,5,Persistencia,A_tiempo,575,144,-0.8052,1.587067,1.259788,0.948125,49.0076,0.0,-0.6627,0.0,0
122,F_N+PB+MED,1,Persistencia,A_tiempo,576,144,-1.1557,2.093664,1.44695,1.033054,25.5464,0.0,-0.9979,0.0,0
122,F_N+PB+MED,3,Persistencia,A_tiempo,576,144,-1.1023,2.105641,1.451083,1.043057,45.0,0.0,-1.0234,0.0,0
122,F_N+PB+MED,5,Persistencia,A_tiempo,575,144,-1.1003,2.109599,1.452446,1.046024,55.6818,0.0,-1.0247,0.0,0
123,F_N+MED,1,Persistencia,A_tiempo,576,144,-0.1723,1.100599,1.049095,0.754082,19.1905,0.0,-0.2185,0.0,0
123,F_N+MED,3,Persistencia,A_tiempo,576,144,-0.359,1.347957,1.161016,0.849634,35.0351,0.0,-0.7428,0.0,0
123,F_N+MED,5,Persistencia,A_tiempo,575,144,-0.4839,1.539048,1.240584,0.903298,48.0956,0.0,-0.9778,0.0,0
123,F_MED,1,Persistencia,A_tiempo,576,144,-0.1724,1.100496,1.049045,0.754057,19.3137,0.0,-0.2183,0.0,0
123,F_MED,3,Persistencia,A_tiempo,576,144,-0.3587,1.347365,1.160761,0.849364,35.066,0.0,-0.7425,0.0,0
123,F_MED,5,Persistencia,A_tiempo,575,144,-0.4835,1.538202,1.240243,0.902967,48.0753,0.0,-0.9776,0.0,0
123,F_N+PB+MED,1,Persistencia,A_tiempo,576,144,-0.9459,1.890036,1.374786,0.966292,25.0782,0.0,-1.262,0.0,0
123,F_N+PB+MED,3,Persistencia,A_tiempo,576,144,-0.8103,1.874842,1.369249,0.953912,42.5309,0.0,-1.1476,0.0,0
123,F_N+PB+MED,5,Persistencia,A_tiempo,575,144,-0.9176,2.013582,1.419008,0.986425,54.0554,0.0,-1.1341,0.0,0
124,F_N+MED,1,Persistencia,A_tiempo,576,144,-0.5824,0.578382,0.760515,0.540457,13.5634,0.0,0.2799,0.0,0
124,F_N+MED,3,Persistencia,A_tiempo,576,144,-0.8114,0.666777,0.816564,0.589723,25.9879,0.0,-0.2179,0.0,0
124,F_N+MED,5,Persistencia,A_tiempo,575,144,-0.9328,0.716937,0.846721,0.61561,31.6075,0.0,-0.5162,0.0,0
124,F_MED,1,Persistencia,A_tiempo,576,144,-0.5839,0.579585,0.761305,0.540784,13.6429,0.0,0.2789,0.0,0
124,F_MED,3,Persistencia,A_tiempo,576,144,-0.8133,0.668176,0.817421,0.590087,26.0158,0.0,-0.2189,0.0,0
124,F_MED,5,Persistencia,A_tiempo,575,144,-0.9347,0.718391,0.84758,0.615995,31.6334,0.0,-0.517,0.0,0
124,F_N+PB+MED,1,Persistencia,A_tiempo,576,144,-1.1441,1.86715,1.366437,0.967502,23.5608,0.0,-0.9483,0.0,0
124,F_N+PB+MED,3,Persistencia,A_tiempo,576,144,-1.1114,1.826234,1.351382,0.952607,41.0396,0.0,-0.9063,0.0,0
124,F_N+PB+MED,5,Persistencia,A_tiempo,575,144,-1.1003,1.815478,1.347397,0.947509,50.1456,0.0,-0.8897,0.0,0
200,F_N+MED,1,Persistencia,A_tiempo,576,144,-1.202,2.074307,1.440246,0.86551,19.0673,0.0,-0.9481,0.0,0
200,F_N+MED,3,Persistencia,A_tiempo,576,144,-1.2929,2.044557,1.42988,0.892824,34.8189,0.0,-0.9327,0.0,0
200,F_N+MED,5,Persistencia,A_tiempo,575,144,-1.407,2.072732,1.439699,0.909462,52.1496,0.0,-0.9492,0.0,0
200,F_MED,1,Persistencia,A_tiempo,576,144,-1.1963,2.071563,1.439292,0.86516,19.0568,0.0,-0.9507,0.0,0
200,F_MED,3,Persistencia,A_tiempo,576,144,-1.2893,2.043009,1.429339,0.893153,34.8286,0.0,-0.9352,0.0,0
200,F_MED,5,Persistencia,A_tiempo,575,144,-1.4035,2.071396,1.439234,0.909731,52.2116,0.0,-0.9518,0.0,0
200,F_N+PB+MED,1,Persistencia,A_tiempo,576,144,-1.4122,2.255371,1.501789,0.880235,19.5574,0.0,-1.0607,0.0,0
200,F_N+PB+MED,3,Persistencia,A_tiempo,576,144,-1.389,2.148614,1.465815,0.873096,35.1542,0.0,-1.0156,0.0,0
200,F_N+PB+MED,5,Persistencia,A_tiempo,575,144,-1.4355,2.138251,1.462276,0.877057,53.532,0.0,-1.0079,0.0,0
201,F_N+MED,1,Persistencia,A_tiempo,576,144,-0.5784,0.701944,0.837821,0.570395,12.2829,0.0,-0.1663,0.0,0
201,F_N+MED,3,Persistencia,A_tiempo,576,144,-0.7329,0.777527,0.881775,0.61952,23.5465,0.0,-0.6299,0.0,0
201,F_N+MED,5,Persistencia,A_tiempo,575,144,-0.8176,0.813484,0.901933,0.64072,33.7578,0.0,-0.9467,0.0,0
201,F_MED,1,Persistencia,A_tiempo,576,144,-0.5923,0.708436,0.841687,0.572804,12.2836,0.0,-0.1607,0.0,0
201,F_MED,3,Persistencia,A_tiempo,576,144,-0.7443,0.781961,0.884285,0.621032,23.8471,0.0,-0.6254,0.0,0
201,F_MED,5,Persistencia,A_tiempo,575,144,-0.8312,0.818913,0.904938,0.642727,33.8606,0.0,-0.944,0.0,0
201,F_N+PB+MED,1,Persistencia,A_tiempo,576,144,-0.8476,0.971782,0.98579,0.668294,14.9659,0.0,-0.9634,0.0,0
201,F_N+PB+MED,3,Persistencia,A_tiempo,576,144,-0.8637,0.975526,0.987687,0.68812,26.477,0.0,-0.943,0.0,0
201,F_N+PB+MED,5,Persistencia,A_tiempo,575,144,-0.8838,0.975501,0.987675,0.691579,36.0116,0.0,-0.9402,0.0,0
202,F_N+MED,1,Persistencia,A_tiempo,576,144,-0.5163,0.713741,0.844832,0.596818,14.9382,0.0,-0.1653,0.0,0
202,F_N+MED,3,Persistencia,A_tiempo,576,144,-0.6508,0.784776,0.885876,0.646489,26.5502,0.0,-0.6615,0.0,0
202,F_N+MED,5,Persistencia,A_tiempo,575,144,-0.7082,0.812248,0.901248,0.661123,35.9702,0.0,-0.7547,0.0,0
202,F_MED,1,Persistencia,A_tiempo,576,144,-0.5029,0.705938,0.840201,0.592348,14.8856,0.0,-0.168,0.0,0
202,F_MED,3,Persistencia,A_tiempo,576,144,-0.6357,0.777865,0.881966,0.64297,26.4658,0.0,-0.6643,0.0,0
202,F_MED,5,Persistencia,A_tiempo,575,144,-0.6936,0.805645,0.897577,0.657613,35.8412,0.0,-0.7573,0.0,0
202,F_N+PB+MED,1,Persistencia,A_tiempo,576,144,-0.9415,1.590824,1.261279,0.861475,22.31,0.0,-0.9832,0.0,0
202,F_N+PB+MED,3,Persistencia,A_tiempo,576,144,-0.9538,1.600652,1.265169,0.877467,38.0436,0.0,-0.9445,0.0,0
202,F_N+PB+MED,5,Persistencia,A_tiempo,575,144,-0.9526,1.603228,1.266187,0.878315,48.8393,0.0,-0.9306,0.0,0
203,F_N+MED,1,Persistencia,A_tiempo,576,144,-0.4249,1.613795,1.270352,0.851593,18.1623,0.0,-0.3992,0.0,0
203,F_N+MED,3,Persistencia,A_tiempo,576,144,-0.9015,2.209495,1.486437,1.054624,39.2099,0.0,-0.7378,0.0,0
203,F_N+MED,5,Persistencia,A_tiempo,575,144,-1.042,2.406369,1.551248,1.105113,57.8843,0.0,-0.8645,0.0,0
203,F_MED,1,Persistencia,A_tiempo,576,144,-0.4172,1.606289,1.267394,0.850607,18.2111,0.0,-0.4028,0.0,0
203,F_MED,3,Persistencia,A_tiempo,576,144,-0.8931,2.20158,1.483772,1.053272,39.2971,0.0,-0.7422,0.0,0
203,F_MED,5,Persistencia,A_tiempo,575,144,-1.0327,2.397237,1.548301,1.103546,57.802,0.0,-0.8692,0.0,0
203,F_N+PB+MED,1,Persistencia,A_tiempo,576,144,-1.3801,2.34582,1.531607,0.958449,21.5265,0.0,-0.9197,0.0,0
203,F_N+PB+MED,3,Persistencia,A_tiempo,576,144,-1.2354,2.314511,1.521352,0.997754,39.4377,0.0,-0.986,0.0,0
203,F_N+PB+MED,5,Persistencia,A_tiempo,575,144,-1.2481,2.300453,1.516725,1.000267,55.3294,0.0,-0.9972,0.0,0
205,F_N+MED,1,Persistencia,A_tiempo,576,144,-1.2715,3.141665,1.772474,0.775599,17.6641,0.0,-0.111,0.0,0
205,F_N+MED,3,Persistencia,A_tiempo,576,144,-1.1781,3.639271,1.907687,0.874275,34.5634,0.0,-0.3601,0.0,0
205,F_N+MED,5,Persistencia,A_tiempo,575,144,-1.1826,3.720523,1.928866,0.907095,56.8505,0.0,-0.5535,0.0,0
205,F_MED,1,Persistencia,A_tiempo,576,144,-1.2725,3.142918,1.772828,0.775468,17.6741,0.0,-0.1117,0.0,0
205,F_MED,3,Persistencia,A_tiempo,576,144,-1.1789,3.640491,1.908007,0.874114,34.8267,0.0,-0.3608,0.0,0
205,F_MED,5,Persistencia,A_tiempo,575,144,-1.1835,3.721977,1.929243,0.907109,56.8529,0.0,-0.5541,0.0,0
205,F_N+PB+MED,1,Persistencia,A_tiempo,576,144,-1.5539,6.826612,2.612779,1.135288,25.5341,0.0,-1.1783,0.0,0
205,F_N+PB+MED,3,Persistencia,A_tiempo,576,144,-1.2617,7.523005,2.74281,1.209185,48.5894,0.0,-1.3234,0.0,0
205,F_N+PB+MED,5,Persistencia,A_tiempo,575,144,-1.234,7.569407,2.751255,1.237667,80.2581,0.0,-1.3578,0.0,0
207,F_N+MED,1,Persistencia,A_tiempo,576,144,-0.5797,1.218927,1.10405,0.811708,18.4117,0.0,-0.4147,0.0,0
207,F_N+MED,3,Persistencia,A_tiempo,576,144,-0.7561,1.353814,1.163535,0.869856,33.7531,0.0,-0.7422,0.0,0
207,F_N+MED,5,Persistencia,A_tiempo,575,144,-0.7786,1.36096,1.166602,0.873932,45.6366,0.0,-0.8033,0.0,0
207,F_MED,1,Persistencia,A_tiempo,576,144,-0.5792,1.218882,1.10403,0.812037,18.4099,0.0,-0.4155,0.0,0
207,F_MED,3,Persistencia,A_tiempo,576,144,-0.7543,1.352249,1.162862,0.869367,33.7022,0.0,-0.7438,0.0,0
207,F_MED,5,Persistencia,A_tiempo,575,144,-0.7757,1.358643,1.165608,0.873287,45.0303,0.0,-0.8051,0.0,0
207,F_N+PB+MED,1,Persistencia,A_tiempo,576,144,-0.9276,1.937235,1.391846,1.015677,22.8566,0.0,-0.9859,0.0,0
207,F_N+PB+MED,3,Persistencia,A_tiempo,576,144,-0.9301,1.986319,1.409368,1.036545,39.5425,0.0,-1.0317,0.0,0
207,F_N+PB+MED,5,Persistencia,A_tiempo,575,144,-0.9206,1.971228,1.404004,1.031968,55.4636,0.0,-1.0318,0.0,0
208,F_N+MED,1,Persistencia,A_tiempo,576,144,-0.9845,1.485966,1.219002,0.742844,20.3225,0.0,-0.4803,0.0,0
208,F_N+MED,3,Persistencia,A_tiempo,576,144,-0.9782,1.478235,1.215827,0.787083,36.7373,0.0,-0.7462,0.0,0
208,F_N+MED,5,Persistencia,A_tiempo,575,144,-0.9708,1.468419,1.211783,0.794913,51.7246,0.0,-0.9229,0.0,0
208,F_MED,1,Persistencia,A_tiempo,576,144,-0.9863,1.486841,1.219361,0.741857,20.3272,0.0,-0.4804,0.0,0
208,F_MED,3,Persistencia,A_tiempo,576,144,-0.9783,1.478501,1.215936,0.786471,36.7441,0.0,-0.7463,0.0,0
208,F_MED,5,Persistencia,A_tiempo,575,144,-0.9709,1.469097,1.212063,0.794644,51.7086,0.0,-0.9228,0.0,0
208,F_N+PB+MED,1,Persistencia,A_tiempo,576,144,-1.1527,2.002892,1.415236,0.855564,23.704,0.0,-0.9553,0.0,0
208,F_N+PB+MED,3,Persistencia,A_tiempo,576,144,-1.1261,2.012201,1.418521,0.880991,41.9499,0.0,-0.967,0.0,0
208,F_N+PB+MED,5,Persistencia,A_tiempo,575,144,-1.0836,1.965378,1.401919,0.869869,59.0468,0.0,-0.9676,0.0,0
209,F_N+MED,1,Persistencia,A_tiempo,576,144,0.0014,1.123754,1.060072,0.785141,18.8379,0.0,-0.0484,0.0,0
209,F_N+MED,3,Persistencia,A_tiempo,576,144,-0.5963,1.867267,1.36648,1.05445,41.7414,0.0,-0.536,0.0,0
209,F_N+MED,5,Persistencia,A_tiempo,575,144,-0.7522,2.06077,1.435538,1.120414,54.8851,0.0,-0.6511,0.0,0
209,F_MED,1,Persistencia,A_tiempo,576,144,0.0061,1.119494,1.058061,0.78408,18.7734,0.0,-0.0459,0.0,0
209,F_MED,3,Persistencia,A_tiempo,576,144,-0.5953,1.86664,1.36625,1.054705,41.792,0.0,-0.5335,0.0,0
209,F_MED,5,Persistencia,A_tiempo,575,144,-0.7509,2.059794,1.435198,1.120679,54.8908,0.0,-0.6471,0.0,0
209,F_N+PB+MED,1,Persistencia,A_tiempo,576,144,-0.833,1.974337,1.405111,1.033871,25.6288,0.0,-0.9319,0.0,0
209,F_N+PB+MED,3,Persistencia,A_tiempo,576,144,-0.8238,1.931776,1.389883,1.030514,44.9705,0.0,-0.8661,0.0,0
209,F_N+PB+MED,5,Persistencia,A_tiempo,575,144,-0.837,1.938127,1.392166,1.034878,55.0998,0.0,-0.8601,0.0,0
210,F_N+MED,1,Persistencia,A_tiempo,576,144,-0.5816,1.085761,1.041998,0.782446,17.4308,0.0,-0.2265,0.0,0
210,F_N+MED,3,Persistencia,A_tiempo,576,144,-0.7273,1.192391,1.091967,0.827659,31.7423,0.0,-0.5624,0.0,0
210,F_N+MED,5,Persistencia,A_tiempo,575,144,-0.8041,1.255021,1.120277,0.849858,45.5892,0.0,-0.6771,0.0,0
210,F_MED,1,Persistencia,A_tiempo,576,144,-0.5899,1.093262,1.045592,0.783865,17.4169,0.0,-0.2181,0.0,0
210,F_MED,3,Persistencia,A_tiempo,576,144,-0.7369,1.200856,1.095836,0.829478,31.6468,0.0,-0.5542,0.0,0
210,F_MED,5,Persistencia,A_tiempo,575,144,-0.8139,1.263662,1.124127,0.851622,45.6383,0.0,-0.6697,0.0,0
210,F_N+PB+MED,1,Persistencia,A_tiempo,576,144,-0.7843,1.996932,1.413128,1.038305,24.0293,0.0,-0.9483,0.0,0
210,F_N+PB+MED,3,Persistencia,A_tiempo,576,144,-0.7988,1.965886,1.402101,1.045036,42.4413,0.0,-0.9416,0.0,0
210,F_N+PB+MED,5,Persistencia,A_tiempo,575,144,-0.8215,1.971931,1.404255,1.045739,57.4297,0.0,-0.9258,0.0,0
212,F_N+MED,1,Persistencia,A_tiempo,576,144,0.004,1.105109,1.051242,0.766103,16.3854,0.0,-0.4455,0.0,0
212,F_N+MED,3,Persistencia,A_tiempo,576,144,-0.5644,1.655233,1.286559,0.90335,34.9443,0.0,-0.6976,0.0,0
212,F_N+MED,5,Persistencia,A_tiempo,575,144,-0.9648,2.01595,1.419842,0.979211,46.6688,0.0,-0.8263,0.0,0
212,F_MED,1,Persistencia,A_tiempo,576,144,0.0017,1.105586,1.051468,0.766516,16.3359,0.0,-0.4444,0.0,0
212,F_MED,3,Persistencia,A_tiempo,576,144,-0.5683,1.657425,1.28741,0.905802,34.9984,0.0,-0.6962,0.0,0
212,F_MED,5,Persistencia,A_tiempo,575,144,-0.9688,2.018157,1.420619,0.981541,46.8832,0.0,-0.8254,0.0,0
212,F_N+PB+MED,1,Persistencia,A_tiempo,576,144,-0.9615,1.331979,1.154114,0.826281,18.3596,0.0,-0.9854,0.0,0
212,F_N+PB+MED,3,Persistencia,A_tiempo,576,144,-0.9165,1.328862,1.152763,0.823792,32.4863,0.0,-0.9917,0.0,0
212,F_N+PB+MED,5,Persistencia,A_tiempo,575,144,-0.9009,1.328379,1.152553,0.825911,41.7356,0.0,-0.9932,0.0,0
213,F_N+MED,1,Persistencia,A_tiempo,576,144,-0.373,1.450928,1.204545,0.904451,21.3689,0.0,-0.9489,0.0,0
213,F_N+MED,3,Persistencia,A_tiempo,576,144,-0.4263,1.544257,1.242681,0.929208,39.1306,0.0,-0.8959,0.0,0
213,F_N+MED,5,Persistencia,A_tiempo,575,144,-0.5489,1.701936,1.304583,0.988976,54.1099,0.0,-0.9359,0.0,0
213,F_MED,1,Persistencia,A_tiempo,576,144,-0.3728,1.450791,1.204488,0.904392,21.3649,0.0,-0.949,0.0,0
213,F_MED,3,Persistencia,A_tiempo,576,144,-0.4261,1.54404,1.242594,0.92911,39.1216,0.0,-0.8959,0.0,0
213,F_MED,5,Persistencia,A_tiempo,575,144,-0.5487,1.701728,1.304503,0.988881,54.1035,0.0,-0.9359,0.0,0
213,F_N+PB+MED,1,Persistencia,A_tiempo,576,144,-0.852,1.651113,1.284956,0.959423,22.5161,0.0,-1.4355,0.0,0
213,F_N+PB+MED,3,Persistencia,A_tiempo,576,144,-0.7415,1.648701,1.284018,0.94128,39.4415,0.0,-1.2727,0.0,0
213,F_N+PB+MED,5,Persistencia,A_tiempo,575,144,-0.7528,1.700246,1.303935,0.962638,54.0051,0.0,-1.2535,0.0,0
214,F_N+MED,1,Persistencia,A_tiempo,576,144,-1.133,1.654607,1.286315,0.838531,19.878,0.0,-0.766,0.0,0
214,F_N+MED,3,Persistencia,A_tiempo,576,144,-1.0881,1.830081,1.352805,0.898225,35.6682,0.0,-0.8896,0.0,0
214,F_N+MED,5,Persistencia,A_tiempo,575,144,-1.0868,1.861569,1.364393,0.913285,50.8524,0.0,-0.908,0.0,0
214,F_MED,1,Persistencia,A_tiempo,576,144,-1.1395,1.657201,1.287323,0.839515,20.0272,0.0,-0.7646,0.0,0
214,F_MED,3,Persistencia,A_tiempo,576,144,-1.0939,1.833855,1.354199,0.899138,35.6825,0.0,-0.8884,0.0,0
214,F_MED,5,Persistencia,A_tiempo,575,144,-1.0932,1.866113,1.366058,0.914286,50.9775,0.0,-0.9064,0.0,0
214,F_N+PB+MED,1,Persistencia,A_tiempo,576,144,-1.2426,1.810165,1.345424,0.876827,20.8603,0.0,-0.9251,0.0,0
214,F_N+PB+MED,3,Persistencia,A_tiempo,576,144,-1.1379,1.982557,1.408033,0.934886,37.5221,0.0,-1.0346,0.0,0
214,F_N+PB+MED,5,Persistencia,A_tiempo,575,144,-1.1484,2.021155,1.421673,0.948979,52.8983,0.0,-1.0334,0.0,0
215,F_N+MED,1,Persistencia,A_tiempo,576,144,-0.6384,1.732953,1.316417,0.924068,21.4945,0.0,-0.6587,0.0,0
215,F_N+MED,3,Persistencia,A_tiempo,576,144,-0.7374,1.905198,1.380289,0.977547,39.7373,0.0,-0.6906,0.0,0
215,F_N+MED,5,Persistencia,A_tiempo,575,144,-0.7537,1.939168,1.39254,0.997499,53.8234,0.0,-0.7147,0.0,0
215,F_MED,1,Persistencia,A_tiempo,576,144,-0.6455,1.735453,1.317366,0.926063,21.5143,0.0,-0.6552,0.0,0
215,F_MED,3,Persistencia,A_tiempo,576,144,-0.7455,1.912217,1.382829,0.979974,39.82,0.0,-0.6892,0.0,0
215,F_MED,5,Persistencia,A_tiempo,575,144,-0.7617,1.947042,1.395365,0.99983,53.7311,0.0,-0.7138,0.0,0
215,F_N+PB+MED,1,Persistencia,A_tiempo,576,144,-0.886,2.035507,1.426712,0.991764,23.2273,0.0,-0.9299,0.0,0
215,F_N+PB+MED,3,Persistencia,A_tiempo,576,144,-0.8647,2.089426,1.445485,0.999365,41.905,0.0,-0.8816,0.0,0
215,F_N+PB+MED,5,Persistencia,A_tiempo,575,144,-0.8288,2.07434,1.440257,0.994524,55.8065,0.0,-0.8678,0.0,0
217,F_N+MED,1,Persistencia,A_tiempo,576,144,-0.8955,2.214202,1.48802,1.113329,25.3736,0.0,-0.7667,0.0,0
217,F_N+MED,3,Persistencia,A_tiempo,576,144,-1.0579,2.349256,1.532728,1.172947,45.5772,0.0,-0.9891,0.0,0
217,F_N+MED,5,Persistencia,A_tiempo,575,144,-1.042,2.33256,1.527272,1.166007,58.5876,0.0,-1.0277,0.0,0
217,F_MED,1,Persistencia,A_tiempo,576,144,-0.8954,2.216499,1.488791,1.113487,25.3256,0.0,-0.7674,0.0,0
217,F_MED,3,Persistencia,A_tiempo,576,144,-1.0571,2.350607,1.533169,1.172655,45.4821,0.0,-0.9893,0.0,0
217,F_MED,5,Persistencia,A_tiempo,575,144,-1.0409,2.33367,1.527636,1.165659,58.5089,0.0,-1.0273,0.0,0
217,F_N+PB+MED,1,Persistencia,A_tiempo,576,144,-0.983,2.617531,1.617879,1.205935,27.7386,0.0,-0.9524,0.0,0
217,F_N+PB+MED,3,Persistencia,A_tiempo,576,144,-1.1359,2.736556,1.654254,1.2652,49.0278,0.0,-1.0726,0.0,0
217,F_N+PB+MED,5,Persistencia,A_tiempo,575,144,-1.1137,2.71974,1.649163,1.258376,62.9898,0.0,-1.0757,0.0,0
219,F_N+MED,1,Persistencia,A_tiempo,576,144,-0.0978,0.793023,0.890519,0.601449,12.4194,0.0,0.298,0.0,0
219,F_N+MED,3,Persistencia,A_tiempo,576,144,-0.8327,1.301746,1.140941,0.817071,30.6319,0.0,-0.2866,0.0,0
219,F_N+MED,5,Persistencia,A_tiempo,575,144,-1.1783,1.516678,1.231535,0.895361,44.5393,0.0,-0.6767,0.0,0
219,F_MED,1,Persistencia,A_tiempo,576,144,-0.0969,0.792098,0.889999,0.600925,12.4135,0.0,0.2981,0.0,0
219,F_MED,3,Persistencia,A_tiempo,576,144,-0.8332,1.301744,1.14094,0.816967,30.6303,0.0,-0.2866,0.0,0
219,F_MED,5,Persistencia,A_tiempo,575,144,-1.1793,1.517006,1.231668,0.895362,44.5543,0.0,-0.6766,0.0,0
219,F_N+PB+MED,1,Persistencia,A_tiempo,576,144,-1.5759,2.657804,1.630277,1.06371,22.8305,0.0,-0.8487,0.0,0
219,F_N+PB+MED,3,Persistencia,A_tiempo,576,144,-1.5076,2.81192,1.676878,1.105673,42.9137,0.0,-0.9452,0.0,0
219,F_N+PB+MED,5,Persistencia,A_tiempo,575,144,-1.5248,2.7889,1.67,1.101197,62.688,0.0,-0.9574,0.0,0
220,F_N+MED,1,Persistencia,A_tiempo,576,144,-0.4987,2.573097,1.604088,1.155688,27.1648,0.0,-0.3609,0.0,0
220,F_N+MED,3,Persistencia,A_tiempo,576,144,-0.6613,2.858508,1.690712,1.243669,49.2621,0.0,-0.5542,0.0,0
220,F_N+MED,5,Persistencia,A_tiempo,575,144,-0.7724,3.193149,1.786939,1.313218,65.8559,0.0,-0.5664,0.0,0
220,F_MED,1,Persistencia,A_tiempo,576,144,-0.4997,2.573037,1.604069,1.155683,27.1346,0.0,-0.3606,0.0,0
220,F_MED,3,Persistencia,A_tiempo,576,144,-0.6641,2.86146,1.691585,1.244492,49.2175,0.0,-0.5528,0.0,0
220,F_MED,5,Persistencia,A_tiempo,575,144,-0.774,3.193981,1.787171,1.314024,65.8743,0.0,-0.5656,0.0,0
220,F_N+PB+MED,1,Persistencia,A_tiempo,576,144,-0.9934,3.728786,1.931007,1.379103,32.9097,0.0,-0.921,0.0,0
220,F_N+PB+MED,3,Persistencia,A_tiempo,576,144,-1.0943,3.947463,1.986822,1.43676,57.8183,0.0,-0.988,0.0,0
220,F_N+PB+MED,5,Persistencia,A_tiempo,575,144,-1.1193,3.993355,1.998338,1.449282,75.804,0.0,-1.014,0.0,0
221,F_N+MED,1,Persistencia,A_tiempo,576,144,-1.0188,0.904527,0.951066,0.51342,8.0057,0.0,-0.5049,0.0,0
221,F_N+MED,3,Persistencia,A_tiempo,576,144,-0.8952,0.925836,0.962204,0.558443,18.8236,0.0,-0.6216,0.0,0
221,F_N+MED,5,Persistencia,A_tiempo,575,144,-0.94,0.938778,0.968905,0.575819,27.2696,0.0,-0.6437,0.0,0
221,F_MED,1,Persistencia,A_tiempo,576,144,-1.0205,0.902824,0.95017,0.515336,7.9958,0.0,-0.4999,0.0,0
221,F_MED,3,Persistencia,A_tiempo,576,144,-0.9001,0.925829,0.9622,0.560447,18.796,0.0,-0.6159,0.0,0
221,F_MED,5,Persistencia,A_tiempo,575,144,-0.9433,0.938156,0.968584,0.577559,27.2672,0.0,-0.6377,0.0,0
221,F_N+PB+MED,1,Persistencia,A_tiempo,576,144,-1.9095,1.023411,1.011638,0.545532,8.8235,0.0,-0.6731,0.0,0
221,F_N+PB+MED,3,Persistencia,A_tiempo,576,144,-1.6459,1.054378,1.026829,0.567257,19.4274,0.0,-0.7666,0.0,0
221,F_N+PB+MED,5,Persistencia,A_tiempo,575,144,-1.6605,1.039556,1.019586,0.568503,26.9881,0.0,-0.7722,0.0,0
222,F_N+MED,1,Persistencia,A_tiempo,576,144,-0.3685,1.297628,1.139135,0.852781,19.3984,0.0,-0.239,0.0,0
222,F_N+MED,3,Persistencia,A_tiempo,576,144,-0.7722,1.755282,1.324871,1.008739,40.6209,0.0,-0.5947,0.0,0
222,F_N+MED,5,Persistencia,A_tiempo,575,144,-0.9594,1.941565,1.393401,1.068459,51.5004,0.0,-0.7466,0.0,0
222,F_MED,1,Persistencia,A_tiempo,576,144,-0.3739,1.302492,1.141268,0.854503,19.5255,0.0,-0.2395,0.0,0
222,F_MED,3,Persistencia,A_tiempo,576,144,-0.7776,1.759306,1.326388,1.010326,40.8027,0.0,-0.5959,0.0,0
222,F_MED,5,Persistencia,A_tiempo,575,144,-0.9642,1.945083,1.394662,1.069455,51.6678,0.0,-0.7482,0.0,0
222,F_N+PB+MED,1,Persistencia,A_tiempo,576,144,-1.3422,2.498498,1.580664,1.227659,28.6217,0.0,-1.0115,0.0,0
222,F_N+PB+MED,3,Persistencia,A_tiempo,576,144,-1.1952,2.466792,1.570602,1.239372,50.2102,0.0,-0.9272,0.0,0
222,F_N+PB+MED,5,Persistencia,A_tiempo,575,144,-1.2263,2.507596,1.583539,1.253491,60.0823,0.0,-0.9216,0.0,0
223,F_N+MED,1,Persistencia,A_tiempo,576,144,-0.507,1.477958,1.215713,0.878144,20.0443,0.0,-0.5295,0.0,0
223,F_N+MED,3,Persistencia,A_tiempo,576,144,-0.6171,1.505707,1.227072,0.892496,36.562,0.0,-0.6215,0.0,0
223,F_N+MED,5,Persistencia,A_tiempo,575,144,-0.6934,1.55801,1.248203,0.909286,42.8939,0.0,-0.7035,0.0,0
223,F_MED,1,Persistencia,A_tiempo,576,144,-0.5072,1.478045,1.215749,0.878155,20.0519,0.0,-0.5296,0.0,0
223,F_MED,3,Persistencia,A_tiempo,576,144,-0.617,1.505634,1.227043,0.892513,36.5732,0.0,-0.6217,0.0,0
223,F_MED,5,Persistencia,A_tiempo,575,144,-0.6932,1.557826,1.248129,0.909263,42.8824,0.0,-0.7037,0.0,0
223,F_N+PB+MED,1,Persistencia,A_tiempo,576,144,-0.9137,2.138242,1.462273,1.055584,24.1234,0.0,-1.0292,0.0,0
223,F_N+PB+MED,3,Persistencia,A_tiempo,576,144,-0.8946,2.109275,1.452334,1.055651,42.847,0.0,-0.952,0.0,0
223,F_N+PB+MED,5,Persistencia,A_tiempo,575,144,-0.9439,2.151007,1.466631,1.071884,50.2992,0.0,-0.9498,0.0,0
228,F_N+MED,1,Persistencia,A_tiempo,576,144,-0.217,0.773393,0.879428,0.599369,13.949,0.0,-0.3617,0.0,0
228,F_N+MED,3,Persistencia,A_tiempo,576,144,-0.3648,0.842477,0.917865,0.643164,28.1572,0.0,-0.8785,0.0,0
228,F_N+MED,5,Persistencia,A_tiempo,575,144,-0.4298,0.872803,0.934239,0.66727,37.7726,0.0,-1.0698,0.0,0
228,F_MED,1,Persistencia,A_tiempo,576,144,-0.2181,0.774298,0.879942,0.599464,13.9668,0.0,-0.3635,0.0,0
228,F_MED,3,Persistencia,A_tiempo,576,144,-0.3658,0.843095,0.918202,0.643567,28.1755,0.0,-0.8803,0.0,0
228,F_MED,5,Persistencia,A_tiempo,575,144,-0.4311,0.873798,0.934772,0.667629,37.749,0.0,-1.0719,0.0,0
228,F_N+PB+MED,1,Persistencia,A_tiempo,576,144,-0.3126,1.264929,1.12469,0.72896,16.8984,0.0,-1.2211,0.0,0
228,F_N+PB+MED,3,Persistencia,A_tiempo,576,144,-0.3326,1.241468,1.114212,0.744548,32.8643,0.0,-1.1372,0.0,0
228,F_N+PB+MED,5,Persistencia,A_tiempo,575,144,-0.3491,1.240183,1.113635,0.751548,43.708,0.0,-1.1183,0.0,0
230,F_N+MED,1,Persistencia,A_tiempo,576,144,-0.4046,1.94757,1.395554,0.9782,23.6,0.0,-0.1485,0.0,0
230,F_N+MED,3,Persistencia,A_tiempo,576,144,-0.5686,2.159027,1.469363,1.064931,42.9712,0.0,-0.445,0.0,0
230,F_N+MED,5,Persistencia,A_tiempo,575,144,-0.7286,2.39401,1.547259,1.120875,55.7414,0.0,-0.627,0.0,0
230,F_MED,1,Persistencia,A_tiempo,576,144,-0.4038,1.947391,1.39549,0.977461,23.6097,0.0,-0.1496,0.0,0
230,F_MED,3,Persistencia,A_tiempo,576,144,-0.567,2.15776,1.468932,1.064041,42.9611,0.0,-0.4459,0.0,0
230,F_MED,5,Persistencia,A_tiempo,575,144,-0.7265,2.392242,1.546687,1.120084,55.7526,0.0,-0.6277,0.0,0
230,F_N+PB+MED,1,Persistencia,A_tiempo,576,144,-0.9552,2.519466,1.587283,1.109558,27.0646,0.0,-0.698,0.0,0
230,F_N+PB+MED,3,Persistencia,A_tiempo,576,144,-0.99,2.392101,1.546642,1.095862,45.4303,0.0,-0.7582,0.0,0
230,F_N+PB+MED,5,Persistencia,A_tiempo,575,144,-1.0288,2.436913,1.561062,1.10818,60.6444,0.0,-0.7559,0.0,0
231,F_N+MED,1,Persistencia,A_tiempo,576,144,-0.5705,1.75244,1.323797,0.966988,22.5467,0.0,-0.5438,0.0,0
231,F_N+MED,3,Persistencia,A_tiempo,576,144,-0.5643,1.771702,1.331053,0.984436,39.6014,0.0,-0.6045,0.0,0
231,F_N+MED,5,Persistencia,A_tiempo,575,144,-0.5666,1.769117,1.330082,0.989514,55.2872,0.0,-0.6294,0.0,0
231,F_MED,1,Persistencia,A_tiempo,576,144,-0.5699,1.750573,1.323092,0.966555,22.5631,0.0,-0.5432,0.0,0
231,F_MED,3,Persistencia,A_tiempo,576,144,-0.5637,1.770289,1.330522,0.983993,39.5954,0.0,-0.604,0.0,0
231,F_MED,5,Persistencia,A_tiempo,575,144,-0.566,1.767604,1.329513,0.989061,55.2701,0.0,-0.6289,0.0,0
231,F_N+PB+MED,1,Persistencia,A_tiempo,576,144,-0.9134,2.40681,1.55139,1.123518,26.4911,0.0,-0.9529,0.0,0
231,F_N+PB+MED,3,Persistencia,A_tiempo,576,144,-0.9067,2.433925,1.560104,1.136661,46.2118,0.0,-1.0052,0.0,0
231,F_N+PB+MED,5,Persistencia,A_tiempo,575,144,-0.9121,2.435315,1.56055,1.135587,64.0773,0.0,-1.0033,0.0,0
232,F_N+MED,1,Persistencia,A_tiempo,576,144,0.0247,0.986666,0.993311,0.691228,16.0601,0.0,-0.0041,0.0,0
232,F_N+MED,3,Persistencia,A_tiempo,576,144,-0.0243,1.064046,1.031526,0.756299,30.1847,0.0,-0.1331,0.0,0
232,F_N+MED,5,Persistencia,A_tiempo,575,144,-0.0821,1.122658,1.059556,0.788907,41.3826,0.0,-0.2279,0.0,0
232,F_MED,1,Persistencia,A_tiempo,576,144,0.0233,0.988325,0.994145,0.69167,16.1078,0.0,-0.0039,0.0,0
232,F_MED,3,Persistencia,A_tiempo,576,144,-0.0254,1.065376,1.032171,0.756803,30.2024,0.0,-0.1327,0.0,0
232,F_MED,5,Persistencia,A_tiempo,575,144,-0.0832,1.123947,1.060164,0.789383,41.7564,0.0,-0.2275,0.0,0
232,F_N+PB+MED,1,Persistencia,A_tiempo,576,144,-0.9555,1.930735,1.389509,0.947983,22.6568,0.0,-0.975,0.0,0
232,F_N+PB+MED,3,Persistencia,A_tiempo,576,144,-0.9016,1.93914,1.39253,0.980359,41.5126,0.0,-0.971,0.0,0
232,F_N+PB+MED,5,Persistencia,A_tiempo,575,144,-0.9094,1.957745,1.399194,0.999318,54.2987,0.0,-0.9864,0.0,0
233,F_N+MED,1,Persistencia,A_tiempo,576,144,-0.8521,1.888326,1.374164,0.991119,23.1724,0.0,-0.5511,0.0,0
233,F_N+MED,3,Persistencia,A_tiempo,576,144,-0.8525,1.936787,1.391685,1.02011,41.3426,0.0,-0.6936,0.0,0
233,F_N+MED,5,Persistencia,A_tiempo,575,144,-0.893,1.984557,1.408743,1.040863,51.8824,0.0,-0.8238,0.0,0
233,F_MED,1,Persistencia,A_tiempo,576,144,-0.8522,1.888617,1.374269,0.991194,23.1653,0.0,-0.5508,0.0,0
233,F_MED,3,Persistencia,A_tiempo,576,144,-0.8526,1.937138,1.391811,1.020236,41.3352,0.0,-0.6935,0.0,0
233,F_MED,5,Persistencia,A_tiempo,575,144,-0.8933,1.985105,1.408937,1.041047,51.9042,0.0,-0.8239,0.0,0
233,F_N+PB+MED,1,Persistencia,A_tiempo,576,144,-1.248,2.510995,1.584612,1.144935,26.4534,0.0,-1.0924,0.0,0
233,F_N+PB+MED,3,Persistencia,A_tiempo,576,144,-1.1816,2.466864,1.570625,1.133666,45.206,0.0,-0.9998,0.0,0
233,F_N+PB+MED,5,Persistencia,A_tiempo,575,144,-1.1731,2.449748,1.565167,1.132507,55.9758,0.0,-1.0079,0.0,0
234,F_N+MED,1,Persistencia,A_tiempo,576,144,0.4306,0.376456,0.61356,0.441429,9.7723,0.0,0.5533,0.0,0
234,F_N+MED,3,Persistencia,A_tiempo,576,144,0.0526,0.728129,0.853305,0.57124,22.3936,0.0,-0.0936,0.0,0
234,F_N+MED,5,Persistencia,A_tiempo,575,144,-0.2699,1.023292,1.011579,0.654355,32.3421,0.0,-0.4891,0.0,0
234,F_MED,1,Persistencia,A_tiempo,576,144,0.4315,0.375674,0.612923,0.440697,9.7582,0.0,0.5529,0.0,0
234,F_MED,3,Persistencia,A_tiempo,576,144,0.0535,0.727305,0.852822,0.570557,22.3718,0.0,-0.0941,0.0,0
234,F_MED,5,Persistencia,A_tiempo,575,144,-0.2694,1.022707,1.01129,0.653871,32.3162,0.0,-0.4898,0.0,0
234,F_N+PB+MED,1,Persistencia,A_tiempo,576,144,-1.2288,1.79301,1.339033,1.054897,22.7251,0.0,-1.0783,0.0,0
234,F_N+PB+MED,3,Persistencia,A_tiempo,576,144,-1.2152,1.836822,1.355294,1.062295,39.9663,0.0,-1.0532,0.0,0
234,F_N+PB+MED,5,Persistencia,A_tiempo,575,144,-1.2015,1.845299,1.358418,1.064357,53.1735,0.0,-1.0492,0.0,0
