Paciente,Filtro,Ventana_seg,Horizonte_seg,Modelo,Experimento,n_train,n_test,formulacion,R2,MSE,RMSE,MAE,DTW,Latencia_ms,R2_train,t_fit_s
100,F_SIN,5,1,LinReg,A_tiempo,576,144,multi-step-direct,-4.4439,6.417009,2.533182,1.881652,38.3063,0.2691,1.0,0.581
100,F_SIN,5,1,DT,A_tiempo,576,144,multi-step-direct,-0.3652,1.60917,1.268531,0.607932,17.5306,0.0172,0.6001,5.391
100,F_SIN,5,1,RF,A_tiempo,576,144,multi-step-direct,0.0812,1.08307,1.040707,0.506892,21.824,0.1732,0.5557,2.281
100,F_SIN,5,1,SVR_rbf,A_tiempo,576,144,multi-step-direct,-0.0011,1.180051,1.086301,0.492276,22.2154,20.306,0.2597,18.15
100,F_SIN,5,1,MLP,A_tiempo,576,144,multi-step-direct,-0.008,1.188128,1.090013,0.55758,23.515,0.0083,0.005,4.71
100,F_SIN,5,1,ARIMA,A_tiempo,576,144,multi-step-direct,-0.0031,0.856378,0.925407,0.505579,17.0832,3.4807,0.8712,1.253
100,F_SIN,5,3,LinReg,A_tiempo,576,144,multi-step-direct,-4.8287,6.905714,2.627872,1.968561,44.4044,0.1469,1.0,1.193
100,F_SIN,5,3,DT,A_tiempo,576,144,multi-step-direct,-0.3505,1.60009,1.264947,0.652545,13.5071,0.009,0.5103,16.593
100,F_SIN,5,3,RF,A_tiempo,576,144,multi-step-direct,0.0319,1.146932,1.070949,0.533504,18.4497,0.2544,0.409,6.368
100,F_SIN,5,3,SVR_rbf,A_tiempo,576,144,multi-step-direct,-0.0245,1.21379,1.101721,0.515273,18.0309,76.4465,0.2523,44.992
100,F_SIN,5,3,MLP,A_tiempo,576,144,multi-step-direct,-0.0063,1.19229,1.09192,0.55451,19.2974,0.0131,0.0107,0.802
100,F_SIN,5,3,ARIMA,A_tiempo,576,144,multi-step-direct,-0.0184,1.256759,1.121053,0.625429,25.9433,0.5248,0.8712,0.567
100,F_SIN,5,5,LinReg,A_tiempo,575,144,multi-step-direct,-4.7775,6.925592,2.631652,1.98534,44.4443,0.2435,1.0,1.946
100,F_SIN,5,5,DT,A_tiempo,575,144,multi-step-direct,-0.3496,1.617738,1.271903,0.667504,13.8967,0.0112,0.479,28.681
100,F_SIN,5,5,RF,A_tiempo,575,144,multi-step-direct,0.0202,1.174503,1.083745,0.540981,22.5635,0.3587,0.3034,13.124
100,F_SIN,5,5,SVR_rbf,A_tiempo,575,144,multi-step-direct,-0.0355,1.241292,1.114133,0.528646,22.2895,120.929,0.2515,67.513
100,F_SIN,5,5,MLP,A_tiempo,575,144,multi-step-direct,-0.0051,1.204806,1.097637,0.555343,23.4791,0.0195,0.0148,3.157
100,F_SIN,5,5,ARIMA,A_tiempo,575,144,multi-step-direct,-0.0223,1.085188,1.041724,0.567991,19.4067,0.3038,0.8712,0.547
100,F_N,5,1,LinReg,A_tiempo,576,144,multi-step-direct,-4.6146,6.620232,2.572981,1.913707,39.2779,0.1423,1.0,0.59
100,F_N,5,1,DT,A_tiempo,576,144,multi-step-direct,-0.1702,1.379796,1.174647,0.579703,15.6908,0.0083,0.5344,9.154
100,F_N,5,1,RF,A_tiempo,576,144,multi-step-direct,0.0776,1.087659,1.042909,0.509653,21.4136,0.1778,0.575,5.048
100,F_N,5,1,SVR_rbf,A_tiempo,576,144,multi-step-direct,-0.0008,1.180111,1.086329,0.491371,22.1304,26.2085,0.2594,13.339
100,F_N,5,1,MLP,A_tiempo,576,144,multi-step-direct,-0.0102,1.191105,1.091377,0.559572,23.2734,0.0294,0.0099,2.427
100,F_N,5,1,ARIMA,A_tiempo,576,144,multi-step-direct,-0.0784,0.919716,0.959018,0.582741,17.9011,2.1411,0.8762,0.771
100,F_N,5,3,LinReg,A_tiempo,576,144,multi-step-direct,-4.9769,7.082945,2.66138,1.994357,44.7313,0.1566,1.0,1.324
100,F_N,5,3,DT,A_tiempo,576,144,multi-step-direct,-0.381,1.63655,1.279277,0.661528,14.7287,0.011,0.5062,26.094
100,F_N,5,3,RF,A_tiempo,576,144,multi-step-direct,0.0316,1.147634,1.071277,0.534558,18.2884,0.2558,0.4239,11.035
100,F_N,5,3,SVR_rbf,A_tiempo,576,144,multi-step-direct,-0.0242,1.213709,1.101685,0.514493,18.036,62.6696,0.2519,42.575
100,F_N,5,3,MLP,A_tiempo,576,144,multi-step-direct,-0.0072,1.193589,1.092515,0.55434,19.2891,0.0313,0.0124,3.474
100,F_N,5,3,ARIMA,A_tiempo,576,144,multi-step-direct,-0.0929,1.348472,1.161237,0.734367,26.813,1.0483,0.8762,1.132
100,F_N,5,5,LinReg,A_tiempo,575,144,multi-step-direct,-4.9088,7.08434,2.661642,2.009031,43.6549,0.2423,1.0,2.133
100,F_N,5,5,DT,A_tiempo,575,144,multi-step-direct,-0.3866,1.662453,1.289362,0.675034,13.9654,0.0094,0.4685,44.509
100,F_N,5,5,RF,A_tiempo,575,144,multi-step-direct,0.0169,1.17869,1.085675,0.541049,22.402,0.2624,0.3144,18.316
100,F_N,5,5,SVR_rbf,A_tiempo,575,144,multi-step-direct,-0.0353,1.241331,1.11415,0.528014,22.2338,113.9691,0.2511,66.51
100,F_N,5,5,MLP,A_tiempo,575,144,multi-step-direct,-0.0046,1.204514,1.097503,0.554611,23.3256,0.0184,0.0181,3.391
100,F_N,5,5,ARIMA,A_tiempo,575,144,multi-step-direct,-0.1093,1.17722,1.084998,0.678464,21.0146,0.3478,0.8762,0.626
100,F_PB,5,1,LinReg,A_tiempo,576,144,multi-step-direct,-27.8894,33.053472,5.749215,4.383079,114.6636,0.2483,1.0,0.573
100,F_PB,5,1,DT,A_tiempo,576,144,multi-step-direct,-0.3168,1.506635,1.227451,0.493299,11.107,0.0081,0.6655,8.977
100,F_PB,5,1,RF,A_tiempo,576,144,multi-step-direct,0.128,0.997695,0.998847,0.424469,19.0657,0.1731,0.6875,4.771
100,F_PB,5,1,SVR_rbf,A_tiempo,576,144,multi-step-direct,-0.0101,1.155698,1.075034,0.405109,21.816,22.0691,0.1982,12.795
100,F_PB,5,1,MLP,A_tiempo,576,144,multi-step-direct,-0.0093,1.154731,1.074584,0.500528,22.5102,0.021,0.0107,3.241
100,F_PB,5,1,ARIMA,A_tiempo,576,144,multi-step-direct,-0.0575,0.844126,0.918763,0.49318,17.1729,5.6729,0.924,2.042
100,F_PB,5,3,LinReg,A_tiempo,576,144,multi-step-direct,-29.662,35.509608,5.958994,4.575385,116.7288,0.1462,1.0,1.103
100,F_PB,5,3,DT,A_tiempo,576,144,multi-step-direct,-0.3648,1.580609,1.257223,0.554776,10.0411,0.0096,0.5376,25.99
100,F_PB,5,3,RF,A_tiempo,576,144,multi-step-direct,0.0535,1.096119,1.046957,0.467315,16.8184,0.2573,0.5048,9.518
100,F_PB,5,3,SVR_rbf,A_tiempo,576,144,multi-step-direct,-0.0287,1.191334,1.091482,0.43428,18.2191,57.8035,0.1913,42.371
100,F_PB,5,3,MLP,A_tiempo,576,144,multi-step-direct,-0.004,1.162734,1.078301,0.497718,19.1927,0.1445,0.0144,3.876
100,F_PB,5,3,ARIMA,A_tiempo,576,144,multi-step-direct,-0.0432,1.306353,1.142958,0.646561,26.554,2.1828,0.924,2.357
100,F_PB,5,5,LinReg,A_tiempo,575,144,multi-step-direct,-30.0093,36.294847,6.024521,4.63775,111.8477,0.2487,1.0,2.035
100,F_PB,5,5,DT,A_tiempo,575,144,multi-step-direct,-0.2503,1.463369,1.209698,0.551107,14.8855,0.0093,0.4919,43.378
100,F_PB,5,5,RF,A_tiempo,575,144,multi-step-direct,0.0329,1.132,1.063955,0.47892,20.6826,0.3335,0.4,17.533
100,F_PB,5,5,SVR_rbf,A_tiempo,575,144,multi-step-direct,-0.0329,1.208924,1.099511,0.442941,21.8581,113.6013,0.1913,68.112
100,F_PB,5,5,MLP,A_tiempo,575,144,multi-step-direct,-0.0042,1.175313,1.084119,0.498681,22.5005,0.1401,0.0117,3.884
100,F_PB,5,5,ARIMA,A_tiempo,575,144,multi-step-direct,-0.0591,1.122403,1.059435,0.604807,19.8197,0.8997,0.924,1.619
100,F_MED,5,1,LinReg,A_tiempo,576,144,multi-step-direct,-0.0499,1.316631,1.147446,0.831734,17.1033,0.1326,1.0,0.545
100,F_MED,5,1,DT,A_tiempo,576,144,multi-step-direct,0.0504,1.190856,1.091264,0.826899,16.4065,0.0065,0.8643,5.031
100,F_MED,5,1,RF,A_tiempo,576,144,multi-step-direct,0.4223,0.724421,0.851129,0.627483,16.309,0.1756,0.8587,2.277
100,F_MED,5,1,SVR_rbf,A_tiempo,576,144,multi-step-direct,0.3932,0.760953,0.872326,0.610211,15.9217,19.73,0.8198,13.138
100,F_MED,5,1,MLP,A_tiempo,576,144,multi-step-direct,0.2585,0.929924,0.964326,0.676051,15.1843,0.008,0.7202,1.242
100,F_MED,5,1,ARIMA,A_tiempo,576,144,multi-step-direct,-2.9373,3.394671,1.842463,1.589875,33.7926,2.3372,0.9917,0.841
100,F_MED,5,3,LinReg,A_tiempo,576,144,multi-step-direct,-0.6899,2.213175,1.487675,1.064419,19.0037,0.2797,1.0,2.881
100,F_MED,5,3,DT,A_tiempo,576,144,multi-step-direct,-0.1625,1.522374,1.233845,0.929435,16.9307,0.0113,0.7677,15.819
100,F_MED,5,3,RF,A_tiempo,576,144,multi-step-direct,0.1844,1.068155,1.033516,0.75377,17.6052,0.1752,0.7721,5.74
100,F_MED,5,3,SVR_rbf,A_tiempo,576,144,multi-step-direct,0.207,1.03854,1.019088,0.728168,17.0974,77.5166,0.6947,36.709
100,F_MED,5,3,MLP,A_tiempo,576,144,multi-step-direct,0.0999,1.178791,1.085721,0.780776,16.3176,0.0128,0.5475,1.566
100,F_MED,5,3,ARIMA,A_tiempo,576,144,multi-step-direct,-3.4991,4.744029,2.178079,1.941479,48.545,0.803,0.9917,0.867
100,F_MED,5,5,LinReg,A_tiempo,575,144,multi-step-direct,-0.8767,2.493924,1.579216,1.133809,20.8835,0.504,1.0,4.075
100,F_MED,5,5,DT,A_tiempo,575,144,multi-step-direct,-0.3073,1.737349,1.318085,0.997166,16.334,0.0097,0.6993,25.939
100,F_MED,5,5,RF,A_tiempo,575,144,multi-step-direct,0.1461,1.134737,1.06524,0.77764,17.9153,0.2487,0.7234,11.577
100,F_MED,5,5,SVR_rbf,A_tiempo,575,144,multi-step-direct,0.1401,1.142709,1.068975,0.770025,16.9404,116.9007,0.6417,58.707
100,F_MED,5,5,MLP,A_tiempo,575,144,multi-step-direct,0.0186,1.304198,1.142015,0.82902,16.6444,0.035,0.4982,2.192
100,F_MED,5,5,ARIMA,A_tiempo,575,144,multi-step-direct,-3.3133,4.5283,2.12798,1.887274,48.081,0.4676,0.9917,0.842
100,F_N+PB,5,1,LinReg,A_tiempo,576,144,multi-step-direct,-38.1108,44.748363,6.689422,5.070803,136.9836,0.3409,1.0,1.714
100,F_N+PB,5,1,DT,A_tiempo,576,144,multi-step-direct,-0.2301,1.407462,1.186365,0.461292,11.368,0.0065,0.6647,9.505
100,F_N+PB,5,1,RF,A_tiempo,576,144,multi-step-direct,0.133,0.992017,0.996,0.422281,18.7123,0.1744,0.6895,3.051
100,F_N+PB,5,1,SVR_rbf,A_tiempo,576,144,multi-step-direct,-0.0101,1.155693,1.075032,0.405132,21.8148,19.1844,0.1982,14.32
100,F_N+PB,5,1,MLP,A_tiempo,576,144,multi-step-direct,-0.0093,1.154807,1.07462,0.500602,22.503,0.0078,0.0108,0.586
100,F_N+PB,5,1,ARIMA,A_tiempo,576,144,multi-step-direct,-0.0618,0.847532,0.920615,0.499463,17.1766,5.2011,0.924,1.872
100,F_N+PB,5,3,LinReg,A_tiempo,576,144,multi-step-direct,-41.0655,48.711374,6.979353,5.335764,139.8618,0.3477,1.0,2.66
100,F_N+PB,5,3,DT,A_tiempo,576,144,multi-step-direct,-0.3341,1.544825,1.24291,0.545117,11.435,0.0106,0.5359,25.745
100,F_N+PB,5,3,RF,A_tiempo,576,144,multi-step-direct,0.0538,1.095693,1.046753,0.46667,16.9135,0.2627,0.4992,11.362
100,F_N+PB,5,3,SVR_rbf,A_tiempo,576,144,multi-step-direct,-0.0287,1.191212,1.091426,0.43425,18.218,74.8312,0.1913,39.959
100,F_N+PB,5,3,MLP,A_tiempo,576,144,multi-step-direct,-0.004,1.162628,1.078252,0.49769,19.1924,0.0128,0.0144,0.805
100,F_N+PB,5,3,ARIMA,A_tiempo,576,144,multi-step-direct,-0.0462,1.31012,1.144605,0.652099,26.5708,1.759,0.924,1.9
100,F_N+PB,5,5,LinReg,A_tiempo,575,144,multi-step-direct,-40.9213,49.066218,7.004728,5.367065,134.5123,0.505,1.0,3.429
100,F_N+PB,5,5,DT,A_tiempo,575,144,multi-step-direct,-0.2731,1.490075,1.220686,0.555989,14.9793,0.0106,0.5015,42.801
100,F_N+PB,5,5,RF,A_tiempo,575,144,multi-step-direct,0.0344,1.13012,1.063071,0.478785,20.5679,0.2601,0.403,17.94
100,F_N+PB,5,5,SVR_rbf,A_tiempo,575,144,multi-step-direct,-0.0329,1.208914,1.099506,0.442952,21.8549,124.7034,0.1913,72.111
100,F_N+PB,5,5,MLP,A_tiempo,575,144,multi-step-direct,-0.0042,1.175308,1.084116,0.498701,22.4988,0.0326,0.0117,3.451
100,F_N+PB,5,5,ARIMA,A_tiempo,575,144,multi-step-direct,-0.0629,1.126437,1.061337,0.610502,19.8598,2.024,0.924,3.643
100,F_N+MED,5,1,LinReg,A_tiempo,576,144,multi-step-direct,-0.3425,1.681432,1.2967,0.863018,18.2938,0.1055,1.0,0.56
100,F_N+MED,5,1,DT,A_tiempo,576,144,multi-step-direct,0.1156,1.107715,1.052481,0.791022,16.3849,0.0087,0.8706,9.38
100,F_N+MED,5,1,RF,A_tiempo,576,144,multi-step-direct,0.4089,0.740296,0.860404,0.631783,16.4412,0.1792,0.8587,5.108
100,F_N+MED,5,1,SVR_rbf,A_tiempo,576,144,multi-step-direct,0.3914,0.762191,0.873036,0.61127,15.9051,24.5682,0.819,12.686
100,F_N+MED,5,1,MLP,A_tiempo,576,144,multi-step-direct,0.1794,1.027765,1.013787,0.695599,15.1785,0.0076,0.7353,5.335
100,F_N+MED,5,1,ARIMA,A_tiempo,576,144,multi-step-direct,-2.7753,3.309192,1.819118,1.568954,34.1043,1.9925,0.9933,0.717
100,F_N+MED,5,3,LinReg,A_tiempo,576,144,multi-step-direct,-0.8395,2.406456,1.551275,1.079922,19.4353,0.1535,1.0,1.371
100,F_N+MED,5,3,DT,A_tiempo,576,144,multi-step-direct,-0.1469,1.500316,1.224874,0.919604,16.1846,0.0102,0.7552,27.331
100,F_N+MED,5,3,RF,A_tiempo,576,144,multi-step-direct,0.2035,1.041957,1.020763,0.743672,17.9074,0.2607,0.7687,8.372
100,F_N+MED,5,3,SVR_rbf,A_tiempo,576,144,multi-step-direct,0.2056,1.039176,1.0194,0.728597,17.0517,60.8827,0.694,37.256
100,F_N+MED,5,3,MLP,A_tiempo,576,144,multi-step-direct,0.1159,1.156604,1.075455,0.776267,16.2626,0.0132,0.5363,1.516
100,F_N+MED,5,3,ARIMA,A_tiempo,576,144,multi-step-direct,-3.412,4.63037,2.151829,1.914867,48.4468,0.991,0.9933,1.07
100,F_N+MED,5,5,LinReg,A_tiempo,575,144,multi-step-direct,-1.0111,2.668897,1.633676,1.154617,19.0908,0.269,1.0,3.578
100,F_N+MED,5,5,DT,A_tiempo,575,144,multi-step-direct,-0.2926,1.715423,1.309742,0.994052,16.4257,0.0119,0.7238,42.888
100,F_N+MED,5,5,RF,A_tiempo,575,144,multi-step-direct,0.1304,1.154047,1.074266,0.782847,17.9874,0.3435,0.7254,14.642
100,F_N+MED,5,5,SVR_rbf,A_tiempo,575,144,multi-step-direct,0.1392,1.142358,1.068811,0.76995,16.8403,114.9126,0.6411,65.309
100,F_N+MED,5,5,MLP,A_tiempo,575,144,multi-step-direct,0.0218,1.298211,1.139391,0.824157,16.6358,0.0204,0.4648,1.983
100,F_N+MED,5,5,ARIMA,A_tiempo,575,144,multi-step-direct,-3.2432,4.414212,2.101003,1.860487,47.7368,0.5444,0.9933,0.98
100,F_N+PB+MED,5,1,LinReg,A_tiempo,576,144,multi-step-direct,-0.8202,1.654408,1.286238,0.938441,18.1656,0.2149,1.0,1.652
100,F_N+PB+MED,5,1,DT,A_tiempo,576,144,multi-step-direct,0.2882,0.646923,0.804315,0.548377,13.1094,0.006,0.9322,9.651
100,F_N+PB+MED,5,1,RF,A_tiempo,576,144,multi-step-direct,0.6148,0.350075,0.591671,0.433241,10.2276,0.1747,0.9057,3.03
100,F_N+PB+MED,5,1,SVR_rbf,A_tiempo,576,144,multi-step-direct,0.5838,0.378253,0.615023,0.447732,10.6395,19.868,0.8021,13.622
100,F_N+PB+MED,5,1,MLP,A_tiempo,576,144,multi-step-direct,0.4767,0.475602,0.689639,0.501787,11.6986,0.0076,0.7815,1.5
100,F_N+PB+MED,5,1,ARIMA,A_tiempo,576,144,multi-step-direct,-0.8989,1.008303,1.004143,0.807605,18.5819,0.4621,0.9919,0.166
100,F_N+PB+MED,5,3,LinReg,A_tiempo,576,144,multi-step-direct,-1.6523,2.891489,1.700438,1.194804,20.9875,0.2755,1.0,1.303
100,F_N+PB+MED,5,3,DT,A_tiempo,576,144,multi-step-direct,0.0435,1.042725,1.021139,0.682236,12.4755,0.0115,0.8663,26.356
100,F_N+PB+MED,5,3,RF,A_tiempo,576,144,multi-step-direct,0.3466,0.712311,0.843985,0.564751,12.2451,0.2503,0.8369,10.576
100,F_N+PB+MED,5,3,SVR_rbf,A_tiempo,576,144,multi-step-direct,0.3341,0.725956,0.852031,0.560592,11.8727,115.4173,0.6988,36.673
100,F_N+PB+MED,5,3,MLP,A_tiempo,576,144,multi-step-direct,0.2779,0.787206,0.887246,0.607656,12.2537,0.0284,0.6399,10.857
100,F_N+PB+MED,5,3,ARIMA,A_tiempo,576,144,multi-step-direct,-0.7882,1.918967,1.385268,1.160575,31.3249,0.271,0.9919,0.293
100,F_N+PB+MED,5,5,LinReg,A_tiempo,575,144,multi-step-direct,-1.9786,3.262407,1.806213,1.300193,22.2779,0.5424,1.0,3.804
100,F_N+PB+MED,5,5,DT,A_tiempo,575,144,multi-step-direct,-0.0913,1.195305,1.0933,0.744218,12.6891,0.012,0.8155,50.691
100,F_N+PB+MED,5,5,RF,A_tiempo,575,144,multi-step-direct,0.2864,0.781547,0.884052,0.608329,11.9616,0.3384,0.7987,15.454
100,F_N+PB+MED,5,5,SVR_rbf,A_tiempo,575,144,multi-step-direct,0.2784,0.790389,0.889038,0.594765,12.2448,114.8222,0.6561,61.324
100,F_N+PB+MED,5,5,MLP,A_tiempo,575,144,multi-step-direct,0.2408,0.831509,0.911871,0.633317,12.44,0.0181,0.5973,3.185
100,F_N+PB+MED,5,5,ARIMA,A_tiempo,575,144,multi-step-direct,-0.8341,1.761361,1.327163,1.114546,30.3013,0.1438,0.9919,0.259
101,F_SIN,5,1,LinReg,A_tiempo,576,144,multi-step-direct,-5.159,4.559956,2.135405,1.612134,33.1812,0.0961,1.0,0.544
101,F_SIN,5,1,DT,A_tiempo,576,144,multi-step-direct,-0.5819,1.171186,1.082213,0.501412,17.5023,0.0078,0.4821,5.341
101,F_SIN,5,1,RF,A_tiempo,576,144,multi-step-direct,0.107,0.66113,0.813099,0.415771,17.6043,0.279,0.5054,4.08
101,F_SIN,5,1,SVR_rbf,A_tiempo,576,144,multi-step-direct,0.0377,0.712447,0.844066,0.398064,18.0219,19.7768,0.3052,12.237
101,F_SIN,5,1,MLP,A_tiempo,576,144,multi-step-direct,-0.0272,0.76051,0.872072,0.487705,18.7428,0.0082,0.2215,0.948
101,F_SIN,5,1,ARIMA,A_tiempo,576,144,multi-step-direct,-1.356,1.737669,1.318207,1.001587,21.019,1.9125,0.9033,0.689
101,F_SIN,5,3,LinReg,A_tiempo,576,144,multi-step-direct,-5.6409,4.957382,2.226518,1.705055,35.2193,0.2632,1.0,2.873
101,F_SIN,5,3,DT,A_tiempo,576,144,multi-step-direct,-0.1129,0.830771,0.911466,0.486853,19.747,0.009,0.277,13.597
101,F_SIN,5,3,RF,A_tiempo,576,144,multi-step-direct,0.0218,0.730203,0.854519,0.462808,20.3017,0.1862,0.3003,7.398
101,F_SIN,5,3,SVR_rbf,A_tiempo,576,144,multi-step-direct,-0.0111,0.754773,0.868777,0.437734,20.0892,78.1859,0.2773,38.551
101,F_SIN,5,3,MLP,A_tiempo,576,144,multi-step-direct,-0.0259,0.765811,0.875106,0.485304,20.5957,0.0127,0.0707,1.385
101,F_SIN,5,3,ARIMA,A_tiempo,576,144,multi-step-direct,-0.7102,1.494116,1.222341,0.790488,23.0669,0.5769,0.9033,0.623
101,F_SIN,5,5,LinReg,A_tiempo,575,144,multi-step-direct,-5.8353,5.108006,2.26009,1.732989,35.5626,0.4953,1.0,4.5
101,F_SIN,5,5,DT,A_tiempo,575,144,multi-step-direct,-0.7691,1.322049,1.149804,0.57227,11.4509,0.0094,0.209,24.605
101,F_SIN,5,5,RF,A_tiempo,575,144,multi-step-direct,0.002,0.74582,0.863609,0.475541,16.5863,0.6924,0.221,14.922
101,F_SIN,5,5,SVR_rbf,A_tiempo,575,144,multi-step-direct,-0.0245,0.765637,0.875007,0.454251,15.9291,117.3568,0.2674,68.981
101,F_SIN,5,5,MLP,A_tiempo,575,144,multi-step-direct,-0.0132,0.757153,0.870145,0.482552,16.8922,0.0202,0.0098,0.979
101,F_SIN,5,5,ARIMA,A_tiempo,575,144,multi-step-direct,-0.6551,1.214001,1.101817,0.695998,23.6946,0.3393,0.9033,0.611
101,F_N,5,1,LinReg,A_tiempo,576,144,multi-step-direct,-5.3099,4.670279,2.161083,1.636936,35.2564,0.1089,1.0,0.527
101,F_N,5,1,DT,A_tiempo,576,144,multi-step-direct,-0.6285,1.205307,1.097865,0.522142,17.4346,0.0086,0.4659,10.162
101,F_N,5,1,RF,A_tiempo,576,144,multi-step-direct,0.1057,0.661902,0.813574,0.418958,18.1168,0.1697,0.5192,3.916
101,F_N,5,1,SVR_rbf,A_tiempo,576,144,multi-step-direct,0.0379,0.712124,0.843874,0.397377,18.0723,32.6368,0.3049,14.118
101,F_N,5,1,MLP,A_tiempo,576,144,multi-step-direct,-0.0301,0.762397,0.873154,0.493181,18.4202,0.0085,0.2836,1.696
101,F_N,5,1,ARIMA,A_tiempo,576,144,multi-step-direct,-1.6554,1.959136,1.399691,1.107565,21.6988,1.6497,0.9077,0.594
101,F_N,5,3,LinReg,A_tiempo,576,144,multi-step-direct,-5.768,5.050892,2.247419,1.72325,35.2891,0.175,1.0,1.432
101,F_N,5,3,DT,A_tiempo,576,144,multi-step-direct,-0.018,0.759755,0.871639,0.473938,18.7481,0.0083,0.2743,31.744
101,F_N,5,3,RF,A_tiempo,576,144,multi-step-direct,0.0166,0.73391,0.856686,0.465315,20.3628,0.332,0.3021,13.462
101,F_N,5,3,SVR_rbf,A_tiempo,576,144,multi-step-direct,-0.0109,0.754434,0.868582,0.437199,20.066,76.9846,0.277,40.479
101,F_N,5,3,MLP,A_tiempo,576,144,multi-step-direct,-0.0234,0.763767,0.873937,0.484326,20.6088,0.0131,0.0619,1.095
101,F_N,5,3,ARIMA,A_tiempo,576,144,multi-step-direct,-0.9158,1.673586,1.293671,0.896313,23.856,0.571,0.9077,0.617
101,F_N,5,5,LinReg,A_tiempo,575,144,multi-step-direct,-5.9993,5.229111,2.286725,1.754767,37.0918,0.3108,1.0,2.1
101,F_N,5,5,DT,A_tiempo,575,144,multi-step-direct,-0.472,1.099745,1.048687,0.543265,10.6844,0.0105,0.2158,50.685
101,F_N,5,5,RF,A_tiempo,575,144,multi-step-direct,0.0047,0.74357,0.862305,0.475262,16.5029,0.3431,0.223,21.337
101,F_N,5,5,SVR_rbf,A_tiempo,575,144,multi-step-direct,-0.0244,0.76533,0.874831,0.453783,15.9321,116.7764,0.2672,70.799
101,F_N,5,5,MLP,A_tiempo,575,144,multi-step-direct,-0.0132,0.756975,0.870043,0.482258,16.8731,0.0424,0.0097,2.625
101,F_N,5,5,ARIMA,A_tiempo,575,144,multi-step-direct,-0.8732,1.374065,1.172205,0.801889,25.0191,0.4363,0.9077,0.785
101,F_PB,5,1,LinReg,A_tiempo,576,144,multi-step-direct,-21.8673,20.836988,4.564755,3.4749,85.5519,0.1053,1.0,0.543
101,F_PB,5,1,DT,A_tiempo,576,144,multi-step-direct,-0.2601,1.148237,1.071558,0.471668,16.9304,0.0077,0.432,9.808
101,F_PB,5,1,RF,A_tiempo,576,144,multi-step-direct,0.1871,0.740692,0.860635,0.391643,18.4144,0.1815,0.6218,5.046
101,F_PB,5,1,SVR_rbf,A_tiempo,576,144,multi-step-direct,0.0204,0.89258,0.944765,0.368507,20.865,23.9161,0.2346,13.327
101,F_PB,5,1,MLP,A_tiempo,576,144,multi-step-direct,-0.0095,0.919865,0.959096,0.480979,22.1264,0.0318,0.0216,2.763
101,F_PB,5,1,ARIMA,A_tiempo,576,144,multi-step-direct,-7.384,7.808594,2.794386,2.649901,40.6035,7.0848,0.9425,2.551
101,F_PB,5,3,LinReg,A_tiempo,576,144,multi-step-direct,-24.2915,23.23581,4.820354,3.701424,84.8632,0.1526,1.0,1.368
101,F_PB,5,3,DT,A_tiempo,576,144,multi-step-direct,-0.1807,1.084774,1.041525,0.499743,19.8094,0.009,0.1906,29.311
101,F_PB,5,3,RF,A_tiempo,576,144,multi-step-direct,0.0594,0.864154,0.929599,0.450137,21.2649,0.1898,0.4088,11.012
101,F_PB,5,3,SVR_rbf,A_tiempo,576,144,multi-step-direct,-0.0262,0.942832,0.970996,0.404105,23.0183,89.8557,0.2049,43.684
101,F_PB,5,3,MLP,A_tiempo,576,144,multi-step-direct,-0.0071,0.925275,0.961912,0.48283,23.9723,0.0196,0.0073,1.104
101,F_PB,5,3,ARIMA,A_tiempo,576,144,multi-step-direct,-6.732,8.488057,2.913427,2.726884,55.3276,2.2719,0.9425,2.454
101,F_PB,5,5,LinReg,A_tiempo,575,144,multi-step-direct,-25.3356,24.213002,4.920671,3.780166,94.0368,0.3004,1.0,6.057
101,F_PB,5,5,DT,A_tiempo,575,144,multi-step-direct,-0.1567,1.063457,1.031241,0.507037,17.2329,0.0225,0.1332,59.351
101,F_PB,5,5,RF,A_tiempo,575,144,multi-step-direct,0.0319,0.890057,0.943428,0.466035,17.696,0.3373,0.2734,24.585
101,F_PB,5,5,SVR_rbf,A_tiempo,575,144,multi-step-direct,-0.0408,0.956933,0.978229,0.416612,17.953,130.3041,0.197,79.841
101,F_PB,5,5,MLP,A_tiempo,575,144,multi-step-direct,-0.0084,0.927092,0.962856,0.482931,18.9296,0.0377,0.0084,4.659
101,F_PB,5,5,ARIMA,A_tiempo,575,144,multi-step-direct,-7.8053,8.206532,2.864705,2.702379,60.2413,1.9128,0.9425,3.443
101,F_MED,5,1,LinReg,A_tiempo,576,144,multi-step-direct,-1.886,1.061071,1.030083,0.797533,15.5553,0.1088,1.0,0.559
101,F_MED,5,1,DT,A_tiempo,576,144,multi-step-direct,-0.1332,0.416643,0.645479,0.470785,9.379,0.0063,0.8103,5.324
101,F_MED,5,1,RF,A_tiempo,576,144,multi-step-direct,0.3223,0.249182,0.499182,0.385959,8.4027,0.1809,0.707,3.948
101,F_MED,5,1,SVR_rbf,A_tiempo,576,144,multi-step-direct,0.3673,0.232638,0.482326,0.364357,7.7587,20.2791,0.3871,12.74
101,F_MED,5,1,MLP,A_tiempo,576,144,multi-step-direct,0.081,0.337893,0.581285,0.45863,8.9833,0.0078,0.4422,0.73
101,F_MED,5,1,ARIMA,A_tiempo,576,144,multi-step-direct,-0.1394,0.302234,0.549758,0.484873,10.1529,3.7242,0.9809,1.341
101,F_MED,5,3,LinReg,A_tiempo,576,144,multi-step-direct,-2.8435,1.41082,1.187779,0.92221,15.6662,0.26,1.0,3.338
101,F_MED,5,3,DT,A_tiempo,576,144,multi-step-direct,0.01,0.363393,0.602821,0.47709,8.7405,0.0095,0.6138,13.387
101,F_MED,5,3,RF,A_tiempo,576,144,multi-step-direct,0.0661,0.342809,0.585499,0.46087,9.4025,0.2566,0.5323,7.575
101,F_MED,5,3,SVR_rbf,A_tiempo,576,144,multi-step-direct,0.1042,0.328831,0.573438,0.443798,8.4708,75.5765,0.3333,35.892
101,F_MED,5,3,MLP,A_tiempo,576,144,multi-step-direct,-0.0599,0.389076,0.62376,0.493326,9.0259,0.0125,0.2635,1.112
101,F_MED,5,3,ARIMA,A_tiempo,576,144,multi-step-direct,-1.1323,0.670809,0.819029,0.734994,18.2543,0.8266,0.9809,0.893
101,F_MED,5,5,LinReg,A_tiempo,575,144,multi-step-direct,-3.3344,1.614888,1.270782,0.996255,16.0344,0.2452,1.0,2.0
101,F_MED,5,5,DT,A_tiempo,575,144,multi-step-direct,-0.0203,0.38014,0.616555,0.48763,10.0809,0.0096,0.4836,19.936
101,F_MED,5,5,RF,A_tiempo,575,144,multi-step-direct,0.0093,0.369106,0.607541,0.481676,10.3989,0.2489,0.4613,10.859
101,F_MED,5,5,SVR_rbf,A_tiempo,575,144,multi-step-direct,0.0201,0.36508,0.604218,0.47358,8.9478,113.2033,0.3039,58.437
101,F_MED,5,5,MLP,A_tiempo,575,144,multi-step-direct,-0.0269,0.382595,0.618543,0.490305,10.4097,0.0175,0.0919,1.1
101,F_MED,5,5,ARIMA,A_tiempo,575,144,multi-step-direct,-1.6974,0.812985,0.901657,0.812693,19.8936,1.1966,0.9809,2.154
101,F_N+PB,5,1,LinReg,A_tiempo,576,144,multi-step-direct,-27.1331,25.635252,5.063127,3.849748,97.5556,0.3572,1.0,0.875
101,F_N+PB,5,1,DT,A_tiempo,576,144,multi-step-direct,-0.0618,0.967557,0.983645,0.43497,14.0922,0.0054,0.4321,8.89
101,F_N+PB,5,1,RF,A_tiempo,576,144,multi-step-direct,0.1867,0.741119,0.860883,0.391467,18.3606,0.1811,0.6245,4.264
101,F_N+PB,5,1,SVR_rbf,A_tiempo,576,144,multi-step-direct,0.0205,0.892577,0.944763,0.368521,20.8658,19.2196,0.2346,12.787
101,F_N+PB,5,1,MLP,A_tiempo,576,144,multi-step-direct,-0.0095,0.919864,0.959096,0.480987,22.1223,0.0072,0.0216,0.452
101,F_N+PB,5,1,ARIMA,A_tiempo,576,144,multi-step-direct,-7.4435,7.86404,2.80429,2.660444,40.7674,4.9452,0.9425,1.78
101,F_N+PB,5,3,LinReg,A_tiempo,576,144,multi-step-direct,-30.485,28.925669,5.378259,4.115689,101.0523,0.2694,1.0,2.955
101,F_N+PB,5,3,DT,A_tiempo,576,144,multi-step-direct,-0.1491,1.055678,1.027462,0.495105,19.9913,0.0101,0.1906,26.411
101,F_N+PB,5,3,RF,A_tiempo,576,144,multi-step-direct,0.0631,0.860771,0.927777,0.448806,21.3252,0.1774,0.4086,11.591
101,F_N+PB,5,3,SVR_rbf,A_tiempo,576,144,multi-step-direct,-0.0262,0.942826,0.970992,0.404116,23.0156,57.0629,0.2049,40.566
101,F_N+PB,5,3,MLP,A_tiempo,576,144,multi-step-direct,-0.0072,0.925289,0.961919,0.482876,23.9723,0.0127,0.0073,0.77
101,F_N+PB,5,3,ARIMA,A_tiempo,576,144,multi-step-direct,-6.7862,8.547376,2.92359,2.737774,55.5558,4.0017,0.9425,4.322
101,F_N+PB,5,5,LinReg,A_tiempo,575,144,multi-step-direct,-31.799,30.155426,5.491396,4.204015,107.854,0.2468,1.0,1.971
101,F_N+PB,5,5,DT,A_tiempo,575,144,multi-step-direct,-0.1285,1.037552,1.018603,0.502555,17.2982,0.0097,0.1333,47.255
101,F_N+PB,5,5,RF,A_tiempo,575,144,multi-step-direct,0.0325,0.889551,0.94316,0.466166,18.0446,0.2528,0.2731,18.72
101,F_N+PB,5,5,SVR_rbf,A_tiempo,575,144,multi-step-direct,-0.0408,0.956934,0.97823,0.416627,17.9519,110.2584,0.197,65.516
101,F_N+PB,5,5,MLP,A_tiempo,575,144,multi-step-direct,-0.0084,0.927085,0.962852,0.482949,18.928,0.0319,0.0084,3.202
101,F_N+PB,5,5,ARIMA,A_tiempo,575,144,multi-step-direct,-7.8518,8.249877,2.87226,2.710395,60.4247,1.0568,0.9425,1.902
101,F_N+MED,5,1,LinReg,A_tiempo,576,144,multi-step-direct,-1.6842,0.981561,0.990738,0.765447,15.3346,0.25,1.0,0.522
101,F_N+MED,5,1,DT,A_tiempo,576,144,multi-step-direct,0.0909,0.332436,0.576573,0.448854,8.2784,0.0071,0.8079,9.586
101,F_N+MED,5,1,RF,A_tiempo,576,144,multi-step-direct,0.3449,0.239552,0.489441,0.37964,8.2147,0.1698,0.7122,4.486
101,F_N+MED,5,1,SVR_rbf,A_tiempo,576,144,multi-step-direct,0.3721,0.229625,0.479192,0.362918,7.7172,24.4858,0.3866,11.752
101,F_N+MED,5,1,MLP,A_tiempo,576,144,multi-step-direct,0.0488,0.347849,0.589788,0.464848,8.8471,0.0078,0.4054,2.856
101,F_N+MED,5,1,ARIMA,A_tiempo,576,144,multi-step-direct,-0.0376,0.27102,0.520596,0.436061,9.8776,3.2775,0.984,1.18
101,F_N+MED,5,3,LinReg,A_tiempo,576,144,multi-step-direct,-2.8955,1.424721,1.193617,0.924578,15.5021,0.147,1.0,1.241
101,F_N+MED,5,3,DT,A_tiempo,576,144,multi-step-direct,-0.6049,0.586957,0.766131,0.501015,18.0301,0.0085,0.6212,26.795
101,F_N+MED,5,3,RF,A_tiempo,576,144,multi-step-direct,0.0761,0.337914,0.581304,0.457885,9.2219,0.1801,0.5363,10.643
101,F_N+MED,5,3,SVR_rbf,A_tiempo,576,144,multi-step-direct,0.1051,0.327281,0.572085,0.443137,8.4126,63.2114,0.3329,34.492
101,F_N+MED,5,3,MLP,A_tiempo,576,144,multi-step-direct,-0.0368,0.379183,0.615779,0.487922,9.5171,0.0128,0.1854,0.925
101,F_N+MED,5,3,ARIMA,A_tiempo,576,144,multi-step-direct,-0.8259,0.56532,0.751878,0.668803,17.0871,0.5863,0.984,0.633
101,F_N+MED,5,5,LinReg,A_tiempo,575,144,multi-step-direct,-3.3484,1.614828,1.270759,0.991072,17.1512,0.5007,1.0,5.437
101,F_N+MED,5,5,DT,A_tiempo,575,144,multi-step-direct,-0.0309,0.382835,0.618737,0.490732,9.9327,0.0122,0.5239,45.765
101,F_N+MED,5,5,RF,A_tiempo,575,144,multi-step-direct,-0.0007,0.371633,0.609617,0.484194,10.1466,0.247,0.4499,19.35
101,F_N+MED,5,5,SVR_rbf,A_tiempo,575,144,multi-step-direct,0.0208,0.363634,0.603021,0.472792,8.9641,114.4664,0.3036,55.63
101,F_N+MED,5,5,MLP,A_tiempo,575,144,multi-step-direct,-0.0296,0.382357,0.61835,0.490161,10.2597,0.0179,0.085,1.065
101,F_N+MED,5,5,ARIMA,A_tiempo,575,144,multi-step-direct,-1.3045,0.685192,0.827763,0.740797,18.5485,0.3685,0.984,0.663
101,F_N+PB+MED,5,1,LinReg,A_tiempo,576,144,multi-step-direct,-1.0048,1.326139,1.151581,0.903739,14.1961,0.2468,1.0,0.549
101,F_N+PB+MED,5,1,DT,A_tiempo,576,144,multi-step-direct,0.351,0.429327,0.655231,0.442555,9.8573,0.0059,0.7359,10.418
101,F_N+PB+MED,5,1,RF,A_tiempo,576,144,multi-step-direct,0.471,0.349928,0.591547,0.420891,10.0387,0.1687,0.678,3.425
101,F_N+PB+MED,5,1,SVR_rbf,A_tiempo,576,144,multi-step-direct,0.3133,0.454249,0.67398,0.460211,10.3546,30.4445,0.4367,13.026
101,F_N+PB+MED,5,1,MLP,A_tiempo,576,144,multi-step-direct,0.2119,0.521286,0.722001,0.544589,11.3725,0.0071,0.544,1.033
101,F_N+PB+MED,5,1,ARIMA,A_tiempo,576,144,multi-step-direct,-0.1161,0.878904,0.937499,0.624287,17.7878,1.2253,0.9708,0.441
101,F_N+PB+MED,5,3,LinReg,A_tiempo,576,144,multi-step-direct,-1.835,1.881598,1.371714,1.071822,16.9367,0.1434,1.0,1.237
101,F_N+PB+MED,5,3,DT,A_tiempo,576,144,multi-step-direct,0.1292,0.577933,0.760219,0.562116,12.8211,0.009,0.4845,27.476
101,F_N+PB+MED,5,3,RF,A_tiempo,576,144,multi-step-direct,0.2332,0.508926,0.71339,0.525168,12.9281,0.1777,0.5406,10.159
101,F_N+PB+MED,5,3,SVR_rbf,A_tiempo,576,144,multi-step-direct,0.116,0.586736,0.765987,0.53285,12.7928,59.9888,0.337,38.048
101,F_N+PB+MED,5,3,MLP,A_tiempo,576,144,multi-step-direct,0.0347,0.64065,0.800406,0.605042,12.8244,0.0131,0.2409,5.283
101,F_N+PB+MED,5,3,ARIMA,A_tiempo,576,144,multi-step-direct,-0.1198,0.787095,0.887184,0.595774,20.7976,0.4571,0.9708,0.494
101,F_N+PB+MED,5,5,LinReg,A_tiempo,575,144,multi-step-direct,-1.9672,1.972409,1.404425,1.103,18.7463,0.2462,1.0,2.02
101,F_N+PB+MED,5,5,DT,A_tiempo,575,144,multi-step-direct,-0.133,0.753177,0.867857,0.596363,12.7087,0.0093,0.4002,47.025
101,F_N+PB+MED,5,5,RF,A_tiempo,575,144,multi-step-direct,0.1334,0.576058,0.758985,0.564012,12.7009,0.2454,0.461,18.779
101,F_N+PB+MED,5,5,SVR_rbf,A_tiempo,575,144,multi-step-direct,0.0434,0.635911,0.79744,0.559659,11.6572,114.1677,0.3129,60.519
101,F_N+PB+MED,5,5,MLP,A_tiempo,575,144,multi-step-direct,-0.0067,0.669198,0.818045,0.617561,13.9088,0.1549,0.0491,2.403
101,F_N+PB+MED,5,5,ARIMA,A_tiempo,575,144,multi-step-direct,-0.1019,0.781374,0.883954,0.591238,20.5244,0.7018,0.9708,1.263
102,F_SIN,5,1,LinReg,A_tiempo,576,144,multi-step-direct,-0.9091,1.851642,1.360751,1.006373,21.313,0.2368,1.0,1.153
102,F_SIN,5,1,DT,A_tiempo,576,144,multi-step-direct,0.1603,0.814415,0.902449,0.532077,12.2083,0.006,0.7118,5.195
102,F_SIN,5,1,RF,A_tiempo,576,144,multi-step-direct,0.4566,0.527073,0.725998,0.431113,13.2754,0.1714,0.7956,2.259
102,F_SIN,5,1,SVR_rbf,A_tiempo,576,144,multi-step-direct,0.5295,0.456392,0.675568,0.381928,12.1819,19.2262,0.7139,13.924
102,F_SIN,5,1,MLP,A_tiempo,576,144,multi-step-direct,0.4738,0.51039,0.714416,0.448418,11.9386,0.0075,0.6515,1.494
102,F_SIN,5,1,ARIMA,A_tiempo,576,144,multi-step-direct,-0.0192,0.817326,0.904061,0.452481,17.133,0.9721,0.8736,0.35
102,F_SIN,5,3,LinReg,A_tiempo,576,144,multi-step-direct,-1.0132,1.97613,1.405749,1.058346,19.187,0.1434,1.0,1.318
102,F_SIN,5,3,DT,A_tiempo,576,144,multi-step-direct,0.112,0.871706,0.933652,0.570018,12.6385,0.0105,0.7084,16.92
102,F_SIN,5,3,RF,A_tiempo,576,144,multi-step-direct,0.4287,0.560743,0.748828,0.459636,14.3655,0.247,0.7483,8.516
102,F_SIN,5,3,SVR_rbf,A_tiempo,576,144,multi-step-direct,0.5356,0.455809,0.675136,0.396105,13.4303,75.7096,0.7102,38.109
102,F_SIN,5,3,MLP,A_tiempo,576,144,multi-step-direct,0.4699,0.520317,0.72133,0.463251,13.3898,0.0154,0.637,2.745
102,F_SIN,5,3,ARIMA,A_tiempo,576,144,multi-step-direct,-0.1042,1.046162,1.022821,0.572561,20.1981,0.3376,0.8736,0.365
102,F_SIN,5,5,LinReg,A_tiempo,575,144,multi-step-direct,-1.0856,2.034364,1.426311,1.074323,22.3486,0.2433,1.0,2.057
102,F_SIN,5,5,DT,A_tiempo,575,144,multi-step-direct,0.0424,0.934092,0.966484,0.591481,13.218,0.0097,0.6428,28.23
102,F_SIN,5,5,RF,A_tiempo,575,144,multi-step-direct,0.4064,0.578997,0.760918,0.468179,14.9809,0.2435,0.7267,12.14
102,F_SIN,5,5,SVR_rbf,A_tiempo,575,144,multi-step-direct,0.5393,0.449433,0.670398,0.399715,13.047,117.1975,0.7064,65.741
102,F_SIN,5,5,MLP,A_tiempo,575,144,multi-step-direct,0.4595,0.527274,0.726136,0.475379,13.5092,0.018,0.6116,7.793
102,F_SIN,5,5,ARIMA,A_tiempo,575,144,multi-step-direct,-0.1637,0.977731,0.988803,0.561321,20.887,0.2261,0.8736,0.407
102,F_N,5,1,LinReg,A_tiempo,576,144,multi-step-direct,-0.965,1.905297,1.380325,1.025093,21.7237,0.2468,1.0,0.573
102,F_N,5,1,DT,A_tiempo,576,144,multi-step-direct,0.166,0.808624,0.899235,0.530123,12.3228,0.0071,0.7361,9.639
102,F_N,5,1,RF,A_tiempo,576,144,multi-step-direct,0.4601,0.523545,0.723564,0.431112,13.0706,0.1716,0.7989,3.804
102,F_N,5,1,SVR_rbf,A_tiempo,576,144,multi-step-direct,0.5316,0.454133,0.673894,0.381923,12.0623,25.4695,0.7163,12.84
102,F_N,5,1,MLP,A_tiempo,576,144,multi-step-direct,0.4799,0.504333,0.710164,0.445848,11.7863,0.0073,0.6712,4.504
102,F_N,5,1,ARIMA,A_tiempo,576,144,multi-step-direct,-0.0265,0.823826,0.907649,0.450752,17.1976,1.1857,0.8837,0.427
102,F_N,5,3,LinReg,A_tiempo,576,144,multi-step-direct,-1.0699,2.031108,1.425169,1.075067,19.4525,0.174,1.0,1.347
102,F_N,5,3,DT,A_tiempo,576,144,multi-step-direct,0.0358,0.946078,0.972665,0.609537,13.094,0.0099,0.723,25.599
102,F_N,5,3,RF,A_tiempo,576,144,multi-step-direct,0.4447,0.544908,0.738179,0.451545,13.8845,0.17,0.7484,8.864
102,F_N,5,3,SVR_rbf,A_tiempo,576,144,multi-step-direct,0.5379,0.453456,0.673392,0.396183,13.3253,59.6413,0.7126,39.261
102,F_N,5,3,MLP,A_tiempo,576,144,multi-step-direct,0.4716,0.518487,0.720061,0.463505,13.3696,0.04,0.639,5.407
102,F_N,5,3,ARIMA,A_tiempo,576,144,multi-step-direct,-0.1196,1.059806,1.029469,0.579614,20.3874,0.9573,0.8837,1.034
102,F_N,5,5,LinReg,A_tiempo,575,144,multi-step-direct,-1.1496,2.095919,1.447729,1.092266,22.5796,0.2386,1.0,2.096
102,F_N,5,5,DT,A_tiempo,575,144,multi-step-direct,-0.0135,0.988188,0.994077,0.605794,12.8612,0.0138,0.6746,42.996
102,F_N,5,5,RF,A_tiempo,575,144,multi-step-direct,0.4046,0.580567,0.76195,0.473792,15.1558,0.3394,0.73,14.504
102,F_N,5,5,SVR_rbf,A_tiempo,575,144,multi-step-direct,0.5416,0.446969,0.668557,0.399816,12.9922,114.2128,0.7088,66.083
102,F_N,5,5,MLP,A_tiempo,575,144,multi-step-direct,0.4641,0.522559,0.722883,0.474011,13.3825,0.0677,0.6128,5.852
102,F_N,5,5,ARIMA,A_tiempo,575,144,multi-step-direct,-0.1842,0.993761,0.996876,0.571349,21.1984,0.7875,0.8837,1.418
102,F_PB,5,1,LinReg,A_tiempo,576,144,multi-step-direct,-7.9374,8.80066,2.966591,2.29598,51.1485,0.1136,1.0,0.537
102,F_PB,5,1,DT,A_tiempo,576,144,multi-step-direct,0.1529,0.834098,0.91329,0.468631,11.6078,0.0061,0.8848,8.299
102,F_PB,5,1,RF,A_tiempo,576,144,multi-step-direct,0.547,0.446053,0.667872,0.374538,12.7738,0.1703,0.8567,4.458
102,F_PB,5,1,SVR_rbf,A_tiempo,576,144,multi-step-direct,0.5734,0.420113,0.648162,0.348039,12.0706,19.3222,0.7249,12.211
102,F_PB,5,1,MLP,A_tiempo,576,144,multi-step-direct,0.5306,0.462247,0.679888,0.41663,12.0816,0.0361,0.7046,2.774
102,F_PB,5,1,ARIMA,A_tiempo,576,144,multi-step-direct,-0.0295,0.89567,0.946398,0.473332,17.8912,11.2563,0.9661,4.052
102,F_PB,5,3,LinReg,A_tiempo,576,144,multi-step-direct,-7.9956,8.904086,2.983972,2.322854,49.376,0.1635,1.0,1.308
102,F_PB,5,3,DT,A_tiempo,576,144,multi-step-direct,0.2057,0.786251,0.886708,0.472223,12.6027,0.011,0.8047,24.953
102,F_PB,5,3,RF,A_tiempo,576,144,multi-step-direct,0.5414,0.453952,0.67376,0.378088,12.0454,0.2494,0.8133,9.964
102,F_PB,5,3,SVR_rbf,A_tiempo,576,144,multi-step-direct,0.5958,0.400073,0.632513,0.340486,11.7552,64.696,0.7265,39.14
102,F_PB,5,3,MLP,A_tiempo,576,144,multi-step-direct,0.5435,0.451828,0.672181,0.417442,11.9877,0.0126,0.6925,3.067
102,F_PB,5,3,ARIMA,A_tiempo,576,144,multi-step-direct,-0.038,1.031078,1.01542,0.544113,20.5298,3.1486,0.9661,3.4
102,F_PB,5,5,LinReg,A_tiempo,575,144,multi-step-direct,-8.2754,9.112315,3.018661,2.348342,55.0286,0.2525,1.0,2.771
102,F_PB,5,5,DT,A_tiempo,575,144,multi-step-direct,0.077,0.906784,0.952252,0.5202,11.9251,0.0131,0.7755,41.978
102,F_PB,5,5,RF,A_tiempo,575,144,multi-step-direct,0.5248,0.466892,0.683295,0.391445,12.6749,0.3592,0.7947,13.482
102,F_PB,5,5,SVR_rbf,A_tiempo,575,144,multi-step-direct,0.6109,0.382287,0.618293,0.332145,10.8237,112.4157,0.7269,67.543
102,F_PB,5,5,MLP,A_tiempo,575,144,multi-step-direct,0.5441,0.447875,0.669235,0.42303,11.7959,0.0182,0.6911,4.785
102,F_PB,5,5,ARIMA,A_tiempo,575,144,multi-step-direct,-0.0406,0.919246,0.958773,0.525823,20.9828,1.8428,0.9661,3.317
102,F_MED,5,1,LinReg,A_tiempo,576,144,multi-step-direct,-0.0279,0.930123,0.964429,0.721735,15.1997,0.2234,1.0,1.05
102,F_MED,5,1,DT,A_tiempo,576,144,multi-step-direct,0.1899,0.733066,0.856193,0.558446,11.7966,0.0069,0.8212,5.313
102,F_MED,5,1,RF,A_tiempo,576,144,multi-step-direct,0.5587,0.399365,0.631953,0.42814,11.8984,0.1713,0.8495,2.182
102,F_MED,5,1,SVR_rbf,A_tiempo,576,144,multi-step-direct,0.6387,0.326962,0.571806,0.372692,10.1535,19.584,0.8274,13.736
102,F_MED,5,1,MLP,A_tiempo,576,144,multi-step-direct,0.5561,0.401664,0.63377,0.442518,11.0967,0.0075,0.7705,1.611
102,F_MED,5,1,ARIMA,A_tiempo,576,144,multi-step-direct,-0.0572,0.681389,0.825463,0.444554,15.6619,1.5465,0.9716,0.557
102,F_MED,5,3,LinReg,A_tiempo,576,144,multi-step-direct,-0.1484,1.060237,1.029678,0.787407,15.3235,0.1515,1.0,1.257
102,F_MED,5,3,DT,A_tiempo,576,144,multi-step-direct,0.1229,0.809759,0.899866,0.609856,11.1335,0.0104,0.7554,16.689
102,F_MED,5,3,RF,A_tiempo,576,144,multi-step-direct,0.5261,0.43748,0.661423,0.462821,11.7976,0.1692,0.795,8.191
102,F_MED,5,3,SVR_rbf,A_tiempo,576,144,multi-step-direct,0.6383,0.33391,0.577849,0.392459,10.3134,78.8836,0.8185,37.95
102,F_MED,5,3,MLP,A_tiempo,576,144,multi-step-direct,0.5518,0.413786,0.643262,0.464095,10.8525,0.015,0.7485,2.99
102,F_MED,5,3,ARIMA,A_tiempo,576,144,multi-step-direct,-0.2351,0.938689,0.96886,0.592788,20.4121,0.5293,0.9716,0.572
102,F_MED,5,5,LinReg,A_tiempo,575,144,multi-step-direct,-0.1628,1.069572,1.034201,0.796326,15.8385,0.4437,1.0,2.151
102,F_MED,5,5,DT,A_tiempo,575,144,multi-step-direct,0.1056,0.822695,0.907026,0.607998,13.1156,0.0109,0.7279,29.508
102,F_MED,5,5,RF,A_tiempo,575,144,multi-step-direct,0.4881,0.470859,0.686192,0.482639,13.3732,0.2472,0.7751,12.052
102,F_MED,5,5,SVR_rbf,A_tiempo,575,144,multi-step-direct,0.6378,0.333173,0.577212,0.399961,10.8016,116.0999,0.812,64.978
102,F_MED,5,5,MLP,A_tiempo,575,144,multi-step-direct,0.5405,0.422703,0.650156,0.472297,11.3574,0.0182,0.7452,9.609
102,F_MED,5,5,ARIMA,A_tiempo,575,144,multi-step-direct,-0.3454,0.940376,0.96973,0.606131,21.6141,0.4137,0.9716,0.745
102,F_N+PB,5,1,LinReg,A_tiempo,576,144,multi-step-direct,-9.8212,10.655616,3.264294,2.535328,58.8363,0.2881,1.0,0.513
102,F_N+PB,5,1,DT,A_tiempo,576,144,multi-step-direct,0.2015,0.78627,0.886719,0.45515,11.8959,0.0086,0.8808,9.645
102,F_N+PB,5,1,RF,A_tiempo,576,144,multi-step-direct,0.5475,0.445573,0.667512,0.374666,12.6222,0.1689,0.8571,3.472
102,F_N+PB,5,1,SVR_rbf,A_tiempo,576,144,multi-step-direct,0.5734,0.420066,0.648125,0.348051,12.068,28.0141,0.725,13.425
102,F_N+PB,5,1,MLP,A_tiempo,576,144,multi-step-direct,0.5315,0.461288,0.679182,0.416211,12.083,0.0077,0.704,3.784
102,F_N+PB,5,1,ARIMA,A_tiempo,576,144,multi-step-direct,-0.0285,0.894793,0.945935,0.473453,17.8784,4.2213,0.9661,1.52
102,F_N+PB,5,3,LinReg,A_tiempo,576,144,multi-step-direct,-10.0959,10.982994,3.31406,2.589752,57.0017,0.1485,1.0,1.239
102,F_N+PB,5,3,DT,A_tiempo,576,144,multi-step-direct,0.1489,0.842484,0.917869,0.491084,11.5143,0.0083,0.8043,26.175
102,F_N+PB,5,3,RF,A_tiempo,576,144,multi-step-direct,0.5325,0.462721,0.680236,0.382898,12.1592,0.1696,0.8132,7.625
102,F_N+PB,5,3,SVR_rbf,A_tiempo,576,144,multi-step-direct,0.5959,0.400026,0.632476,0.340509,11.7507,57.4936,0.7265,41.302
102,F_N+PB,5,3,MLP,A_tiempo,576,144,multi-step-direct,0.5435,0.451858,0.672204,0.41731,12.0303,0.0125,0.6925,7.832
102,F_N+PB,5,3,ARIMA,A_tiempo,576,144,multi-step-direct,-0.0369,1.030019,1.014899,0.544324,20.5182,1.4336,0.9661,1.548
102,F_N+PB,5,5,LinReg,A_tiempo,575,144,multi-step-direct,-10.5604,11.357026,3.370019,2.628497,62.3104,0.24,1.0,1.97
102,F_N+PB,5,5,DT,A_tiempo,575,144,multi-step-direct,0.1375,0.847282,0.920479,0.495849,12.3349,0.0096,0.7748,43.098
102,F_N+PB,5,5,RF,A_tiempo,575,144,multi-step-direct,0.5201,0.471432,0.686609,0.393404,12.9903,0.2514,0.795,14.849
102,F_N+PB,5,5,SVR_rbf,A_tiempo,575,144,multi-step-direct,0.6109,0.382233,0.61825,0.332162,10.8218,112.0125,0.727,66.062
102,F_N+PB,5,5,MLP,A_tiempo,575,144,multi-step-direct,0.5437,0.448292,0.669546,0.423432,11.7773,0.0179,0.691,9.374
102,F_N+PB,5,5,ARIMA,A_tiempo,575,144,multi-step-direct,-0.0395,0.918238,0.958247,0.526077,20.9735,0.9368,0.9661,1.686
102,F_N+MED,5,1,LinReg,A_tiempo,576,144,multi-step-direct,-0.0551,0.956085,0.977796,0.733897,15.0177,0.1059,1.0,0.523
102,F_N+MED,5,1,DT,A_tiempo,576,144,multi-step-direct,0.182,0.741237,0.860951,0.559453,11.7476,0.0088,0.8183,9.811
102,F_N+MED,5,1,RF,A_tiempo,576,144,multi-step-direct,0.5679,0.391587,0.625769,0.423992,11.9265,0.1859,0.8504,3.296
102,F_N+MED,5,1,SVR_rbf,A_tiempo,576,144,multi-step-direct,0.6394,0.326789,0.571654,0.372648,10.1069,29.075,0.8273,13.347
102,F_N+MED,5,1,MLP,A_tiempo,576,144,multi-step-direct,0.5601,0.398594,0.631343,0.444432,11.0884,0.0076,0.7625,3.419
102,F_N+MED,5,1,ARIMA,A_tiempo,576,144,multi-step-direct,-0.0673,0.707435,0.841092,0.448724,15.9532,0.8543,0.9721,0.308
102,F_N+MED,5,3,LinReg,A_tiempo,576,144,multi-step-direct,-0.1965,1.106229,1.051774,0.806972,15.301,0.1688,1.0,1.204
102,F_N+MED,5,3,DT,A_tiempo,576,144,multi-step-direct,0.1527,0.783327,0.885058,0.596165,10.8818,0.0099,0.7789,25.523
102,F_N+MED,5,3,RF,A_tiempo,576,144,multi-step-direct,0.5218,0.442103,0.664909,0.466195,11.7208,0.1811,0.797,8.862
102,F_N+MED,5,3,SVR_rbf,A_tiempo,576,144,multi-step-direct,0.6392,0.333592,0.577574,0.392517,10.409,60.9611,0.8185,38.631
102,F_N+MED,5,3,MLP,A_tiempo,576,144,multi-step-direct,0.55,0.416024,0.644999,0.463549,11.0584,0.0474,0.7256,2.544
102,F_N+MED,5,3,ARIMA,A_tiempo,576,144,multi-step-direct,-0.2535,0.961403,0.980512,0.600211,20.5879,1.0948,0.9721,1.182
102,F_N+MED,5,5,LinReg,A_tiempo,575,144,multi-step-direct,-0.2174,1.121547,1.059031,0.816203,16.0171,0.2629,1.0,2.727
102,F_N+MED,5,5,DT,A_tiempo,575,144,multi-step-direct,0.0652,0.86117,0.927992,0.621239,12.4858,0.0115,0.7604,41.625
102,F_N+MED,5,5,RF,A_tiempo,575,144,multi-step-direct,0.4738,0.484733,0.696228,0.490129,13.4959,0.2816,0.7725,14.339
102,F_N+MED,5,5,SVR_rbf,A_tiempo,575,144,multi-step-direct,0.6386,0.332944,0.577013,0.399919,10.7535,113.4121,0.812,64.711
102,F_N+MED,5,5,MLP,A_tiempo,575,144,multi-step-direct,0.5502,0.414417,0.643752,0.469802,11.4793,0.0177,0.7245,4.18
102,F_N+MED,5,5,ARIMA,A_tiempo,575,144,multi-step-direct,-0.3669,0.963467,0.981564,0.614146,21.9036,0.2419,0.9721,0.435
102,F_N+PB+MED,5,1,LinReg,A_tiempo,576,144,multi-step-direct,-0.0679,0.986525,0.99324,0.737582,15.8518,0.1582,1.0,2.85
102,F_N+PB+MED,5,1,DT,A_tiempo,576,144,multi-step-direct,0.2571,0.686252,0.828403,0.456916,11.2923,0.0059,0.9136,8.561
102,F_N+PB+MED,5,1,RF,A_tiempo,576,144,multi-step-direct,0.6522,0.321284,0.566819,0.348843,10.6085,0.1695,0.8976,3.133
102,F_N+PB+MED,5,1,SVR_rbf,A_tiempo,576,144,multi-step-direct,0.6644,0.310007,0.556783,0.326359,9.6079,19.2032,0.82,13.419
102,F_N+PB+MED,5,1,MLP,A_tiempo,576,144,multi-step-direct,0.6303,0.341514,0.584392,0.385701,9.7746,0.008,0.7952,1.581
102,F_N+PB+MED,5,1,ARIMA,A_tiempo,576,144,multi-step-direct,-0.061,0.79111,0.889444,0.473554,16.7943,1.5184,0.9713,0.547
102,F_N+PB+MED,5,3,LinReg,A_tiempo,576,144,multi-step-direct,-0.2087,1.125945,1.061105,0.802367,16.1975,0.3524,1.0,3.399
102,F_N+PB+MED,5,3,DT,A_tiempo,576,144,multi-step-direct,0.37,0.586897,0.766092,0.422241,11.0253,0.0078,0.8488,24.582
102,F_N+PB+MED,5,3,RF,A_tiempo,576,144,multi-step-direct,0.6396,0.335757,0.579446,0.357583,10.6961,0.1781,0.8613,10.057
102,F_N+PB+MED,5,3,SVR_rbf,A_tiempo,576,144,multi-step-direct,0.6884,0.290264,0.538761,0.317328,9.6644,74.4891,0.8209,38.553
102,F_N+PB+MED,5,3,MLP,A_tiempo,576,144,multi-step-direct,0.6263,0.348134,0.590029,0.389178,10.1436,0.0161,0.7676,2.935
102,F_N+PB+MED,5,3,ARIMA,A_tiempo,576,144,multi-step-direct,-0.0741,0.878484,0.937275,0.53125,19.7812,0.5464,0.9713,0.59
102,F_N+PB+MED,5,5,LinReg,A_tiempo,575,144,multi-step-direct,-0.2227,1.132348,1.064118,0.807444,17.7294,0.3452,1.0,2.089
102,F_N+PB+MED,5,5,DT,A_tiempo,575,144,multi-step-direct,0.2547,0.690202,0.830784,0.459247,10.5349,0.0092,0.8361,42.64
102,F_N+PB+MED,5,5,RF,A_tiempo,575,144,multi-step-direct,0.6172,0.354496,0.595396,0.374581,10.8641,0.2468,0.8421,14.664
102,F_N+PB+MED,5,5,SVR_rbf,A_tiempo,575,144,multi-step-direct,0.7059,0.272342,0.521864,0.307749,8.9203,112.7659,0.8197,65.96
102,F_N+PB+MED,5,5,MLP,A_tiempo,575,144,multi-step-direct,0.6336,0.339271,0.58247,0.390533,10.2099,0.0182,0.7718,7.786
102,F_N+PB+MED,5,5,ARIMA,A_tiempo,575,144,multi-step-direct,-0.0753,0.807086,0.89838,0.526952,20.1021,0.3103,0.9713,0.559
103,F_SIN,5,1,LinReg,A_tiempo,576,144,multi-step-direct,-4.4803,3.875971,1.968749,1.482039,29.9454,0.249,1.0,0.548
103,F_SIN,5,1,DT,A_tiempo,576,144,multi-step-direct,-0.1788,0.833718,0.913081,0.456753,8.6586,0.0074,0.4593,5.82
103,F_SIN,5,1,RF,A_tiempo,576,144,multi-step-direct,0.1074,0.631264,0.794521,0.395942,11.6023,0.1921,0.5478,3.986
103,F_SIN,5,1,SVR_rbf,A_tiempo,576,144,multi-step-direct,-0.0013,0.708145,0.841513,0.37328,12.319,19.5509,0.2784,12.172
103,F_SIN,5,1,MLP,A_tiempo,576,144,multi-step-direct,-0.0117,0.715498,0.845871,0.455449,13.8861,0.0152,0.0526,4.325
103,F_SIN,5,1,ARIMA,A_tiempo,576,144,multi-step-direct,-0.2486,0.695604,0.834029,0.611094,14.1726,3.2696,0.9001,1.177
103,F_SIN,5,3,LinReg,A_tiempo,576,144,multi-step-direct,-5.1436,4.423567,2.103228,1.593423,35.2625,0.1472,1.0,1.224
103,F_SIN,5,3,DT,A_tiempo,576,144,multi-step-direct,-0.1757,0.84656,0.920087,0.481731,18.4782,0.0076,0.2367,14.734
103,F_SIN,5,3,RF,A_tiempo,576,144,multi-step-direct,0.0251,0.701937,0.837817,0.439731,18.5101,0.173,0.3113,6.539
103,F_SIN,5,3,SVR_rbf,A_tiempo,576,144,multi-step-direct,-0.0488,0.755138,0.868987,0.404917,19.1851,58.729,0.2545,41.051
103,F_SIN,5,3,MLP,A_tiempo,576,144,multi-step-direct,-0.0077,0.725601,0.851822,0.455602,19.961,0.0155,0.0422,4.414
103,F_SIN,5,3,ARIMA,A_tiempo,576,144,multi-step-direct,-0.4626,0.887232,0.94193,0.751998,18.3794,0.8931,0.9001,0.965
103,F_SIN,5,5,LinReg,A_tiempo,575,144,multi-step-direct,-5.457,4.658775,2.15842,1.64767,36.6983,0.2396,1.0,2.221
103,F_SIN,5,5,DT,A_tiempo,575,144,multi-step-direct,-0.1427,0.824442,0.907988,0.493404,11.4698,0.0081,0.1215,21.258
103,F_SIN,5,5,RF,A_tiempo,575,144,multi-step-direct,0.0108,0.713683,0.844798,0.447194,12.9596,0.251,0.1814,13.101
103,F_SIN,5,5,SVR_rbf,A_tiempo,575,144,multi-step-direct,-0.0576,0.763089,0.873549,0.417344,12.1477,112.8153,0.2478,65.221
103,F_SIN,5,5,MLP,A_tiempo,575,144,multi-step-direct,-0.0096,0.72843,0.853481,0.4576,12.9694,0.0512,0.0357,3.954
103,F_SIN,5,5,ARIMA,A_tiempo,575,144,multi-step-direct,-0.2579,0.866443,0.930829,0.698023,20.9424,0.3723,0.9001,0.67
103,F_N,5,1,LinReg,A_tiempo,576,144,multi-step-direct,-4.5245,3.905821,1.976315,1.486155,30.2191,0.2457,1.0,0.577
103,F_N,5,1,DT,A_tiempo,576,144,multi-step-direct,-0.2467,0.881391,0.938824,0.443632,9.6004,0.0083,0.4924,9.138
103,F_N,5,1,RF,A_tiempo,576,144,multi-step-direct,0.1075,0.631012,0.794363,0.396465,11.8709,0.1713,0.5426,5.261
103,F_N,5,1,SVR_rbf,A_tiempo,576,144,multi-step-direct,-0.0011,0.707762,0.841286,0.372852,12.2914,23.2215,0.2787,12.706
103,F_N,5,1,MLP,A_tiempo,576,144,multi-step-direct,-0.0112,0.714922,0.845531,0.455266,13.7802,0.1672,0.06,3.751
103,F_N,5,1,ARIMA,A_tiempo,576,144,multi-step-direct,-0.6224,0.903817,0.950693,0.784322,14.2898,1.8033,0.9028,0.649
103,F_N,5,3,LinReg,A_tiempo,576,144,multi-step-direct,-5.2029,4.464577,2.112955,1.599556,35.6222,0.1697,1.0,1.186
103,F_N,5,3,DT,A_tiempo,576,144,multi-step-direct,-0.1943,0.859633,0.927164,0.490197,18.0015,0.0127,0.2352,27.044
103,F_N,5,3,RF,A_tiempo,576,144,multi-step-direct,0.0266,0.700646,0.837046,0.437735,18.9116,0.1692,0.3034,10.439
103,F_N,5,3,SVR_rbf,A_tiempo,576,144,multi-step-direct,-0.0487,0.754807,0.868796,0.404562,19.1614,61.7894,0.2546,41.054
103,F_N,5,3,MLP,A_tiempo,576,144,multi-step-direct,-0.0075,0.725181,0.851576,0.455404,19.9349,0.0496,0.0423,4.142
103,F_N,5,3,ARIMA,A_tiempo,576,144,multi-step-direct,-0.9233,1.166616,1.0801,0.930249,20.3887,0.4954,0.9028,0.535
103,F_N,5,5,LinReg,A_tiempo,575,144,multi-step-direct,-5.4915,4.681989,2.16379,1.651719,36.6933,0.2396,1.0,2.119
103,F_N,5,5,DT,A_tiempo,575,144,multi-step-direct,-0.0486,0.756323,0.869668,0.469029,13.2369,0.0091,0.1186,48.181
103,F_N,5,5,RF,A_tiempo,575,144,multi-step-direct,0.0142,0.711011,0.843215,0.445425,12.8814,0.2572,0.1849,19.786
103,F_N,5,5,SVR_rbf,A_tiempo,575,144,multi-step-direct,-0.0575,0.762756,0.873359,0.417022,12.1266,118.9891,0.2478,65.472
103,F_N,5,5,MLP,A_tiempo,575,144,multi-step-direct,-0.0097,0.728277,0.853392,0.45719,12.9126,0.0188,0.0361,1.27
103,F_N,5,5,ARIMA,A_tiempo,575,144,multi-step-direct,-0.5955,1.098649,1.048165,0.869371,22.5357,0.3059,0.9028,0.551
103,F_PB,5,1,LinReg,A_tiempo,576,144,multi-step-direct,-23.1721,19.327064,4.396256,3.355247,81.8126,0.1035,1.0,0.556
103,F_PB,5,1,DT,A_tiempo,576,144,multi-step-direct,-0.4386,1.150256,1.0725,0.465608,10.8148,0.0058,0.6109,10.04
103,F_PB,5,1,RF,A_tiempo,576,144,multi-step-direct,0.1733,0.661032,0.813039,0.371087,11.6528,0.1705,0.6543,3.116
103,F_PB,5,1,SVR_rbf,A_tiempo,576,144,multi-step-direct,0.0014,0.798421,0.893544,0.368887,13.1432,28.8823,0.2233,13.861
103,F_PB,5,1,MLP,A_tiempo,576,144,multi-step-direct,-0.0064,0.804678,0.897039,0.470811,14.6009,0.0073,0.026,0.572
103,F_PB,5,1,ARIMA,A_tiempo,576,144,multi-step-direct,-0.0187,0.67086,0.81906,0.368188,15.4674,5.249,0.928,1.89
103,F_PB,5,3,LinReg,A_tiempo,576,144,multi-step-direct,-26.5639,22.517009,4.745209,3.631597,89.385,0.1444,1.0,1.215
103,F_PB,5,3,DT,A_tiempo,576,144,multi-step-direct,-0.2554,1.0255,1.01267,0.491986,15.0836,0.0083,0.4112,26.564
103,F_PB,5,3,RF,A_tiempo,576,144,multi-step-direct,0.0517,0.774636,0.880134,0.436768,19.0222,0.1778,0.4538,9.13
103,F_PB,5,3,SVR_rbf,A_tiempo,576,144,multi-step-direct,-0.0384,0.848284,0.921023,0.405047,20.0886,72.5653,0.2025,41.446
103,F_PB,5,3,MLP,A_tiempo,576,144,multi-step-direct,-0.009,0.82423,0.907871,0.47549,21.5059,0.0248,0.0096,1.184
103,F_PB,5,3,ARIMA,A_tiempo,576,144,multi-step-direct,-0.0207,0.708962,0.841999,0.381367,16.4367,1.779,0.928,1.921
103,F_PB,5,5,LinReg,A_tiempo,575,144,multi-step-direct,-26.5609,22.575733,4.751393,3.646717,92.2221,0.3082,1.0,2.065
103,F_PB,5,5,DT,A_tiempo,575,144,multi-step-direct,-0.3888,1.137592,1.06658,0.534101,9.7184,0.0104,0.4291,43.345
103,F_PB,5,5,RF,A_tiempo,575,144,multi-step-direct,0.0222,0.800974,0.894971,0.456171,12.8719,0.2537,0.309,18.314
103,F_PB,5,5,SVR_rbf,A_tiempo,575,144,multi-step-direct,-0.0451,0.856065,0.925238,0.41856,13.1696,112.9303,0.1976,66.222
103,F_PB,5,5,MLP,A_tiempo,575,144,multi-step-direct,-0.008,0.825706,0.908683,0.475795,14.5621,0.0188,0.0074,3.54
103,F_PB,5,5,ARIMA,A_tiempo,575,144,multi-step-direct,-0.0231,0.790474,0.889086,0.400007,21.1582,0.7908,0.928,1.423
103,F_MED,5,1,LinReg,A_tiempo,576,144,multi-step-direct,-0.1022,0.563824,0.750882,0.580264,12.3127,0.1045,1.0,0.585
103,F_MED,5,1,DT,A_tiempo,576,144,multi-step-direct,0.4402,0.286344,0.535112,0.352514,8.5464,0.0073,0.8572,5.348
103,F_MED,5,1,RF,A_tiempo,576,144,multi-step-direct,0.6168,0.196021,0.442742,0.312975,8.3401,0.1733,0.7926,3.511
103,F_MED,5,1,SVR_rbf,A_tiempo,576,144,multi-step-direct,0.61,0.199507,0.446662,0.310056,8.1152,19.4022,0.6168,12.346
103,F_MED,5,1,MLP,A_tiempo,576,144,multi-step-direct,0.4636,0.274417,0.523849,0.394249,9.1191,0.0171,0.7989,1.479
103,F_MED,5,1,ARIMA,A_tiempo,576,144,multi-step-direct,-0.1077,0.309181,0.55604,0.429448,10.5471,2.483,0.9923,0.894
103,F_MED,5,3,LinReg,A_tiempo,576,144,multi-step-direct,-1.0414,1.027574,1.013693,0.787568,14.4949,0.1487,1.0,3.415
103,F_MED,5,3,DT,A_tiempo,576,144,multi-step-direct,0.07,0.468122,0.684195,0.464611,11.494,0.0087,0.6216,14.198
103,F_MED,5,3,RF,A_tiempo,576,144,multi-step-direct,0.3691,0.317594,0.563555,0.412973,9.2864,0.1702,0.6662,6.967
103,F_MED,5,3,SVR_rbf,A_tiempo,576,144,multi-step-direct,0.3604,0.321971,0.567425,0.40293,9.3136,68.8701,0.4886,36.437
103,F_MED,5,3,MLP,A_tiempo,576,144,multi-step-direct,0.2441,0.380514,0.616858,0.466337,9.584,0.0152,0.4315,1.293
103,F_MED,5,3,ARIMA,A_tiempo,576,144,multi-step-direct,-0.5233,0.633673,0.796036,0.673971,18.2429,0.684,0.9923,0.739
103,F_MED,5,5,LinReg,A_tiempo,575,144,multi-step-direct,-1.5115,1.259284,1.122178,0.875654,16.0564,0.4873,1.0,4.619
103,F_MED,5,5,DT,A_tiempo,575,144,multi-step-direct,0.1245,0.438966,0.662545,0.493096,10.3213,0.0094,0.4875,22.928
103,F_MED,5,5,RF,A_tiempo,575,144,multi-step-direct,0.2495,0.376303,0.613435,0.45327,10.698,0.2473,0.5754,13.388
103,F_MED,5,5,SVR_rbf,A_tiempo,575,144,multi-step-direct,0.2408,0.38065,0.616968,0.442104,10.3048,114.1764,0.4334,62.194
103,F_MED,5,5,MLP,A_tiempo,575,144,multi-step-direct,0.1522,0.425073,0.651976,0.490033,10.5103,0.0192,0.3945,1.925
103,F_MED,5,5,ARIMA,A_tiempo,575,144,multi-step-direct,-0.1925,0.533409,0.730349,0.587505,16.2333,0.769,0.9923,1.384
103,F_N+PB,5,1,LinReg,A_tiempo,576,144,multi-step-direct,-27.0162,22.40024,4.732889,3.593478,88.6292,0.1743,1.0,1.862
103,F_N+PB,5,1,DT,A_tiempo,576,144,multi-step-direct,-0.4176,1.133456,1.064639,0.454289,11.1048,0.0059,0.6084,8.387
103,F_N+PB,5,1,RF,A_tiempo,576,144,multi-step-direct,0.1672,0.665837,0.815988,0.372126,11.9228,0.1979,0.6493,4.046
103,F_N+PB,5,1,SVR_rbf,A_tiempo,576,144,multi-step-direct,0.0014,0.798399,0.893532,0.368902,13.1424,19.1225,0.2233,12.985
103,F_N+PB,5,1,MLP,A_tiempo,576,144,multi-step-direct,-0.0064,0.804703,0.897052,0.470872,14.5923,0.0074,0.026,0.502
103,F_N+PB,5,1,ARIMA,A_tiempo,576,144,multi-step-direct,-0.0149,0.668383,0.817547,0.369255,15.4719,4.8968,0.9281,1.763
103,F_N+PB,5,3,LinReg,A_tiempo,576,144,multi-step-direct,-31.687,26.701533,5.167353,3.936825,93.5581,0.1477,1.0,3.578
103,F_N+PB,5,3,DT,A_tiempo,576,144,multi-step-direct,-0.2695,1.037004,1.018334,0.484555,15.9164,0.0094,0.4351,24.728
103,F_N+PB,5,3,RF,A_tiempo,576,144,multi-step-direct,0.0479,0.777782,0.88192,0.437227,18.7296,0.1767,0.4569,11.654
103,F_N+PB,5,3,SVR_rbf,A_tiempo,576,144,multi-step-direct,-0.0384,0.848269,0.921015,0.405068,20.0873,65.5465,0.2025,38.547
103,F_N+PB,5,3,MLP,A_tiempo,576,144,multi-step-direct,-0.009,0.824213,0.907862,0.475514,21.505,0.0131,0.0096,0.789
103,F_N+PB,5,3,ARIMA,A_tiempo,576,144,multi-step-direct,-0.0167,0.706219,0.840368,0.382609,16.4358,1.588,0.9281,1.715
103,F_N+PB,5,5,LinReg,A_tiempo,575,144,multi-step-direct,-31.9133,26.959489,5.192253,3.971462,106.8335,0.2407,1.0,5.863
103,F_N+PB,5,5,DT,A_tiempo,575,144,multi-step-direct,-0.3999,1.146627,1.070807,0.530209,10.3236,0.0121,0.4131,41.489
103,F_N+PB,5,5,RF,A_tiempo,575,144,multi-step-direct,0.0202,0.802522,0.895836,0.456689,12.9979,0.2661,0.3071,18.948
103,F_N+PB,5,5,SVR_rbf,A_tiempo,575,144,multi-step-direct,-0.0451,0.856053,0.925231,0.418583,13.1703,111.8723,0.1976,67.034
103,F_N+PB,5,5,MLP,A_tiempo,575,144,multi-step-direct,-0.008,0.825685,0.908672,0.475819,14.5628,0.0174,0.0074,0.965
103,F_N+PB,5,5,ARIMA,A_tiempo,575,144,multi-step-direct,-0.0191,0.787375,0.887342,0.401383,21.1394,1.2053,0.9281,2.17
103,F_N+MED,5,1,LinReg,A_tiempo,576,144,multi-step-direct,-0.0833,0.554559,0.744687,0.580306,12.5534,0.2358,1.0,2.088
103,F_N+MED,5,1,DT,A_tiempo,576,144,multi-step-direct,0.4275,0.293075,0.541364,0.378714,8.06,0.0052,0.8387,8.697
103,F_N+MED,5,1,RF,A_tiempo,576,144,multi-step-direct,0.6231,0.192943,0.439253,0.310707,8.2994,0.1721,0.7889,4.431
103,F_N+MED,5,1,SVR_rbf,A_tiempo,576,144,multi-step-direct,0.6093,0.200011,0.447226,0.310857,8.1299,19.4439,0.617,12.216
103,F_N+MED,5,1,MLP,A_tiempo,576,144,multi-step-direct,0.5002,0.255843,0.505809,0.380839,9.0079,0.0072,0.7988,1.396
103,F_N+MED,5,1,ARIMA,A_tiempo,576,144,multi-step-direct,-0.1335,0.313688,0.560078,0.436243,10.6224,1.1147,0.9942,0.401
103,F_N+MED,5,3,LinReg,A_tiempo,576,144,multi-step-direct,-0.889,0.950753,0.975066,0.758101,13.447,0.2734,1.0,3.067
103,F_N+MED,5,3,DT,A_tiempo,576,144,multi-step-direct,0.2213,0.391928,0.626041,0.452527,9.0011,0.0094,0.5962,25.918
103,F_N+MED,5,3,RF,A_tiempo,576,144,multi-step-direct,0.369,0.317582,0.563545,0.414083,9.2822,0.2478,0.6563,12.16
103,F_N+MED,5,3,SVR_rbf,A_tiempo,576,144,multi-step-direct,0.3601,0.322091,0.56753,0.403638,9.2841,62.0772,0.489,37.369
103,F_N+MED,5,3,MLP,A_tiempo,576,144,multi-step-direct,0.2126,0.396307,0.629529,0.475569,9.9652,0.0126,0.3544,1.058
103,F_N+MED,5,3,ARIMA,A_tiempo,576,144,multi-step-direct,-0.5659,0.647534,0.804695,0.684227,18.4259,0.3782,0.9942,0.408
103,F_N+MED,5,5,LinReg,A_tiempo,575,144,multi-step-direct,-1.2603,1.133394,1.06461,0.83482,14.9723,0.4989,1.0,5.101
103,F_N+MED,5,5,DT,A_tiempo,575,144,multi-step-direct,0.0713,0.465661,0.682394,0.505039,10.4965,0.0199,0.4859,45.909
103,F_N+MED,5,5,RF,A_tiempo,575,144,multi-step-direct,0.2569,0.372617,0.610423,0.451768,10.596,0.2497,0.5803,18.924
103,F_N+MED,5,5,SVR_rbf,A_tiempo,575,144,multi-step-direct,0.2405,0.380829,0.617114,0.442734,10.3277,113.9054,0.4339,58.059
103,F_N+MED,5,5,MLP,A_tiempo,575,144,multi-step-direct,0.1555,0.423454,0.650733,0.490287,10.4687,0.0177,0.3878,1.88
103,F_N+MED,5,5,ARIMA,A_tiempo,575,144,multi-step-direct,-0.218,0.540126,0.734933,0.594129,16.3711,0.2619,0.9942,0.471
103,F_N+PB+MED,5,1,LinReg,A_tiempo,576,144,multi-step-direct,0.1113,0.819946,0.905509,0.69986,15.4445,0.2489,1.0,0.505
103,F_N+PB+MED,5,1,DT,A_tiempo,576,144,multi-step-direct,0.5823,0.38538,0.62079,0.36575,10.0937,0.0065,0.9297,9.988
103,F_N+PB+MED,5,1,RF,A_tiempo,576,144,multi-step-direct,0.7404,0.239534,0.489422,0.311359,9.2517,0.1832,0.8939,2.929
103,F_N+PB+MED,5,1,SVR_rbf,A_tiempo,576,144,multi-step-direct,0.6263,0.344832,0.587224,0.376428,10.7238,19.2452,0.7351,13.381
103,F_N+PB+MED,5,1,MLP,A_tiempo,576,144,multi-step-direct,0.6381,0.333889,0.577831,0.390602,10.1856,0.007,0.7904,1.39
103,F_N+PB+MED,5,1,ARIMA,A_tiempo,576,144,multi-step-direct,-0.0708,0.693419,0.832718,0.62211,15.7997,0.6211,0.9945,0.224
103,F_N+PB+MED,5,3,LinReg,A_tiempo,576,144,multi-step-direct,-0.6048,1.487871,1.219783,0.943014,17.3846,0.1454,1.0,1.11
103,F_N+PB+MED,5,3,DT,A_tiempo,576,144,multi-step-direct,0.207,0.735266,0.857476,0.532003,11.5534,0.0078,0.8175,26.089
103,F_N+PB+MED,5,3,RF,A_tiempo,576,144,multi-step-direct,0.4683,0.492972,0.70212,0.46525,11.6529,0.196,0.8048,8.38
103,F_N+PB+MED,5,3,SVR_rbf,A_tiempo,576,144,multi-step-direct,0.3835,0.571638,0.756067,0.489493,13.0283,62.7499,0.5528,38.71
103,F_N+PB+MED,5,3,MLP,A_tiempo,576,144,multi-step-direct,0.3856,0.569666,0.754762,0.531673,12.7222,0.0398,0.4862,4.91
103,F_N+PB+MED,5,3,ARIMA,A_tiempo,576,144,multi-step-direct,-0.0467,0.804445,0.896909,0.659902,20.7735,0.247,0.9945,0.267
103,F_N+PB+MED,5,5,LinReg,A_tiempo,575,144,multi-step-direct,-0.9268,1.793962,1.339389,1.042993,19.9706,0.2517,1.0,1.993
103,F_N+PB+MED,5,5,DT,A_tiempo,575,144,multi-step-direct,-0.0013,0.93231,0.965562,0.631148,12.7412,0.0091,0.7211,43.529
103,F_N+PB+MED,5,5,RF,A_tiempo,575,144,multi-step-direct,0.3492,0.605954,0.77843,0.532224,13.1129,0.2448,0.7456,15.776
103,F_N+PB+MED,5,5,SVR_rbf,A_tiempo,575,144,multi-step-direct,0.2743,0.675685,0.822,0.540688,13.9539,113.1777,0.4724,59.576
103,F_N+PB+MED,5,5,MLP,A_tiempo,575,144,multi-step-direct,0.2787,0.671577,0.819498,0.584242,13.9044,0.0194,0.409,2.009
103,F_N+PB+MED,5,5,ARIMA,A_tiempo,575,144,multi-step-direct,-0.0584,0.774244,0.879911,0.657479,19.5191,0.2238,0.9945,0.403
104,F_SIN,5,1,LinReg,A_tiempo,576,144,multi-step-direct,-1.2506,1.908461,1.381471,1.029019,19.9598,0.2451,1.0,0.551
104,F_SIN,5,1,DT,A_tiempo,576,144,multi-step-direct,-0.1133,0.944038,0.971616,0.589048,15.5674,0.0068,0.6492,7.877
104,F_SIN,5,1,RF,A_tiempo,576,144,multi-step-direct,0.2957,0.597232,0.772808,0.449091,16.8507,0.1708,0.6975,2.489
104,F_SIN,5,1,SVR_rbf,A_tiempo,576,144,multi-step-direct,0.3318,0.566614,0.752738,0.42077,15.9694,31.8962,0.591,13.593
104,F_SIN,5,1,MLP,A_tiempo,576,144,multi-step-direct,0.241,0.643629,0.802265,0.505118,16.1974,0.0077,0.4201,2.031
104,F_SIN,5,1,ARIMA,A_tiempo,576,144,multi-step-direct,-0.0487,1.036247,1.017962,0.607925,19.2801,1.2651,0.8163,0.455
104,F_SIN,5,3,LinReg,A_tiempo,576,144,multi-step-direct,-1.5735,2.168755,1.472669,1.118348,20.7311,0.1471,1.0,1.28
104,F_SIN,5,3,DT,A_tiempo,576,144,multi-step-direct,-0.2367,1.042221,1.020892,0.654406,13.4499,0.0079,0.5429,18.008
104,F_SIN,5,3,RF,A_tiempo,576,144,multi-step-direct,0.2271,0.651358,0.807067,0.495317,15.333,0.1726,0.5982,8.858
104,F_SIN,5,3,SVR_rbf,A_tiempo,576,144,multi-step-direct,0.3249,0.568894,0.754251,0.444283,13.3354,76.8072,0.5675,38.544
104,F_SIN,5,3,MLP,A_tiempo,576,144,multi-step-direct,0.2252,0.652966,0.808063,0.522688,13.8531,0.0127,0.3584,1.607
104,F_SIN,5,3,ARIMA,A_tiempo,576,144,multi-step-direct,-0.0238,1.099288,1.048469,0.632377,23.9679,0.4591,0.8163,0.496
104,F_SIN,5,5,LinReg,A_tiempo,575,144,multi-step-direct,-1.6826,2.238961,1.496316,1.138885,20.3917,0.2415,1.0,2.168
104,F_SIN,5,5,DT,A_tiempo,575,144,multi-step-direct,-0.2915,1.077923,1.038231,0.68165,14.3094,0.0095,0.529,31.374
104,F_SIN,5,5,RF,A_tiempo,575,144,multi-step-direct,0.2096,0.65964,0.812182,0.507815,16.1142,0.294,0.5533,13.754
104,F_SIN,5,5,SVR_rbf,A_tiempo,575,144,multi-step-direct,0.3293,0.559766,0.748175,0.447035,14.3472,114.284,0.5616,64.349
104,F_SIN,5,5,MLP,A_tiempo,575,144,multi-step-direct,0.2124,0.657328,0.810758,0.528731,15.1386,0.0177,0.3079,5.557
104,F_SIN,5,5,ARIMA,A_tiempo,575,144,multi-step-direct,-0.0246,0.862205,0.92855,0.570697,19.6437,0.2752,0.8163,0.495
104,F_N,5,1,LinReg,A_tiempo,576,144,multi-step-direct,-1.2909,1.943057,1.393936,1.043161,20.207,0.2503,1.0,0.522
104,F_N,5,1,DT,A_tiempo,576,144,multi-step-direct,-0.1948,1.01341,1.006683,0.617812,15.2577,0.0074,0.6863,8.853
104,F_N,5,1,RF,A_tiempo,576,144,multi-step-direct,0.2858,0.605766,0.77831,0.451703,16.7774,0.1735,0.7051,4.747
104,F_N,5,1,SVR_rbf,A_tiempo,576,144,multi-step-direct,0.3334,0.565422,0.751946,0.421711,15.9401,22.7063,0.5931,12.114
104,F_N,5,1,MLP,A_tiempo,576,144,multi-step-direct,0.2472,0.63853,0.799081,0.502823,16.0144,0.008,0.4104,4.5
104,F_N,5,1,ARIMA,A_tiempo,576,144,multi-step-direct,-0.0374,1.02475,1.0123,0.58664,19.1509,1.438,0.8302,0.518
104,F_N,5,3,LinReg,A_tiempo,576,144,multi-step-direct,-1.6526,2.235684,1.49522,1.140102,20.9714,0.1444,1.0,1.299
104,F_N,5,3,DT,A_tiempo,576,144,multi-step-direct,-0.3712,1.155689,1.07503,0.695141,13.3355,0.0103,0.5589,25.931
104,F_N,5,3,RF,A_tiempo,576,144,multi-step-direct,0.2319,0.647411,0.804619,0.493627,15.1305,0.1832,0.6001,9.599
104,F_N,5,3,SVR_rbf,A_tiempo,576,144,multi-step-direct,0.3261,0.567944,0.75362,0.445188,13.3547,58.6045,0.5694,38.737
104,F_N,5,3,MLP,A_tiempo,576,144,multi-step-direct,0.215,0.661628,0.813405,0.531056,14.0395,0.014,0.3477,1.499
104,F_N,5,3,ARIMA,A_tiempo,576,144,multi-step-direct,-0.0164,1.091191,1.044601,0.613391,23.9777,0.5628,0.8302,0.608
104,F_N,5,5,LinReg,A_tiempo,575,144,multi-step-direct,-1.7443,2.290672,1.513497,1.156506,21.0061,0.2422,1.0,4.414
104,F_N,5,5,DT,A_tiempo,575,144,multi-step-direct,-0.2951,1.081064,1.039742,0.680045,14.2362,0.011,0.5253,42.326
104,F_N,5,5,RF,A_tiempo,575,144,multi-step-direct,0.2137,0.65632,0.810136,0.508498,16.0534,0.2756,0.5559,16.661
104,F_N,5,5,SVR_rbf,A_tiempo,575,144,multi-step-direct,0.3306,0.558738,0.747488,0.447858,14.3906,113.972,0.5634,64.391
104,F_N,5,5,MLP,A_tiempo,575,144,multi-step-direct,0.2114,0.658275,0.811341,0.531845,15.0261,0.0182,0.3236,1.987
104,F_N,5,5,ARIMA,A_tiempo,575,144,multi-step-direct,-0.0162,0.855154,0.924745,0.557861,19.5337,0.2647,0.8302,0.476
104,F_PB,5,1,LinReg,A_tiempo,576,144,multi-step-direct,-11.3957,11.045778,3.323519,2.567579,63.5538,0.209,1.0,0.996
104,F_PB,5,1,DT,A_tiempo,576,144,multi-step-direct,-0.0824,0.964533,0.982106,0.542215,14.7889,0.0057,0.7006,9.691
104,F_PB,5,1,RF,A_tiempo,576,144,multi-step-direct,0.3724,0.559253,0.747832,0.408039,16.4963,0.1749,0.7402,3.041
104,F_PB,5,1,SVR_rbf,A_tiempo,576,144,multi-step-direct,0.3524,0.577085,0.759661,0.39549,16.529,19.3039,0.5674,13.699
104,F_PB,5,1,MLP,A_tiempo,576,144,multi-step-direct,0.2912,0.631608,0.794738,0.499275,16.801,0.0073,0.4688,1.266
104,F_PB,5,1,ARIMA,A_tiempo,576,144,multi-step-direct,-0.0557,1.143587,1.069386,0.51011,19.597,4.838,0.9634,1.742
104,F_PB,5,3,LinReg,A_tiempo,576,144,multi-step-direct,-13.8424,12.998314,3.605317,2.80602,62.2993,0.1461,1.0,1.26
104,F_PB,5,3,DT,A_tiempo,576,144,multi-step-direct,-0.0646,0.932292,0.965553,0.575498,13.6043,0.0081,0.6071,26.178
104,F_PB,5,3,RF,A_tiempo,576,144,multi-step-direct,0.3127,0.601871,0.775804,0.453991,14.4508,0.1835,0.6551,10.4
104,F_PB,5,3,SVR_rbf,A_tiempo,576,144,multi-step-direct,0.3549,0.564911,0.751605,0.406807,13.1674,74.9492,0.547,38.908
104,F_PB,5,3,MLP,A_tiempo,576,144,multi-step-direct,0.2853,0.625939,0.791163,0.501175,13.4706,0.013,0.4187,1.788
104,F_PB,5,3,ARIMA,A_tiempo,576,144,multi-step-direct,-0.0862,1.31962,1.148747,0.561848,26.5341,1.6397,0.9634,1.771
104,F_PB,5,5,LinReg,A_tiempo,575,144,multi-step-direct,-14.1362,13.11226,3.621085,2.834491,64.1065,0.2594,1.0,2.058
104,F_PB,5,5,DT,A_tiempo,575,144,multi-step-direct,-0.1111,0.962523,0.981083,0.58819,14.1309,0.0116,0.5506,47.02
104,F_PB,5,5,RF,A_tiempo,575,144,multi-step-direct,0.2872,0.617517,0.785823,0.465783,15.2487,0.4457,0.6217,19.605
104,F_PB,5,5,SVR_rbf,A_tiempo,575,144,multi-step-direct,0.3654,0.54971,0.741425,0.402023,14.3548,119.4917,0.5412,66.452
104,F_PB,5,5,MLP,A_tiempo,575,144,multi-step-direct,0.2628,0.638666,0.799166,0.505464,14.9506,0.0341,0.3384,2.403
104,F_PB,5,5,ARIMA,A_tiempo,575,144,multi-step-direct,-0.1304,1.069239,1.03404,0.585152,20.8415,1.0234,0.9634,1.842
104,F_MED,5,1,LinReg,A_tiempo,576,144,multi-step-direct,-0.6437,1.321359,1.149504,0.87877,16.8282,0.1159,1.0,0.662
104,F_MED,5,1,DT,A_tiempo,576,144,multi-step-direct,-0.0645,0.855772,0.92508,0.647709,13.7447,0.0061,0.7812,7.994
104,F_MED,5,1,RF,A_tiempo,576,144,multi-step-direct,0.4354,0.453868,0.673697,0.463362,13.8484,0.1738,0.7919,2.39
104,F_MED,5,1,SVR_rbf,A_tiempo,576,144,multi-step-direct,0.468,0.427626,0.653931,0.441149,12.7088,28.8497,0.7238,13.361
104,F_MED,5,1,MLP,A_tiempo,576,144,multi-step-direct,0.363,0.512061,0.715584,0.518095,13.494,0.0073,0.6737,1.514
104,F_MED,5,1,ARIMA,A_tiempo,576,144,multi-step-direct,-0.3353,0.720471,0.848806,0.653965,16.1014,0.7961,0.9859,0.287
104,F_MED,5,3,LinReg,A_tiempo,576,144,multi-step-direct,-1.0857,1.716702,1.31023,1.006897,19.2242,0.1931,1.0,1.252
104,F_MED,5,3,DT,A_tiempo,576,144,multi-step-direct,-0.1193,0.921279,0.959833,0.695738,14.347,0.008,0.6347,17.715
104,F_MED,5,3,RF,A_tiempo,576,144,multi-step-direct,0.3221,0.558,0.746994,0.538414,15.2444,0.2681,0.6918,8.903
104,F_MED,5,3,SVR_rbf,A_tiempo,576,144,multi-step-direct,0.4299,0.469208,0.684988,0.485578,12.9365,75.2381,0.6779,36.979
104,F_MED,5,3,MLP,A_tiempo,576,144,multi-step-direct,0.3051,0.571992,0.756301,0.559799,14.0344,0.0126,0.49,1.491
104,F_MED,5,3,ARIMA,A_tiempo,576,144,multi-step-direct,-0.1916,0.742916,0.861926,0.659449,19.8832,0.2741,0.9859,0.296
104,F_MED,5,5,LinReg,A_tiempo,575,144,multi-step-direct,-1.123,1.733917,1.316783,1.016986,17.4694,0.2472,1.0,2.084
104,F_MED,5,5,DT,A_tiempo,575,144,multi-step-direct,-0.2062,0.98512,0.992532,0.725513,14.8424,0.0102,0.5871,29.889
104,F_MED,5,5,RF,A_tiempo,575,144,multi-step-direct,0.2939,0.576673,0.75939,0.556659,14.7392,0.2515,0.6422,13.344
104,F_MED,5,5,SVR_rbf,A_tiempo,575,144,multi-step-direct,0.4256,0.469168,0.684958,0.495942,12.5098,113.589,0.6651,63.03
104,F_MED,5,5,MLP,A_tiempo,575,144,multi-step-direct,0.2782,0.589487,0.767781,0.573498,13.4145,0.0224,0.4321,2.132
104,F_MED,5,5,ARIMA,A_tiempo,575,144,multi-step-direct,-0.1264,0.672445,0.820027,0.615781,18.1146,0.4381,0.9859,0.789
104,F_N+PB,5,1,LinReg,A_tiempo,576,144,multi-step-direct,-14.3936,13.717339,3.703693,2.867934,71.9914,0.1521,1.0,1.056
104,F_N+PB,5,1,DT,A_tiempo,576,144,multi-step-direct,-0.0556,0.940629,0.96986,0.542299,15.6324,0.0059,0.7021,8.467
104,F_N+PB,5,1,RF,A_tiempo,576,144,multi-step-direct,0.3722,0.559435,0.747954,0.406715,16.613,0.3425,0.7396,3.5
104,F_N+PB,5,1,SVR_rbf,A_tiempo,576,144,multi-step-direct,0.3524,0.577071,0.759652,0.395509,16.5295,27.7682,0.5674,13.223
104,F_N+PB,5,1,MLP,A_tiempo,576,144,multi-step-direct,0.2907,0.63206,0.795022,0.499184,16.7979,0.0079,0.4691,1.264
104,F_N+PB,5,1,ARIMA,A_tiempo,576,144,multi-step-direct,-0.0536,1.141395,1.068361,0.508161,19.5973,10.9856,0.9634,3.955
104,F_N+PB,5,3,LinReg,A_tiempo,576,144,multi-step-direct,-17.0461,15.804169,3.975446,3.09836,72.2605,0.1453,1.0,1.54
104,F_N+PB,5,3,DT,A_tiempo,576,144,multi-step-direct,-0.0717,0.938574,0.9688,0.578273,13.4536,0.0112,0.6116,24.764
104,F_N+PB,5,3,RF,A_tiempo,576,144,multi-step-direct,0.3117,0.6028,0.776402,0.454623,14.028,0.1781,0.6555,10.581
104,F_N+PB,5,3,SVR_rbf,A_tiempo,576,144,multi-step-direct,0.355,0.564902,0.7516,0.406837,13.1679,68.6132,0.5471,38.336
104,F_N+PB,5,3,MLP,A_tiempo,576,144,multi-step-direct,0.2852,0.62599,0.791196,0.501104,13.4912,0.0121,0.4151,1.806
104,F_N+PB,5,3,ARIMA,A_tiempo,576,144,multi-step-direct,-0.0837,1.316665,1.14746,0.559844,26.527,1.68,0.9634,1.814
104,F_N+PB,5,5,LinReg,A_tiempo,575,144,multi-step-direct,-17.2676,15.825104,3.978078,3.116291,71.3057,0.3942,1.0,4.726
104,F_N+PB,5,5,DT,A_tiempo,575,144,multi-step-direct,-0.1171,0.967767,0.983751,0.583758,14.2281,0.012,0.535,42.451
104,F_N+PB,5,5,RF,A_tiempo,575,144,multi-step-direct,0.2867,0.617905,0.786069,0.465519,15.365,0.2615,0.6216,15.36
104,F_N+PB,5,5,SVR_rbf,A_tiempo,575,144,multi-step-direct,0.3655,0.549697,0.741415,0.402046,14.3549,112.7057,0.5412,65.175
104,F_N+PB,5,5,MLP,A_tiempo,575,144,multi-step-direct,0.263,0.638475,0.799046,0.505446,14.955,0.0336,0.3383,1.877
104,F_N+PB,5,5,ARIMA,A_tiempo,575,144,multi-step-direct,-0.1273,1.06625,1.032594,0.582683,20.8275,0.9523,0.9634,1.714
104,F_N+MED,5,1,LinReg,A_tiempo,576,144,multi-step-direct,-0.6376,1.316552,1.147411,0.886609,16.6421,0.2509,1.0,1.171
104,F_N+MED,5,1,DT,A_tiempo,576,144,multi-step-direct,-0.0723,0.862083,0.928484,0.649327,13.7919,0.0062,0.7967,9.599
104,F_N+MED,5,1,RF,A_tiempo,576,144,multi-step-direct,0.4341,0.454932,0.674487,0.46635,14.2176,0.1681,0.7939,3.026
104,F_N+MED,5,1,SVR_rbf,A_tiempo,576,144,multi-step-direct,0.4677,0.427961,0.654187,0.441641,12.7384,19.343,0.7245,13.597
104,F_N+MED,5,1,MLP,A_tiempo,576,144,multi-step-direct,0.3561,0.517637,0.71947,0.518145,13.3641,0.0075,0.6551,1.455
104,F_N+MED,5,1,ARIMA,A_tiempo,576,144,multi-step-direct,-0.3245,0.713364,0.844609,0.649168,15.9762,0.7515,0.9836,0.271
104,F_N+MED,5,3,LinReg,A_tiempo,576,144,multi-step-direct,-1.0895,1.720076,1.311517,1.018174,19.1698,0.1454,1.0,1.216
104,F_N+MED,5,3,DT,A_tiempo,576,144,multi-step-direct,-0.0262,0.844754,0.919105,0.66523,13.9486,0.0092,0.6275,26.037
104,F_N+MED,5,3,RF,A_tiempo,576,144,multi-step-direct,0.3256,0.55514,0.745077,0.539105,15.224,0.2619,0.6882,10.071
104,F_N+MED,5,3,SVR_rbf,A_tiempo,576,144,multi-step-direct,0.4291,0.469974,0.685546,0.486286,12.9308,72.3412,0.679,37.888
104,F_N+MED,5,3,MLP,A_tiempo,576,144,multi-step-direct,0.3032,0.573604,0.757367,0.560397,14.0442,0.0124,0.5013,2.212
104,F_N+MED,5,3,ARIMA,A_tiempo,576,144,multi-step-direct,-0.1768,0.742323,0.861582,0.655356,19.8616,0.2732,0.9836,0.295
104,F_N+MED,5,5,LinReg,A_tiempo,575,144,multi-step-direct,-1.1844,1.785388,1.336184,1.039877,18.6025,0.2422,1.0,2.042
104,F_N+MED,5,5,DT,A_tiempo,575,144,multi-step-direct,-0.1387,0.930723,0.96474,0.712713,13.9457,0.0099,0.5821,42.909
104,F_N+MED,5,5,RF,A_tiempo,575,144,multi-step-direct,0.2829,0.58615,0.765605,0.562997,15.0336,0.2582,0.6363,16.697
104,F_N+MED,5,5,SVR_rbf,A_tiempo,575,144,multi-step-direct,0.425,0.469999,0.685565,0.496519,12.6614,113.8249,0.6662,61.793
104,F_N+MED,5,5,MLP,A_tiempo,575,144,multi-step-direct,0.271,0.595798,0.771879,0.576128,13.5289,0.0196,0.4051,1.792
104,F_N+MED,5,5,ARIMA,A_tiempo,575,144,multi-step-direct,-0.115,0.669886,0.818465,0.612666,18.0618,0.1942,0.9836,0.35
104,F_N+PB+MED,5,1,LinReg,A_tiempo,576,144,multi-step-direct,-0.5303,1.340892,1.157969,0.875525,17.2328,0.2029,1.0,2.004
104,F_N+PB+MED,5,1,DT,A_tiempo,576,144,multi-step-direct,0.198,0.702769,0.838313,0.526533,14.5084,0.0063,0.7997,9.162
104,F_N+PB+MED,5,1,RF,A_tiempo,576,144,multi-step-direct,0.5248,0.416415,0.645302,0.411209,13.8682,0.1687,0.8327,2.977
104,F_N+PB+MED,5,1,SVR_rbf,A_tiempo,576,144,multi-step-direct,0.5114,0.428125,0.654313,0.405393,13.9653,19.6685,0.719,13.679
104,F_N+PB+MED,5,1,MLP,A_tiempo,576,144,multi-step-direct,0.4425,0.488517,0.69894,0.487669,14.5733,0.0077,0.6451,1.409
104,F_N+PB+MED,5,1,ARIMA,A_tiempo,576,144,multi-step-direct,-0.0001,0.625389,0.790815,0.489263,14.8069,1.7,0.9843,0.612
104,F_N+PB+MED,5,3,LinReg,A_tiempo,576,144,multi-step-direct,-0.8007,1.592797,1.262061,0.967734,17.578,0.1468,1.0,1.233
104,F_N+PB+MED,5,3,DT,A_tiempo,576,144,multi-step-direct,0.0142,0.871979,0.933798,0.62391,14.981,0.0082,0.703,26.259
104,F_N+PB+MED,5,3,RF,A_tiempo,576,144,multi-step-direct,0.4513,0.485333,0.696658,0.467491,14.2737,0.1814,0.7521,10.283
104,F_N+PB+MED,5,3,SVR_rbf,A_tiempo,576,144,multi-step-direct,0.4943,0.447329,0.668826,0.426876,12.9465,75.2975,0.6825,38.396
104,F_N+PB+MED,5,3,MLP,A_tiempo,576,144,multi-step-direct,0.4065,0.525011,0.724576,0.509628,13.434,0.0128,0.5695,1.926
104,F_N+PB+MED,5,3,ARIMA,A_tiempo,576,144,multi-step-direct,-0.0127,0.841585,0.91738,0.538888,21.4683,0.59,0.9843,0.637
104,F_N+PB+MED,5,5,LinReg,A_tiempo,575,144,multi-step-direct,-0.9034,1.663785,1.289878,0.993842,19.7522,0.2393,1.0,2.151
104,F_N+PB+MED,5,5,DT,A_tiempo,575,144,multi-step-direct,0.0164,0.859824,0.927267,0.623078,13.8189,0.0099,0.652,43.121
104,F_N+PB+MED,5,5,RF,A_tiempo,575,144,multi-step-direct,0.4245,0.503032,0.709247,0.487012,13.2403,0.2551,0.7137,15.841
104,F_N+PB+MED,5,5,SVR_rbf,A_tiempo,575,144,multi-step-direct,0.5124,0.426246,0.652875,0.419777,12.0817,112.6533,0.6714,65.809
104,F_N+PB+MED,5,5,MLP,A_tiempo,575,144,multi-step-direct,0.4022,0.522583,0.722899,0.519647,12.7214,0.0176,0.5203,6.259
104,F_N+PB+MED,5,5,ARIMA,A_tiempo,575,144,multi-step-direct,-0.0509,0.806024,0.897788,0.58014,18.9991,0.3369,0.9843,0.606
105,F_SIN,5,1,LinReg,A_tiempo,576,144,multi-step-direct,-2.3632,3.162593,1.778368,1.320771,22.6454,0.2698,1.0,0.502
105,F_SIN,5,1,DT,A_tiempo,576,144,multi-step-direct,-0.2387,1.164825,1.07927,0.616708,16.4088,0.0053,0.3847,4.604
105,F_SIN,5,1,RF,A_tiempo,576,144,multi-step-direct,0.0762,0.86872,0.932052,0.547691,16.8236,0.176,0.4159,3.233
105,F_SIN,5,1,SVR_rbf,A_tiempo,576,144,multi-step-direct,0.0109,0.930139,0.964437,0.545985,17.1669,19.2216,0.4167,12.728
105,F_SIN,5,1,MLP,A_tiempo,576,144,multi-step-direct,-0.0412,0.979097,0.989493,0.584721,17.2628,0.0089,0.035,0.512
105,F_SIN,5,1,ARIMA,A_tiempo,576,144,multi-step-direct,-0.0044,0.407439,0.638309,0.331526,11.6435,1.3611,0.9554,0.49
105,F_SIN,5,3,LinReg,A_tiempo,576,144,multi-step-direct,-2.8869,3.630842,1.905477,1.412639,26.8694,0.3465,1.0,2.425
105,F_SIN,5,3,DT,A_tiempo,576,144,multi-step-direct,-0.2625,1.179315,1.085963,0.61885,15.6449,0.0069,0.2362,12.795
105,F_SIN,5,3,RF,A_tiempo,576,144,multi-step-direct,-0.0162,0.949266,0.974303,0.580146,16.8275,0.1754,0.2677,9.128
105,F_SIN,5,3,SVR_rbf,A_tiempo,576,144,multi-step-direct,-0.0392,0.970795,0.985289,0.57774,16.7614,75.2231,0.3693,37.602
105,F_SIN,5,3,MLP,A_tiempo,576,144,multi-step-direct,-0.043,0.974258,0.987045,0.589947,16.2458,0.0146,0.0941,0.929
105,F_SIN,5,3,ARIMA,A_tiempo,576,144,multi-step-direct,-0.0007,0.47913,0.692192,0.389109,14.9884,0.4913,0.9554,0.531
105,F_SIN,5,5,LinReg,A_tiempo,575,144,multi-step-direct,-3.0742,3.765607,1.940517,1.440234,24.5895,0.2442,1.0,2.036
105,F_SIN,5,5,DT,A_tiempo,575,144,multi-step-direct,-0.2555,1.160349,1.077195,0.613424,16.0964,0.0084,0.2613,24.836
105,F_SIN,5,5,RF,A_tiempo,575,144,multi-step-direct,-0.0233,0.945802,0.972523,0.578775,17.3612,0.1803,0.2246,11.336
105,F_SIN,5,5,SVR_rbf,A_tiempo,575,144,multi-step-direct,-0.0494,0.969889,0.98483,0.585881,16.7135,113.7097,0.3546,63.523
105,F_SIN,5,5,MLP,A_tiempo,575,144,multi-step-direct,-0.0284,0.950503,0.974938,0.580306,16.8347,0.0186,0.0283,0.971
105,F_SIN,5,5,ARIMA,A_tiempo,575,144,multi-step-direct,-0.0033,0.540909,0.735465,0.414083,15.5418,0.3231,0.9554,0.582
105,F_N,5,1,LinReg,A_tiempo,576,144,multi-step-direct,-2.4219,3.217615,1.793771,1.328745,22.4942,0.1075,1.0,0.518
105,F_N,5,1,DT,A_tiempo,576,144,multi-step-direct,-0.3382,1.258362,1.121767,0.639865,13.9593,0.0061,0.3807,10.771
105,F_N,5,1,RF,A_tiempo,576,144,multi-step-direct,0.0838,0.861531,0.928187,0.545158,16.9225,0.1717,0.4145,3.904
105,F_N,5,1,SVR_rbf,A_tiempo,576,144,multi-step-direct,0.0109,0.930019,0.964375,0.545765,17.1928,19.31,0.4167,14.38
105,F_N,5,1,MLP,A_tiempo,576,144,multi-step-direct,-0.0407,0.978586,0.989235,0.584484,17.2905,0.0076,0.0409,0.531
105,F_N,5,1,ARIMA,A_tiempo,576,144,multi-step-direct,0.0008,0.405302,0.636633,0.333601,11.6592,1.5388,0.9575,0.554
105,F_N,5,3,LinReg,A_tiempo,576,144,multi-step-direct,-2.9781,3.715642,1.9276,1.429585,27.3306,0.1506,1.0,1.22
105,F_N,5,3,DT,A_tiempo,576,144,multi-step-direct,-0.4494,1.353749,1.163507,0.645761,15.4481,0.0078,0.2249,28.554
105,F_N,5,3,RF,A_tiempo,576,144,multi-step-direct,-0.0169,0.949851,0.974603,0.579723,16.6565,0.171,0.2672,13.129
105,F_N,5,3,SVR_rbf,A_tiempo,576,144,multi-step-direct,-0.0393,0.970721,0.985252,0.577574,16.7528,74.9794,0.3692,37.586
105,F_N,5,3,MLP,A_tiempo,576,144,multi-step-direct,-0.046,0.977041,0.988454,0.591596,16.1281,0.0137,0.1047,0.969
105,F_N,5,3,ARIMA,A_tiempo,576,144,multi-step-direct,0.0006,0.478382,0.691652,0.395101,14.9802,0.5483,0.9575,0.592
105,F_N,5,5,LinReg,A_tiempo,575,144,multi-step-direct,-3.143,3.828636,1.95669,1.453532,24.4626,0.2444,1.0,2.07
105,F_N,5,5,DT,A_tiempo,575,144,multi-step-direct,-0.0632,0.982558,0.991241,0.582709,18.7316,0.0099,0.2504,48.687
105,F_N,5,5,RF,A_tiempo,575,144,multi-step-direct,-0.0215,0.943974,0.971583,0.579058,17.0193,0.2534,0.228,22.744
105,F_N,5,5,SVR_rbf,A_tiempo,575,144,multi-step-direct,-0.0494,0.969773,0.984771,0.585719,16.6474,112.7178,0.3546,62.858
105,F_N,5,5,MLP,A_tiempo,575,144,multi-step-direct,-0.0284,0.950368,0.974868,0.580198,16.7708,0.0239,0.0283,0.93
105,F_N,5,5,ARIMA,A_tiempo,575,144,multi-step-direct,-0.0001,0.539021,0.734181,0.420537,15.5297,0.3146,0.9575,0.566
105,F_PB,5,1,LinReg,A_tiempo,576,144,multi-step-direct,-20.2385,19.569173,4.423706,3.219094,78.9503,0.2499,1.0,0.531
105,F_PB,5,1,DT,A_tiempo,576,144,multi-step-direct,-0.4011,1.291002,1.136223,0.643591,13.1433,0.0063,0.6045,10.239
105,F_PB,5,1,RF,A_tiempo,576,144,multi-step-direct,0.0993,0.829878,0.910976,0.531931,15.2703,0.1758,0.5857,3.673
105,F_PB,5,1,SVR_rbf,A_tiempo,576,144,multi-step-direct,0.0061,0.915762,0.956954,0.537212,17.0075,19.0139,0.407,13.697
105,F_PB,5,1,MLP,A_tiempo,576,144,multi-step-direct,-0.0854,1.000064,1.000032,0.624016,15.5174,0.0077,0.3683,1.147
105,F_PB,5,1,ARIMA,A_tiempo,576,144,multi-step-direct,-0.0958,0.538018,0.733497,0.388109,12.3421,2.5398,0.9732,0.914
105,F_PB,5,3,LinReg,A_tiempo,576,144,multi-step-direct,-24.8744,23.642821,4.862388,3.512915,85.1583,0.1473,1.0,1.185
105,F_PB,5,3,DT,A_tiempo,576,144,multi-step-direct,-0.5625,1.42774,1.194881,0.710702,13.5534,0.0066,0.3226,27.52
105,F_PB,5,3,RF,A_tiempo,576,144,multi-step-direct,-0.0139,0.926478,0.962537,0.580265,15.5347,0.1731,0.3609,12.921
105,F_PB,5,3,SVR_rbf,A_tiempo,576,144,multi-step-direct,-0.0366,0.94721,0.973247,0.563997,16.316,74.215,0.3525,38.818
105,F_PB,5,3,MLP,A_tiempo,576,144,multi-step-direct,-0.0348,0.945593,0.972416,0.580552,15.7887,0.0125,0.0502,0.793
105,F_PB,5,3,ARIMA,A_tiempo,576,144,multi-step-direct,-0.1134,0.643511,0.802191,0.443906,16.1117,0.8982,0.9732,0.97
105,F_PB,5,5,LinReg,A_tiempo,575,144,multi-step-direct,-27.022,25.758184,5.075252,3.633346,87.0282,0.283,1.0,1.963
105,F_PB,5,5,DT,A_tiempo,575,144,multi-step-direct,-0.3609,1.250999,1.118481,0.64346,15.0484,0.0083,0.2169,47.205
105,F_PB,5,5,RF,A_tiempo,575,144,multi-step-direct,-0.0333,0.949852,0.974604,0.585758,16.1113,0.2736,0.3065,20.293
105,F_PB,5,5,SVR_rbf,A_tiempo,575,144,multi-step-direct,-0.0483,0.963595,0.981629,0.575094,16.422,112.2437,0.3325,65.103
105,F_PB,5,5,MLP,A_tiempo,575,144,multi-step-direct,-0.0253,0.942459,0.970803,0.575495,16.7861,0.0176,0.0241,0.926
105,F_PB,5,5,ARIMA,A_tiempo,575,144,multi-step-direct,-0.1224,0.734222,0.856867,0.472333,16.891,0.7206,0.9732,1.297
105,F_MED,5,1,LinReg,A_tiempo,576,144,multi-step-direct,-1.1273,1.841428,1.356992,0.911295,18.8007,0.0966,1.0,0.529
105,F_MED,5,1,DT,A_tiempo,576,144,multi-step-direct,-0.1932,1.032872,1.016303,0.563619,15.1089,0.008,0.602,5.886
105,F_MED,5,1,RF,A_tiempo,576,144,multi-step-direct,0.0073,0.859302,0.926986,0.521635,17.4602,0.1701,0.4507,2.393
105,F_MED,5,1,SVR_rbf,A_tiempo,576,144,multi-step-direct,0.0167,0.851185,0.922597,0.517695,17.0646,24.3936,0.4302,11.672
105,F_MED,5,1,MLP,A_tiempo,576,144,multi-step-direct,-0.1831,1.024125,1.01199,0.598199,14.7785,0.0073,0.6377,5.096
105,F_MED,5,1,ARIMA,A_tiempo,576,144,multi-step-direct,-0.9901,0.295232,0.543352,0.418037,10.3094,0.7927,0.9677,0.285
105,F_MED,5,3,LinReg,A_tiempo,576,144,multi-step-direct,-1.813,2.486054,1.576723,1.075474,20.5682,0.1461,1.0,1.269
105,F_MED,5,3,DT,A_tiempo,576,144,multi-step-direct,-0.6902,1.493714,1.222176,0.62758,14.6048,0.0101,0.5145,12.738
105,F_MED,5,3,RF,A_tiempo,576,144,multi-step-direct,-0.0439,0.922526,0.960482,0.54764,16.2325,0.1762,0.3653,5.777
105,F_MED,5,3,SVR_rbf,A_tiempo,576,144,multi-step-direct,-0.0333,0.913171,0.9556,0.559216,16.2253,74.1465,0.3924,35.129
105,F_MED,5,3,MLP,A_tiempo,576,144,multi-step-direct,-0.0552,0.932551,0.965687,0.556732,16.0453,0.0123,0.0547,0.697
105,F_MED,5,3,ARIMA,A_tiempo,576,144,multi-step-direct,-1.3065,0.357097,0.597576,0.478756,12.8486,0.2956,0.9677,0.319
105,F_MED,5,5,LinReg,A_tiempo,575,144,multi-step-direct,-2.1991,2.787087,1.669457,1.126057,21.9023,0.2386,1.0,2.067
105,F_MED,5,5,DT,A_tiempo,575,144,multi-step-direct,-0.4174,1.234885,1.111254,0.592457,18.889,0.008,0.4409,23.19
105,F_MED,5,5,RF,A_tiempo,575,144,multi-step-direct,-0.0453,0.910692,0.954302,0.548643,17.8905,0.2465,0.3204,10.516
105,F_MED,5,5,SVR_rbf,A_tiempo,575,144,multi-step-direct,-0.0529,0.917288,0.957752,0.575545,17.6591,112.7618,0.3819,58.397
105,F_MED,5,5,MLP,A_tiempo,575,144,multi-step-direct,-0.0554,0.919489,0.9589,0.559113,17.2865,0.0206,0.0297,1.381
105,F_MED,5,5,ARIMA,A_tiempo,575,144,multi-step-direct,-1.3621,0.358479,0.598731,0.481168,13.5253,0.2074,0.9676,0.373
105,F_N+PB,5,1,LinReg,A_tiempo,576,144,multi-step-direct,-24.8642,23.8312,4.881721,3.551903,85.695,0.2496,1.0,0.529
105,F_N+PB,5,1,DT,A_tiempo,576,144,multi-step-direct,-0.3223,1.218348,1.103788,0.632383,12.9551,0.0072,0.6043,9.237
105,F_N+PB,5,1,RF,A_tiempo,576,144,multi-step-direct,0.0996,0.829586,0.910816,0.532971,15.5107,0.1702,0.585,5.624
105,F_N+PB,5,1,SVR_rbf,A_tiempo,576,144,multi-step-direct,0.0061,0.915759,0.956953,0.537222,17.0094,22.8179,0.4071,12.897
105,F_N+PB,5,1,MLP,A_tiempo,576,144,multi-step-direct,-0.088,1.002436,1.001217,0.624699,15.5187,0.0078,0.3685,4.859
105,F_N+PB,5,1,ARIMA,A_tiempo,576,144,multi-step-direct,-0.0889,0.534608,0.731169,0.385378,12.3453,3.0567,0.9732,1.1
105,F_N+PB,5,3,LinReg,A_tiempo,576,144,multi-step-direct,-30.8362,29.091443,5.393648,3.874993,100.4648,0.1454,1.0,1.269
105,F_N+PB,5,3,DT,A_tiempo,576,144,multi-step-direct,-0.4566,1.331029,1.153702,0.685047,12.6388,0.0073,0.3226,28.253
105,F_N+PB,5,3,RF,A_tiempo,576,144,multi-step-direct,-0.0144,0.926947,0.962781,0.580527,15.4855,0.1793,0.3596,11.456
105,F_N+PB,5,3,SVR_rbf,A_tiempo,576,144,multi-step-direct,-0.0366,0.947243,0.973264,0.56402,16.3149,69.9879,0.3525,39.974
105,F_N+PB,5,3,MLP,A_tiempo,576,144,multi-step-direct,-0.0348,0.945606,0.972423,0.580564,15.7897,0.0127,0.0502,1.795
105,F_N+PB,5,3,ARIMA,A_tiempo,576,144,multi-step-direct,-0.1061,0.639295,0.799559,0.441228,16.1053,1.0034,0.9732,1.084
105,F_N+PB,5,5,LinReg,A_tiempo,575,144,multi-step-direct,-32.8819,31.144794,5.580752,4.006708,94.9491,0.2681,1.0,1.978
105,F_N+PB,5,5,DT,A_tiempo,575,144,multi-step-direct,-0.3054,1.199909,1.095404,0.632133,14.8229,0.0087,0.2169,47.765
105,F_N+PB,5,5,RF,A_tiempo,575,144,multi-step-direct,-0.0336,0.950091,0.974726,0.585719,16.1469,0.2465,0.3066,19.611
105,F_N+PB,5,5,SVR_rbf,A_tiempo,575,144,multi-step-direct,-0.0483,0.963598,0.98163,0.575104,16.4206,114.7334,0.3326,65.852
105,F_N+PB,5,5,MLP,A_tiempo,575,144,multi-step-direct,-0.0253,0.942499,0.970824,0.575522,16.7871,0.0201,0.0241,0.98
105,F_N+PB,5,5,ARIMA,A_tiempo,575,144,multi-step-direct,-0.1148,0.729208,0.853937,0.469289,16.879,0.5998,0.9732,1.08
105,F_N+MED,5,1,LinReg,A_tiempo,576,144,multi-step-direct,-1.2228,1.927772,1.388442,0.927074,18.3048,0.1615,1.0,0.532
105,F_N+MED,5,1,DT,A_tiempo,576,144,multi-step-direct,-0.677,1.45443,1.205998,0.612537,15.633,0.0082,0.602,10.912
105,F_N+MED,5,1,RF,A_tiempo,576,144,multi-step-direct,0.0306,0.840722,0.916909,0.516353,17.8702,0.1797,0.4432,3.924
105,F_N+MED,5,1,SVR_rbf,A_tiempo,576,144,multi-step-direct,0.0162,0.853235,0.923707,0.519059,17.072,31.3415,0.4303,12.974
105,F_N+MED,5,1,MLP,A_tiempo,576,144,multi-step-direct,-0.1619,1.007702,1.003844,0.582355,15.5125,0.0074,0.5527,2.024
105,F_N+MED,5,1,ARIMA,A_tiempo,576,144,multi-step-direct,-0.893,0.284152,0.533059,0.410154,10.1141,1.3148,0.9692,0.473
105,F_N+MED,5,3,LinReg,A_tiempo,576,144,multi-step-direct,-1.7368,2.424196,1.556983,1.062624,20.4969,0.1457,1.0,1.239
105,F_N+MED,5,3,DT,A_tiempo,576,144,multi-step-direct,-0.4387,1.274365,1.128878,0.604792,15.1568,0.0078,0.5145,31.095
105,F_N+MED,5,3,RF,A_tiempo,576,144,multi-step-direct,-0.0278,0.910399,0.954148,0.54666,16.2496,0.2491,0.3641,14.356
105,F_N+MED,5,3,SVR_rbf,A_tiempo,576,144,multi-step-direct,-0.0334,0.915389,0.95676,0.560383,16.276,75.9783,0.3925,37.374
105,F_N+MED,5,3,MLP,A_tiempo,576,144,multi-step-direct,-0.0606,0.939441,0.969247,0.559627,15.9169,0.0128,0.0594,0.753
105,F_N+MED,5,3,ARIMA,A_tiempo,576,144,multi-step-direct,-1.1873,0.343346,0.585958,0.466798,12.5979,0.399,0.9692,0.431
105,F_N+MED,5,5,LinReg,A_tiempo,575,144,multi-step-direct,-2.108,2.714444,1.647557,1.115464,21.591,0.2453,1.0,2.097
105,F_N+MED,5,5,DT,A_tiempo,575,144,multi-step-direct,-0.6158,1.411191,1.187935,0.610565,18.2361,0.01,0.4408,48.524
105,F_N+MED,5,5,RF,A_tiempo,575,144,multi-step-direct,-0.0415,0.909619,0.95374,0.549755,17.7451,0.1825,0.317,20.097
105,F_N+MED,5,5,SVR_rbf,A_tiempo,575,144,multi-step-direct,-0.0531,0.919797,0.959061,0.576729,17.5894,114.5784,0.3819,59.172
105,F_N+MED,5,5,MLP,A_tiempo,575,144,multi-step-direct,-0.0606,0.926288,0.962439,0.56097,17.0363,0.0308,0.028,0.799
105,F_N+MED,5,5,ARIMA,A_tiempo,575,144,multi-step-direct,-1.2447,0.345529,0.587817,0.470267,13.2926,0.182,0.9692,0.328
105,F_N+PB+MED,5,1,LinReg,A_tiempo,576,144,multi-step-direct,-1.8851,2.404607,1.55068,1.037871,19.4575,0.2335,1.0,0.549
105,F_N+PB+MED,5,1,DT,A_tiempo,576,144,multi-step-direct,-0.9321,1.610369,1.269003,0.670828,14.811,0.0072,0.5557,9.854
105,F_N+PB+MED,5,1,RF,A_tiempo,576,144,multi-step-direct,-0.0279,0.856714,0.925588,0.530585,15.1476,0.1747,0.5143,4.841
105,F_N+PB+MED,5,1,SVR_rbf,A_tiempo,576,144,multi-step-direct,0.0229,0.814409,0.902446,0.529078,16.0845,26.3886,0.4306,12.404
105,F_N+PB+MED,5,1,MLP,A_tiempo,576,144,multi-step-direct,-0.0755,0.896401,0.946785,0.582128,15.9414,0.0222,0.0596,1.996
105,F_N+PB+MED,5,1,ARIMA,A_tiempo,576,144,multi-step-direct,-0.5059,0.350285,0.591849,0.453411,11.2295,0.7052,0.9724,0.254
105,F_N+PB+MED,5,3,LinReg,A_tiempo,576,144,multi-step-direct,-2.2148,2.700865,1.643431,1.136169,23.1168,0.1585,1.0,1.27
105,F_N+PB+MED,5,3,DT,A_tiempo,576,144,multi-step-direct,-0.7445,1.465639,1.210636,0.654124,14.1953,0.0105,0.4585,27.4
105,F_N+PB+MED,5,3,RF,A_tiempo,576,144,multi-step-direct,-0.0395,0.87329,0.9345,0.566742,15.5432,0.1744,0.3981,10.936
105,F_N+PB+MED,5,3,SVR_rbf,A_tiempo,576,144,multi-step-direct,-0.0274,0.863174,0.929071,0.570261,15.334,58.2255,0.39,38.182
105,F_N+PB+MED,5,3,MLP,A_tiempo,576,144,multi-step-direct,-0.0647,0.894486,0.945772,0.576465,15.4399,0.0205,0.089,2.804
105,F_N+PB+MED,5,3,ARIMA,A_tiempo,576,144,multi-step-direct,-0.5274,0.353177,0.594287,0.458187,12.6799,0.4673,0.9724,0.505
105,F_N+PB+MED,5,5,LinReg,A_tiempo,575,144,multi-step-direct,-2.4748,2.9651,1.721947,1.197451,24.055,0.2432,1.0,2.281
105,F_N+PB+MED,5,5,DT,A_tiempo,575,144,multi-step-direct,-0.9664,1.67793,1.295349,0.697726,16.1666,0.0094,0.4848,49.449
105,F_N+PB+MED,5,5,RF,A_tiempo,575,144,multi-step-direct,-0.0461,0.892697,0.944826,0.571796,16.6775,0.2487,0.343,20.152
105,F_N+PB+MED,5,5,SVR_rbf,A_tiempo,575,144,multi-step-direct,-0.0555,0.900687,0.949045,0.594616,16.3687,114.7733,0.3739,62.647
105,F_N+PB+MED,5,5,MLP,A_tiempo,575,144,multi-step-direct,-0.0481,0.894384,0.945719,0.574423,16.4707,0.0186,0.0314,0.827
105,F_N+PB+MED,5,5,ARIMA,A_tiempo,575,144,multi-step-direct,-0.5378,0.353106,0.594227,0.462101,13.4922,0.1255,0.9724,0.226
106,F_SIN,5,1,LinReg,A_tiempo,576,144,multi-step-direct,-3.0178,4.623565,2.150248,1.621415,27.6357,0.2442,1.0,0.523
106,F_SIN,5,1,DT,A_tiempo,576,144,multi-step-direct,-0.1452,1.317825,1.147966,0.7223,16.3161,0.0081,0.2599,5.915
106,F_SIN,5,1,RF,A_tiempo,576,144,multi-step-direct,0.042,1.10242,1.049962,0.66666,19.6907,0.1719,0.2938,4.291
106,F_SIN,5,1,SVR_rbf,A_tiempo,576,144,multi-step-direct,-0.031,1.186481,1.089257,0.673273,19.2392,19.4731,0.4037,11.585
106,F_SIN,5,1,MLP,A_tiempo,576,144,multi-step-direct,-0.0252,1.179782,1.086178,0.70272,19.942,0.1546,0.0036,2.067
106,F_SIN,5,1,ARIMA,A_tiempo,576,144,multi-step-direct,-0.0499,0.967492,0.983612,0.634887,18.3865,1.5374,0.9378,0.553
106,F_SIN,5,3,LinReg,A_tiempo,576,144,multi-step-direct,-3.0347,4.644605,2.155135,1.625121,29.96,0.1484,1.0,1.898
106,F_SIN,5,3,DT,A_tiempo,576,144,multi-step-direct,-0.2809,1.474565,1.214317,0.780411,17.0617,0.0079,0.217,16.617
106,F_SIN,5,3,RF,A_tiempo,576,144,multi-step-direct,0.0018,1.149122,1.071971,0.68644,20.9012,0.1759,0.1483,6.747
106,F_SIN,5,3,SVR_rbf,A_tiempo,576,144,multi-step-direct,-0.0421,1.19966,1.09529,0.680705,19.4696,58.406,0.3954,39.24
106,F_SIN,5,3,MLP,A_tiempo,576,144,multi-step-direct,-0.0151,1.16859,1.081013,0.695948,20.5443,0.0131,0.0038,4.002
106,F_SIN,5,3,ARIMA,A_tiempo,576,144,multi-step-direct,-0.0219,1.066694,1.032809,0.717877,22.8073,0.5139,0.9378,0.555
106,F_SIN,5,5,LinReg,A_tiempo,575,144,multi-step-direct,-3.0823,4.706698,2.169492,1.634373,28.231,0.2391,1.0,2.097
106,F_SIN,5,5,DT,A_tiempo,575,144,multi-step-direct,-0.1733,1.352701,1.163057,0.74402,17.7915,0.0109,0.1456,27.39
106,F_SIN,5,5,RF,A_tiempo,575,144,multi-step-direct,-0.0068,1.160749,1.077381,0.691396,19.8432,0.2895,0.1081,11.023
106,F_SIN,5,5,SVR_rbf,A_tiempo,575,144,multi-step-direct,-0.0533,1.214447,1.102019,0.689123,18.6422,113.1959,0.3897,63.682
106,F_SIN,5,5,MLP,A_tiempo,575,144,multi-step-direct,-0.0186,1.174421,1.083707,0.696738,19.7959,0.0183,0.0086,1.004
106,F_SIN,5,5,ARIMA,A_tiempo,575,144,multi-step-direct,-0.0359,0.932752,0.965791,0.62867,20.9927,0.2469,0.9378,0.444
106,F_N,5,1,LinReg,A_tiempo,576,144,multi-step-direct,-3.0902,4.708385,2.169881,1.636342,28.1176,0.2202,1.0,0.536
106,F_N,5,1,DT,A_tiempo,576,144,multi-step-direct,-0.2437,1.431724,1.196547,0.752095,14.7002,0.0058,0.2744,10.334
106,F_N,5,1,RF,A_tiempo,576,144,multi-step-direct,0.0394,1.105845,1.051592,0.66444,19.6986,0.1714,0.2944,3.731
106,F_N,5,1,SVR_rbf,A_tiempo,576,144,multi-step-direct,-0.031,1.186792,1.0894,0.672931,19.1623,31.166,0.4036,13.329
106,F_N,5,1,MLP,A_tiempo,576,144,multi-step-direct,-0.0254,1.180384,1.086455,0.702881,19.8601,0.0073,0.0036,0.462
106,F_N,5,1,ARIMA,A_tiempo,576,144,multi-step-direct,-0.144,1.055081,1.027171,0.705687,19.3376,1.7696,0.9423,0.637
106,F_N,5,3,LinReg,A_tiempo,576,144,multi-step-direct,-3.1123,4.735524,2.176126,1.64143,30.177,0.1466,1.0,1.255
106,F_N,5,3,DT,A_tiempo,576,144,multi-step-direct,-0.1962,1.377546,1.173689,0.755711,17.2393,0.012,0.2428,27.365
106,F_N,5,3,RF,A_tiempo,576,144,multi-step-direct,0.0058,1.144893,1.069997,0.683939,20.593,0.1834,0.1579,10.382
106,F_N,5,3,SVR_rbf,A_tiempo,576,144,multi-step-direct,-0.0421,1.20002,1.095454,0.680422,19.4528,64.5041,0.3953,39.909
106,F_N,5,3,MLP,A_tiempo,576,144,multi-step-direct,-0.0154,1.169315,1.081348,0.69619,20.509,0.0328,0.0038,2.582
106,F_N,5,3,ARIMA,A_tiempo,576,144,multi-step-direct,-0.0859,1.134218,1.064997,0.737092,23.6627,1.0505,0.9423,1.134
106,F_N,5,5,LinReg,A_tiempo,575,144,multi-step-direct,-3.1532,4.790123,2.188635,1.64982,28.0248,0.2479,1.0,2.038
106,F_N,5,5,DT,A_tiempo,575,144,multi-step-direct,-0.2062,1.39117,1.179478,0.749273,16.5792,0.0088,0.1375,45.42
106,F_N,5,5,RF,A_tiempo,575,144,multi-step-direct,-0.0068,1.16116,1.077571,0.692311,19.7762,0.26,0.1074,19.553
106,F_N,5,5,SVR_rbf,A_tiempo,575,144,multi-step-direct,-0.0533,1.214816,1.102187,0.688877,18.6267,112.812,0.3896,63.537
106,F_N,5,5,MLP,A_tiempo,575,144,multi-step-direct,-0.0186,1.17486,1.08391,0.696718,19.7569,0.0251,0.0085,4.299
106,F_N,5,5,ARIMA,A_tiempo,575,144,multi-step-direct,-0.1189,1.008063,1.004024,0.655017,21.8377,0.697,0.9423,1.255
106,F_PB,5,1,LinReg,A_tiempo,576,144,multi-step-direct,-21.5073,25.500358,5.049788,3.748105,84.5769,0.2388,1.0,0.565
106,F_PB,5,1,DT,A_tiempo,576,144,multi-step-direct,-0.3444,1.523152,1.23416,0.738781,16.1942,0.009,0.3613,8.685
106,F_PB,5,1,RF,A_tiempo,576,144,multi-step-direct,0.0324,1.096298,1.047043,0.639927,19.565,0.1718,0.3186,6.07
106,F_PB,5,1,SVR_rbf,A_tiempo,576,144,multi-step-direct,-0.0261,1.162595,1.078237,0.643629,20.0977,20.4383,0.3636,11.605
106,F_PB,5,1,MLP,A_tiempo,576,144,multi-step-direct,-0.0176,1.152883,1.073724,0.665571,20.5217,0.1766,0.0003,2.973
106,F_PB,5,1,ARIMA,A_tiempo,576,144,multi-step-direct,-0.0623,1.060866,1.029983,0.668416,19.0901,7.8351,0.9648,2.821
106,F_PB,5,3,LinReg,A_tiempo,576,144,multi-step-direct,-21.2347,25.1066,5.010649,3.744413,86.5517,0.1475,1.0,1.293
106,F_PB,5,3,DT,A_tiempo,576,144,multi-step-direct,-0.2552,1.417358,1.190529,0.729388,17.3056,0.0092,0.1579,26.954
106,F_PB,5,3,RF,A_tiempo,576,144,multi-step-direct,-0.0032,1.132817,1.064339,0.655571,20.7478,0.177,0.1269,10.81
106,F_PB,5,3,SVR_rbf,A_tiempo,576,144,multi-step-direct,-0.0371,1.171007,1.082131,0.649178,19.7566,60.6905,0.3542,40.789
106,F_PB,5,3,MLP,A_tiempo,576,144,multi-step-direct,-0.0118,1.142467,1.068862,0.661595,20.6872,0.0481,0.0051,3.805
106,F_PB,5,3,ARIMA,A_tiempo,576,144,multi-step-direct,-0.0044,1.113501,1.055225,0.734351,22.9934,1.9673,0.9648,2.125
106,F_PB,5,5,LinReg,A_tiempo,575,144,multi-step-direct,-21.5614,25.537228,5.053437,3.784377,90.5667,0.4353,1.0,2.094
106,F_PB,5,5,DT,A_tiempo,575,144,multi-step-direct,-0.2421,1.405941,1.185724,0.717372,17.4328,0.0085,0.107,47.863
106,F_PB,5,5,RF,A_tiempo,575,144,multi-step-direct,-0.0065,1.139274,1.067368,0.659104,19.7095,0.2543,0.0866,20.128
106,F_PB,5,5,SVR_rbf,A_tiempo,575,144,multi-step-direct,-0.0427,1.180257,1.086396,0.651893,18.6711,113.7729,0.3495,65.065
106,F_PB,5,5,MLP,A_tiempo,575,144,multi-step-direct,-0.0139,1.147627,1.071273,0.662048,19.7335,0.018,0.0068,1.032
106,F_PB,5,5,ARIMA,A_tiempo,575,144,multi-step-direct,-0.0092,0.957343,0.978439,0.637442,21.0826,0.8422,0.9648,1.516
106,F_MED,5,1,LinReg,A_tiempo,576,144,multi-step-direct,-3.4542,7.362144,2.713327,2.033594,35.2524,0.2477,1.0,0.556
106,F_MED,5,1,DT,A_tiempo,576,144,multi-step-direct,-0.2559,2.07578,1.440757,0.945514,20.0194,0.008,0.5024,5.964
106,F_MED,5,1,RF,A_tiempo,576,144,multi-step-direct,0.0616,1.551049,1.245411,0.822685,23.1105,0.1906,0.4942,4.247
106,F_MED,5,1,SVR_rbf,A_tiempo,576,144,multi-step-direct,-0.002,1.656196,1.286933,0.850026,23.7272,19.4973,0.5575,10.707
106,F_MED,5,1,MLP,A_tiempo,576,144,multi-step-direct,-0.0474,1.731264,1.315775,0.891872,23.818,0.0075,0.0374,0.615
106,F_MED,5,1,ARIMA,A_tiempo,576,144,multi-step-direct,-1.1061,2.467168,1.570722,1.264995,29.8023,0.4979,0.9848,0.179
106,F_MED,5,3,LinReg,A_tiempo,576,144,multi-step-direct,-3.8842,7.99858,2.828176,2.141169,40.8859,0.3226,1.0,3.233
106,F_MED,5,3,DT,A_tiempo,576,144,multi-step-direct,-0.2089,1.979809,1.407057,0.957096,20.371,0.0069,0.287,15.534
106,F_MED,5,3,RF,A_tiempo,576,144,multi-step-direct,0.0071,1.626052,1.275168,0.855327,24.3266,0.1747,0.302,6.799
106,F_MED,5,3,SVR_rbf,A_tiempo,576,144,multi-step-direct,-0.0152,1.662571,1.289407,0.858352,23.1624,70.2784,0.5216,35.655
106,F_MED,5,3,MLP,A_tiempo,576,144,multi-step-direct,-0.0381,1.699972,1.30383,0.887493,23.6737,0.0127,0.0521,1.035
106,F_MED,5,3,ARIMA,A_tiempo,576,144,multi-step-direct,-0.4591,2.470493,1.57178,1.197605,36.2058,0.1676,0.9848,0.181
106,F_MED,5,5,LinReg,A_tiempo,575,144,multi-step-direct,-4.0411,8.261741,2.874324,2.185495,43.2851,0.4702,1.0,2.279
106,F_MED,5,5,DT,A_tiempo,575,144,multi-step-direct,-0.2386,2.029916,1.424751,0.962238,19.6643,0.0084,0.2502,25.776
106,F_MED,5,5,RF,A_tiempo,575,144,multi-step-direct,-0.0025,1.642907,1.28176,0.863693,23.5886,0.2481,0.2252,13.534
106,F_MED,5,5,SVR_rbf,A_tiempo,575,144,multi-step-direct,-0.0333,1.693374,1.301297,0.872216,22.9838,114.4174,0.506,58.361
106,F_MED,5,5,MLP,A_tiempo,575,144,multi-step-direct,-0.0348,1.695948,1.302286,0.883364,23.4524,0.0184,0.0169,1.045
106,F_MED,5,5,ARIMA,A_tiempo,575,144,multi-step-direct,-0.6111,2.21006,1.486627,1.142309,33.7613,0.1216,0.9848,0.219
106,F_N+PB,5,1,LinReg,A_tiempo,576,144,multi-step-direct,-28.6604,33.606067,5.797074,4.269295,103.6512,0.2567,1.0,0.54
106,F_N+PB,5,1,DT,A_tiempo,576,144,multi-step-direct,-0.3015,1.474612,1.214336,0.733844,15.6307,0.0059,0.3368,10.368
106,F_N+PB,5,1,RF,A_tiempo,576,144,multi-step-direct,0.038,1.089947,1.044005,0.638587,19.5417,0.1744,0.3221,3.73
106,F_N+PB,5,1,SVR_rbf,A_tiempo,576,144,multi-step-direct,-0.0261,1.162645,1.07826,0.643651,20.0971,19.2286,0.3637,13.392
106,F_N+PB,5,1,MLP,A_tiempo,576,144,multi-step-direct,-0.0176,1.152986,1.073772,0.665644,20.5165,0.0077,0.0003,0.487
106,F_N+PB,5,1,ARIMA,A_tiempo,576,144,multi-step-direct,-0.0738,1.072419,1.035577,0.678655,19.2432,5.0322,0.9648,1.812
106,F_N+PB,5,3,LinReg,A_tiempo,576,144,multi-step-direct,-27.8487,32.576147,5.707552,4.249035,107.2895,0.1488,1.0,1.219
106,F_N+PB,5,3,DT,A_tiempo,576,144,multi-step-direct,-0.233,1.392274,1.179947,0.7215,17.521,0.0076,0.1579,27.065
106,F_N+PB,5,3,RF,A_tiempo,576,144,multi-step-direct,-0.0018,1.131259,1.063607,0.65503,20.7193,0.1706,0.1277,13.084
106,F_N+PB,5,3,SVR_rbf,A_tiempo,576,144,multi-step-direct,-0.0371,1.171048,1.08215,0.649196,19.756,75.8229,0.3543,37.671
106,F_N+PB,5,3,MLP,A_tiempo,576,144,multi-step-direct,-0.0118,1.142552,1.068902,0.661643,20.6818,0.0127,0.0051,0.778
106,F_N+PB,5,3,ARIMA,A_tiempo,576,144,multi-step-direct,-0.0076,1.117133,1.056945,0.73411,23.0778,1.6847,0.9648,1.819
106,F_N+PB,5,5,LinReg,A_tiempo,575,144,multi-step-direct,-28.3036,33.170157,5.759354,4.291613,104.4154,0.2428,1.0,2.059
106,F_N+PB,5,5,DT,A_tiempo,575,144,multi-step-direct,-0.2302,1.392534,1.180057,0.714292,17.2852,0.0084,0.107,46.775
106,F_N+PB,5,5,RF,A_tiempo,575,144,multi-step-direct,-0.0057,1.138404,1.06696,0.658788,19.7419,0.2699,0.0865,21.906
106,F_N+PB,5,5,SVR_rbf,A_tiempo,575,144,multi-step-direct,-0.0427,1.180304,1.086418,0.651913,18.6708,113.2659,0.3496,64.593
106,F_N+PB,5,5,MLP,A_tiempo,575,144,multi-step-direct,-0.0139,1.147651,1.071285,0.662059,19.7337,0.018,0.0068,1.01
106,F_N+PB,5,5,ARIMA,A_tiempo,575,144,multi-step-direct,-0.0126,0.96058,0.980092,0.637373,21.1301,0.5946,0.9649,1.07
106,F_N+MED,5,1,LinReg,A_tiempo,576,144,multi-step-direct,-3.928,8.130678,2.851434,2.115069,35.3795,0.1281,1.0,1.892
106,F_N+MED,5,1,DT,A_tiempo,576,144,multi-step-direct,-0.4599,2.408656,1.551984,1.030433,19.6143,0.006,0.4861,9.375
106,F_N+MED,5,1,RF,A_tiempo,576,144,multi-step-direct,0.065,1.542629,1.242026,0.823975,23.2803,0.1715,0.4948,3.778
106,F_N+MED,5,1,SVR_rbf,A_tiempo,576,144,multi-step-direct,-0.0023,1.653767,1.285989,0.849396,23.6255,19.8274,0.5575,12.812
106,F_N+MED,5,1,MLP,A_tiempo,576,144,multi-step-direct,-0.0453,1.724573,1.31323,0.88998,24.2445,0.0072,0.0179,0.487
106,F_N+MED,5,1,ARIMA,A_tiempo,576,144,multi-step-direct,-1.0209,2.374125,1.540819,1.232506,29.2329,1.68,0.9848,0.605
106,F_N+MED,5,3,LinReg,A_tiempo,576,144,multi-step-direct,-4.2611,8.61266,2.934733,2.21879,39.1263,0.1456,1.0,1.188
106,F_N+MED,5,3,DT,A_tiempo,576,144,multi-step-direct,-0.257,2.057762,1.43449,0.971205,19.3123,0.0078,0.2879,26.731
106,F_N+MED,5,3,RF,A_tiempo,576,144,multi-step-direct,0.0176,1.608172,1.268137,0.851303,24.2957,0.1709,0.3053,12.85
106,F_N+MED,5,3,SVR_rbf,A_tiempo,576,144,multi-step-direct,-0.0154,1.662264,1.289288,0.858098,23.1166,75.9889,0.5214,35.908
106,F_N+MED,5,3,MLP,A_tiempo,576,144,multi-step-direct,-0.0353,1.694846,1.301863,0.884009,24.2613,0.0175,0.0218,0.914
106,F_N+MED,5,3,ARIMA,A_tiempo,576,144,multi-step-direct,-0.4135,2.400165,1.549247,1.168328,35.6637,0.633,0.9848,0.684
106,F_N+MED,5,5,LinReg,A_tiempo,575,144,multi-step-direct,-4.5212,9.048254,3.008032,2.287984,43.9752,0.2429,1.0,2.07
106,F_N+MED,5,5,DT,A_tiempo,575,144,multi-step-direct,-0.2439,2.03855,1.427778,0.964646,19.8667,0.0103,0.2303,45.28
106,F_N+MED,5,5,RF,A_tiempo,575,144,multi-step-direct,0.0014,1.636563,1.279282,0.861192,23.8864,0.2572,0.2269,19.359
106,F_N+MED,5,5,SVR_rbf,A_tiempo,575,144,multi-step-direct,-0.0334,1.693475,1.301336,0.872079,22.9475,119.4908,0.5057,60.56
106,F_N+MED,5,5,MLP,A_tiempo,575,144,multi-step-direct,-0.0355,1.69696,1.302674,0.883111,23.2925,0.0319,0.0157,3.577
106,F_N+MED,5,5,ARIMA,A_tiempo,575,144,multi-step-direct,-0.5536,2.136909,1.461817,1.110343,33.1713,0.5287,0.9848,0.952
106,F_N+PB+MED,5,1,LinReg,A_tiempo,576,144,multi-step-direct,-5.6888,11.621887,3.409089,2.520188,47.5824,0.25,1.0,0.582
106,F_N+PB+MED,5,1,DT,A_tiempo,576,144,multi-step-direct,-0.248,2.168504,1.472584,0.950448,19.9159,0.0077,0.5249,8.853
106,F_N+PB+MED,5,1,RF,A_tiempo,576,144,multi-step-direct,0.07,1.615969,1.271208,0.808141,23.7557,0.1697,0.5295,5.725
106,F_N+PB+MED,5,1,SVR_rbf,A_tiempo,576,144,multi-step-direct,0.0157,1.710194,1.307744,0.830309,25.3484,19.3719,0.5174,11.167
106,F_N+PB+MED,5,1,MLP,A_tiempo,576,144,multi-step-direct,-0.0335,1.795658,1.340022,0.87299,25.7065,0.1651,0.0227,2.944
106,F_N+PB+MED,5,1,ARIMA,A_tiempo,576,144,multi-step-direct,-0.566,2.246534,1.498844,1.151979,28.4257,3.8398,0.9855,1.382
106,F_N+PB+MED,5,3,LinReg,A_tiempo,576,144,multi-step-direct,-6.5916,12.922989,3.594856,2.703676,53.5652,0.172,1.0,1.203
106,F_N+PB+MED,5,3,DT,A_tiempo,576,144,multi-step-direct,-0.2175,2.072578,1.439645,0.93714,21.451,0.0092,0.344,25.576
106,F_N+PB+MED,5,3,RF,A_tiempo,576,144,multi-step-direct,0.0119,1.682074,1.296948,0.839151,24.4825,0.2526,0.2743,11.951
106,F_N+PB+MED,5,3,SVR_rbf,A_tiempo,576,144,multi-step-direct,-0.0078,1.715592,1.309806,0.844745,23.6568,64.6802,0.4675,36.7
106,F_N+PB+MED,5,3,MLP,A_tiempo,576,144,multi-step-direct,-0.0267,1.747799,1.322043,0.862302,24.2743,0.0126,0.0284,0.873
106,F_N+PB+MED,5,3,ARIMA,A_tiempo,576,144,multi-step-direct,-0.0926,2.247108,1.499036,1.077546,34.3257,0.555,0.9855,0.599
106,F_N+PB+MED,5,5,LinReg,A_tiempo,575,144,multi-step-direct,-7.0341,13.708293,3.702471,2.793362,51.4153,0.4771,1.0,4.124
106,F_N+PB+MED,5,5,DT,A_tiempo,575,144,multi-step-direct,-0.2767,2.178458,1.47596,0.959134,18.8795,0.0129,0.2291,45.947
106,F_N+PB+MED,5,5,RF,A_tiempo,575,144,multi-step-direct,-0.0052,1.715228,1.309667,0.849041,23.9687,0.2589,0.1812,21.02
106,F_N+PB+MED,5,5,SVR_rbf,A_tiempo,575,144,multi-step-direct,-0.0209,1.74188,1.319803,0.851995,23.4988,113.5222,0.4513,60.234
106,F_N+PB+MED,5,5,MLP,A_tiempo,575,144,multi-step-direct,-0.0182,1.737306,1.318069,0.855846,24.0228,0.0178,0.0126,0.975
106,F_N+PB+MED,5,5,ARIMA,A_tiempo,575,144,multi-step-direct,-0.1339,1.853142,1.361302,0.955733,30.9133,0.4525,0.9855,0.814
107,F_SIN,5,1,LinReg,A_tiempo,576,144,multi-step-direct,-0.8263,2.19602,1.481898,1.134686,21.4928,0.1066,1.0,0.511
107,F_SIN,5,1,DT,A_tiempo,576,144,multi-step-direct,0.2291,0.926936,0.962775,0.652571,14.7902,0.006,0.8566,8.982
107,F_SIN,5,1,RF,A_tiempo,576,144,multi-step-direct,0.5078,0.591839,0.769311,0.533278,14.1402,0.1696,0.8534,2.719
107,F_SIN,5,1,SVR_rbf,A_tiempo,576,144,multi-step-direct,0.538,0.555553,0.745354,0.511563,13.3619,22.959,0.81,13.417
107,F_SIN,5,1,MLP,A_tiempo,576,144,multi-step-direct,0.4719,0.635002,0.79687,0.567166,13.3421,0.0074,0.737,1.524
107,F_SIN,5,1,ARIMA,A_tiempo,576,144,multi-step-direct,-0.0599,0.931341,0.96506,0.643639,18.114,2.0731,0.9791,0.746
107,F_SIN,5,3,LinReg,A_tiempo,576,144,multi-step-direct,-1.5798,3.034026,1.741846,1.34302,24.8817,0.1463,1.0,1.31
107,F_SIN,5,3,DT,A_tiempo,576,144,multi-step-direct,0.1239,1.030295,1.015035,0.709137,15.4892,0.0121,0.7766,23.061
107,F_SIN,5,3,RF,A_tiempo,576,144,multi-step-direct,0.3878,0.719945,0.848496,0.603854,16.2061,0.1751,0.7909,7.694
107,F_SIN,5,3,SVR_rbf,A_tiempo,576,144,multi-step-direct,0.4461,0.651441,0.807119,0.565681,14.5628,59.209,0.7524,38.415
107,F_SIN,5,3,MLP,A_tiempo,576,144,multi-step-direct,0.3613,0.751198,0.866717,0.628761,15.1725,0.1153,0.6499,2.701
107,F_SIN,5,3,ARIMA,A_tiempo,576,144,multi-step-direct,-0.1146,1.088614,1.043367,0.714702,23.6024,2.1589,0.9791,2.332
107,F_SIN,5,5,LinReg,A_tiempo,575,144,multi-step-direct,-1.7462,3.251748,1.80326,1.398388,26.3904,0.2431,1.0,2.446
107,F_SIN,5,5,DT,A_tiempo,575,144,multi-step-direct,0.0151,1.166181,1.079899,0.763612,14.7364,0.0105,0.7197,36.504
107,F_SIN,5,5,RF,A_tiempo,575,144,multi-step-direct,0.3443,0.776354,0.88111,0.629599,15.2211,0.2667,0.7655,14.472
107,F_SIN,5,5,SVR_rbf,A_tiempo,575,144,multi-step-direct,0.4038,0.70593,0.840196,0.589824,14.1496,114.3089,0.7227,63.445
107,F_SIN,5,5,MLP,A_tiempo,575,144,multi-step-direct,0.2954,0.834301,0.913401,0.66263,14.119,0.0304,0.6466,7.533
107,F_SIN,5,5,ARIMA,A_tiempo,575,144,multi-step-direct,-0.074,1.039809,1.01971,0.732442,23.4939,0.4238,0.9791,0.763
107,F_N,5,1,LinReg,A_tiempo,576,144,multi-step-direct,-0.9007,2.285648,1.511836,1.155662,22.0423,0.2454,1.0,0.523
107,F_N,5,1,DT,A_tiempo,576,144,multi-step-direct,0.2442,0.908874,0.953349,0.645596,14.2671,0.008,0.8562,9.686
107,F_N,5,1,RF,A_tiempo,576,144,multi-step-direct,0.5145,0.583796,0.764065,0.533813,14.0261,0.1689,0.8535,3.33
107,F_N,5,1,SVR_rbf,A_tiempo,576,144,multi-step-direct,0.5381,0.555409,0.745258,0.511533,13.3584,29.13,0.8101,12.966
107,F_N,5,1,MLP,A_tiempo,576,144,multi-step-direct,0.4688,0.638744,0.799215,0.570195,13.323,0.0073,0.7298,3.401
107,F_N,5,1,ARIMA,A_tiempo,576,144,multi-step-direct,-0.0224,0.898396,0.947838,0.650698,17.9504,2.326,0.9797,0.837
107,F_N,5,3,LinReg,A_tiempo,576,144,multi-step-direct,-1.6737,3.14456,1.773291,1.364589,25.2355,0.1468,1.0,1.24
107,F_N,5,3,DT,A_tiempo,576,144,multi-step-direct,0.1148,1.041081,1.020334,0.707504,15.4995,0.0118,0.7814,25.829
107,F_N,5,3,RF,A_tiempo,576,144,multi-step-direct,0.3806,0.728551,0.853552,0.60737,16.1977,0.2561,0.7884,8.355
107,F_N,5,3,SVR_rbf,A_tiempo,576,144,multi-step-direct,0.4462,0.651309,0.807037,0.565674,14.5529,58.4116,0.7526,38.742
107,F_N,5,3,MLP,A_tiempo,576,144,multi-step-direct,0.3605,0.752078,0.867224,0.628845,15.2321,0.0264,0.6695,5.996
107,F_N,5,3,ARIMA,A_tiempo,576,144,multi-step-direct,-0.0619,1.037069,1.018366,0.688368,23.1009,1.2979,0.9797,1.402
107,F_N,5,5,LinReg,A_tiempo,575,144,multi-step-direct,-1.8156,3.334048,1.825938,1.414632,26.4038,0.2395,1.0,2.068
107,F_N,5,5,DT,A_tiempo,575,144,multi-step-direct,0.0108,1.17141,1.082317,0.762668,14.937,0.0095,0.7234,43.155
107,F_N,5,5,RF,A_tiempo,575,144,multi-step-direct,0.3382,0.783726,0.885283,0.632933,15.2851,0.3409,0.7654,14.811
107,F_N,5,5,SVR_rbf,A_tiempo,575,144,multi-step-direct,0.4039,0.705811,0.840125,0.589816,14.1581,113.5537,0.7229,63.209
107,F_N,5,5,MLP,A_tiempo,575,144,multi-step-direct,0.2952,0.834564,0.913545,0.662927,14.1533,0.0407,0.6452,3.833
107,F_N,5,5,ARIMA,A_tiempo,575,144,multi-step-direct,-0.033,1.000102,1.000051,0.715722,23.0714,1.0315,0.9797,1.857
107,F_PB,5,1,LinReg,A_tiempo,576,144,multi-step-direct,-7.0041,9.324863,3.053664,2.334735,55.6953,0.3458,1.0,0.909
107,F_PB,5,1,DT,A_tiempo,576,144,multi-step-direct,0.4216,0.673895,0.820911,0.487129,12.5159,0.0078,0.8745,8.405
107,F_PB,5,1,RF,A_tiempo,576,144,multi-step-direct,0.6024,0.463253,0.680627,0.426657,12.5418,0.1727,0.8893,3.67
107,F_PB,5,1,SVR_rbf,A_tiempo,576,144,multi-step-direct,0.5726,0.497966,0.705667,0.44238,12.3411,19.1453,0.816,12.861
107,F_PB,5,1,MLP,A_tiempo,576,144,multi-step-direct,0.5379,0.538372,0.733739,0.496935,12.5978,0.0073,0.8053,1.829
107,F_PB,5,1,ARIMA,A_tiempo,576,144,multi-step-direct,-0.449,1.37425,1.172284,0.862446,18.7398,3.1991,0.9876,1.152
107,F_PB,5,3,LinReg,A_tiempo,576,144,multi-step-direct,-11.439,14.104982,3.75566,2.87204,66.5232,0.2548,1.0,2.654
107,F_PB,5,3,DT,A_tiempo,576,144,multi-step-direct,0.1577,0.955118,0.977301,0.611539,14.9418,0.0077,0.8381,24.046
107,F_PB,5,3,RF,A_tiempo,576,144,multi-step-direct,0.4855,0.583393,0.763801,0.491332,14.6963,0.1735,0.822,10.745
107,F_PB,5,3,SVR_rbf,A_tiempo,576,144,multi-step-direct,0.4946,0.573116,0.757044,0.47403,13.9679,74.3766,0.7592,37.786
107,F_PB,5,3,MLP,A_tiempo,576,144,multi-step-direct,0.4254,0.651533,0.807176,0.548235,14.1488,0.0125,0.716,2.643
107,F_PB,5,3,ARIMA,A_tiempo,576,144,multi-step-direct,-0.4373,1.506233,1.227287,0.943503,24.29,0.9911,0.9876,1.07
107,F_PB,5,5,LinReg,A_tiempo,575,144,multi-step-direct,-11.7499,14.571825,3.817306,2.92889,65.2662,0.6746,1.0,2.746
107,F_PB,5,5,DT,A_tiempo,575,144,multi-step-direct,0.1188,1.007154,1.00357,0.652104,13.7416,0.0114,0.7536,43.271
107,F_PB,5,5,RF,A_tiempo,575,144,multi-step-direct,0.4323,0.648792,0.805476,0.524515,13.9212,0.2473,0.8027,15.643
107,F_PB,5,5,SVR_rbf,A_tiempo,575,144,multi-step-direct,0.4524,0.625795,0.791072,0.496744,12.873,110.5939,0.7267,64.872
107,F_PB,5,5,MLP,A_tiempo,575,144,multi-step-direct,0.3751,0.714191,0.845098,0.579928,13.5103,0.0186,0.6306,4.772
107,F_PB,5,5,ARIMA,A_tiempo,575,144,multi-step-direct,-0.4762,1.51553,1.231068,0.9614,24.8258,0.6841,0.9876,1.231
107,F_MED,5,1,LinReg,A_tiempo,576,144,multi-step-direct,-0.0933,1.269114,1.126549,0.869413,16.6125,0.0909,1.0,0.554
107,F_MED,5,1,DT,A_tiempo,576,144,multi-step-direct,0.2819,0.833638,0.913038,0.645988,13.0188,0.0069,0.8696,8.236
107,F_MED,5,1,RF,A_tiempo,576,144,multi-step-direct,0.5422,0.531458,0.729012,0.533751,13.7728,0.1728,0.8625,3.754
107,F_MED,5,1,SVR_rbf,A_tiempo,576,144,multi-step-direct,0.5842,0.482633,0.694718,0.498998,13.1031,21.6211,0.8415,11.989
107,F_MED,5,1,MLP,A_tiempo,576,144,multi-step-direct,0.471,0.614103,0.783647,0.574419,13.2423,0.0075,0.8075,5.949
107,F_MED,5,1,ARIMA,A_tiempo,576,144,multi-step-direct,-0.0542,0.836155,0.914415,0.653185,17.2104,4.1013,0.9814,1.476
107,F_MED,5,3,LinReg,A_tiempo,576,144,multi-step-direct,-0.6479,1.869678,1.367362,1.055493,20.1053,0.1454,1.0,1.28
107,F_MED,5,3,DT,A_tiempo,576,144,multi-step-direct,-0.1149,1.264943,1.124697,0.825925,14.7746,0.0099,0.8082,21.67
107,F_MED,5,3,RF,A_tiempo,576,144,multi-step-direct,0.3937,0.687836,0.829359,0.62561,14.7786,0.1771,0.8028,9.11
107,F_MED,5,3,SVR_rbf,A_tiempo,576,144,multi-step-direct,0.4631,0.609145,0.780477,0.569902,13.2542,74.5741,0.7747,37.118
107,F_MED,5,3,MLP,A_tiempo,576,144,multi-step-direct,0.3604,0.725704,0.851883,0.633385,14.3582,0.0931,0.6624,1.985
107,F_MED,5,3,ARIMA,A_tiempo,576,144,multi-step-direct,-0.1263,0.933647,0.966254,0.697972,22.0746,1.3881,0.9814,1.499
107,F_MED,5,5,LinReg,A_tiempo,575,144,multi-step-direct,-0.8602,2.11923,1.455758,1.124296,21.2023,0.4769,1.0,4.756
107,F_MED,5,5,DT,A_tiempo,575,144,multi-step-direct,-0.0063,1.146435,1.070717,0.784669,13.7934,0.009,0.7211,36.462
107,F_MED,5,5,RF,A_tiempo,575,144,multi-step-direct,0.3487,0.741946,0.861363,0.648517,14.6047,0.2549,0.7786,14.358
107,F_MED,5,5,SVR_rbf,A_tiempo,575,144,multi-step-direct,0.4109,0.671163,0.819245,0.597647,13.4904,112.8774,0.739,62.132
107,F_MED,5,5,MLP,A_tiempo,575,144,multi-step-direct,0.3257,0.768157,0.876446,0.65352,13.5329,0.0359,0.6065,2.726
107,F_MED,5,5,ARIMA,A_tiempo,575,144,multi-step-direct,-0.0715,0.932229,0.96552,0.738183,22.2346,0.7527,0.9814,1.355
107,F_N+PB,5,1,LinReg,A_tiempo,576,144,multi-step-direct,-9.0986,11.764935,3.430005,2.605694,62.4911,0.3445,1.0,0.944
107,F_N+PB,5,1,DT,A_tiempo,576,144,multi-step-direct,0.4646,0.623783,0.789799,0.47025,12.3813,0.0063,0.8745,8.392
107,F_N+PB,5,1,RF,A_tiempo,576,144,multi-step-direct,0.6007,0.465182,0.682043,0.426615,12.5552,0.1727,0.8908,3.564
107,F_N+PB,5,1,SVR_rbf,A_tiempo,576,144,multi-step-direct,0.5726,0.497949,0.705655,0.442379,12.3407,20.3173,0.816,12.896
107,F_N+PB,5,1,MLP,A_tiempo,576,144,multi-step-direct,0.5386,0.537502,0.733146,0.496478,12.5866,0.0074,0.8049,1.907
107,F_N+PB,5,1,ARIMA,A_tiempo,576,144,multi-step-direct,-0.3915,1.319731,1.148795,0.832074,18.7092,5.49,0.9876,1.976
107,F_N+PB,5,3,LinReg,A_tiempo,576,144,multi-step-direct,-14.3256,17.378178,4.168714,3.170147,74.6835,0.2467,1.0,2.685
107,F_N+PB,5,3,DT,A_tiempo,576,144,multi-step-direct,0.1158,1.002606,1.001302,0.631813,14.6932,0.0078,0.8381,24.015
107,F_N+PB,5,3,RF,A_tiempo,576,144,multi-step-direct,0.4856,0.5833,0.763741,0.491259,14.738,0.1722,0.8213,10.711
107,F_N+PB,5,3,SVR_rbf,A_tiempo,576,144,multi-step-direct,0.4946,0.573101,0.757035,0.474028,13.9669,74.4208,0.7592,37.837
107,F_N+PB,5,3,MLP,A_tiempo,576,144,multi-step-direct,0.4256,0.651371,0.807075,0.548306,14.1412,0.0127,0.7161,2.628
107,F_N+PB,5,3,ARIMA,A_tiempo,576,144,multi-step-direct,-0.3791,1.44525,1.202186,0.909684,24.273,1.2079,0.9876,1.305
107,F_N+PB,5,5,LinReg,A_tiempo,575,144,multi-step-direct,-15.1309,18.435957,4.293711,3.285128,73.2736,0.2466,1.0,2.01
107,F_N+PB,5,5,DT,A_tiempo,575,144,multi-step-direct,0.1583,0.961993,0.980813,0.632426,14.0875,0.0094,0.7541,42.965
107,F_N+PB,5,5,RF,A_tiempo,575,144,multi-step-direct,0.4307,0.650632,0.806618,0.525704,13.9594,0.2506,0.8039,15.71
107,F_N+PB,5,5,SVR_rbf,A_tiempo,575,144,multi-step-direct,0.4525,0.625785,0.791066,0.496744,12.8731,109.9214,0.7267,64.296
107,F_N+PB,5,5,MLP,A_tiempo,575,144,multi-step-direct,0.3761,0.713029,0.844411,0.57957,13.4722,0.0178,0.6304,6.378
107,F_N+PB,5,5,ARIMA,A_tiempo,575,144,multi-step-direct,-0.502,1.542035,1.241787,0.974683,24.7761,0.6415,0.9877,1.155
107,F_N+MED,5,1,LinReg,A_tiempo,576,144,multi-step-direct,-0.0885,1.263734,1.124159,0.866364,16.5721,0.1073,1.0,0.548
107,F_N+MED,5,1,DT,A_tiempo,576,144,multi-step-direct,0.3054,0.806489,0.898047,0.632355,14.0209,0.0069,0.8748,9.429
107,F_N+MED,5,1,RF,A_tiempo,576,144,multi-step-direct,0.5383,0.53598,0.732107,0.536932,13.6718,0.1717,0.8663,3.692
107,F_N+MED,5,1,SVR_rbf,A_tiempo,576,144,multi-step-direct,0.5839,0.483117,0.695066,0.499312,13.108,25.7111,0.8415,13.374
107,F_N+MED,5,1,MLP,A_tiempo,576,144,multi-step-direct,0.4794,0.604431,0.777452,0.567412,13.0923,0.0076,0.8046,4.552
107,F_N+MED,5,1,ARIMA,A_tiempo,576,144,multi-step-direct,-0.0403,0.819129,0.905058,0.655843,17.1302,0.9545,0.9817,0.344
107,F_N+MED,5,3,LinReg,A_tiempo,576,144,multi-step-direct,-0.6676,1.891646,1.375371,1.062422,20.0004,0.1447,1.0,1.199
107,F_N+MED,5,3,DT,A_tiempo,576,144,multi-step-direct,-0.0659,1.209089,1.099586,0.816165,14.934,0.0098,0.797,25.425
107,F_N+MED,5,3,RF,A_tiempo,576,144,multi-step-direct,0.3986,0.682191,0.825949,0.621047,14.8304,0.1787,0.8015,8.575
107,F_N+MED,5,3,SVR_rbf,A_tiempo,576,144,multi-step-direct,0.4629,0.609224,0.780528,0.569946,13.2466,57.7123,0.7747,38.513
107,F_N+MED,5,3,MLP,A_tiempo,576,144,multi-step-direct,0.358,0.728214,0.853354,0.634035,14.3795,0.027,0.6654,4.15
107,F_N+MED,5,3,ARIMA,A_tiempo,576,144,multi-step-direct,-0.1047,0.912429,0.955211,0.687096,21.861,0.961,0.9817,1.038
107,F_N+MED,5,5,LinReg,A_tiempo,575,144,multi-step-direct,-0.8965,2.159921,1.469667,1.136265,21.7153,0.2392,1.0,2.205
107,F_N+MED,5,5,DT,A_tiempo,575,144,multi-step-direct,-0.0637,1.21147,1.100668,0.81403,14.431,0.0124,0.7511,41.747
107,F_N+MED,5,5,RF,A_tiempo,575,144,multi-step-direct,0.3496,0.740789,0.860691,0.649506,14.4703,0.259,0.7803,14.427
107,F_N+MED,5,5,SVR_rbf,A_tiempo,575,144,multi-step-direct,0.4108,0.671054,0.819179,0.597612,13.4798,113.2029,0.739,62.709
107,F_N+MED,5,5,MLP,A_tiempo,575,144,multi-step-direct,0.3318,0.761059,0.872387,0.654028,13.3557,0.0176,0.5809,2.347
107,F_N+MED,5,5,ARIMA,A_tiempo,575,144,multi-step-direct,-0.056,0.91493,0.95652,0.731017,22.0349,0.2255,0.9817,0.406
107,F_N+PB+MED,5,1,LinReg,A_tiempo,576,144,multi-step-direct,-0.1779,1.290093,1.135823,0.877533,17.469,0.0918,1.0,0.586
107,F_N+PB+MED,5,1,DT,A_tiempo,576,144,multi-step-direct,0.5118,0.534755,0.73127,0.469829,11.5348,0.0066,0.8711,10.011
107,F_N+PB+MED,5,1,RF,A_tiempo,576,144,multi-step-direct,0.6588,0.373674,0.611289,0.410426,12.0524,0.1658,0.9005,2.996
107,F_N+PB+MED,5,1,SVR_rbf,A_tiempo,576,144,multi-step-direct,0.6232,0.412679,0.642401,0.428302,11.9805,29.2497,0.8524,13.497
107,F_N+PB+MED,5,1,MLP,A_tiempo,576,144,multi-step-direct,0.5476,0.495446,0.703879,0.488548,12.4955,0.0083,0.8218,1.623
107,F_N+PB+MED,5,1,ARIMA,A_tiempo,576,144,multi-step-direct,-0.083,0.939752,0.969408,0.688669,18.2598,0.5062,0.9855,0.182
107,F_N+PB+MED,5,3,LinReg,A_tiempo,576,144,multi-step-direct,-0.7941,1.910539,1.382222,1.066488,20.2251,0.1441,1.0,1.227
107,F_N+PB+MED,5,3,DT,A_tiempo,576,144,multi-step-direct,0.2618,0.786124,0.886637,0.588975,13.4724,0.0086,0.7873,26.289
107,F_N+PB+MED,5,3,RF,A_tiempo,576,144,multi-step-direct,0.5231,0.507817,0.712613,0.491074,13.0449,0.1768,0.8469,8.082
107,F_N+PB+MED,5,3,SVR_rbf,A_tiempo,576,144,multi-step-direct,0.531,0.499418,0.706695,0.463524,12.1969,57.7287,0.7888,39.815
107,F_N+PB+MED,5,3,MLP,A_tiempo,576,144,multi-step-direct,0.4536,0.581865,0.762801,0.528964,13.0203,0.0127,0.7284,6.631
107,F_N+PB+MED,5,3,ARIMA,A_tiempo,576,144,multi-step-direct,-0.0782,0.983923,0.991929,0.707919,22.6485,0.2155,0.9855,0.233
107,F_N+PB+MED,5,5,LinReg,A_tiempo,575,144,multi-step-direct,-0.9445,2.081966,1.442902,1.115756,21.5576,0.2454,1.0,2.129
107,F_N+PB+MED,5,5,DT,A_tiempo,575,144,multi-step-direct,0.1421,0.918581,0.958427,0.646061,13.2016,0.0106,0.7738,43.145
107,F_N+PB+MED,5,5,RF,A_tiempo,575,144,multi-step-direct,0.4691,0.568462,0.753965,0.52595,12.1623,0.2443,0.8239,15.729
107,F_N+PB+MED,5,5,SVR_rbf,A_tiempo,575,144,multi-step-direct,0.4783,0.558587,0.747387,0.488675,11.6785,112.7036,0.7501,63.235
107,F_N+PB+MED,5,5,MLP,A_tiempo,575,144,multi-step-direct,0.3957,0.647076,0.80441,0.571806,12.5295,0.0178,0.6183,2.353
107,F_N+PB+MED,5,5,ARIMA,A_tiempo,575,144,multi-step-direct,-0.0945,1.025494,1.012667,0.751512,23.2992,0.1296,0.9855,0.233
108,F_SIN,5,1,LinReg,A_tiempo,576,144,multi-step-direct,-0.5962,2.870582,1.694279,1.301439,23.1209,0.2131,1.0,0.745
108,F_SIN,5,1,DT,A_tiempo,576,144,multi-step-direct,0.0304,1.74366,1.320477,0.782014,21.211,0.006,0.6677,7.064
108,F_SIN,5,1,RF,A_tiempo,576,144,multi-step-direct,0.4223,1.038895,1.019262,0.651696,18.6727,0.1659,0.6554,2.616
108,F_SIN,5,1,SVR_rbf,A_tiempo,576,144,multi-step-direct,0.2016,1.435896,1.198289,0.753737,23.3494,26.4928,0.4629,13.483
108,F_SIN,5,1,MLP,A_tiempo,576,144,multi-step-direct,0.4389,1.008995,1.004487,0.676158,18.5905,0.0072,0.4491,0.773
108,F_SIN,5,1,ARIMA,A_tiempo,576,144,multi-step-direct,-0.4781,0.485437,0.696733,0.494981,11.3871,1.814,0.9399,0.653
108,F_SIN,5,3,LinReg,A_tiempo,576,144,multi-step-direct,-1.1615,4.182288,2.045064,1.514908,27.8383,0.1594,1.0,1.291
108,F_SIN,5,3,DT,A_tiempo,576,144,multi-step-direct,-0.2591,2.436176,1.560825,0.952979,24.5751,0.0077,0.483,14.753
108,F_SIN,5,3,RF,A_tiempo,576,144,multi-step-direct,0.1548,1.635309,1.278792,0.785801,27.3246,0.168,0.4459,7.619
108,F_SIN,5,3,SVR_rbf,A_tiempo,576,144,multi-step-direct,0.0703,1.798818,1.3412,0.843081,29.8941,71.0744,0.4025,38.281
108,F_SIN,5,3,MLP,A_tiempo,576,144,multi-step-direct,0.1203,1.702078,1.304637,0.81351,25.2319,0.0124,0.2816,1.694
108,F_SIN,5,3,ARIMA,A_tiempo,576,144,multi-step-direct,-0.0777,0.45838,0.677038,0.466337,15.2639,0.624,0.9399,0.674
108,F_SIN,5,5,LinReg,A_tiempo,575,144,multi-step-direct,-1.2376,4.434367,2.105794,1.562621,27.1771,0.2443,1.0,2.078
108,F_SIN,5,5,DT,A_tiempo,575,144,multi-step-direct,-0.2495,2.476116,1.573568,0.973199,21.1953,0.0121,0.406,25.274
108,F_SIN,5,5,RF,A_tiempo,575,144,multi-step-direct,0.0927,1.797955,1.340878,0.826439,24.8955,0.2668,0.374,11.382
108,F_SIN,5,5,SVR_rbf,A_tiempo,575,144,multi-step-direct,0.0385,1.905381,1.380355,0.862771,27.3011,113.5887,0.3708,62.055
108,F_SIN,5,5,MLP,A_tiempo,575,144,multi-step-direct,0.0888,1.805702,1.343764,0.837314,22.8981,0.018,0.2019,1.397
108,F_SIN,5,5,ARIMA,A_tiempo,575,144,multi-step-direct,-0.003,0.45864,0.67723,0.468406,14.7301,0.2931,0.9399,0.528
108,F_N,5,1,LinReg,A_tiempo,576,144,multi-step-direct,-0.5984,2.875686,1.695785,1.30336,22.9347,0.2489,1.0,0.542
108,F_N,5,1,DT,A_tiempo,576,144,multi-step-direct,-0.0257,1.845276,1.358409,0.823918,20.4696,0.0055,0.6544,10.43
108,F_N,5,1,RF,A_tiempo,576,144,multi-step-direct,0.4097,1.062056,1.030561,0.659781,18.8389,0.1712,0.6642,3.449
108,F_N,5,1,SVR_rbf,A_tiempo,576,144,multi-step-direct,0.2017,1.436232,1.198429,0.753491,23.355,29.7919,0.4629,13.379
108,F_N,5,1,MLP,A_tiempo,576,144,multi-step-direct,0.448,0.993113,0.996551,0.672661,18.4294,0.0071,0.4605,0.698
108,F_N,5,1,ARIMA,A_tiempo,576,144,multi-step-direct,-0.5448,0.507287,0.712241,0.511098,11.2601,0.8853,0.9451,0.319
108,F_N,5,3,LinReg,A_tiempo,576,144,multi-step-direct,-1.16,4.181155,2.044787,1.518836,27.9147,0.1458,1.0,1.245
108,F_N,5,3,DT,A_tiempo,576,144,multi-step-direct,-0.2874,2.492136,1.57865,0.952805,24.7645,0.0075,0.4759,27.541
108,F_N,5,3,RF,A_tiempo,576,144,multi-step-direct,0.1414,1.662062,1.28921,0.794998,27.3399,0.18,0.4538,10.115
108,F_N,5,3,SVR_rbf,A_tiempo,576,144,multi-step-direct,0.0705,1.799348,1.341398,0.842897,29.9171,65.9687,0.4025,38.984
108,F_N,5,3,MLP,A_tiempo,576,144,multi-step-direct,0.1106,1.721633,1.31211,0.816362,25.2681,0.0309,0.2738,3.114
108,F_N,5,3,ARIMA,A_tiempo,576,144,multi-step-direct,-0.1025,0.468695,0.684613,0.470603,15.2966,0.3268,0.9451,0.353
108,F_N,5,5,LinReg,A_tiempo,575,144,multi-step-direct,-1.2402,4.441307,2.107441,1.56632,26.3524,0.2503,1.0,2.048
108,F_N,5,5,DT,A_tiempo,575,144,multi-step-direct,-0.3105,2.598139,1.611874,0.981858,21.5835,0.0096,0.4139,45.357
108,F_N,5,5,RF,A_tiempo,575,144,multi-step-direct,0.0813,1.821326,1.349565,0.831087,24.8523,0.2513,0.3731,19.108
108,F_N,5,5,SVR_rbf,A_tiempo,575,144,multi-step-direct,0.0386,1.906033,1.380592,0.862585,27.3057,113.9278,0.3707,62.067
108,F_N,5,5,MLP,A_tiempo,575,144,multi-step-direct,0.0887,1.806787,1.344168,0.837286,23.0073,0.0452,0.202,1.982
108,F_N,5,5,ARIMA,A_tiempo,575,144,multi-step-direct,-0.0093,0.461206,0.679122,0.465335,14.759,0.4418,0.9451,0.795
108,F_PB,5,1,LinReg,A_tiempo,576,144,multi-step-direct,-30.93,26.125287,5.11129,3.90692,99.6052,0.2168,1.0,0.926
108,F_PB,5,1,DT,A_tiempo,576,144,multi-step-direct,-0.4108,1.15435,1.074407,0.679364,13.5011,0.0059,0.4928,8.597
108,F_PB,5,1,RF,A_tiempo,576,144,multi-step-direct,0.0659,0.764254,0.874216,0.570447,14.9718,0.1706,0.5709,4.396
108,F_PB,5,1,SVR_rbf,A_tiempo,576,144,multi-step-direct,-0.0139,0.829588,0.910817,0.595256,15.7946,19.3202,0.4092,12.408
108,F_PB,5,1,MLP,A_tiempo,576,144,multi-step-direct,-0.0182,0.833099,0.912742,0.598552,17.0712,0.0073,0.0117,0.495
108,F_PB,5,1,ARIMA,A_tiempo,576,144,multi-step-direct,-0.0155,0.773619,0.879556,0.576178,16.4186,6.7391,0.9739,2.426
108,F_PB,5,3,LinReg,A_tiempo,576,144,multi-step-direct,-35.0305,30.32911,5.507187,4.246752,96.1779,0.254,1.0,2.734
108,F_PB,5,3,DT,A_tiempo,576,144,multi-step-direct,-0.3144,1.106412,1.051861,0.673709,15.2029,0.0087,0.3002,25.354
108,F_PB,5,3,RF,A_tiempo,576,144,multi-step-direct,0.0007,0.841162,0.917149,0.603253,18.1603,0.191,0.3565,12.165
108,F_PB,5,3,SVR_rbf,A_tiempo,576,144,multi-step-direct,-0.0466,0.881019,0.938626,0.622135,17.4451,67.1131,0.3738,37.321
108,F_PB,5,3,MLP,A_tiempo,576,144,multi-step-direct,-0.0134,0.853072,0.923619,0.603135,19.2136,0.0125,0.0098,0.788
108,F_PB,5,3,ARIMA,A_tiempo,576,144,multi-step-direct,-0.0009,0.802769,0.895973,0.578296,20.2562,2.0866,0.9739,2.253
108,F_PB,5,5,LinReg,A_tiempo,575,144,multi-step-direct,-34.8906,30.344441,5.508579,4.265883,98.1531,0.2464,1.0,4.624
108,F_PB,5,5,DT,A_tiempo,575,144,multi-step-direct,-0.2297,1.03967,1.019642,0.662761,15.7199,0.0109,0.2694,44.463
108,F_PB,5,5,RF,A_tiempo,575,144,multi-step-direct,-0.0093,0.853367,0.923778,0.604635,19.5311,0.2461,0.253,19.566
108,F_PB,5,5,SVR_rbf,A_tiempo,575,144,multi-step-direct,-0.0486,0.886591,0.941589,0.624,18.5962,113.245,0.3651,62.966
108,F_PB,5,5,MLP,A_tiempo,575,144,multi-step-direct,-0.0147,0.857884,0.92622,0.603267,20.2875,0.0178,0.0112,1.002
108,F_PB,5,5,ARIMA,A_tiempo,575,144,multi-step-direct,-0.0003,0.900842,0.949127,0.606087,20.2659,1.0334,0.9739,1.86
108,F_MED,5,1,LinReg,A_tiempo,576,144,multi-step-direct,-0.0857,2.276615,1.508846,1.143171,24.2472,0.2906,1.0,1.717
108,F_MED,5,1,DT,A_tiempo,576,144,multi-step-direct,-0.2848,2.693996,1.64134,0.870188,29.6319,0.0083,0.7823,5.33
108,F_MED,5,1,RF,A_tiempo,576,144,multi-step-direct,0.4621,1.127846,1.062001,0.659113,20.3369,0.1766,0.744,2.486
108,F_MED,5,1,SVR_rbf,A_tiempo,576,144,multi-step-direct,0.227,1.620923,1.273155,0.770952,25.6836,19.9332,0.4819,13.203
108,F_MED,5,1,MLP,A_tiempo,576,144,multi-step-direct,0.4966,1.05559,1.027419,0.685224,19.6112,0.0075,0.5569,0.684
108,F_MED,5,1,ARIMA,A_tiempo,576,144,multi-step-direct,-0.208,0.183013,0.4278,0.341629,8.1169,1.3111,0.9662,0.472
108,F_MED,5,3,LinReg,A_tiempo,576,144,multi-step-direct,-0.4659,3.34392,1.828639,1.350559,27.3302,0.146,1.0,1.263
108,F_MED,5,3,DT,A_tiempo,576,144,multi-step-direct,-0.4602,3.330907,1.825077,1.024414,25.4368,0.0066,0.5177,13.88
108,F_MED,5,3,RF,A_tiempo,576,144,multi-step-direct,0.2029,1.818356,1.348464,0.797841,28.838,0.2501,0.5428,7.438
108,F_MED,5,3,SVR_rbf,A_tiempo,576,144,multi-step-direct,0.0848,2.087677,1.44488,0.873407,32.3212,60.9421,0.397,37.08
108,F_MED,5,3,MLP,A_tiempo,576,144,multi-step-direct,0.1597,1.9169,1.384521,0.842631,25.7674,0.0222,0.3549,4.649
108,F_MED,5,3,ARIMA,A_tiempo,576,144,multi-step-direct,-0.6739,0.453356,0.673317,0.557669,15.0133,0.5653,0.9662,0.611
108,F_MED,5,5,LinReg,A_tiempo,575,144,multi-step-direct,-0.563,3.66043,1.913225,1.43006,25.6017,0.2423,1.0,2.069
108,F_MED,5,5,DT,A_tiempo,575,144,multi-step-direct,-0.0988,2.573137,1.6041,0.945222,24.298,0.0112,0.4055,22.498
108,F_MED,5,5,RF,A_tiempo,575,144,multi-step-direct,0.1183,2.064706,1.436909,0.848378,26.3367,0.2533,0.435,12.469
108,F_MED,5,5,SVR_rbf,A_tiempo,575,144,multi-step-direct,0.0503,2.22412,1.491349,0.897075,30.1078,114.0998,0.3542,60.988
108,F_MED,5,5,MLP,A_tiempo,575,144,multi-step-direct,0.1315,2.034023,1.426192,0.861084,24.8842,0.0259,0.2719,5.01
108,F_MED,5,5,ARIMA,A_tiempo,575,144,multi-step-direct,-1.1237,0.657788,0.811041,0.695857,17.9312,0.555,0.9662,0.999
108,F_N+PB,5,1,LinReg,A_tiempo,576,144,multi-step-direct,-39.5303,33.162182,5.758661,4.396692,112.842,0.2481,1.0,0.536
108,F_N+PB,5,1,DT,A_tiempo,576,144,multi-step-direct,-0.3151,1.076064,1.037335,0.655038,14.1996,0.0081,0.4973,8.485
108,F_N+PB,5,1,RF,A_tiempo,576,144,multi-step-direct,0.0625,0.767058,0.875819,0.572409,15.0563,0.1713,0.5657,5.637
108,F_N+PB,5,1,SVR_rbf,A_tiempo,576,144,multi-step-direct,-0.0139,0.829574,0.91081,0.595252,15.7942,19.3944,0.4092,11.451
108,F_N+PB,5,1,MLP,A_tiempo,576,144,multi-step-direct,-0.0181,0.832991,0.912683,0.598468,17.0788,0.0352,0.0116,1.144
108,F_N+PB,5,1,ARIMA,A_tiempo,576,144,multi-step-direct,-0.0143,0.772616,0.878986,0.575156,16.4312,11.6355,0.9739,4.189
108,F_N+PB,5,3,LinReg,A_tiempo,576,144,multi-step-direct,-46.7063,40.158312,6.337059,4.847222,106.9012,0.1456,1.0,1.327
108,F_N+PB,5,3,DT,A_tiempo,576,144,multi-step-direct,-0.2901,1.085944,1.042087,0.671908,15.4891,0.0098,0.3056,26.98
108,F_N+PB,5,3,RF,A_tiempo,576,144,multi-step-direct,0.0054,0.837257,0.915017,0.601127,18.0765,0.1743,0.3499,10.571
108,F_N+PB,5,3,SVR_rbf,A_tiempo,576,144,multi-step-direct,-0.0466,0.881037,0.938636,0.622146,17.4445,58.5626,0.3738,39.62
108,F_N+PB,5,3,MLP,A_tiempo,576,144,multi-step-direct,-0.0134,0.8531,0.923634,0.603157,19.2133,0.027,0.0098,0.871
108,F_N+PB,5,3,ARIMA,A_tiempo,576,144,multi-step-direct,-0.0007,0.802618,0.89589,0.577501,20.2683,3.8008,0.9739,4.105
108,F_N+PB,5,5,LinReg,A_tiempo,575,144,multi-step-direct,-45.3779,39.211322,6.261894,4.824041,112.4249,0.2478,1.0,2.041
108,F_N+PB,5,5,DT,A_tiempo,575,144,multi-step-direct,-0.2486,1.05566,1.027453,0.663664,15.4546,0.0094,0.2657,45.512
108,F_N+PB,5,5,RF,A_tiempo,575,144,multi-step-direct,-0.0102,0.854099,0.924175,0.604643,19.3925,0.2528,0.2539,19.092
108,F_N+PB,5,5,SVR_rbf,A_tiempo,575,144,multi-step-direct,-0.0486,0.886592,0.94159,0.624006,18.5965,120.7193,0.3651,64.305
108,F_N+PB,5,5,MLP,A_tiempo,575,144,multi-step-direct,-0.0147,0.85789,0.926223,0.603276,20.2868,0.0354,0.0112,4.447
108,F_N+PB,5,5,ARIMA,A_tiempo,575,144,multi-step-direct,-0.0004,0.90087,0.949142,0.605534,20.2762,0.8167,0.9739,1.47
108,F_N+MED,5,1,LinReg,A_tiempo,576,144,multi-step-direct,0.0169,2.060188,1.435335,1.090183,24.0009,0.1063,1.0,0.574
108,F_N+MED,5,1,DT,A_tiempo,576,144,multi-step-direct,-0.4046,2.943586,1.715688,0.920017,30.5624,0.0075,0.7796,9.068
108,F_N+MED,5,1,RF,A_tiempo,576,144,multi-step-direct,0.4497,1.153206,1.073874,0.662167,20.6308,0.1719,0.7391,5.327
108,F_N+MED,5,1,SVR_rbf,A_tiempo,576,144,multi-step-direct,0.2273,1.619192,1.272475,0.770393,25.6838,20.8105,0.4819,11.587
108,F_N+MED,5,1,MLP,A_tiempo,576,144,multi-step-direct,0.515,1.016355,1.008144,0.671366,19.3683,0.0151,0.559,4.049
108,F_N+MED,5,1,ARIMA,A_tiempo,576,144,multi-step-direct,-0.2173,0.18502,0.430139,0.343331,8.1542,2.9454,0.9675,1.06
108,F_N+MED,5,3,LinReg,A_tiempo,576,144,multi-step-direct,-0.444,3.29115,1.814153,1.342369,27.7181,0.1468,1.0,1.287
108,F_N+MED,5,3,DT,A_tiempo,576,144,multi-step-direct,-0.3693,3.120912,1.76661,1.020959,25.9828,0.0113,0.5209,28.093
108,F_N+MED,5,3,RF,A_tiempo,576,144,multi-step-direct,0.1723,1.886454,1.373483,0.820951,28.5861,0.217,0.5448,9.864
108,F_N+MED,5,3,SVR_rbf,A_tiempo,576,144,multi-step-direct,0.0848,2.085864,1.444252,0.873183,32.3282,59.8102,0.3971,38.045
108,F_N+MED,5,3,MLP,A_tiempo,576,144,multi-step-direct,0.1867,1.853818,1.36155,0.831868,25.7199,0.0346,0.3814,4.619
108,F_N+MED,5,3,ARIMA,A_tiempo,576,144,multi-step-direct,-0.6818,0.457604,0.676465,0.560445,15.0783,0.824,0.9675,0.89
108,F_N+MED,5,5,LinReg,A_tiempo,575,144,multi-step-direct,-0.5625,3.656,1.912067,1.430668,25.7814,0.2428,1.0,2.092
108,F_N+MED,5,5,DT,A_tiempo,575,144,multi-step-direct,-0.1292,2.642181,1.625479,0.948451,25.6376,0.0083,0.4042,46.862
108,F_N+MED,5,5,RF,A_tiempo,575,144,multi-step-direct,0.1168,2.06666,1.437588,0.851542,26.2314,0.2492,0.4428,18.998
108,F_N+MED,5,5,SVR_rbf,A_tiempo,575,144,multi-step-direct,0.0504,2.222029,1.490647,0.896762,30.1168,113.2038,0.3543,59.744
108,F_N+MED,5,5,MLP,A_tiempo,575,144,multi-step-direct,0.1458,1.998697,1.413753,0.858742,24.5483,0.0176,0.2697,1.408
108,F_N+MED,5,5,ARIMA,A_tiempo,575,144,multi-step-direct,-1.1368,0.66131,0.813209,0.698577,17.9882,0.3457,0.9675,0.622
108,F_N+PB+MED,5,1,LinReg,A_tiempo,576,144,multi-step-direct,-1.9652,2.59545,1.61104,1.238974,23.4512,0.3535,1.0,1.897
108,F_N+PB+MED,5,1,DT,A_tiempo,576,144,multi-step-direct,-0.4634,1.280903,1.13177,0.758691,15.8402,0.0062,0.639,8.594
108,F_N+PB+MED,5,1,RF,A_tiempo,576,144,multi-step-direct,0.1025,0.785558,0.886317,0.626379,14.7771,0.1734,0.6534,3.99
108,F_N+PB+MED,5,1,SVR_rbf,A_tiempo,576,144,multi-step-direct,0.0123,0.864566,0.92982,0.651865,15.1034,19.2615,0.4855,12.523
108,F_N+PB+MED,5,1,MLP,A_tiempo,576,144,multi-step-direct,-0.0141,0.88767,0.942162,0.679792,15.0242,0.0075,0.1692,0.823
108,F_N+PB+MED,5,1,ARIMA,A_tiempo,576,144,multi-step-direct,-0.129,0.694398,0.833306,0.648255,15.81,1.9476,0.954,0.701
108,F_N+PB+MED,5,3,LinReg,A_tiempo,576,144,multi-step-direct,-2.3591,3.125969,1.768041,1.358395,24.2892,0.3539,1.0,2.357
108,F_N+PB+MED,5,3,DT,A_tiempo,576,144,multi-step-direct,-0.2768,1.188162,1.090028,0.76413,15.2866,0.0077,0.381,25.967
108,F_N+PB+MED,5,3,RF,A_tiempo,576,144,multi-step-direct,0.0172,0.914559,0.956326,0.680033,18.5187,0.1755,0.4361,12.012
108,F_N+PB+MED,5,3,SVR_rbf,A_tiempo,576,144,multi-step-direct,-0.0518,0.97881,0.989348,0.705769,17.8113,74.8954,0.4233,36.633
108,F_N+PB+MED,5,3,MLP,A_tiempo,576,144,multi-step-direct,-0.0255,0.954301,0.976883,0.692414,19.291,0.0156,0.0301,0.83
108,F_N+PB+MED,5,3,ARIMA,A_tiempo,576,144,multi-step-direct,-0.0326,0.728052,0.85326,0.654824,19.0248,0.6356,0.954,0.686
108,F_N+PB+MED,5,5,LinReg,A_tiempo,575,144,multi-step-direct,-2.4545,3.246985,1.801939,1.392328,23.3275,0.2565,1.0,2.108
108,F_N+PB+MED,5,5,DT,A_tiempo,575,144,multi-step-direct,-0.3023,1.224096,1.106389,0.761733,17.6585,0.0094,0.2931,45.17
108,F_N+PB+MED,5,5,RF,A_tiempo,575,144,multi-step-direct,-0.0035,0.943264,0.971218,0.684958,20.593,0.2471,0.3488,18.284
108,F_N+PB+MED,5,5,SVR_rbf,A_tiempo,575,144,multi-step-direct,-0.0609,0.997175,0.998586,0.711301,19.3352,112.7376,0.4109,61.468
108,F_N+PB+MED,5,5,MLP,A_tiempo,575,144,multi-step-direct,-0.0319,0.9699,0.984835,0.694992,20.3696,0.041,0.0312,4.389
108,F_N+PB+MED,5,5,ARIMA,A_tiempo,575,144,multi-step-direct,-0.0182,0.922145,0.960284,0.704013,21.5412,0.5782,0.954,1.041
109,F_SIN,5,1,LinReg,A_tiempo,576,144,multi-step-direct,-2.3093,8.32865,2.88594,2.07207,42.3757,0.1131,1.0,0.528
109,F_SIN,5,1,DT,A_tiempo,576,144,multi-step-direct,-0.0516,2.646692,1.626866,0.936282,19.6347,0.0054,0.8814,6.215
109,F_SIN,5,1,RF,A_tiempo,576,144,multi-step-direct,0.2075,1.99459,1.412299,0.816246,24.6825,0.1734,0.8462,3.786
109,F_SIN,5,1,SVR_rbf,A_tiempo,576,144,multi-step-direct,0.0429,2.408802,1.552031,0.896535,27.0104,19.0736,0.5372,12.37
109,F_SIN,5,1,MLP,A_tiempo,576,144,multi-step-direct,0.0347,2.429348,1.558637,0.963231,21.6566,0.0073,0.5028,1.304
109,F_SIN,5,1,ARIMA,A_tiempo,576,144,multi-step-direct,-0.5741,1.304759,1.142261,0.80763,21.6138,1.8892,0.9817,0.68
109,F_SIN,5,3,LinReg,A_tiempo,576,144,multi-step-direct,-3.2684,10.619519,3.25876,2.371829,42.7039,0.2127,1.0,3.263
109,F_SIN,5,3,DT,A_tiempo,576,144,multi-step-direct,-0.1793,2.933941,1.712875,1.041818,20.6841,0.0083,0.7368,18.402
109,F_SIN,5,3,RF,A_tiempo,576,144,multi-step-direct,0.035,2.400811,1.549455,0.935437,27.1962,0.1789,0.7338,6.342
109,F_SIN,5,3,SVR_rbf,A_tiempo,576,144,multi-step-direct,-0.0223,2.543338,1.594785,0.946894,28.9071,58.3563,0.4319,40.775
109,F_SIN,5,3,MLP,A_tiempo,576,144,multi-step-direct,-0.1486,2.857599,1.690443,1.061112,24.5913,0.0132,0.2929,5.616
109,F_SIN,5,3,ARIMA,A_tiempo,576,144,multi-step-direct,-0.3499,1.39835,1.182518,0.796936,26.1745,0.5448,0.9817,0.588
109,F_SIN,5,5,LinReg,A_tiempo,575,144,multi-step-direct,-3.7228,11.668799,3.415962,2.489375,49.3263,0.2432,1.0,2.091
109,F_SIN,5,5,DT,A_tiempo,575,144,multi-step-direct,-0.2411,3.066337,1.751096,1.112951,20.0868,0.0088,0.6682,31.336
109,F_SIN,5,5,RF,A_tiempo,575,144,multi-step-direct,-0.0042,2.481224,1.57519,0.962763,25.484,0.2667,0.6769,12.947
109,F_SIN,5,5,SVR_rbf,A_tiempo,575,144,multi-step-direct,-0.0475,2.588006,1.608728,0.964934,26.944,112.7313,0.3946,65.035
109,F_SIN,5,5,MLP,A_tiempo,575,144,multi-step-direct,-0.2033,2.973055,1.724255,1.096596,23.2699,0.0179,0.2351,1.669
109,F_SIN,5,5,ARIMA,A_tiempo,575,144,multi-step-direct,-0.2905,1.422651,1.192749,0.79751,27.9168,0.4302,0.9817,0.774
109,F_N,5,1,LinReg,A_tiempo,576,144,multi-step-direct,-2.3822,8.513445,2.917781,2.092713,42.598,0.1559,1.0,2.331
109,F_N,5,1,DT,A_tiempo,576,144,multi-step-direct,-0.0449,2.630163,1.621778,0.944305,19.9044,0.0059,0.8803,8.437
109,F_N,5,1,RF,A_tiempo,576,144,multi-step-direct,0.1951,2.026001,1.423376,0.825225,24.5933,0.1756,0.8496,3.342
109,F_N,5,1,SVR_rbf,A_tiempo,576,144,multi-step-direct,0.0429,2.40901,1.552099,0.896308,26.9963,19.2395,0.5371,13.262
109,F_N,5,1,MLP,A_tiempo,576,144,multi-step-direct,0.0039,2.507255,1.583432,0.97872,21.8126,0.007,0.4283,1.012
109,F_N,5,1,ARIMA,A_tiempo,576,144,multi-step-direct,-0.1179,0.926651,0.962627,0.630005,17.9688,2.4547,0.9829,0.884
109,F_N,5,3,LinReg,A_tiempo,576,144,multi-step-direct,-3.3576,10.84286,3.29285,2.397998,43.1276,0.3472,1.0,3.357
109,F_N,5,3,DT,A_tiempo,576,144,multi-step-direct,-0.2016,2.990004,1.729163,1.051927,21.0961,0.0085,0.7504,24.612
109,F_N,5,3,RF,A_tiempo,576,144,multi-step-direct,0.0514,2.360285,1.536322,0.926866,27.0267,0.1728,0.7373,10.425
109,F_N,5,3,SVR_rbf,A_tiempo,576,144,multi-step-direct,-0.0222,2.543539,1.594848,0.946738,28.9299,74.2604,0.4318,38.324
109,F_N,5,3,MLP,A_tiempo,576,144,multi-step-direct,-0.144,2.846683,1.687212,1.057916,24.7103,0.0129,0.2948,1.47
109,F_N,5,3,ARIMA,A_tiempo,576,144,multi-step-direct,-0.0521,1.089969,1.044016,0.6582,22.9452,0.8162,0.9829,0.881
109,F_N,5,5,LinReg,A_tiempo,575,144,multi-step-direct,-3.7941,11.84668,3.441901,2.511644,49.5657,0.248,1.0,2.066
109,F_N,5,5,DT,A_tiempo,575,144,multi-step-direct,-0.2572,3.106562,1.762544,1.12268,21.6538,0.0095,0.6867,42.27
109,F_N,5,5,RF,A_tiempo,575,144,multi-step-direct,-0.0074,2.489424,1.577791,0.964592,25.5652,0.2644,0.6804,15.441
109,F_N,5,5,SVR_rbf,A_tiempo,575,144,multi-step-direct,-0.0474,2.588237,1.6088,0.964802,26.9528,113.0877,0.3946,65.727
109,F_N,5,5,MLP,A_tiempo,575,144,multi-step-direct,-0.2026,2.971792,1.723889,1.096166,23.2725,0.0226,0.2351,5.42
109,F_N,5,5,ARIMA,A_tiempo,575,144,multi-step-direct,-0.0356,1.141672,1.068491,0.669343,24.96,0.323,0.9829,0.581
109,F_PB,5,1,LinReg,A_tiempo,576,144,multi-step-direct,-26.8504,66.091713,8.129681,5.899669,152.4389,0.2474,1.0,0.534
109,F_PB,5,1,DT,A_tiempo,576,144,multi-step-direct,0.0028,2.366458,1.53833,0.841077,19.112,0.0059,0.9274,8.246
109,F_PB,5,1,RF,A_tiempo,576,144,multi-step-direct,0.2495,1.781057,1.334562,0.747876,23.2458,0.1774,0.8658,4.858
109,F_PB,5,1,SVR_rbf,A_tiempo,576,144,multi-step-direct,0.0501,2.25413,1.501376,0.838255,27.2369,20.535,0.5285,14.214
109,F_PB,5,1,MLP,A_tiempo,576,144,multi-step-direct,0.042,2.273468,1.507802,0.903057,22.1972,0.0226,0.4916,5.187
109,F_PB,5,1,ARIMA,A_tiempo,576,144,multi-step-direct,-1.1395,1.802594,1.342607,1.019671,24.7592,3.3306,0.987,1.199
109,F_PB,5,3,LinReg,A_tiempo,576,144,multi-step-direct,-34.7406,85.15994,9.228214,6.777777,167.2526,0.1466,1.0,1.23
109,F_PB,5,3,DT,A_tiempo,576,144,multi-step-direct,-0.2117,2.887209,1.699179,1.011072,22.4116,0.0099,0.7794,25.483
109,F_PB,5,3,RF,A_tiempo,576,144,multi-step-direct,0.0805,2.190888,1.480165,0.869717,27.0346,0.2552,0.7514,8.733
109,F_PB,5,3,SVR_rbf,A_tiempo,576,144,multi-step-direct,-0.0232,2.438101,1.561442,0.904581,28.7133,56.9365,0.4208,40.638
109,F_PB,5,3,MLP,A_tiempo,576,144,multi-step-direct,-0.1111,2.647434,1.627094,0.998998,24.2455,0.0199,0.287,1.293
109,F_PB,5,3,ARIMA,A_tiempo,576,144,multi-step-direct,-0.9155,2.008052,1.417058,1.038482,30.6877,2.3276,0.987,2.514
109,F_PB,5,5,LinReg,A_tiempo,575,144,multi-step-direct,-37.9893,92.913745,9.639178,7.101656,183.2656,0.2486,1.0,2.708
109,F_PB,5,5,DT,A_tiempo,575,144,multi-step-direct,-0.2249,2.918983,1.708503,1.046884,19.9668,0.0114,0.7065,41.73
109,F_PB,5,5,RF,A_tiempo,575,144,multi-step-direct,0.0118,2.354969,1.534591,0.916942,25.255,0.357,0.6941,14.354
109,F_PB,5,5,SVR_rbf,A_tiempo,575,144,multi-step-direct,-0.0503,2.503015,1.582092,0.927369,26.7872,111.5874,0.3827,66.878
109,F_PB,5,5,MLP,A_tiempo,575,144,multi-step-direct,-0.1692,2.786363,1.66924,1.036449,23.1791,0.0183,0.2365,1.596
109,F_PB,5,5,ARIMA,A_tiempo,575,144,multi-step-direct,-0.8817,2.095275,1.447507,1.054906,32.9029,0.7607,0.987,1.369
109,F_MED,5,1,LinReg,A_tiempo,576,144,multi-step-direct,-1.12,7.216336,2.686324,1.917259,37.2933,0.3478,1.0,0.626
109,F_MED,5,1,DT,A_tiempo,576,144,multi-step-direct,0.0812,3.127729,1.768539,1.053393,26.5114,0.0063,0.8826,7.739
109,F_MED,5,1,RF,A_tiempo,576,144,multi-step-direct,0.1998,2.723899,1.650424,0.990319,29.9971,0.1851,0.8605,2.332
109,F_MED,5,1,SVR_rbf,A_tiempo,576,144,multi-step-direct,0.0435,3.255986,1.804435,1.129868,32.1015,26.47,0.6492,13.528
109,F_MED,5,1,MLP,A_tiempo,576,144,multi-step-direct,0.0694,3.167786,1.779827,1.122015,25.5953,0.0071,0.5946,1.333
109,F_MED,5,1,ARIMA,A_tiempo,576,144,multi-step-direct,-1.6187,2.152837,1.467255,1.173666,27.8392,1.1886,0.9763,0.428
109,F_MED,5,3,LinReg,A_tiempo,576,144,multi-step-direct,-2.0519,10.227329,3.19802,2.319484,42.1922,0.1537,1.0,1.244
109,F_MED,5,3,DT,A_tiempo,576,144,multi-step-direct,-0.1252,3.770754,1.941843,1.249933,27.437,0.0084,0.7666,17.981
109,F_MED,5,3,RF,A_tiempo,576,144,multi-step-direct,0.0426,3.208428,1.791209,1.131621,31.5297,0.1747,0.7593,8.868
109,F_MED,5,3,SVR_rbf,A_tiempo,576,144,multi-step-direct,-0.0097,3.38367,1.839475,1.183278,32.5491,74.6417,0.5349,37.694
109,F_MED,5,3,MLP,A_tiempo,576,144,multi-step-direct,-0.1139,3.732767,1.932037,1.253249,27.8186,0.0132,0.3747,1.284
109,F_MED,5,3,ARIMA,A_tiempo,576,144,multi-step-direct,-1.0064,1.997475,1.41332,1.093167,30.9998,0.423,0.9763,0.457
109,F_MED,5,5,LinReg,A_tiempo,575,144,multi-step-direct,-2.4336,11.403209,3.376864,2.459843,48.1588,0.2419,1.0,2.146
109,F_MED,5,5,DT,A_tiempo,575,144,multi-step-direct,-0.2165,4.040057,2.009989,1.353771,25.2103,0.0099,0.7157,30.68
109,F_MED,5,5,RF,A_tiempo,575,144,multi-step-direct,-0.0117,3.360058,1.833046,1.17544,28.7502,0.2494,0.7131,12.814
109,F_MED,5,5,SVR_rbf,A_tiempo,575,144,multi-step-direct,-0.0277,3.412951,1.847417,1.200448,30.2661,113.3454,0.4962,64.412
109,F_MED,5,5,MLP,A_tiempo,575,144,multi-step-direct,-0.2339,4.09787,2.02432,1.33568,25.0997,0.0348,0.3682,2.093
109,F_MED,5,5,ARIMA,A_tiempo,575,144,multi-step-direct,-0.841,1.932925,1.390297,1.078235,31.4433,0.7148,0.9762,1.287
109,F_N+PB,5,1,LinReg,A_tiempo,576,144,multi-step-direct,-33.3889,81.608816,9.03376,6.553912,173.1482,0.2482,1.0,1.65
109,F_N+PB,5,1,DT,A_tiempo,576,144,multi-step-direct,-0.0336,2.452808,1.566144,0.868139,20.0465,0.0062,0.93,8.279
109,F_N+PB,5,1,RF,A_tiempo,576,144,multi-step-direct,0.2484,1.783659,1.335537,0.746054,23.6156,0.171,0.8684,3.285
109,F_N+PB,5,1,SVR_rbf,A_tiempo,576,144,multi-step-direct,0.0501,2.25414,1.501379,0.838258,27.2368,18.9336,0.5285,13.755
109,F_N+PB,5,1,MLP,A_tiempo,576,144,multi-step-direct,0.0445,2.267447,1.505804,0.901914,22.2198,0.0076,0.4911,1.209
109,F_N+PB,5,1,ARIMA,A_tiempo,576,144,multi-step-direct,-1.092,1.762622,1.327638,1.002184,24.738,3.2775,0.987,1.18
109,F_N+PB,5,3,LinReg,A_tiempo,576,144,multi-step-direct,-43.8189,106.79181,10.334012,7.570035,186.3314,0.2579,1.0,3.459
109,F_N+PB,5,3,DT,A_tiempo,576,144,multi-step-direct,-0.1808,2.813565,1.677368,0.990966,21.945,0.0083,0.7792,24.152
109,F_N+PB,5,3,RF,A_tiempo,576,144,multi-step-direct,0.0783,2.196123,1.481932,0.870274,27.0968,0.1748,0.7524,10.463
109,F_N+PB,5,3,SVR_rbf,A_tiempo,576,144,multi-step-direct,-0.0232,2.438119,1.561448,0.904591,28.714,74.0847,0.4208,38.777
109,F_N+PB,5,3,MLP,A_tiempo,576,144,multi-step-direct,-0.1108,2.646665,1.626857,0.998931,24.2367,0.0126,0.287,1.347
109,F_N+PB,5,3,ARIMA,A_tiempo,576,144,multi-step-direct,-0.8737,1.964239,1.401513,1.019357,30.6165,1.0782,0.987,1.164
109,F_N+PB,5,5,LinReg,A_tiempo,575,144,multi-step-direct,-47.8128,116.324329,10.785376,7.93578,213.5369,0.2398,1.0,2.009
109,F_N+PB,5,5,DT,A_tiempo,575,144,multi-step-direct,-0.212,2.888244,1.699483,1.040758,20.0062,0.0107,0.7044,42.455
109,F_N+PB,5,5,RF,A_tiempo,575,144,multi-step-direct,0.0107,2.357561,1.535435,0.916778,25.0161,0.2519,0.6953,15.322
109,F_N+PB,5,5,SVR_rbf,A_tiempo,575,144,multi-step-direct,-0.0503,2.50303,1.582097,0.927374,26.7872,119.2851,0.3827,65.666
109,F_N+PB,5,5,MLP,A_tiempo,575,144,multi-step-direct,-0.169,2.785895,1.6691,1.036271,23.1777,0.0182,0.2364,3.998
109,F_N+PB,5,5,ARIMA,A_tiempo,575,144,multi-step-direct,-0.8437,2.052952,1.432813,1.036719,32.8169,0.7559,0.987,1.361
109,F_N+MED,5,1,LinReg,A_tiempo,576,144,multi-step-direct,-1.095,7.118721,2.668093,1.90035,37.4264,0.2144,1.0,0.537
109,F_N+MED,5,1,DT,A_tiempo,576,144,multi-step-direct,0.0896,3.093377,1.7588,1.059592,25.5827,0.0096,0.8907,9.255
109,F_N+MED,5,1,RF,A_tiempo,576,144,multi-step-direct,0.1966,2.729897,1.65224,0.995605,30.3246,0.1657,0.8599,3.929
109,F_N+MED,5,1,SVR_rbf,A_tiempo,576,144,multi-step-direct,0.0437,3.249424,1.802616,1.12922,32.0557,24.5008,0.6492,12.516
109,F_N+MED,5,1,MLP,A_tiempo,576,144,multi-step-direct,0.0605,3.192424,1.786735,1.117531,25.4948,0.0077,0.6069,4.534
109,F_N+MED,5,1,ARIMA,A_tiempo,576,144,multi-step-direct,-1.6514,2.179404,1.47628,1.181693,28.0105,2.8766,0.9767,1.036
109,F_N+MED,5,3,LinReg,A_tiempo,576,144,multi-step-direct,-2.0487,10.200745,3.19386,2.321608,40.4161,0.146,1.0,1.2
109,F_N+MED,5,3,DT,A_tiempo,576,144,multi-step-direct,-0.1368,3.80375,1.950321,1.268081,27.4843,0.009,0.771,25.559
109,F_N+MED,5,3,RF,A_tiempo,576,144,multi-step-direct,0.0507,3.176429,1.782254,1.125798,31.7105,0.2465,0.7609,8.502
109,F_N+MED,5,3,SVR_rbf,A_tiempo,576,144,multi-step-direct,-0.0097,3.378346,1.838028,1.182911,32.5116,59.5539,0.5352,38.472
109,F_N+MED,5,3,MLP,A_tiempo,576,144,multi-step-direct,-0.1166,3.736239,1.932935,1.253844,27.9913,0.0124,0.3753,1.288
109,F_N+MED,5,3,ARIMA,A_tiempo,576,144,multi-step-direct,-1.0263,2.017067,1.420235,1.097124,31.1672,1.1544,0.9767,1.247
109,F_N+MED,5,5,LinReg,A_tiempo,575,144,multi-step-direct,-2.4676,11.498604,3.390959,2.473858,48.5962,0.2508,1.0,4.237
109,F_N+MED,5,5,DT,A_tiempo,575,144,multi-step-direct,-0.1936,3.95804,1.989482,1.328321,25.1435,0.0104,0.675,41.627
109,F_N+MED,5,5,RF,A_tiempo,575,144,multi-step-direct,-0.0154,3.366968,1.83493,1.17766,28.7427,0.2566,0.7142,14.623
109,F_N+MED,5,5,SVR_rbf,A_tiempo,575,144,multi-step-direct,-0.0277,3.408002,1.846078,1.200068,30.2321,113.3248,0.4966,63.889
109,F_N+MED,5,5,MLP,A_tiempo,575,144,multi-step-direct,-0.2411,4.115596,2.028693,1.338835,25.1886,0.0338,0.3679,2.022
109,F_N+MED,5,5,ARIMA,A_tiempo,575,144,multi-step-direct,-0.8551,1.950322,1.396539,1.082431,31.5591,0.3117,0.9767,0.561
109,F_N+PB+MED,5,1,LinReg,A_tiempo,576,144,multi-step-direct,-1.139,6.711117,2.590582,1.849505,37.7834,0.0967,1.0,0.561
109,F_N+PB+MED,5,1,DT,A_tiempo,576,144,multi-step-direct,0.127,2.739102,1.655023,0.941457,25.0306,0.0066,0.9211,9.894
109,F_N+PB+MED,5,1,RF,A_tiempo,576,144,multi-step-direct,0.2489,2.356591,1.535119,0.902169,29.7719,0.1721,0.8809,2.919
109,F_N+PB+MED,5,1,SVR_rbf,A_tiempo,576,144,multi-step-direct,0.0485,2.985384,1.727826,1.056872,32.2821,27.0506,0.6348,13.804
109,F_N+PB+MED,5,1,MLP,A_tiempo,576,144,multi-step-direct,0.149,2.66991,1.633986,1.018894,25.5573,0.0074,0.6078,1.257
109,F_N+PB+MED,5,1,ARIMA,A_tiempo,576,144,multi-step-direct,-1.7947,2.399999,1.549193,1.248036,29.3939,1.5807,0.9778,0.569
109,F_N+PB+MED,5,3,LinReg,A_tiempo,576,144,multi-step-direct,-2.1158,9.880599,3.143342,2.275124,42.2979,0.1434,1.0,1.25
109,F_N+PB+MED,5,3,DT,A_tiempo,576,144,multi-step-direct,-0.0912,3.460172,1.860154,1.167214,25.9646,0.0081,0.7924,25.987
109,F_N+PB+MED,5,3,RF,A_tiempo,576,144,multi-step-direct,0.0758,2.930841,1.71197,1.061407,31.5506,0.2456,0.7798,7.832
109,F_N+PB+MED,5,3,SVR_rbf,A_tiempo,576,144,multi-step-direct,-0.0105,3.204546,1.790125,1.129618,32.1274,57.388,0.5139,40.641
109,F_N+PB+MED,5,3,MLP,A_tiempo,576,144,multi-step-direct,-0.1097,3.518824,1.875853,1.193429,28.1928,0.0249,0.4179,5.305
109,F_N+PB+MED,5,3,ARIMA,A_tiempo,576,144,multi-step-direct,-1.441,2.466288,1.570442,1.225256,34.5316,0.994,0.9778,1.074
109,F_N+PB+MED,5,5,LinReg,A_tiempo,575,144,multi-step-direct,-2.4927,11.102513,3.332043,2.423917,48.5955,0.2447,1.0,2.079
109,F_N+PB+MED,5,5,DT,A_tiempo,575,144,multi-step-direct,-0.1699,3.718759,1.928408,1.253665,24.6402,0.0094,0.7408,43.11
109,F_N+PB+MED,5,5,RF,A_tiempo,575,144,multi-step-direct,0.0068,3.157163,1.776841,1.118037,29.1058,0.3352,0.7365,14.727
109,F_N+PB+MED,5,5,SVR_rbf,A_tiempo,575,144,multi-step-direct,-0.0297,3.273173,1.809191,1.153305,30.2655,112.1,0.4739,65.424
109,F_N+PB+MED,5,5,MLP,A_tiempo,575,144,multi-step-direct,-0.2647,4.020194,2.005042,1.295485,25.6766,0.0288,0.3856,2.043
109,F_N+PB+MED,5,5,ARIMA,A_tiempo,575,144,multi-step-direct,-1.3932,2.53114,1.590956,1.239116,35.8997,0.2674,0.9778,0.481
111,F_SIN,5,1,LinReg,A_tiempo,576,144,multi-step-direct,-1.7462,1.80102,1.342021,1.034061,19.7762,0.2063,1.0,2.197
111,F_SIN,5,1,DT,A_tiempo,576,144,multi-step-direct,-0.1448,0.750786,0.866479,0.610336,13.5727,0.0062,0.7,6.511
111,F_SIN,5,1,RF,A_tiempo,576,144,multi-step-direct,0.2288,0.505745,0.711157,0.497252,14.8739,0.1744,0.7152,2.633
111,F_SIN,5,1,SVR_rbf,A_tiempo,576,144,multi-step-direct,0.1484,0.558517,0.74734,0.520123,14.6227,19.5683,0.5889,13.317
111,F_SIN,5,1,MLP,A_tiempo,576,144,multi-step-direct,0.0585,0.61747,0.785793,0.575785,14.6918,0.0077,0.3818,0.85
111,F_SIN,5,1,ARIMA,A_tiempo,576,144,multi-step-direct,-0.002,0.829466,0.91075,0.541402,17.1501,1.3006,0.9571,0.468
111,F_SIN,5,3,LinReg,A_tiempo,576,144,multi-step-direct,-2.8606,2.454026,1.566533,1.215115,20.8116,0.1462,1.0,1.301
111,F_SIN,5,3,DT,A_tiempo,576,144,multi-step-direct,-0.3792,0.876671,0.936307,0.643594,12.5205,0.0075,0.4348,16.967
111,F_SIN,5,3,RF,A_tiempo,576,144,multi-step-direct,0.0849,0.581673,0.762675,0.552827,11.6475,0.1753,0.5114,9.97
111,F_SIN,5,3,SVR_rbf,A_tiempo,576,144,multi-step-direct,-0.0105,0.642303,0.801438,0.573251,10.4404,75.9712,0.467,37.203
111,F_SIN,5,3,MLP,A_tiempo,576,144,multi-step-direct,0.0015,0.634675,0.796665,0.585568,11.7989,0.0131,0.1314,1.0
111,F_SIN,5,3,ARIMA,A_tiempo,576,144,multi-step-direct,-0.0097,0.831614,0.911929,0.606937,20.505,0.4831,0.9571,0.522
111,F_SIN,5,5,LinReg,A_tiempo,575,144,multi-step-direct,-3.1958,2.67338,1.635047,1.274535,24.1895,0.2423,1.0,2.084
111,F_SIN,5,5,DT,A_tiempo,575,144,multi-step-direct,-0.3379,0.852422,0.923267,0.648001,13.6899,0.0102,0.2973,27.391
111,F_SIN,5,5,RF,A_tiempo,575,144,multi-step-direct,0.0457,0.608063,0.779784,0.567097,14.8118,0.2461,0.3893,14.581
111,F_SIN,5,5,SVR_rbf,A_tiempo,575,144,multi-step-direct,-0.0532,0.671065,0.819185,0.58947,13.0041,114.4083,0.431,59.135
111,F_SIN,5,5,MLP,A_tiempo,575,144,multi-step-direct,-0.0202,0.650033,0.806247,0.59403,15.5267,0.0183,0.0307,0.968
111,F_SIN,5,5,ARIMA,A_tiempo,575,144,multi-step-direct,-0.0406,0.685102,0.827709,0.593136,18.9584,0.3055,0.9571,0.55
111,F_N,5,1,LinReg,A_tiempo,576,144,multi-step-direct,-1.6957,1.7667,1.329173,1.018624,19.5673,0.1033,1.0,0.54
111,F_N,5,1,DT,A_tiempo,576,144,multi-step-direct,-0.2915,0.846428,0.920015,0.642275,13.9945,0.0063,0.7102,10.088
111,F_N,5,1,RF,A_tiempo,576,144,multi-step-direct,0.2441,0.495414,0.703856,0.489271,14.813,0.1783,0.7228,3.252
111,F_N,5,1,SVR_rbf,A_tiempo,576,144,multi-step-direct,0.1493,0.557523,0.746675,0.518944,14.5099,20.4289,0.589,13.308
111,F_N,5,1,MLP,A_tiempo,576,144,multi-step-direct,0.0566,0.618312,0.786328,0.57268,13.7908,0.0072,0.5445,1.312
111,F_N,5,1,ARIMA,A_tiempo,576,144,multi-step-direct,-0.0817,0.895302,0.946204,0.679181,17.4533,1.4481,0.9649,0.521
111,F_N,5,3,LinReg,A_tiempo,576,144,multi-step-direct,-2.8659,2.455581,1.567029,1.213057,20.9957,0.1456,1.0,1.236
111,F_N,5,3,DT,A_tiempo,576,144,multi-step-direct,-0.0479,0.665637,0.815866,0.603745,9.9439,0.0078,0.4523,27.283
111,F_N,5,3,RF,A_tiempo,576,144,multi-step-direct,0.0902,0.577911,0.760205,0.550937,11.6272,0.1823,0.5091,11.8
111,F_N,5,3,SVR_rbf,A_tiempo,576,144,multi-step-direct,-0.0105,0.64183,0.801143,0.57253,10.3833,75.7534,0.4669,37.766
111,F_N,5,3,MLP,A_tiempo,576,144,multi-step-direct,-0.003,0.637078,0.798172,0.585936,11.7675,0.0131,0.1326,0.932
111,F_N,5,3,ARIMA,A_tiempo,576,144,multi-step-direct,-0.1167,0.91973,0.959026,0.744352,21.0676,0.5126,0.9649,0.554
111,F_N,5,5,LinReg,A_tiempo,575,144,multi-step-direct,-3.2071,2.678614,1.636647,1.276352,24.3687,0.2395,1.0,2.11
111,F_N,5,5,DT,A_tiempo,575,144,multi-step-direct,-0.2175,0.77517,0.880438,0.635013,13.533,0.0117,0.2985,47.801
111,F_N,5,5,RF,A_tiempo,575,144,multi-step-direct,0.0485,0.605835,0.778354,0.565952,14.6859,0.3211,0.3933,19.206
111,F_N,5,5,SVR_rbf,A_tiempo,575,144,multi-step-direct,-0.0532,0.670539,0.818865,0.58884,13.0451,115.0214,0.4308,61.681
111,F_N,5,5,MLP,A_tiempo,575,144,multi-step-direct,-0.0218,0.650598,0.806597,0.593977,15.4239,0.0181,0.0411,0.974
111,F_N,5,5,ARIMA,A_tiempo,575,144,multi-step-direct,-0.2245,0.805883,0.89771,0.730205,20.234,0.2995,0.9649,0.539
111,F_PB,5,1,LinReg,A_tiempo,576,144,multi-step-direct,-16.52,15.280369,3.909011,3.002301,68.0188,0.2462,1.0,0.584
111,F_PB,5,1,DT,A_tiempo,576,144,multi-step-direct,-0.1763,1.025967,1.0129,0.602147,13.421,0.0086,0.7528,9.339
111,F_PB,5,1,RF,A_tiempo,576,144,multi-step-direct,0.2808,0.627278,0.792009,0.497394,14.685,0.1755,0.7685,4.17
111,F_PB,5,1,SVR_rbf,A_tiempo,576,144,multi-step-direct,0.1367,0.752975,0.867741,0.549217,15.518,23.2069,0.5514,12.277
111,F_PB,5,1,MLP,A_tiempo,576,144,multi-step-direct,0.0724,0.809056,0.899475,0.610506,14.6869,0.0086,0.4353,4.789
111,F_PB,5,1,ARIMA,A_tiempo,576,144,multi-step-direct,-0.0015,1.568401,1.252358,0.731038,23.6473,3.4898,0.9776,1.256
111,F_PB,5,3,LinReg,A_tiempo,576,144,multi-step-direct,-24.8787,22.230573,4.714931,3.615012,87.2695,0.1471,1.0,1.229
111,F_PB,5,3,DT,A_tiempo,576,144,multi-step-direct,-0.5179,1.303882,1.141877,0.749655,12.2872,0.0102,0.6304,26.054
111,F_PB,5,3,RF,A_tiempo,576,144,multi-step-direct,0.0996,0.773488,0.879481,0.58866,11.7237,0.1715,0.6542,8.7
111,F_PB,5,3,SVR_rbf,A_tiempo,576,144,multi-step-direct,-0.0191,0.87542,0.935639,0.603987,11.9662,58.2296,0.44,39.178
111,F_PB,5,3,MLP,A_tiempo,576,144,multi-step-direct,-0.016,0.872793,0.934234,0.652046,12.6173,0.1604,0.224,2.555
111,F_PB,5,3,ARIMA,A_tiempo,576,144,multi-step-direct,-0.0005,1.557691,1.248075,0.754887,28.0368,2.9561,0.9776,3.193
111,F_PB,5,5,LinReg,A_tiempo,575,144,multi-step-direct,-25.7824,23.017217,4.797626,3.689908,89.3873,0.2456,1.0,2.062
111,F_PB,5,5,DT,A_tiempo,575,144,multi-step-direct,-0.5108,1.298392,1.13947,0.765491,11.6095,0.0128,0.5508,44.291
111,F_PB,5,5,RF,A_tiempo,575,144,multi-step-direct,0.0382,0.826577,0.909163,0.619885,14.5504,0.3495,0.5743,16.166
111,F_PB,5,5,SVR_rbf,A_tiempo,575,144,multi-step-direct,-0.0599,0.910897,0.954409,0.616418,14.2425,115.6332,0.3976,64.798
111,F_PB,5,5,MLP,A_tiempo,575,144,multi-step-direct,-0.0353,0.889713,0.943246,0.66172,14.3518,0.0181,0.1649,1.71
111,F_PB,5,5,ARIMA,A_tiempo,575,144,multi-step-direct,-0.001,1.23462,1.111135,0.688304,25.3365,1.1137,0.9776,2.005
111,F_MED,5,1,LinReg,A_tiempo,576,144,multi-step-direct,-0.7595,1.009653,1.004815,0.768941,14.8081,0.1802,1.0,1.537
111,F_MED,5,1,DT,A_tiempo,576,144,multi-step-direct,-0.1522,0.661162,0.813119,0.577667,11.8564,0.0062,0.766,6.236
111,F_MED,5,1,RF,A_tiempo,576,144,multi-step-direct,0.2921,0.406224,0.637357,0.472411,12.9985,0.173,0.7632,2.65
111,F_MED,5,1,SVR_rbf,A_tiempo,576,144,multi-step-direct,0.2271,0.44351,0.665966,0.487406,12.7387,20.0657,0.6196,13.407
111,F_MED,5,1,MLP,A_tiempo,576,144,multi-step-direct,0.1196,0.505211,0.710782,0.535758,12.8308,0.0072,0.6353,1.224
111,F_MED,5,1,ARIMA,A_tiempo,576,144,multi-step-direct,-0.0271,0.605096,0.777879,0.521459,14.7024,1.7241,0.9774,0.621
111,F_MED,5,3,LinReg,A_tiempo,576,144,multi-step-direct,-2.1101,1.715164,1.309643,1.016575,16.4915,0.147,1.0,1.251
111,F_MED,5,3,DT,A_tiempo,576,144,multi-step-direct,-0.046,0.57685,0.759506,0.583977,10.6189,0.0073,0.4924,16.101
111,F_MED,5,3,RF,A_tiempo,576,144,multi-step-direct,0.1227,0.483807,0.695562,0.534565,11.1689,0.2589,0.5734,9.79
111,F_MED,5,3,SVR_rbf,A_tiempo,576,144,multi-step-direct,0.0209,0.539986,0.734837,0.552854,10.1843,77.0282,0.4721,35.728
111,F_MED,5,3,MLP,A_tiempo,576,144,multi-step-direct,0.0037,0.549449,0.741248,0.572877,11.2245,0.0133,0.2008,0.942
111,F_MED,5,3,ARIMA,A_tiempo,576,144,multi-step-direct,-0.0803,0.548975,0.740928,0.571864,17.1164,0.5583,0.9774,0.603
111,F_MED,5,5,LinReg,A_tiempo,575,144,multi-step-direct,-2.3865,1.870353,1.367609,1.066018,17.1871,0.2453,1.0,2.136
111,F_MED,5,5,DT,A_tiempo,575,144,multi-step-direct,-0.262,0.696989,0.834859,0.617655,13.2977,0.0083,0.3992,27.151
111,F_MED,5,5,RF,A_tiempo,575,144,multi-step-direct,0.0729,0.512043,0.715572,0.548234,14.2144,0.2563,0.457,14.238
111,F_MED,5,5,SVR_rbf,A_tiempo,575,144,multi-step-direct,-0.0353,0.571804,0.756177,0.572867,12.9768,115.3117,0.4284,57.643
111,F_MED,5,5,MLP,A_tiempo,575,144,multi-step-direct,-0.0092,0.557381,0.746579,0.576094,14.5805,0.018,0.1721,1.333
111,F_MED,5,5,ARIMA,A_tiempo,575,144,multi-step-direct,-0.1895,0.481003,0.693544,0.569628,15.6993,0.3599,0.9774,0.648
111,F_N+PB,5,1,LinReg,A_tiempo,576,144,multi-step-direct,-20.6419,18.875247,4.344565,3.336494,80.1561,0.2045,1.0,0.509
111,F_N+PB,5,1,DT,A_tiempo,576,144,multi-step-direct,-0.163,1.014344,1.007147,0.60861,14.3758,0.007,0.7565,10.18
111,F_N+PB,5,1,RF,A_tiempo,576,144,multi-step-direct,0.2747,0.632611,0.795368,0.498518,14.7172,0.1748,0.7655,3.033
111,F_N+PB,5,1,SVR_rbf,A_tiempo,576,144,multi-step-direct,0.1367,0.752957,0.867731,0.549217,15.5143,26.9166,0.5515,13.602
111,F_N+PB,5,1,MLP,A_tiempo,576,144,multi-step-direct,0.0731,0.808376,0.899097,0.609915,14.6399,0.0073,0.4355,1.18
111,F_N+PB,5,1,ARIMA,A_tiempo,576,144,multi-step-direct,-0.0047,1.573508,1.254395,0.752617,23.7952,3.5376,0.9776,1.274
111,F_N+PB,5,3,LinReg,A_tiempo,576,144,multi-step-direct,-29.1455,25.895133,5.088726,3.922872,95.1106,0.1613,1.0,1.203
111,F_N+PB,5,3,DT,A_tiempo,576,144,multi-step-direct,-0.4869,1.27728,1.130168,0.740161,13.156,0.0081,0.6357,26.516
111,F_N+PB,5,3,RF,A_tiempo,576,144,multi-step-direct,0.0968,0.775868,0.880834,0.588313,11.3919,0.1778,0.6504,8.306
111,F_N+PB,5,3,SVR_rbf,A_tiempo,576,144,multi-step-direct,-0.0191,0.875395,0.935626,0.603982,11.9656,64.6564,0.4401,40.587
111,F_N+PB,5,3,MLP,A_tiempo,576,144,multi-step-direct,-0.0158,0.872601,0.934131,0.651852,12.6119,0.0208,0.2242,4.037
111,F_N+PB,5,3,ARIMA,A_tiempo,576,144,multi-step-direct,-0.0001,1.55704,1.247814,0.7746,28.0825,1.1787,0.9776,1.273
111,F_N+PB,5,5,LinReg,A_tiempo,575,144,multi-step-direct,-30.5174,27.086252,5.204445,4.021352,96.7391,0.2493,1.0,2.056
111,F_N+PB,5,5,DT,A_tiempo,575,144,multi-step-direct,-0.4885,1.279251,1.13104,0.757363,13.5466,0.0101,0.5473,43.95
111,F_N+PB,5,5,RF,A_tiempo,575,144,multi-step-direct,0.0424,0.822931,0.907156,0.617894,14.5152,0.273,0.5737,16.538
111,F_N+PB,5,5,SVR_rbf,A_tiempo,575,144,multi-step-direct,-0.0599,0.91089,0.954406,0.616423,14.2428,114.578,0.3976,64.357
111,F_N+PB,5,5,MLP,A_tiempo,575,144,multi-step-direct,-0.0351,0.889577,0.943174,0.661677,14.35,0.168,0.1649,2.02
111,F_N+PB,5,5,ARIMA,A_tiempo,575,144,multi-step-direct,-0.0,1.233476,1.110619,0.706263,25.3885,1.7672,0.9776,3.181
111,F_N+MED,5,1,LinReg,A_tiempo,576,144,multi-step-direct,-0.8757,1.076523,1.037556,0.786079,15.184,0.1012,1.0,0.574
111,F_N+MED,5,1,DT,A_tiempo,576,144,multi-step-direct,-0.0864,0.623523,0.789635,0.579859,12.3874,0.007,0.7363,8.467
111,F_N+MED,5,1,RF,A_tiempo,576,144,multi-step-direct,0.3053,0.398703,0.631429,0.469364,12.7518,0.1821,0.7587,5.425
111,F_N+MED,5,1,SVR_rbf,A_tiempo,576,144,multi-step-direct,0.2274,0.443408,0.665889,0.487329,12.6872,19.8053,0.6198,11.234
111,F_N+MED,5,1,MLP,A_tiempo,576,144,multi-step-direct,0.0686,0.534579,0.731149,0.550727,12.6556,0.0381,0.6303,2.421
111,F_N+MED,5,1,ARIMA,A_tiempo,576,144,multi-step-direct,-0.0552,0.612896,0.782877,0.542833,14.8242,1.9474,0.9787,0.701
111,F_N+MED,5,3,LinReg,A_tiempo,576,144,multi-step-direct,-2.2836,1.811712,1.345998,1.046194,16.9731,0.1482,1.0,1.899
111,F_N+MED,5,3,DT,A_tiempo,576,144,multi-step-direct,-0.0484,0.578475,0.760576,0.580221,10.4967,0.0093,0.483,26.959
111,F_N+MED,5,3,RF,A_tiempo,576,144,multi-step-direct,0.1158,0.487877,0.698482,0.535762,11.0392,0.2499,0.5716,11.55
111,F_N+MED,5,3,SVR_rbf,A_tiempo,576,144,multi-step-direct,0.0207,0.540332,0.735073,0.553151,10.1604,64.2341,0.4722,36.075
111,F_N+MED,5,3,MLP,A_tiempo,576,144,multi-step-direct,0.0038,0.549664,0.741393,0.573219,11.2271,0.0129,0.2106,0.97
111,F_N+MED,5,3,ARIMA,A_tiempo,576,144,multi-step-direct,-0.1219,0.573659,0.757403,0.599438,17.4135,0.2465,0.9787,0.266
111,F_N+MED,5,5,LinReg,A_tiempo,575,144,multi-step-direct,-2.5091,1.9391,1.392516,1.083335,16.8721,0.4183,1.0,4.725
111,F_N+MED,5,5,DT,A_tiempo,575,144,multi-step-direct,-0.1685,0.645732,0.803575,0.604959,13.5174,0.0092,0.3907,48.298
111,F_N+MED,5,5,RF,A_tiempo,575,144,multi-step-direct,0.0747,0.511341,0.715081,0.549898,14.524,0.3213,0.4616,19.371
111,F_N+MED,5,5,SVR_rbf,A_tiempo,575,144,multi-step-direct,-0.0353,0.572114,0.756382,0.57328,12.9878,115.3054,0.4285,61.11
111,F_N+MED,5,5,MLP,A_tiempo,575,144,multi-step-direct,-0.009,0.557566,0.746703,0.574739,14.545,0.0184,0.1685,1.082
111,F_N+MED,5,5,ARIMA,A_tiempo,575,144,multi-step-direct,-0.2588,0.510614,0.714572,0.596503,16.1755,0.3383,0.9787,0.609
111,F_N+PB+MED,5,1,LinReg,A_tiempo,576,144,multi-step-direct,-0.8387,1.578761,1.256488,0.958646,17.1957,0.2977,1.0,2.131
111,F_N+PB+MED,5,1,DT,A_tiempo,576,144,multi-step-direct,0.0055,0.853927,0.924082,0.617255,12.0593,0.0069,0.7775,8.52
111,F_N+PB+MED,5,1,RF,A_tiempo,576,144,multi-step-direct,0.3801,0.532294,0.729585,0.510019,12.417,0.1736,0.8009,3.884
111,F_N+PB+MED,5,1,SVR_rbf,A_tiempo,576,144,multi-step-direct,0.223,0.667142,0.816788,0.570389,12.9465,20.215,0.6806,12.685
111,F_N+PB+MED,5,1,MLP,A_tiempo,576,144,multi-step-direct,0.1629,0.718744,0.847788,0.618486,12.9158,0.0078,0.5507,1.22
111,F_N+PB+MED,5,1,ARIMA,A_tiempo,576,144,multi-step-direct,-0.0481,1.695766,1.302216,0.889661,24.7029,0.7837,0.9777,0.282
111,F_N+PB+MED,5,3,LinReg,A_tiempo,576,144,multi-step-direct,-1.595,2.199846,1.483188,1.146725,19.3275,0.3096,1.0,3.867
111,F_N+PB+MED,5,3,DT,A_tiempo,576,144,multi-step-direct,-0.4244,1.207508,1.098867,0.770485,10.7835,0.011,0.6673,25.324
111,F_N+PB+MED,5,3,RF,A_tiempo,576,144,multi-step-direct,0.1448,0.724991,0.851464,0.626042,11.5103,0.1859,0.6873,11.008
111,F_N+PB+MED,5,3,SVR_rbf,A_tiempo,576,144,multi-step-direct,0.0128,0.836887,0.914815,0.646045,11.8618,77.9267,0.5438,37.423
111,F_N+PB+MED,5,3,MLP,A_tiempo,576,144,multi-step-direct,0.0007,0.847115,0.920388,0.690613,12.0076,0.0139,0.3336,1.506
111,F_N+PB+MED,5,3,ARIMA,A_tiempo,576,144,multi-step-direct,-0.0284,1.430382,1.195986,0.872166,27.7265,0.2786,0.9777,0.301
111,F_N+PB+MED,5,5,LinReg,A_tiempo,575,144,multi-step-direct,-1.8243,2.386177,1.544726,1.200178,18.4636,0.2712,1.0,2.236
111,F_N+PB+MED,5,5,DT,A_tiempo,575,144,multi-step-direct,-0.3826,1.16808,1.080777,0.76617,12.6704,0.0103,0.5955,43.859
111,F_N+PB+MED,5,5,RF,A_tiempo,575,144,multi-step-direct,0.0735,0.782771,0.884743,0.660596,14.929,0.2491,0.6356,16.543
111,F_N+PB+MED,5,5,SVR_rbf,A_tiempo,575,144,multi-step-direct,-0.0467,0.884344,0.940396,0.665751,14.6651,115.9949,0.4928,63.071
111,F_N+PB+MED,5,5,MLP,A_tiempo,575,144,multi-step-direct,-0.0447,0.882655,0.939497,0.711604,14.4496,0.0186,0.2711,5.786
111,F_N+PB+MED,5,5,ARIMA,A_tiempo,575,144,multi-step-direct,-0.0263,1.119477,1.058053,0.796304,23.6517,0.2493,0.9777,0.449
112,F_SIN,5,1,LinReg,A_tiempo,576,144,multi-step-direct,-1.1368,1.322289,1.149908,0.86097,17.1578,0.1068,1.0,0.526
112,F_SIN,5,1,DT,A_tiempo,576,144,multi-step-direct,0.1654,0.516474,0.718661,0.412947,11.4841,0.0072,0.7778,5.967
112,F_SIN,5,1,RF,A_tiempo,576,144,multi-step-direct,0.4385,0.347438,0.589439,0.320239,11.4922,0.2666,0.7969,3.787
112,F_SIN,5,1,SVR_rbf,A_tiempo,576,144,multi-step-direct,0.3437,0.406097,0.637257,0.32127,11.4916,19.7455,0.6298,12.382
112,F_SIN,5,1,MLP,A_tiempo,576,144,multi-step-direct,0.3359,0.410965,0.641066,0.386852,11.8866,0.0227,0.6116,1.975
112,F_SIN,5,1,ARIMA,A_tiempo,576,144,multi-step-direct,-0.3193,0.656383,0.810175,0.598993,15.2902,2.6647,0.9379,0.959
112,F_SIN,5,3,LinReg,A_tiempo,576,144,multi-step-direct,-2.145,1.934561,1.390885,1.062663,19.159,0.1451,1.0,2.074
112,F_SIN,5,3,DT,A_tiempo,576,144,multi-step-direct,-0.2031,0.740082,0.86028,0.507242,10.066,0.0086,0.6402,18.379
112,F_SIN,5,3,RF,A_tiempo,576,144,multi-step-direct,0.3192,0.418772,0.647126,0.377608,9.6847,0.2413,0.6867,7.124
112,F_SIN,5,3,SVR_rbf,A_tiempo,576,144,multi-step-direct,0.2642,0.452591,0.672749,0.372226,9.5968,81.7871,0.53,40.753
112,F_SIN,5,3,MLP,A_tiempo,576,144,multi-step-direct,0.1997,0.49228,0.701627,0.443846,10.2325,0.0141,0.4756,2.919
112,F_SIN,5,3,ARIMA,A_tiempo,576,144,multi-step-direct,-0.4701,0.907359,0.952554,0.707444,22.0056,0.3518,0.9379,0.38
112,F_SIN,5,5,LinReg,A_tiempo,575,144,multi-step-direct,-2.7363,2.28783,1.512557,1.16254,21.2237,0.3282,1.0,2.443
112,F_SIN,5,5,DT,A_tiempo,575,144,multi-step-direct,-0.0083,0.617408,0.785753,0.492972,13.5523,0.01,0.5947,31.775
112,F_SIN,5,5,RF,A_tiempo,575,144,multi-step-direct,0.2602,0.452984,0.673041,0.405959,14.4903,0.255,0.613,14.132
112,F_SIN,5,5,SVR_rbf,A_tiempo,575,144,multi-step-direct,0.2102,0.483585,0.695402,0.403752,14.2903,115.4136,0.4793,62.666
112,F_SIN,5,5,MLP,A_tiempo,575,144,multi-step-direct,0.1457,0.523098,0.723255,0.464336,14.6455,0.0271,0.3307,5.254
112,F_SIN,5,5,ARIMA,A_tiempo,575,144,multi-step-direct,-0.6268,1.03274,1.016238,0.768277,23.8903,0.2972,0.9379,0.535
112,F_N,5,1,LinReg,A_tiempo,576,144,multi-step-direct,-1.1576,1.334962,1.155406,0.866174,17.2797,0.1023,1.0,0.545
112,F_N,5,1,DT,A_tiempo,576,144,multi-step-direct,0.1531,0.524022,0.723894,0.424061,11.0798,0.0088,0.7871,9.888
112,F_N,5,1,RF,A_tiempo,576,144,multi-step-direct,0.4289,0.353383,0.594461,0.32463,11.5668,0.173,0.7989,5.1
112,F_N,5,1,SVR_rbf,A_tiempo,576,144,multi-step-direct,0.3437,0.406056,0.637225,0.321231,11.4838,21.026,0.6297,12.27
112,F_N,5,1,MLP,A_tiempo,576,144,multi-step-direct,0.3375,0.409921,0.640251,0.385943,11.8571,0.0077,0.6119,6.18
112,F_N,5,1,ARIMA,A_tiempo,576,144,multi-step-direct,-0.4242,0.708496,0.841722,0.612699,15.4306,0.9848,0.9386,0.355
112,F_N,5,3,LinReg,A_tiempo,576,144,multi-step-direct,-2.1717,1.950774,1.396701,1.066577,19.2684,0.1576,1.0,1.296
112,F_N,5,3,DT,A_tiempo,576,144,multi-step-direct,0.0245,0.600008,0.774602,0.473556,10.1379,0.011,0.6373,26.876
112,F_N,5,3,RF,A_tiempo,576,144,multi-step-direct,0.3277,0.413525,0.643059,0.372577,9.8707,0.2531,0.6878,8.901
112,F_N,5,3,SVR_rbf,A_tiempo,576,144,multi-step-direct,0.2642,0.452541,0.672712,0.372181,9.6099,62.3429,0.53,39.401
112,F_N,5,3,MLP,A_tiempo,576,144,multi-step-direct,0.198,0.493277,0.702337,0.445249,10.1572,0.0145,0.5207,6.553
112,F_N,5,3,ARIMA,A_tiempo,576,144,multi-step-direct,-0.5823,0.976496,0.988178,0.735717,22.5276,0.3434,0.9386,0.371
112,F_N,5,5,LinReg,A_tiempo,575,144,multi-step-direct,-2.7519,2.297094,1.515617,1.165007,21.3485,0.2484,1.0,2.137
112,F_N,5,5,DT,A_tiempo,575,144,multi-step-direct,0.0464,0.583847,0.764099,0.483205,13.0615,0.0088,0.5816,45.516
112,F_N,5,5,RF,A_tiempo,575,144,multi-step-direct,0.2563,0.455307,0.674764,0.407127,14.3934,0.2537,0.6132,17.657
112,F_N,5,5,SVR_rbf,A_tiempo,575,144,multi-step-direct,0.2102,0.483547,0.695376,0.403717,14.2849,120.8197,0.4793,64.088
112,F_N,5,5,MLP,A_tiempo,575,144,multi-step-direct,0.142,0.525291,0.72477,0.465532,14.7167,0.0202,0.3213,4.011
112,F_N,5,5,ARIMA,A_tiempo,575,144,multi-step-direct,-0.7536,1.113049,1.055011,0.802749,24.5777,0.2096,0.9386,0.377
112,F_PB,5,1,LinReg,A_tiempo,576,144,multi-step-direct,-12.8282,12.286342,3.505188,2.737015,61.7878,0.0928,1.0,0.535
112,F_PB,5,1,DT,A_tiempo,576,144,multi-step-direct,0.1827,0.726136,0.852136,0.379617,13.7772,0.008,0.9107,9.151
112,F_PB,5,1,RF,A_tiempo,576,144,multi-step-direct,0.4786,0.463235,0.680614,0.325941,13.0983,0.1756,0.8555,4.412
112,F_PB,5,1,SVR_rbf,A_tiempo,576,144,multi-step-direct,0.3493,0.578128,0.760347,0.334403,14.2206,23.1877,0.5474,12.904
112,F_PB,5,1,MLP,A_tiempo,576,144,multi-step-direct,0.3412,0.585303,0.765051,0.428656,14.3915,0.0076,0.5195,5.124
112,F_PB,5,1,ARIMA,A_tiempo,576,144,multi-step-direct,-0.0757,0.842765,0.918022,0.701111,17.1954,4.1765,0.961,1.504
112,F_PB,5,3,LinReg,A_tiempo,576,144,multi-step-direct,-15.5603,14.679739,3.831415,3.010365,67.8799,0.1515,1.0,1.246
112,F_PB,5,3,DT,A_tiempo,576,144,multi-step-direct,0.0034,0.883461,0.939926,0.468207,12.2694,0.0099,0.8091,26.517
112,F_PB,5,3,RF,A_tiempo,576,144,multi-step-direct,0.3824,0.547482,0.73992,0.382096,11.124,0.1794,0.7714,7.719
112,F_PB,5,3,SVR_rbf,A_tiempo,576,144,multi-step-direct,0.2961,0.624005,0.78994,0.377507,11.2756,58.2125,0.4825,40.886
112,F_PB,5,3,MLP,A_tiempo,576,144,multi-step-direct,0.2626,0.653648,0.808485,0.469996,11.7225,0.0258,0.4175,5.282
112,F_PB,5,3,ARIMA,A_tiempo,576,144,multi-step-direct,-0.1042,1.045761,1.022624,0.774499,23.6691,2.0334,0.961,2.196
112,F_PB,5,5,LinReg,A_tiempo,575,144,multi-step-direct,-18.2596,17.053554,4.129595,3.243898,70.6074,0.271,1.0,2.057
112,F_PB,5,5,DT,A_tiempo,575,144,multi-step-direct,-0.1035,0.977116,0.988492,0.530856,14.5866,0.0095,0.7539,43.529
112,F_PB,5,5,RF,A_tiempo,575,144,multi-step-direct,0.3208,0.601393,0.775495,0.418055,16.5284,0.3873,0.7287,15.164
112,F_PB,5,5,SVR_rbf,A_tiempo,575,144,multi-step-direct,0.2503,0.66384,0.814764,0.41399,17.2685,119.8712,0.4446,64.241
112,F_PB,5,5,MLP,A_tiempo,575,144,multi-step-direct,0.2296,0.682186,0.825946,0.488964,17.2127,0.1839,0.3533,3.054
112,F_PB,5,5,ARIMA,A_tiempo,575,144,multi-step-direct,-0.1302,1.085089,1.041676,0.792905,24.7036,2.2722,0.961,4.09
112,F_MED,5,1,LinReg,A_tiempo,576,144,multi-step-direct,0.344,0.279099,0.528298,0.394796,9.6969,0.1431,1.0,0.542
112,F_MED,5,1,DT,A_tiempo,576,144,multi-step-direct,0.6557,0.146508,0.382764,0.26844,6.5963,0.0073,0.9422,5.832
112,F_MED,5,1,RF,A_tiempo,576,144,multi-step-direct,0.8453,0.065823,0.256559,0.191631,4.9999,0.1795,0.9087,2.461
112,F_MED,5,1,SVR_rbf,A_tiempo,576,144,multi-step-direct,0.8443,0.066263,0.257417,0.19197,5.1542,19.6662,0.8074,13.91
112,F_MED,5,1,MLP,A_tiempo,576,144,multi-step-direct,0.7701,0.097836,0.312787,0.2451,5.9793,0.0087,0.888,1.404
112,F_MED,5,1,ARIMA,A_tiempo,576,144,multi-step-direct,-0.837,0.669916,0.818484,0.643213,15.0684,2.3695,0.9874,0.853
112,F_MED,5,3,LinReg,A_tiempo,576,144,multi-step-direct,-0.839,0.774632,0.880132,0.662826,14.3721,0.3625,1.0,2.623
112,F_MED,5,3,DT,A_tiempo,576,144,multi-step-direct,0.3801,0.261096,0.510975,0.375698,8.7676,0.0102,0.8472,18.367
112,F_MED,5,3,RF,A_tiempo,576,144,multi-step-direct,0.6805,0.134559,0.366823,0.278013,6.8594,0.3414,0.7971,6.64
112,F_MED,5,3,SVR_rbf,A_tiempo,576,144,multi-step-direct,0.7104,0.121998,0.349282,0.262185,6.6272,63.2195,0.6335,36.57
112,F_MED,5,3,MLP,A_tiempo,576,144,multi-step-direct,0.6134,0.162825,0.403515,0.313782,7.8357,0.1498,0.7879,4.308
112,F_MED,5,3,ARIMA,A_tiempo,576,144,multi-step-direct,-1.3908,0.908611,0.953211,0.777921,20.8092,2.0194,0.9874,2.181
112,F_MED,5,5,LinReg,A_tiempo,575,144,multi-step-direct,-1.1814,0.913922,0.955993,0.729597,14.9753,0.2438,1.0,2.152
112,F_MED,5,5,DT,A_tiempo,575,144,multi-step-direct,0.1337,0.362937,0.602442,0.425121,8.6299,0.01,0.7799,30.628
112,F_MED,5,5,RF,A_tiempo,575,144,multi-step-direct,0.5819,0.175182,0.418547,0.322221,7.6807,0.4026,0.7321,12.978
112,F_MED,5,5,SVR_rbf,A_tiempo,575,144,multi-step-direct,0.6,0.167579,0.409364,0.307561,7.4437,115.3407,0.5416,58.265
112,F_MED,5,5,MLP,A_tiempo,575,144,multi-step-direct,0.4566,0.227655,0.477132,0.374229,8.2488,0.018,0.4862,1.744
112,F_MED,5,5,ARIMA,A_tiempo,575,144,multi-step-direct,-1.8023,1.091092,1.044554,0.868491,23.0471,0.4277,0.9874,0.77
112,F_N+PB,5,1,LinReg,A_tiempo,576,144,multi-step-direct,-16.5572,15.599596,3.949632,3.079438,71.2612,0.1037,1.0,0.682
112,F_N+PB,5,1,DT,A_tiempo,576,144,multi-step-direct,0.185,0.724126,0.850956,0.380058,12.7973,0.0056,0.9107,10.099
112,F_N+PB,5,1,RF,A_tiempo,576,144,multi-step-direct,0.482,0.460239,0.678409,0.32549,12.9593,0.1702,0.8534,2.836
112,F_N+PB,5,1,SVR_rbf,A_tiempo,576,144,multi-step-direct,0.3494,0.578097,0.760327,0.334396,14.2197,30.2718,0.5475,13.875
112,F_N+PB,5,1,MLP,A_tiempo,576,144,multi-step-direct,0.3406,0.585901,0.765442,0.429001,14.3615,0.0075,0.5219,1.352
112,F_N+PB,5,1,ARIMA,A_tiempo,576,144,multi-step-direct,-0.0797,0.84591,0.919733,0.702031,17.2335,4.0412,0.961,1.455
112,F_N+PB,5,3,LinReg,A_tiempo,576,144,multi-step-direct,-20.3683,18.94173,4.35221,3.415786,79.2512,0.1576,1.0,1.301
112,F_N+PB,5,3,DT,A_tiempo,576,144,multi-step-direct,0.0024,0.884343,0.940395,0.464246,12.4321,0.0077,0.8091,26.465
112,F_N+PB,5,3,RF,A_tiempo,576,144,multi-step-direct,0.3911,0.539794,0.734707,0.37806,11.0567,0.2445,0.7717,7.791
112,F_N+PB,5,3,SVR_rbf,A_tiempo,576,144,multi-step-direct,0.2961,0.623982,0.789926,0.377506,11.2752,60.4854,0.4826,41.63
112,F_N+PB,5,3,MLP,A_tiempo,576,144,multi-step-direct,0.2628,0.6535,0.808393,0.469908,11.7091,0.0205,0.4174,5.887
112,F_N+PB,5,3,ARIMA,A_tiempo,576,144,multi-step-direct,-0.1079,1.049231,1.02432,0.775631,23.7064,1.3655,0.961,1.475
112,F_N+PB,5,5,LinReg,A_tiempo,575,144,multi-step-direct,-24.0307,22.163593,4.707823,3.691678,81.2249,0.2534,1.0,2.057
112,F_N+PB,5,5,DT,A_tiempo,575,144,multi-step-direct,-0.1331,1.003341,1.001669,0.534841,15.1835,0.0114,0.7532,44.42
112,F_N+PB,5,5,RF,A_tiempo,575,144,multi-step-direct,0.3245,0.598164,0.773411,0.417327,16.4357,0.3214,0.7281,15.621
112,F_N+PB,5,5,SVR_rbf,A_tiempo,575,144,multi-step-direct,0.2503,0.66382,0.814752,0.413989,17.2686,115.5785,0.4446,67.077
112,F_N+PB,5,5,MLP,A_tiempo,575,144,multi-step-direct,0.2294,0.682289,0.826008,0.488967,17.2105,0.0196,0.3534,6.81
112,F_N+PB,5,5,ARIMA,A_tiempo,575,144,multi-step-direct,-0.1343,1.088946,1.043526,0.794269,24.748,1.1228,0.961,2.021
112,F_N+MED,5,1,LinReg,A_tiempo,576,144,multi-step-direct,0.3303,0.285072,0.533921,0.398722,9.8865,0.2251,1.0,0.738
112,F_N+MED,5,1,DT,A_tiempo,576,144,multi-step-direct,0.6693,0.14077,0.375193,0.272419,6.6513,0.0078,0.942,10.167
112,F_N+MED,5,1,RF,A_tiempo,576,144,multi-step-direct,0.8376,0.069125,0.262916,0.194961,5.1072,0.1748,0.9071,3.39
112,F_N+MED,5,1,SVR_rbf,A_tiempo,576,144,multi-step-direct,0.845,0.065969,0.256844,0.191578,5.1596,32.4023,0.8076,13.741
112,F_N+MED,5,1,MLP,A_tiempo,576,144,multi-step-direct,0.7586,0.102777,0.320588,0.252121,6.129,0.0075,0.8542,1.857
112,F_N+MED,5,1,ARIMA,A_tiempo,576,144,multi-step-direct,-0.6782,0.612535,0.782646,0.632262,14.8192,2.0505,0.9878,0.738
112,F_N+MED,5,3,LinReg,A_tiempo,576,144,multi-step-direct,-0.9245,0.811085,0.900603,0.677647,14.7179,0.1459,1.0,1.282
112,F_N+MED,5,3,DT,A_tiempo,576,144,multi-step-direct,0.357,0.270991,0.520568,0.372294,7.9278,0.0127,0.8324,26.963
112,F_N+MED,5,3,RF,A_tiempo,576,144,multi-step-direct,0.675,0.136964,0.370086,0.279338,6.8384,0.2476,0.7977,8.824
112,F_N+MED,5,3,SVR_rbf,A_tiempo,576,144,multi-step-direct,0.7112,0.12173,0.348899,0.261913,6.6345,59.4501,0.6335,36.99
112,F_N+MED,5,3,MLP,A_tiempo,576,144,multi-step-direct,0.6098,0.164456,0.405532,0.3146,7.7662,0.0381,0.7923,6.3
112,F_N+MED,5,3,ARIMA,A_tiempo,576,144,multi-step-direct,-1.1863,0.831451,0.91184,0.748001,20.1568,1.157,0.9878,1.25
112,F_N+MED,5,5,LinReg,A_tiempo,575,144,multi-step-direct,-1.2319,0.93557,0.967249,0.738562,15.2766,0.2461,1.0,2.204
112,F_N+MED,5,5,DT,A_tiempo,575,144,multi-step-direct,0.1437,0.358948,0.599122,0.42206,8.137,0.0147,0.7729,44.326
112,F_N+MED,5,5,RF,A_tiempo,575,144,multi-step-direct,0.5641,0.18272,0.427458,0.327789,7.7949,0.2517,0.7427,17.222
112,F_N+MED,5,5,SVR_rbf,A_tiempo,575,144,multi-step-direct,0.6009,0.167313,0.409039,0.30734,7.4309,115.8297,0.5416,57.683
112,F_N+MED,5,5,MLP,A_tiempo,575,144,multi-step-direct,0.4766,0.219417,0.46842,0.366651,8.1967,0.0184,0.5194,1.859
112,F_N+MED,5,5,ARIMA,A_tiempo,575,144,multi-step-direct,-1.5715,1.001605,1.000802,0.829936,22.2345,0.4266,0.9878,0.768
112,F_N+PB+MED,5,1,LinReg,A_tiempo,576,144,multi-step-direct,0.7225,0.238491,0.488356,0.373015,9.8142,0.1107,1.0,0.52
112,F_N+PB+MED,5,1,DT,A_tiempo,576,144,multi-step-direct,0.8527,0.126608,0.355821,0.218254,6.2248,0.0079,0.9757,9.962
112,F_N+PB+MED,5,1,RF,A_tiempo,576,144,multi-step-direct,0.9225,0.066635,0.258138,0.178262,4.9602,0.1803,0.9656,2.907
112,F_N+PB+MED,5,1,SVR_rbf,A_tiempo,576,144,multi-step-direct,0.8925,0.092347,0.303886,0.199867,5.6641,21.8481,0.9207,13.247
112,F_N+PB+MED,5,1,MLP,A_tiempo,576,144,multi-step-direct,0.8974,0.088173,0.296939,0.216044,5.6353,0.036,0.9278,2.316
112,F_N+PB+MED,5,1,ARIMA,A_tiempo,576,144,multi-step-direct,-1.0471,1.860858,1.364133,1.066604,25.8826,3.6977,0.9871,1.331
112,F_N+PB+MED,5,3,LinReg,A_tiempo,576,144,multi-step-direct,0.4364,0.484915,0.696358,0.524022,13.0414,0.1494,1.0,1.315
112,F_N+PB+MED,5,3,DT,A_tiempo,576,144,multi-step-direct,0.6752,0.279467,0.528647,0.320439,8.5192,0.0089,0.9573,26.566
112,F_N+PB+MED,5,3,RF,A_tiempo,576,144,multi-step-direct,0.8447,0.1336,0.365513,0.249473,6.633,0.1794,0.9412,8.839
112,F_N+PB+MED,5,3,SVR_rbf,A_tiempo,576,144,multi-step-direct,0.8038,0.168799,0.410851,0.271148,7.3498,63.117,0.8525,36.631
112,F_N+PB+MED,5,3,MLP,A_tiempo,576,144,multi-step-direct,0.8257,0.149956,0.387241,0.28228,7.4075,0.0126,0.8774,7.161
112,F_N+PB+MED,5,3,ARIMA,A_tiempo,576,144,multi-step-direct,-1.2226,2.012593,1.418659,1.141021,31.1451,0.5474,0.9871,0.591
112,F_N+PB+MED,5,5,LinReg,A_tiempo,575,144,multi-step-direct,0.1811,0.704821,0.839536,0.632311,13.4388,0.2468,1.0,2.169
112,F_N+PB+MED,5,5,DT,A_tiempo,575,144,multi-step-direct,0.4188,0.500254,0.707286,0.446815,9.7167,0.0179,0.9405,46.035
112,F_N+PB+MED,5,5,RF,A_tiempo,575,144,multi-step-direct,0.7611,0.205638,0.453474,0.315649,8.9447,0.3302,0.9123,15.956
112,F_N+PB+MED,5,5,SVR_rbf,A_tiempo,575,144,multi-step-direct,0.7159,0.244519,0.494489,0.329501,8.8205,115.8523,0.7812,76.752
112,F_N+PB+MED,5,5,MLP,A_tiempo,575,144,multi-step-direct,0.754,0.211775,0.46019,0.338651,9.2324,0.0189,0.8064,3.978
112,F_N+PB+MED,5,5,ARIMA,A_tiempo,575,144,multi-step-direct,-1.3468,2.099935,1.449115,1.186089,32.2014,0.5275,0.9871,0.949
113,F_SIN,5,1,LinReg,A_tiempo,576,144,multi-step-direct,-3.2133,4.017198,2.004295,1.552032,29.154,0.1911,1.0,0.583
113,F_SIN,5,1,DT,A_tiempo,576,144,multi-step-direct,-0.1694,1.114976,1.055924,0.610402,10.8357,0.007,0.688,8.608
113,F_SIN,5,1,RF,A_tiempo,576,144,multi-step-direct,0.1826,0.779347,0.882806,0.520507,12.9321,0.1966,0.6923,2.664
113,F_SIN,5,1,SVR_rbf,A_tiempo,576,144,multi-step-direct,0.1428,0.817263,0.904026,0.502708,13.0347,22.8643,0.4847,14.051
113,F_SIN,5,1,MLP,A_tiempo,576,144,multi-step-direct,0.105,0.853333,0.92376,0.589798,13.1142,0.0077,0.351,1.138
113,F_SIN,5,1,ARIMA,A_tiempo,576,144,multi-step-direct,-0.0149,0.729272,0.853974,0.522141,15.9126,1.4431,0.8997,0.52
113,F_SIN,5,3,LinReg,A_tiempo,576,144,multi-step-direct,-4.0555,4.730733,2.175025,1.695403,36.5211,0.1471,1.0,1.371
113,F_SIN,5,3,DT,A_tiempo,576,144,multi-step-direct,-0.2549,1.174302,1.083652,0.679241,16.2166,0.0097,0.5329,19.903
113,F_SIN,5,3,RF,A_tiempo,576,144,multi-step-direct,0.0815,0.859517,0.927101,0.588855,19.6194,0.2538,0.5516,9.161
113,F_SIN,5,3,SVR_rbf,A_tiempo,576,144,multi-step-direct,0.0207,0.916404,0.95729,0.561885,19.2406,61.0839,0.4172,39.117
113,F_SIN,5,3,MLP,A_tiempo,576,144,multi-step-direct,0.0205,0.916557,0.95737,0.621555,19.6358,0.0128,0.1995,1.171
113,F_SIN,5,3,ARIMA,A_tiempo,576,144,multi-step-direct,-0.0021,0.804866,0.897143,0.580315,20.2921,0.4662,0.8997,0.504
113,F_SIN,5,5,LinReg,A_tiempo,575,144,multi-step-direct,-4.2768,4.947068,2.224201,1.740419,33.994,0.237,1.0,5.295
113,F_SIN,5,5,DT,A_tiempo,575,144,multi-step-direct,-0.3178,1.235447,1.111507,0.721944,14.1552,0.0088,0.4873,30.784
113,F_SIN,5,5,RF,A_tiempo,575,144,multi-step-direct,0.035,0.904675,0.951144,0.617037,17.9005,0.243,0.478,12.669
113,F_SIN,5,5,SVR_rbf,A_tiempo,575,144,multi-step-direct,-0.0396,0.974611,0.987224,0.587747,17.4922,110.4251,0.391,61.682
113,F_SIN,5,5,MLP,A_tiempo,575,144,multi-step-direct,-0.0202,0.956486,0.978001,0.642897,17.8294,0.0176,0.1578,1.374
113,F_SIN,5,5,ARIMA,A_tiempo,575,144,multi-step-direct,-0.0017,0.813121,0.901732,0.603039,20.192,0.29,0.8997,0.522
113,F_N,5,1,LinReg,A_tiempo,576,144,multi-step-direct,-3.329,4.127264,2.031567,1.572552,29.6382,0.108,1.0,0.481
113,F_N,5,1,DT,A_tiempo,576,144,multi-step-direct,-0.1512,1.097596,1.047662,0.591367,10.8519,0.0052,0.6857,9.766
113,F_N,5,1,RF,A_tiempo,576,144,multi-step-direct,0.1967,0.765836,0.875121,0.517876,12.7537,0.1668,0.6912,2.972
113,F_N,5,1,SVR_rbf,A_tiempo,576,144,multi-step-direct,0.1431,0.817015,0.903889,0.502203,12.9693,26.8101,0.4848,13.271
113,F_N,5,1,MLP,A_tiempo,576,144,multi-step-direct,0.0982,0.859763,0.927234,0.589388,13.0249,0.0073,0.3492,0.964
113,F_N,5,1,ARIMA,A_tiempo,576,144,multi-step-direct,0.0002,0.717445,0.847021,0.557696,15.9894,1.3195,0.9033,0.475
113,F_N,5,3,LinReg,A_tiempo,576,144,multi-step-direct,-4.1241,4.79439,2.18961,1.708267,35.6605,0.1435,1.0,0.997
113,F_N,5,3,DT,A_tiempo,576,144,multi-step-direct,-0.3225,1.237425,1.112396,0.704034,15.935,0.0095,0.5402,25.334
113,F_N,5,3,RF,A_tiempo,576,144,multi-step-direct,0.0786,0.862133,0.928511,0.588353,19.5758,0.1723,0.5528,8.44
113,F_N,5,3,SVR_rbf,A_tiempo,576,144,multi-step-direct,0.0208,0.916154,0.957159,0.56157,19.2338,56.7085,0.4172,38.074
113,F_N,5,3,MLP,A_tiempo,576,144,multi-step-direct,0.0127,0.923782,0.961136,0.627746,19.6638,0.0123,0.202,1.163
113,F_N,5,3,ARIMA,A_tiempo,576,144,multi-step-direct,-0.0038,0.805668,0.89759,0.625553,20.3844,0.7048,0.9033,0.761
113,F_N,5,5,LinReg,A_tiempo,575,144,multi-step-direct,-4.3603,5.024869,2.241622,1.756122,34.0047,0.4082,1.0,3.479
113,F_N,5,5,DT,A_tiempo,575,144,multi-step-direct,-0.278,1.198057,1.094558,0.712814,14.582,0.0083,0.4643,39.179
113,F_N,5,5,RF,A_tiempo,575,144,multi-step-direct,0.03,0.909325,0.953585,0.618218,17.9318,0.2386,0.4761,16.372
113,F_N,5,5,SVR_rbf,A_tiempo,575,144,multi-step-direct,-0.0394,0.974356,0.987095,0.587438,17.5597,108.2841,0.3909,62.305
113,F_N,5,5,MLP,A_tiempo,575,144,multi-step-direct,-0.0198,0.955973,0.977739,0.642515,17.8828,0.0178,0.158,2.492
113,F_N,5,5,ARIMA,A_tiempo,575,144,multi-step-direct,-0.0046,0.814973,0.902758,0.648042,20.2734,0.4833,0.9033,0.87
113,F_PB,5,1,LinReg,A_tiempo,576,144,multi-step-direct,-15.7584,17.449853,4.177302,3.26915,78.8356,0.1168,1.0,0.476
113,F_PB,5,1,DT,A_tiempo,576,144,multi-step-direct,-0.0944,1.139596,1.067519,0.524597,11.1336,0.0073,0.7337,8.382
113,F_PB,5,1,RF,A_tiempo,576,144,multi-step-direct,0.2654,0.764867,0.874567,0.469419,12.7388,0.1745,0.7455,4.652
113,F_PB,5,1,SVR_rbf,A_tiempo,576,144,multi-step-direct,0.1202,0.916113,0.957138,0.496317,13.5875,18.5935,0.4081,11.437
113,F_PB,5,1,MLP,A_tiempo,576,144,multi-step-direct,0.1094,0.927297,0.962962,0.581965,13.4342,0.0069,0.2953,1.206
113,F_PB,5,1,ARIMA,A_tiempo,576,144,multi-step-direct,-0.08,0.911743,0.954852,0.73456,17.4787,14.5058,0.9425,5.222
113,F_PB,5,3,LinReg,A_tiempo,576,144,multi-step-direct,-18.4776,20.087038,4.481857,3.509094,92.8244,0.1412,1.0,0.983
113,F_PB,5,3,DT,A_tiempo,576,144,multi-step-direct,-0.2742,1.314078,1.146333,0.657061,15.0782,0.0098,0.5964,23.377
113,F_PB,5,3,RF,A_tiempo,576,144,multi-step-direct,0.1073,0.920613,0.959486,0.576131,19.9394,0.1713,0.606,10.188
113,F_PB,5,3,SVR_rbf,A_tiempo,576,144,multi-step-direct,0.0102,1.020762,1.010328,0.548792,20.5673,70.7345,0.3358,37.199
113,F_PB,5,3,MLP,A_tiempo,576,144,multi-step-direct,0.0233,1.007231,1.003609,0.640872,20.2172,0.0115,0.1934,1.055
113,F_PB,5,3,ARIMA,A_tiempo,576,144,multi-step-direct,-0.0709,1.002381,1.00119,0.781079,22.2741,2.232,0.9425,2.411
113,F_PB,5,5,LinReg,A_tiempo,575,144,multi-step-direct,-19.8043,21.562488,4.643543,3.638472,80.3201,0.4439,1.0,2.536
113,F_PB,5,5,DT,A_tiempo,575,144,multi-step-direct,-0.3392,1.387972,1.178122,0.702511,14.0213,0.0088,0.5283,39.963
113,F_PB,5,5,RF,A_tiempo,575,144,multi-step-direct,0.0511,0.983501,0.991716,0.620076,18.3037,0.243,0.5196,15.901
113,F_PB,5,5,SVR_rbf,A_tiempo,575,144,multi-step-direct,-0.0419,1.079921,1.039192,0.579871,18.8302,108.5198,0.3046,63.227
113,F_PB,5,5,MLP,A_tiempo,575,144,multi-step-direct,-0.0105,1.04734,1.023396,0.66544,18.723,0.0306,0.1587,5.279
113,F_PB,5,5,ARIMA,A_tiempo,575,144,multi-step-direct,-0.0633,1.001829,1.000914,0.793395,22.1184,1.2036,0.9425,2.166
113,F_MED,5,1,LinReg,A_tiempo,576,144,multi-step-direct,-0.6376,1.39636,1.181677,0.905478,15.9989,0.1038,1.0,0.507
113,F_MED,5,1,DT,A_tiempo,576,144,multi-step-direct,-0.0942,0.932961,0.965899,0.605682,12.2375,0.0057,0.8286,6.023
113,F_MED,5,1,RF,A_tiempo,576,144,multi-step-direct,0.4399,0.477557,0.691055,0.447485,12.0848,0.1027,0.8333,3.478
113,F_MED,5,1,SVR_rbf,A_tiempo,576,144,multi-step-direct,0.3725,0.535074,0.731488,0.459604,12.8099,18.598,0.6609,12.136
113,F_MED,5,1,MLP,A_tiempo,576,144,multi-step-direct,0.294,0.601991,0.775881,0.541036,12.572,0.0072,0.605,0.923
113,F_MED,5,1,ARIMA,A_tiempo,576,144,multi-step-direct,-0.3893,0.678338,0.823613,0.751251,14.3596,1.7896,0.991,0.644
113,F_MED,5,3,LinReg,A_tiempo,576,144,multi-step-direct,-1.5333,2.091069,1.446053,1.126747,19.3763,0.3236,1.0,3.421
113,F_MED,5,3,DT,A_tiempo,576,144,multi-step-direct,-0.3027,1.075264,1.036949,0.690161,12.9347,0.0072,0.6669,18.221
113,F_MED,5,3,RF,A_tiempo,576,144,multi-step-direct,0.1793,0.677416,0.823053,0.572929,14.8987,0.1705,0.6868,6.568
113,F_MED,5,3,SVR_rbf,A_tiempo,576,144,multi-step-direct,0.1415,0.708642,0.841809,0.548391,15.5045,57.0328,0.5148,37.705
113,F_MED,5,3,MLP,A_tiempo,576,144,multi-step-direct,0.0669,0.770255,0.877642,0.633718,14.647,0.012,0.3847,1.227
113,F_MED,5,3,ARIMA,A_tiempo,576,144,multi-step-direct,-0.4459,0.881711,0.938995,0.86804,19.8807,1.0464,0.991,1.13
113,F_MED,5,5,LinReg,A_tiempo,575,144,multi-step-direct,-1.7764,2.288207,1.512682,1.179344,20.4794,0.2354,1.0,3.448
113,F_MED,5,5,DT,A_tiempo,575,144,multi-step-direct,-0.3614,1.121989,1.05924,0.730989,13.224,0.0107,0.5711,29.317
113,F_MED,5,5,RF,A_tiempo,575,144,multi-step-direct,0.0755,0.761898,0.872868,0.619527,14.5041,0.2455,0.6116,11.346
113,F_MED,5,5,SVR_rbf,A_tiempo,575,144,multi-step-direct,0.0363,0.794227,0.891194,0.586665,14.6842,110.6802,0.4593,61.302
113,F_MED,5,5,MLP,A_tiempo,575,144,multi-step-direct,-0.0037,0.827242,0.909529,0.657992,14.6978,0.0171,0.2694,1.446
113,F_MED,5,5,ARIMA,A_tiempo,575,144,multi-step-direct,-0.4007,0.950323,0.974845,0.903564,21.214,0.3657,0.991,0.658
113,F_N+PB,5,1,LinReg,A_tiempo,576,144,multi-step-direct,-20.0593,21.928277,4.682764,3.657457,88.1693,0.0916,1.0,0.484
113,F_N+PB,5,1,DT,A_tiempo,576,144,multi-step-direct,-0.0567,1.100271,1.048938,0.509711,11.2192,0.0073,0.7028,9.461
113,F_N+PB,5,1,RF,A_tiempo,576,144,multi-step-direct,0.2686,0.761554,0.872671,0.467396,12.854,0.1643,0.7441,3.115
113,F_N+PB,5,1,SVR_rbf,A_tiempo,576,144,multi-step-direct,0.1202,0.91609,0.957126,0.496329,13.5868,27.7171,0.4081,13.184
113,F_N+PB,5,1,MLP,A_tiempo,576,144,multi-step-direct,0.1111,0.925604,0.962083,0.581279,13.4974,0.1318,0.2888,2.347
113,F_N+PB,5,1,ARIMA,A_tiempo,576,144,multi-step-direct,-0.0881,0.918624,0.958449,0.741518,17.4772,5.0184,0.9425,1.807
113,F_N+PB,5,3,LinReg,A_tiempo,576,144,multi-step-direct,-23.2966,25.057314,5.005728,3.914176,101.6766,0.1422,1.0,1.025
113,F_N+PB,5,3,DT,A_tiempo,576,144,multi-step-direct,-0.3049,1.345737,1.160059,0.659837,14.4411,0.0087,0.5994,24.216
113,F_N+PB,5,3,RF,A_tiempo,576,144,multi-step-direct,0.1087,0.919241,0.95877,0.574496,19.7492,0.1685,0.6041,9.046
113,F_N+PB,5,3,SVR_rbf,A_tiempo,576,144,multi-step-direct,0.0102,1.020762,1.010328,0.548819,20.5669,62.6553,0.3358,37.53
113,F_N+PB,5,3,MLP,A_tiempo,576,144,multi-step-direct,0.0238,1.006805,1.003397,0.642093,20.5558,0.0119,0.1686,0.977
113,F_N+PB,5,3,ARIMA,A_tiempo,576,144,multi-step-direct,-0.0782,1.009221,1.0046,0.788415,22.2915,1.6142,0.9425,1.743
113,F_N+PB,5,5,LinReg,A_tiempo,575,144,multi-step-direct,-25.2673,27.224742,5.217733,4.076773,92.521,0.4226,1.0,5.125
113,F_N+PB,5,5,DT,A_tiempo,575,144,multi-step-direct,-0.3511,1.400345,1.183362,0.710272,15.1893,0.0096,0.5364,38.982
113,F_N+PB,5,5,RF,A_tiempo,575,144,multi-step-direct,0.0551,0.979384,0.989638,0.61811,18.2841,0.2418,0.5223,15.89
113,F_N+PB,5,5,SVR_rbf,A_tiempo,575,144,multi-step-direct,-0.0419,1.079924,1.039194,0.579902,18.8307,106.6363,0.3047,63.341
113,F_N+PB,5,5,MLP,A_tiempo,575,144,multi-step-direct,-0.0108,1.047609,1.023528,0.665504,18.7244,0.0169,0.1587,2.651
113,F_N+PB,5,5,ARIMA,A_tiempo,575,144,multi-step-direct,-0.0703,1.00841,1.004196,0.800678,22.154,1.1157,0.9425,2.008
113,F_N+MED,5,1,LinReg,A_tiempo,576,144,multi-step-direct,-0.6252,1.385876,1.177232,0.893557,15.3611,0.1419,1.0,0.5
113,F_N+MED,5,1,DT,A_tiempo,576,144,multi-step-direct,0.0466,0.813034,0.901684,0.554298,11.7439,0.0069,0.8576,9.08
113,F_N+MED,5,1,RF,A_tiempo,576,144,multi-step-direct,0.4399,0.477618,0.691099,0.447006,12.0985,0.1651,0.8354,3.703
113,F_N+MED,5,1,SVR_rbf,A_tiempo,576,144,multi-step-direct,0.3719,0.535609,0.731853,0.459657,12.8155,22.5563,0.6607,12.355
113,F_N+MED,5,1,MLP,A_tiempo,576,144,multi-step-direct,0.2922,0.603541,0.776879,0.537071,12.2068,0.007,0.6285,4.29
113,F_N+MED,5,1,ARIMA,A_tiempo,576,144,multi-step-direct,-0.3969,0.675526,0.821904,0.750819,14.1067,2.075,0.9919,0.747
113,F_N+MED,5,3,LinReg,A_tiempo,576,144,multi-step-direct,-1.4385,2.013293,1.418906,1.095365,19.1487,0.1423,1.0,0.918
113,F_N+MED,5,3,DT,A_tiempo,576,144,multi-step-direct,-0.3615,1.124114,1.060243,0.72652,13.0861,0.0093,0.6582,23.629
113,F_N+MED,5,3,RF,A_tiempo,576,144,multi-step-direct,0.1857,0.672276,0.819924,0.571685,14.7027,0.174,0.6899,9.925
113,F_N+MED,5,3,SVR_rbf,A_tiempo,576,144,multi-step-direct,0.1416,0.708678,0.84183,0.548334,15.5327,70.5494,0.515,36.598
113,F_N+MED,5,3,MLP,A_tiempo,576,144,multi-step-direct,0.0621,0.774317,0.879953,0.634436,14.8011,0.0115,0.3752,1.201
113,F_N+MED,5,3,ARIMA,A_tiempo,576,144,multi-step-direct,-0.4372,0.88279,0.939569,0.867536,19.5218,0.6833,0.9919,0.738
113,F_N+MED,5,5,LinReg,A_tiempo,575,144,multi-step-direct,-1.718,2.240808,1.496933,1.159027,20.0669,0.238,1.0,1.379
113,F_N+MED,5,5,DT,A_tiempo,575,144,multi-step-direct,-0.2393,1.021688,1.010786,0.704125,12.7653,0.0085,0.587,40.783
113,F_N+MED,5,5,RF,A_tiempo,575,144,multi-step-direct,0.0714,0.765607,0.87499,0.619303,14.5112,0.2422,0.6159,15.934
113,F_N+MED,5,5,SVR_rbf,A_tiempo,575,144,multi-step-direct,0.0363,0.794488,0.891341,0.586773,14.6846,109.785,0.4596,60.96
113,F_N+MED,5,5,MLP,A_tiempo,575,144,multi-step-direct,-0.0024,0.826447,0.909091,0.657905,14.8159,0.017,0.2667,1.396
113,F_N+MED,5,5,ARIMA,A_tiempo,575,144,multi-step-direct,-0.3954,0.946133,0.972693,0.901035,20.8009,0.5464,0.9919,0.984
113,F_N+PB+MED,5,1,LinReg,A_tiempo,576,144,multi-step-direct,-0.9597,1.970301,1.403674,1.076449,21.1975,0.2229,1.0,1.879
113,F_N+PB+MED,5,1,DT,A_tiempo,576,144,multi-step-direct,0.3549,0.648571,0.805339,0.397118,11.3672,0.0054,0.9167,8.316
113,F_N+PB+MED,5,1,RF,A_tiempo,576,144,multi-step-direct,0.5609,0.44144,0.66441,0.377703,11.2629,0.1842,0.901,2.983
113,F_N+PB+MED,5,1,SVR_rbf,A_tiempo,576,144,multi-step-direct,0.3405,0.663034,0.814269,0.465626,13.8983,18.3524,0.5848,13.467
113,F_N+PB+MED,5,1,MLP,A_tiempo,576,144,multi-step-direct,0.305,0.698808,0.835947,0.560973,12.947,0.0065,0.5937,0.879
113,F_N+PB+MED,5,1,ARIMA,A_tiempo,576,144,multi-step-direct,-0.6245,1.094393,1.046132,0.966589,17.0821,1.1332,0.9926,0.408
113,F_N+PB+MED,5,3,LinReg,A_tiempo,576,144,multi-step-direct,-1.9567,2.936916,1.713743,1.329846,24.3903,0.2957,1.0,0.914
113,F_N+PB+MED,5,3,DT,A_tiempo,576,144,multi-step-direct,-0.2201,1.211989,1.100904,0.655745,12.4599,0.0073,0.7779,24.849
113,F_N+PB+MED,5,3,RF,A_tiempo,576,144,multi-step-direct,0.2561,0.738969,0.859633,0.55485,14.933,0.1752,0.7749,9.222
113,F_N+PB+MED,5,3,SVR_rbf,A_tiempo,576,144,multi-step-direct,0.115,0.879043,0.937573,0.553943,17.3705,69.9358,0.4201,38.703
113,F_N+PB+MED,5,3,MLP,A_tiempo,576,144,multi-step-direct,0.1139,0.880134,0.938155,0.652353,15.5889,0.0119,0.4009,1.614
113,F_N+PB+MED,5,3,ARIMA,A_tiempo,576,144,multi-step-direct,-0.509,1.241429,1.114194,1.03525,22.5663,0.3911,0.9926,0.422
113,F_N+PB+MED,5,5,LinReg,A_tiempo,575,144,multi-step-direct,-2.3534,3.34053,1.827712,1.427194,25.5294,0.2567,1.0,1.356
113,F_N+PB+MED,5,5,DT,A_tiempo,575,144,multi-step-direct,-0.3349,1.329781,1.153161,0.721704,12.2439,0.0095,0.6856,40.086
113,F_N+PB+MED,5,5,RF,A_tiempo,575,144,multi-step-direct,0.1272,0.869449,0.932443,0.62848,14.8043,0.1852,0.7092,14.239
113,F_N+PB+MED,5,5,SVR_rbf,A_tiempo,575,144,multi-step-direct,0.0092,0.987035,0.993496,0.59966,16.3019,108.7885,0.3462,63.402
113,F_N+PB+MED,5,5,MLP,A_tiempo,575,144,multi-step-direct,0.0226,0.973662,0.986743,0.696358,15.7175,0.0167,0.291,1.398
113,F_N+PB+MED,5,5,ARIMA,A_tiempo,575,144,multi-step-direct,-0.4263,1.293442,1.137296,1.057912,23.9572,0.2449,0.9926,0.441
114,F_SIN,5,1,LinReg,A_tiempo,576,144,multi-step-direct,-1.0305,5.109015,2.260313,1.736389,32.4479,0.1516,1.0,0.506
114,F_SIN,5,1,DT,A_tiempo,576,144,multi-step-direct,-0.141,2.870967,1.694393,1.154071,26.6699,0.0078,0.6386,7.073
114,F_SIN,5,1,RF,A_tiempo,576,144,multi-step-direct,0.1476,2.144699,1.464479,0.966846,28.9166,0.1662,0.6741,2.482
114,F_SIN,5,1,SVR_rbf,A_tiempo,576,144,multi-step-direct,0.0886,2.293237,1.514344,0.976179,29.6522,27.2901,0.5908,12.328
114,F_SIN,5,1,MLP,A_tiempo,576,144,multi-step-direct,0.1981,2.017634,1.420435,1.015323,22.2746,0.0066,0.4011,3.031
114,F_SIN,5,1,ARIMA,A_tiempo,576,144,multi-step-direct,-10.7633,15.359219,3.919084,3.780999,68.1437,1.1107,0.9457,0.4
114,F_SIN,5,3,LinReg,A_tiempo,576,144,multi-step-direct,-1.3801,5.873286,2.423486,1.862965,32.8518,0.1428,1.0,0.998
114,F_SIN,5,3,DT,A_tiempo,576,144,multi-step-direct,-0.1654,2.875772,1.69581,1.16712,22.4597,0.0072,0.5149,16.354
114,F_SIN,5,3,RF,A_tiempo,576,144,multi-step-direct,0.0731,2.287165,1.512338,1.02845,26.8514,0.177,0.5625,6.482
114,F_SIN,5,3,SVR_rbf,A_tiempo,576,144,multi-step-direct,0.051,2.341816,1.530299,1.028965,26.5028,56.6399,0.5229,37.372
114,F_SIN,5,3,MLP,A_tiempo,576,144,multi-step-direct,0.103,2.213409,1.487753,1.045117,24.5543,0.0276,0.2283,4.669
114,F_SIN,5,3,ARIMA,A_tiempo,576,144,multi-step-direct,-11.2346,19.629545,4.430524,4.256842,98.6148,0.703,0.9457,0.759
114,F_SIN,5,5,LinReg,A_tiempo,575,144,multi-step-direct,-1.5524,6.297497,2.509481,1.931339,31.0093,0.2365,1.0,1.426
114,F_SIN,5,5,DT,A_tiempo,575,144,multi-step-direct,-0.2148,2.997202,1.731243,1.210639,24.0731,0.0101,0.4028,25.534
114,F_SIN,5,5,RF,A_tiempo,575,144,multi-step-direct,0.0409,2.366291,1.538275,1.058901,29.1308,0.1743,0.49,11.635
114,F_SIN,5,5,SVR_rbf,A_tiempo,575,144,multi-step-direct,0.0289,2.395813,1.547841,1.058405,28.5064,110.8238,0.4867,59.117
114,F_SIN,5,5,MLP,A_tiempo,575,144,multi-step-direct,0.0193,2.41966,1.555526,1.084958,25.7148,0.164,0.2089,2.116
114,F_SIN,5,5,ARIMA,A_tiempo,575,144,multi-step-direct,-12.0135,20.893352,4.570925,4.398544,101.5001,0.6988,0.9457,1.258
114,F_N,5,1,LinReg,A_tiempo,576,144,multi-step-direct,-1.0766,5.239039,2.288895,1.758635,32.5333,0.2128,1.0,1.073
114,F_N,5,1,DT,A_tiempo,576,144,multi-step-direct,0.0394,2.423548,1.556775,1.05095,25.9727,0.0052,0.6299,8.097
114,F_N,5,1,RF,A_tiempo,576,144,multi-step-direct,0.1549,2.132164,1.460193,0.960555,28.6333,0.1697,0.6834,3.902
114,F_N,5,1,SVR_rbf,A_tiempo,576,144,multi-step-direct,0.0894,2.297378,1.515711,0.975577,29.5734,18.736,0.5904,12.095
114,F_N,5,1,MLP,A_tiempo,576,144,multi-step-direct,0.1924,2.037574,1.427436,1.019349,23.3388,0.0065,0.4375,1.055
114,F_N,5,1,ARIMA,A_tiempo,576,144,multi-step-direct,-11.4021,16.231543,4.028839,3.892392,67.3258,1.0607,0.9552,0.382
114,F_N,5,3,LinReg,A_tiempo,576,144,multi-step-direct,-1.4321,6.017575,2.453075,1.88621,33.0643,0.2991,1.0,1.114
114,F_N,5,3,DT,A_tiempo,576,144,multi-step-direct,-0.2168,3.010587,1.735104,1.18397,23.7022,0.007,0.4836,25.096
114,F_N,5,3,RF,A_tiempo,576,144,multi-step-direct,0.0713,2.297781,1.515843,1.033419,26.7559,0.1768,0.5628,10.733
114,F_N,5,3,SVR_rbf,A_tiempo,576,144,multi-step-direct,0.0512,2.347495,1.532154,1.029234,26.5504,70.4688,0.5225,35.642
114,F_N,5,3,MLP,A_tiempo,576,144,multi-step-direct,0.0869,2.259298,1.503096,1.05576,23.8408,0.0111,0.2379,1.56
114,F_N,5,3,ARIMA,A_tiempo,576,144,multi-step-direct,-11.8272,20.624646,4.541437,4.370706,99.96,0.3752,0.9552,0.405
114,F_N,5,5,LinReg,A_tiempo,575,144,multi-step-direct,-1.5787,6.379254,2.525718,1.944443,31.6589,0.2349,1.0,1.483
114,F_N,5,5,DT,A_tiempo,575,144,multi-step-direct,-0.1916,2.947878,1.716939,1.197586,26.0328,0.0106,0.3783,40.997
114,F_N,5,5,RF,A_tiempo,575,144,multi-step-direct,0.0332,2.391747,1.546527,1.06414,28.6031,0.2527,0.4879,16.512
114,F_N,5,5,SVR_rbf,A_tiempo,575,144,multi-step-direct,0.0287,2.402901,1.550129,1.059181,28.6321,110.674,0.4863,57.862
114,F_N,5,5,MLP,A_tiempo,575,144,multi-step-direct,0.0269,2.407299,1.551547,1.078021,26.1136,0.0173,0.1648,1.286
114,F_N,5,5,ARIMA,A_tiempo,575,144,multi-step-direct,-12.6331,21.924724,4.682384,4.513323,103.85,0.228,0.9552,0.41
114,F_PB,5,1,LinReg,A_tiempo,576,144,multi-step-direct,-20.7165,21.544315,4.641585,3.605661,80.3243,0.229,1.0,0.467
114,F_PB,5,1,DT,A_tiempo,576,144,multi-step-direct,-0.87,1.855168,1.362045,0.820375,19.4194,0.0069,0.6221,9.48
114,F_PB,5,1,RF,A_tiempo,576,144,multi-step-direct,0.0072,0.984975,0.992459,0.653893,15.5541,0.1691,0.6856,3.555
114,F_PB,5,1,SVR_rbf,A_tiempo,576,144,multi-step-direct,-0.0045,0.996544,0.998271,0.651668,14.8979,27.6904,0.4958,12.717
114,F_PB,5,1,MLP,A_tiempo,576,144,multi-step-direct,-0.0503,1.041924,1.020747,0.687759,14.75,0.0153,0.3133,2.596
114,F_PB,5,1,ARIMA,A_tiempo,576,144,multi-step-direct,-71.914,141.37853,11.89027,11.699792,151.0274,4.6263,0.9723,1.665
114,F_PB,5,3,LinReg,A_tiempo,576,144,multi-step-direct,-26.3445,25.471202,5.0469,3.913637,89.7288,0.1426,1.0,0.978
114,F_PB,5,3,DT,A_tiempo,576,144,multi-step-direct,-0.4528,1.353315,1.163321,0.781174,17.8543,0.009,0.5118,24.686
114,F_PB,5,3,RF,A_tiempo,576,144,multi-step-direct,-0.0222,0.952145,0.975779,0.659247,20.5966,0.1739,0.5887,9.325
114,F_PB,5,3,SVR_rbf,A_tiempo,576,144,multi-step-direct,-0.0239,0.953761,0.976607,0.64727,19.8234,59.2981,0.4381,36.652
114,F_PB,5,3,MLP,A_tiempo,576,144,multi-step-direct,-0.0675,0.994329,0.997161,0.681846,20.2706,0.0117,0.273,1.337
114,F_PB,5,3,ARIMA,A_tiempo,576,144,multi-step-direct,-81.3044,147.262901,12.135193,12.024184,228.8288,2.1255,0.9723,2.296
114,F_PB,5,5,LinReg,A_tiempo,575,144,multi-step-direct,-27.7704,27.171127,5.212593,4.048602,96.4229,0.2398,1.0,3.193
114,F_PB,5,5,DT,A_tiempo,575,144,multi-step-direct,-0.4116,1.333144,1.154619,0.781313,17.2211,0.0081,0.4577,39.809
114,F_PB,5,5,RF,A_tiempo,575,144,multi-step-direct,-0.0177,0.96116,0.980388,0.654941,19.7687,0.2421,0.5448,16.243
114,F_PB,5,5,SVR_rbf,A_tiempo,575,144,multi-step-direct,-0.0272,0.9701,0.984936,0.648715,18.4772,108.8102,0.4138,61.443
114,F_PB,5,5,MLP,A_tiempo,575,144,multi-step-direct,-0.0564,0.997686,0.998842,0.67557,19.2517,0.0159,0.1926,3.457
114,F_PB,5,5,ARIMA,A_tiempo,575,144,multi-step-direct,-85.6368,146.857032,12.118458,12.026138,247.5279,0.8224,0.9723,1.48
114,F_MED,5,1,LinReg,A_tiempo,576,144,multi-step-direct,0.0913,2.958353,1.719986,1.2594,26.0502,0.1788,1.0,0.491
114,F_MED,5,1,DT,A_tiempo,576,144,multi-step-direct,0.0348,3.142142,1.772609,1.221988,30.4706,0.0051,0.7859,5.285
114,F_MED,5,1,RF,A_tiempo,576,144,multi-step-direct,0.2102,2.5712,1.603496,1.044378,32.0619,0.1649,0.8039,2.934
114,F_MED,5,1,SVR_rbf,A_tiempo,576,144,multi-step-direct,0.0945,2.947775,1.716909,1.08835,34.8047,18.9618,0.7045,12.088
114,F_MED,5,1,MLP,A_tiempo,576,144,multi-step-direct,0.2901,2.311191,1.52026,1.098434,25.1947,0.0064,0.5954,0.921
114,F_MED,5,1,ARIMA,A_tiempo,576,144,multi-step-direct,-5.5324,5.777221,2.403585,2.249986,43.8355,2.1548,0.9936,0.776
114,F_MED,5,3,LinReg,A_tiempo,576,144,multi-step-direct,-0.417,4.600975,2.144988,1.55976,26.0119,0.3503,1.0,1.665
114,F_MED,5,3,DT,A_tiempo,576,144,multi-step-direct,-0.0436,3.388387,1.840757,1.273241,24.4085,0.009,0.6125,16.175
114,F_MED,5,3,RF,A_tiempo,576,144,multi-step-direct,0.0996,2.923374,1.709788,1.156511,26.8196,0.1689,0.6784,7.185
114,F_MED,5,3,SVR_rbf,A_tiempo,576,144,multi-step-direct,0.0506,3.082767,1.755781,1.169178,27.8133,72.8996,0.5979,34.944
114,F_MED,5,3,MLP,A_tiempo,576,144,multi-step-direct,0.1229,2.8478,1.687543,1.190269,24.2719,0.0233,0.2734,0.936
114,F_MED,5,3,ARIMA,A_tiempo,576,144,multi-step-direct,-4.8983,9.342908,3.056617,2.798171,67.5088,0.7401,0.9936,0.799
114,F_MED,5,5,LinReg,A_tiempo,575,144,multi-step-direct,-0.6061,5.199084,2.28015,1.665792,27.0663,0.234,1.0,1.463
114,F_MED,5,5,DT,A_tiempo,575,144,multi-step-direct,-0.14,3.690293,1.921013,1.357303,27.4388,0.0112,0.5778,26.733
114,F_MED,5,5,RF,A_tiempo,575,144,multi-step-direct,0.0559,3.056062,1.74816,1.197207,31.6209,0.2439,0.609,12.277
114,F_MED,5,5,SVR_rbf,A_tiempo,575,144,multi-step-direct,0.0305,3.138324,1.771532,1.203676,32.4619,111.1835,0.54,55.084
114,F_MED,5,5,MLP,A_tiempo,575,144,multi-step-direct,0.063,3.033027,1.741559,1.220868,29.4406,0.0169,0.2825,1.462
114,F_MED,5,5,ARIMA,A_tiempo,575,144,multi-step-direct,-5.121,10.443461,3.231634,2.964311,70.5046,0.4693,0.9936,0.845
114,F_N+PB,5,1,LinReg,A_tiempo,576,144,multi-step-direct,-24.2976,25.095702,5.009561,3.883534,87.7715,0.201,1.0,0.482
114,F_N+PB,5,1,DT,A_tiempo,576,144,multi-step-direct,-0.8235,1.808915,1.344959,0.837192,17.9851,0.0066,0.6181,9.3
114,F_N+PB,5,1,RF,A_tiempo,576,144,multi-step-direct,0.0066,0.98543,0.992688,0.653082,15.6519,0.1673,0.6877,3.776
114,F_N+PB,5,1,SVR_rbf,A_tiempo,576,144,multi-step-direct,-0.0045,0.996485,0.998241,0.651667,14.8962,23.7234,0.4959,12.231
114,F_N+PB,5,1,MLP,A_tiempo,576,144,multi-step-direct,-0.0484,1.040074,1.01984,0.687046,14.7295,0.0147,0.313,3.829
114,F_N+PB,5,1,ARIMA,A_tiempo,576,144,multi-step-direct,-72.0235,141.595642,11.899397,11.708745,151.17,5.0674,0.9723,1.824
114,F_N+PB,5,3,LinReg,A_tiempo,576,144,multi-step-direct,-30.8987,29.709278,5.450622,4.223959,99.689,0.1433,1.0,0.98
114,F_N+PB,5,3,DT,A_tiempo,576,144,multi-step-direct,-0.706,1.588863,1.260501,0.824457,17.3367,0.0081,0.5376,24.682
114,F_N+PB,5,3,RF,A_tiempo,576,144,multi-step-direct,-0.0199,0.949922,0.974639,0.657144,20.8306,0.1725,0.5823,9.176
114,F_N+PB,5,3,SVR_rbf,A_tiempo,576,144,multi-step-direct,-0.0239,0.953623,0.976536,0.647233,19.8213,60.172,0.4381,36.802
114,F_N+PB,5,3,MLP,A_tiempo,576,144,multi-step-direct,-0.0672,0.993962,0.996976,0.681695,20.2735,0.0117,0.273,1.263
114,F_N+PB,5,3,ARIMA,A_tiempo,576,144,multi-step-direct,-81.4285,147.494023,12.144712,12.033676,228.9699,2.0829,0.9723,2.25
114,F_N+PB,5,5,LinReg,A_tiempo,575,144,multi-step-direct,-32.4337,31.573938,5.619069,4.357867,103.2352,0.2365,1.0,2.922
114,F_N+PB,5,5,DT,A_tiempo,575,144,multi-step-direct,-0.3665,1.290499,1.136001,0.768194,16.8597,0.0069,0.4502,39.627
114,F_N+PB,5,5,RF,A_tiempo,575,144,multi-step-direct,-0.0128,0.956496,0.978006,0.651457,19.7216,0.2448,0.5471,16.148
114,F_N+PB,5,5,SVR_rbf,A_tiempo,575,144,multi-step-direct,-0.0272,0.970065,0.984919,0.648722,18.4751,111.879,0.4138,61.712
114,F_N+PB,5,5,MLP,A_tiempo,575,144,multi-step-direct,-0.0566,0.997803,0.998901,0.675692,19.248,0.018,0.1927,2.886
114,F_N+PB,5,5,ARIMA,A_tiempo,575,144,multi-step-direct,-85.7014,146.97603,12.123367,12.031039,247.5914,1.1759,0.9723,2.117
114,F_N+MED,5,1,LinReg,A_tiempo,576,144,multi-step-direct,-0.0282,3.345252,1.829003,1.34512,27.8281,0.0906,1.0,0.496
114,F_N+MED,5,1,DT,A_tiempo,576,144,multi-step-direct,-0.0039,3.266412,1.807322,1.206526,30.1398,0.0069,0.7947,9.279
114,F_N+MED,5,1,RF,A_tiempo,576,144,multi-step-direct,0.2209,2.534844,1.592119,1.033564,32.1326,0.1658,0.804,3.645
114,F_N+MED,5,1,SVR_rbf,A_tiempo,576,144,multi-step-direct,0.0945,2.946221,1.716456,1.088451,34.7501,23.2147,0.7042,11.811
114,F_N+MED,5,1,MLP,A_tiempo,576,144,multi-step-direct,0.258,2.414185,1.553765,1.117759,24.7919,0.0348,0.5904,3.752
114,F_N+MED,5,1,ARIMA,A_tiempo,576,144,multi-step-direct,-7.6351,7.804634,2.793677,2.640051,45.76,2.3933,0.9946,0.862
114,F_N+MED,5,3,LinReg,A_tiempo,576,144,multi-step-direct,-0.5352,4.977992,2.231141,1.632336,28.8024,0.1411,1.0,0.951
114,F_N+MED,5,3,DT,A_tiempo,576,144,multi-step-direct,-0.0992,3.564126,1.887889,1.29978,23.6949,0.0091,0.5891,23.735
114,F_N+MED,5,3,RF,A_tiempo,576,144,multi-step-direct,0.0963,2.930378,1.711835,1.151586,27.1418,0.1732,0.6817,10.131
114,F_N+MED,5,3,SVR_rbf,A_tiempo,576,144,multi-step-direct,0.0505,3.078629,1.754602,1.168963,27.8181,73.2492,0.5979,34.426
114,F_N+MED,5,3,MLP,A_tiempo,576,144,multi-step-direct,0.1206,2.851613,1.688672,1.190139,24.2854,0.0117,0.334,1.053
114,F_N+MED,5,3,ARIMA,A_tiempo,576,144,multi-step-direct,-6.3934,11.842431,3.441283,3.204443,72.6684,0.6048,0.9946,0.653
114,F_N+MED,5,5,LinReg,A_tiempo,575,144,multi-step-direct,-0.7658,5.708116,2.389166,1.762741,29.1594,0.2344,1.0,1.464
114,F_N+MED,5,5,DT,A_tiempo,575,144,multi-step-direct,-0.1344,3.666871,1.914907,1.349261,27.0505,0.0075,0.5362,41.049
114,F_N+MED,5,5,RF,A_tiempo,575,144,multi-step-direct,0.0658,3.019782,1.737752,1.187506,31.4866,0.2442,0.6038,16.073
114,F_N+MED,5,5,SVR_rbf,A_tiempo,575,144,multi-step-direct,0.0305,3.134099,1.770339,1.203364,32.3711,111.4209,0.5399,56.303
114,F_N+MED,5,5,MLP,A_tiempo,575,144,multi-step-direct,0.0782,2.979922,1.726245,1.215136,28.7534,0.017,0.287,1.453
114,F_N+MED,5,5,ARIMA,A_tiempo,575,144,multi-step-direct,-6.6527,13.115311,3.621507,3.379209,76.6634,0.356,0.9946,0.641
114,F_N+PB+MED,5,1,LinReg,A_tiempo,576,144,multi-step-direct,-2.4152,2.901082,1.703256,1.264484,22.7715,0.1227,1.0,0.486
114,F_N+PB+MED,5,1,DT,A_tiempo,576,144,multi-step-direct,-0.9103,1.622744,1.27387,0.844305,19.9348,0.0055,0.8354,9.775
114,F_N+PB+MED,5,1,RF,A_tiempo,576,144,multi-step-direct,0.0766,0.784379,0.885652,0.66648,13.651,0.169,0.8251,3.021
114,F_N+PB+MED,5,1,SVR_rbf,A_tiempo,576,144,multi-step-direct,0.081,0.780622,0.883528,0.655177,13.4474,24.8288,0.6721,12.905
114,F_N+PB+MED,5,1,MLP,A_tiempo,576,144,multi-step-direct,-0.1176,0.949345,0.974344,0.7243,13.4608,0.0067,0.6076,1.043
114,F_N+PB+MED,5,1,ARIMA,A_tiempo,576,144,multi-step-direct,-4.9918,11.229404,3.35103,3.040999,48.8204,1.3643,0.9937,0.491
114,F_N+PB+MED,5,3,LinReg,A_tiempo,576,144,multi-step-direct,-3.8681,4.093067,2.023133,1.502234,27.9932,0.1432,1.0,0.948
114,F_N+PB+MED,5,3,DT,A_tiempo,576,144,multi-step-direct,-0.7369,1.460396,1.208469,0.866857,13.5735,0.0094,0.7152,25.146
114,F_N+PB+MED,5,3,RF,A_tiempo,576,144,multi-step-direct,-0.0081,0.847601,0.920653,0.707542,15.3708,0.1706,0.7411,8.074
114,F_N+PB+MED,5,3,SVR_rbf,A_tiempo,576,144,multi-step-direct,0.0197,0.824198,0.907854,0.680236,14.9492,59.2328,0.5671,35.689
114,F_N+PB+MED,5,3,MLP,A_tiempo,576,144,multi-step-direct,-0.0944,0.92017,0.959255,0.738636,14.0656,0.0127,0.4323,1.3
114,F_N+PB+MED,5,3,ARIMA,A_tiempo,576,144,multi-step-direct,-5.1501,12.130725,3.482919,3.18124,67.8511,0.477,0.9937,0.515
114,F_N+PB+MED,5,5,LinReg,A_tiempo,575,144,multi-step-direct,-4.1515,4.351409,2.086003,1.563767,28.3731,0.4575,1.0,4.046
114,F_N+PB+MED,5,5,DT,A_tiempo,575,144,multi-step-direct,-1.0729,1.750984,1.323248,0.924931,16.842,0.0074,0.6855,39.122
114,F_N+PB+MED,5,5,RF,A_tiempo,575,144,multi-step-direct,-0.0136,0.856189,0.925305,0.710898,17.1034,0.2444,0.698,15.337
114,F_N+PB+MED,5,5,SVR_rbf,A_tiempo,575,144,multi-step-direct,0.0023,0.84275,0.918014,0.68752,16.5259,112.3895,0.5228,59.291
114,F_N+PB+MED,5,5,MLP,A_tiempo,575,144,multi-step-direct,-0.0448,0.882524,0.939428,0.722895,15.9071,0.0169,0.3951,1.793
114,F_N+PB+MED,5,5,ARIMA,A_tiempo,575,144,multi-step-direct,-5.0861,11.694026,3.419653,3.130273,69.4073,0.4705,0.9937,0.847
115,F_SIN,5,1,LinReg,A_tiempo,576,144,multi-step-direct,-3.2955,4.03802,2.009483,1.536193,32.8197,0.1504,1.0,1.976
115,F_SIN,5,1,DT,A_tiempo,576,144,multi-step-direct,-0.0689,1.004806,1.0024,0.524732,11.4187,0.0052,0.4781,6.181
115,F_SIN,5,1,RF,A_tiempo,576,144,multi-step-direct,0.1872,0.764059,0.874104,0.428618,11.7835,0.167,0.5374,2.636
115,F_SIN,5,1,SVR_rbf,A_tiempo,576,144,multi-step-direct,0.1495,0.799477,0.894135,0.436565,11.3783,18.6409,0.3751,13.431
115,F_SIN,5,1,MLP,A_tiempo,576,144,multi-step-direct,0.1454,0.803393,0.896322,0.461279,11.7543,0.0068,0.246,0.86
115,F_SIN,5,1,ARIMA,A_tiempo,576,144,multi-step-direct,-87.5208,60.520802,7.779512,7.673167,104.3345,1.4463,0.8825,0.521
115,F_SIN,5,3,LinReg,A_tiempo,576,144,multi-step-direct,-4.04,4.813619,2.193996,1.687051,34.2638,0.1427,1.0,0.983
115,F_SIN,5,3,DT,A_tiempo,576,144,multi-step-direct,-0.2193,1.164577,1.079156,0.607429,17.3446,0.0068,0.3329,16.83
115,F_SIN,5,3,RF,A_tiempo,576,144,multi-step-direct,0.0815,0.877287,0.936636,0.511057,21.2624,0.1665,0.367,9.511
115,F_SIN,5,3,SVR_rbf,A_tiempo,576,144,multi-step-direct,0.0391,0.917777,0.958007,0.532284,20.6483,72.4487,0.3395,36.995
115,F_SIN,5,3,MLP,A_tiempo,576,144,multi-step-direct,0.026,0.930223,0.964481,0.539639,20.4122,0.0118,0.1167,0.842
115,F_SIN,5,3,ARIMA,A_tiempo,576,144,multi-step-direct,-90.7067,61.166573,7.820906,7.75737,151.6967,0.4917,0.8825,0.531
115,F_SIN,5,5,LinReg,A_tiempo,575,144,multi-step-direct,-4.3467,5.153762,2.27019,1.751954,34.6309,0.2358,1.0,1.605
115,F_SIN,5,5,DT,A_tiempo,575,144,multi-step-direct,-0.1628,1.120825,1.05869,0.613753,13.7946,0.0079,0.2675,27.448
115,F_SIN,5,5,RF,A_tiempo,575,144,multi-step-direct,0.0336,0.93151,0.965148,0.541042,16.7668,0.1757,0.3067,13.951
115,F_SIN,5,5,SVR_rbf,A_tiempo,575,144,multi-step-direct,-0.0033,0.967075,0.9834,0.559781,16.2428,110.1352,0.3293,61.933
115,F_SIN,5,5,MLP,A_tiempo,575,144,multi-step-direct,-0.0129,0.976356,0.988107,0.560198,16.4035,0.0171,0.0801,1.099
115,F_SIN,5,5,ARIMA,A_tiempo,575,144,multi-step-direct,-81.2598,66.105219,8.130512,8.067624,171.4486,0.3147,0.8825,0.566
115,F_N,5,1,LinReg,A_tiempo,576,144,multi-step-direct,-3.3437,4.083322,2.020723,1.545251,33.0267,0.2665,1.0,0.48
115,F_N,5,1,DT,A_tiempo,576,144,multi-step-direct,-0.0534,0.990208,0.995092,0.523704,10.7232,0.0081,0.4777,9.814
115,F_N,5,1,RF,A_tiempo,576,144,multi-step-direct,0.1894,0.761982,0.872916,0.426694,11.6345,0.1687,0.5464,3.239
115,F_N,5,1,SVR_rbf,A_tiempo,576,144,multi-step-direct,0.1496,0.799439,0.894114,0.436577,11.3808,19.2125,0.3751,13.387
115,F_N,5,1,MLP,A_tiempo,576,144,multi-step-direct,0.1451,0.803673,0.896478,0.462262,11.6987,0.0069,0.2545,0.867
115,F_N,5,1,ARIMA,A_tiempo,576,144,multi-step-direct,-89.2799,61.702012,7.855063,7.748308,105.8592,1.463,0.8826,0.527
115,F_N,5,3,LinReg,A_tiempo,576,144,multi-step-direct,-4.1192,4.889335,2.211184,1.699737,34.5249,0.2045,1.0,0.996
115,F_N,5,3,DT,A_tiempo,576,144,multi-step-direct,-0.3059,1.247242,1.1168,0.63847,17.4519,0.0068,0.3361,25.652
115,F_N,5,3,RF,A_tiempo,576,144,multi-step-direct,0.081,0.877723,0.936869,0.513989,21.1015,0.1747,0.3776,10.399
115,F_N,5,3,SVR_rbf,A_tiempo,576,144,multi-step-direct,0.0391,0.917791,0.958014,0.53232,20.6449,68.7494,0.3396,38.206
115,F_N,5,3,MLP,A_tiempo,576,144,multi-step-direct,0.026,0.930287,0.964514,0.539758,20.4169,0.0117,0.1165,1.771
115,F_N,5,3,ARIMA,A_tiempo,576,144,multi-step-direct,-92.5257,62.369337,7.897426,7.834027,153.7189,0.4992,0.8826,0.539
115,F_N,5,5,LinReg,A_tiempo,575,144,multi-step-direct,-4.4042,5.209223,2.282372,1.761485,35.0795,0.2353,1.0,1.589
115,F_N,5,5,DT,A_tiempo,575,144,multi-step-direct,-0.1159,1.075598,1.03711,0.60812,14.4047,0.0106,0.2783,41.378
115,F_N,5,5,RF,A_tiempo,575,144,multi-step-direct,0.0139,0.950502,0.974937,0.55117,16.8634,0.1694,0.3042,18.088
115,F_N,5,5,SVR_rbf,A_tiempo,575,144,multi-step-direct,-0.0033,0.967098,0.983411,0.559818,16.2506,109.6906,0.3294,61.957
115,F_N,5,5,MLP,A_tiempo,575,144,multi-step-direct,-0.0132,0.976668,0.988265,0.560343,16.4067,0.0168,0.0801,1.127
115,F_N,5,5,ARIMA,A_tiempo,575,144,multi-step-direct,-82.8262,67.359345,8.207274,8.144682,173.3877,0.3068,0.8826,0.552
115,F_PB,5,1,LinReg,A_tiempo,576,144,multi-step-direct,-22.3816,22.588376,4.752723,3.671564,96.4471,0.1288,1.0,0.54
115,F_PB,5,1,DT,A_tiempo,576,144,multi-step-direct,-0.4035,1.355916,1.164438,0.479919,8.9893,0.0056,0.6077,9.681
115,F_PB,5,1,RF,A_tiempo,576,144,multi-step-direct,0.0563,0.911723,0.954842,0.410113,12.1003,0.1693,0.5909,3.08
115,F_PB,5,1,SVR_rbf,A_tiempo,576,144,multi-step-direct,-0.0268,0.992012,0.995998,0.409649,12.5219,18.4604,0.2275,13.453
115,F_PB,5,1,MLP,A_tiempo,576,144,multi-step-direct,-0.0117,0.977331,0.9886,0.445724,13.3823,0.0067,0.006,0.441
115,F_PB,5,1,ARIMA,A_tiempo,576,144,multi-step-direct,-412.6882,390.69371,19.765974,19.493209,325.7831,5.1859,0.9018,1.867
115,F_PB,5,3,LinReg,A_tiempo,576,144,multi-step-direct,-23.4811,23.567436,4.85463,3.777346,90.3311,0.1427,1.0,0.959
115,F_PB,5,3,DT,A_tiempo,576,144,multi-step-direct,-0.4376,1.383964,1.17642,0.540377,16.0156,0.0071,0.4698,24.968
115,F_PB,5,3,RF,A_tiempo,576,144,multi-step-direct,0.0068,0.956173,0.977841,0.438317,22.2499,0.174,0.3743,9.652
115,F_PB,5,3,SVR_rbf,A_tiempo,576,144,multi-step-direct,-0.0415,1.002627,1.001313,0.431007,22.8682,67.3259,0.2282,39.526
115,F_PB,5,3,MLP,A_tiempo,576,144,multi-step-direct,-0.0068,0.969251,0.984505,0.442484,24.0102,0.0113,0.0042,1.717
115,F_PB,5,3,ARIMA,A_tiempo,576,144,multi-step-direct,-440.9353,407.547463,20.187805,20.079813,417.5879,1.7009,0.9018,1.837
115,F_PB,5,5,LinReg,A_tiempo,575,144,multi-step-direct,-24.4029,24.714753,4.971393,3.85888,91.4915,0.256,1.0,1.527
115,F_PB,5,5,DT,A_tiempo,575,144,multi-step-direct,-0.3918,1.354146,1.163678,0.548455,11.5944,0.0095,0.3929,40.455
115,F_PB,5,5,RF,A_tiempo,575,144,multi-step-direct,-0.0033,0.976098,0.987977,0.443397,16.0902,0.1712,0.2351,17.919
115,F_PB,5,5,SVR_rbf,A_tiempo,575,144,multi-step-direct,-0.0417,1.013495,1.006725,0.434026,16.3584,109.9457,0.228,63.551
115,F_PB,5,5,MLP,A_tiempo,575,144,multi-step-direct,-0.006,0.978722,0.989304,0.441953,17.0682,0.0171,0.0077,0.884
115,F_PB,5,5,ARIMA,A_tiempo,575,144,multi-step-direct,-457.7026,410.831171,20.268971,20.195542,437.6189,0.9318,0.9019,1.677
115,F_MED,5,1,LinReg,A_tiempo,576,144,multi-step-direct,0.2155,0.674156,0.82107,0.585549,13.6027,0.3259,1.0,0.519
115,F_MED,5,1,DT,A_tiempo,576,144,multi-step-direct,0.4247,0.494323,0.703081,0.513706,12.3025,0.0056,0.8746,7.382
115,F_MED,5,1,RF,A_tiempo,576,144,multi-step-direct,0.6717,0.282144,0.531172,0.392231,11.0324,0.1662,0.8744,2.408
115,F_MED,5,1,SVR_rbf,A_tiempo,576,144,multi-step-direct,0.5258,0.407514,0.638368,0.450134,12.2694,27.9405,0.7106,12.921
115,F_MED,5,1,MLP,A_tiempo,576,144,multi-step-direct,0.5665,0.372535,0.610356,0.452893,11.4101,0.0064,0.8584,1.436
115,F_MED,5,1,ARIMA,A_tiempo,576,144,multi-step-direct,-0.0496,0.137519,0.370836,0.284544,7.0248,0.7229,0.9929,0.26
115,F_MED,5,3,LinReg,A_tiempo,576,144,multi-step-direct,-0.932,1.774093,1.331951,0.983193,18.2086,0.14,1.0,0.932
115,F_MED,5,3,DT,A_tiempo,576,144,multi-step-direct,-0.0246,0.940859,0.969979,0.691449,14.7293,0.0068,0.6249,15.883
115,F_MED,5,3,RF,A_tiempo,576,144,multi-step-direct,0.2113,0.724266,0.851038,0.612876,14.6903,0.1748,0.6918,7.978
115,F_MED,5,3,SVR_rbf,A_tiempo,576,144,multi-step-direct,0.1837,0.74954,0.86576,0.626625,14.7562,57.9338,0.4839,35.08
115,F_MED,5,3,MLP,A_tiempo,576,144,multi-step-direct,0.1863,0.74722,0.864419,0.628897,14.7037,0.0193,0.3278,4.16
115,F_MED,5,3,ARIMA,A_tiempo,576,144,multi-step-direct,-0.1735,0.192906,0.439211,0.365024,9.9916,0.5018,0.9929,0.542
115,F_MED,5,5,LinReg,A_tiempo,575,144,multi-step-direct,-1.3678,2.183278,1.477592,1.11448,18.3578,0.2363,1.0,1.691
115,F_MED,5,5,DT,A_tiempo,575,144,multi-step-direct,-0.0218,0.942129,0.970633,0.699746,15.0835,0.0095,0.5459,24.836
115,F_MED,5,5,RF,A_tiempo,575,144,multi-step-direct,0.0902,0.838932,0.915932,0.665487,15.9286,0.2491,0.5876,12.193
115,F_MED,5,5,SVR_rbf,A_tiempo,575,144,multi-step-direct,0.0511,0.874934,0.935379,0.682075,15.5571,110.5534,0.4151,56.922
115,F_MED,5,5,MLP,A_tiempo,575,144,multi-step-direct,0.0414,0.883926,0.940173,0.679854,15.5522,0.0171,0.3591,1.296
115,F_MED,5,5,ARIMA,A_tiempo,575,144,multi-step-direct,-0.1651,0.73056,0.854728,0.663237,18.8868,0.1913,0.9929,0.344
115,F_N+PB,5,1,LinReg,A_tiempo,576,144,multi-step-direct,-26.843,26.898464,5.186373,4.005831,107.7681,0.2661,1.0,1.589
115,F_N+PB,5,1,DT,A_tiempo,576,144,multi-step-direct,-0.3716,1.325056,1.151111,0.47053,9.7562,0.0055,0.6077,9.152
115,F_N+PB,5,1,RF,A_tiempo,576,144,multi-step-direct,0.06,0.908109,0.952947,0.410159,11.9696,0.1658,0.591,3.066
115,F_N+PB,5,1,SVR_rbf,A_tiempo,576,144,multi-step-direct,-0.0269,0.992021,0.996002,0.409674,12.5226,18.8965,0.2275,13.434
115,F_N+PB,5,1,MLP,A_tiempo,576,144,multi-step-direct,-0.0117,0.977385,0.988628,0.445752,13.3735,0.0067,0.0072,0.409
115,F_N+PB,5,1,ARIMA,A_tiempo,576,144,multi-step-direct,-413.226,391.184309,19.77838,19.505338,326.0307,4.3299,0.9019,1.559
115,F_N+PB,5,3,LinReg,A_tiempo,576,144,multi-step-direct,-27.8677,27.790273,5.271648,4.105292,99.4509,0.1429,1.0,0.988
115,F_N+PB,5,3,DT,A_tiempo,576,144,multi-step-direct,-0.4717,1.416764,1.190279,0.543593,17.1684,0.0069,0.4698,24.998
115,F_N+PB,5,3,RF,A_tiempo,576,144,multi-step-direct,0.0072,0.955772,0.977636,0.437195,22.178,0.1763,0.3732,10.001
115,F_N+PB,5,3,SVR_rbf,A_tiempo,576,144,multi-step-direct,-0.0415,1.00264,1.001319,0.431038,22.8673,71.105,0.2282,39.185
115,F_N+PB,5,3,MLP,A_tiempo,576,144,multi-step-direct,-0.0068,0.969266,0.984513,0.442505,24.0153,0.0118,0.0041,0.827
115,F_N+PB,5,3,ARIMA,A_tiempo,576,144,multi-step-direct,-441.5112,408.071083,20.200769,20.09269,417.878,1.4602,0.9019,1.577
115,F_N+PB,5,5,LinReg,A_tiempo,575,144,multi-step-direct,-29.1352,29.318896,5.414693,4.204661,101.5631,0.2536,1.0,1.764
115,F_N+PB,5,5,DT,A_tiempo,575,144,multi-step-direct,-0.421,1.382556,1.175821,0.553562,10.6124,0.0111,0.3929,40.68
115,F_N+PB,5,5,RF,A_tiempo,575,144,multi-step-direct,-0.0029,0.975692,0.987771,0.443411,16.1886,0.1701,0.2338,17.742
115,F_N+PB,5,5,SVR_rbf,A_tiempo,575,144,multi-step-direct,-0.0417,1.013505,1.00673,0.434055,16.3575,109.5874,0.228,64.342
115,F_N+PB,5,5,MLP,A_tiempo,575,144,multi-step-direct,-0.006,0.978718,0.989302,0.441979,17.068,0.0169,0.0077,0.953
115,F_N+PB,5,5,ARIMA,A_tiempo,575,144,multi-step-direct,-458.009,411.098109,20.275554,20.202097,437.7643,0.8683,0.9019,1.563
115,F_N+MED,5,1,LinReg,A_tiempo,576,144,multi-step-direct,0.189,0.69691,0.834811,0.592678,13.6297,0.1868,1.0,2.2
115,F_N+MED,5,1,DT,A_tiempo,576,144,multi-step-direct,0.376,0.536262,0.732299,0.535913,13.5276,0.0052,0.8678,9.085
115,F_N+MED,5,1,RF,A_tiempo,576,144,multi-step-direct,0.6736,0.280533,0.529654,0.391104,10.9053,0.1695,0.8752,3.091
115,F_N+MED,5,1,SVR_rbf,A_tiempo,576,144,multi-step-direct,0.5261,0.40723,0.638146,0.449967,12.2797,19.1265,0.7106,13.042
115,F_N+MED,5,1,MLP,A_tiempo,576,144,multi-step-direct,0.6221,0.324793,0.569906,0.428021,11.3244,0.0068,0.8225,1.146
115,F_N+MED,5,1,ARIMA,A_tiempo,576,144,multi-step-direct,-0.0386,0.135746,0.368437,0.281104,6.9856,0.5828,0.9932,0.21
115,F_N+MED,5,3,LinReg,A_tiempo,576,144,multi-step-direct,-0.9607,1.800396,1.341788,0.988062,18.3177,0.1424,1.0,0.943
115,F_N+MED,5,3,DT,A_tiempo,576,144,multi-step-direct,0.0474,0.874762,0.935287,0.67009,14.4673,0.007,0.6338,25.842
115,F_N+MED,5,3,RF,A_tiempo,576,144,multi-step-direct,0.2739,0.666765,0.816557,0.592592,14.7042,0.2586,0.689,10.913
115,F_N+MED,5,3,SVR_rbf,A_tiempo,576,144,multi-step-direct,0.1838,0.749492,0.865732,0.626552,14.7609,60.7483,0.4838,34.912
115,F_N+MED,5,3,MLP,A_tiempo,576,144,multi-step-direct,0.2049,0.730133,0.854478,0.623286,14.4846,0.0404,0.3884,4.01
115,F_N+MED,5,3,ARIMA,A_tiempo,576,144,multi-step-direct,-0.1531,0.189273,0.435055,0.360434,9.906,0.3132,0.9932,0.338
115,F_N+MED,5,5,LinReg,A_tiempo,575,144,multi-step-direct,-1.451,2.259919,1.503303,1.132784,18.7982,0.2383,1.0,1.55
115,F_N+MED,5,5,DT,A_tiempo,575,144,multi-step-direct,-0.0919,1.006754,1.003371,0.726391,14.8341,0.0098,0.5485,41.469
115,F_N+MED,5,5,RF,A_tiempo,575,144,multi-step-direct,0.1258,0.806064,0.897811,0.649854,15.8597,0.262,0.5941,17.843
115,F_N+MED,5,5,SVR_rbf,A_tiempo,575,144,multi-step-direct,0.051,0.875044,0.935438,0.682062,15.5487,111.079,0.415,54.792
115,F_N+MED,5,5,MLP,A_tiempo,575,144,multi-step-direct,0.0195,0.904034,0.950807,0.689177,15.7288,0.0168,0.3299,1.917
115,F_N+MED,5,5,ARIMA,A_tiempo,575,144,multi-step-direct,-0.1757,0.736254,0.858053,0.663389,18.9601,0.1422,0.9932,0.256
115,F_N+PB+MED,5,1,LinReg,A_tiempo,576,144,multi-step-direct,-0.9109,1.671832,1.292993,0.989578,18.6511,0.103,1.0,0.48
115,F_N+PB+MED,5,1,DT,A_tiempo,576,144,multi-step-direct,0.2032,0.697161,0.834962,0.575914,12.2808,0.0083,0.8923,8.4
115,F_N+PB+MED,5,1,RF,A_tiempo,576,144,multi-step-direct,0.4855,0.450177,0.670952,0.483505,11.0361,0.1792,0.8863,4.574
115,F_N+PB+MED,5,1,SVR_rbf,A_tiempo,576,144,multi-step-direct,0.1886,0.709863,0.842534,0.623285,12.2573,18.9841,0.7388,10.301
115,F_N+PB+MED,5,1,MLP,A_tiempo,576,144,multi-step-direct,0.2048,0.695757,0.834121,0.623301,12.0797,0.0171,0.7406,5.014
115,F_N+PB+MED,5,1,ARIMA,A_tiempo,576,144,multi-step-direct,-0.0832,0.804857,0.897138,0.664649,17.022,1.7181,0.989,0.619
115,F_N+PB+MED,5,3,LinReg,A_tiempo,576,144,multi-step-direct,-1.8575,2.478695,1.574387,1.218497,19.4689,0.2532,1.0,0.952
115,F_N+PB+MED,5,3,DT,A_tiempo,576,144,multi-step-direct,-0.323,1.147607,1.071264,0.783032,13.1926,0.0073,0.7866,23.278
115,F_N+PB+MED,5,3,RF,A_tiempo,576,144,multi-step-direct,0.1522,0.735437,0.857576,0.64388,13.2553,0.1679,0.7713,10.284
115,F_N+PB+MED,5,3,SVR_rbf,A_tiempo,576,144,multi-step-direct,-0.0312,0.894497,0.945778,0.71686,13.5235,73.3216,0.5887,33.948
115,F_N+PB+MED,5,3,MLP,A_tiempo,576,144,multi-step-direct,-0.0376,0.900013,0.94869,0.725824,13.6148,0.0125,0.4401,1.374
115,F_N+PB+MED,5,3,ARIMA,A_tiempo,576,144,multi-step-direct,-0.0962,0.957419,0.978478,0.77399,21.9184,0.366,0.989,0.395
115,F_N+PB+MED,5,5,LinReg,A_tiempo,575,144,multi-step-direct,-2.1381,2.683039,1.637999,1.275346,20.6619,0.2494,1.0,1.549
115,F_N+PB+MED,5,5,DT,A_tiempo,575,144,multi-step-direct,-0.5642,1.337357,1.156441,0.871897,13.103,0.0087,0.7219,40.716
115,F_N+PB+MED,5,5,RF,A_tiempo,575,144,multi-step-direct,0.0383,0.822226,0.906767,0.702927,13.5825,0.249,0.693,15.262
115,F_N+PB+MED,5,5,SVR_rbf,A_tiempo,575,144,multi-step-direct,-0.091,0.932769,0.965799,0.742152,13.183,110.4412,0.5043,54.307
115,F_N+PB+MED,5,5,MLP,A_tiempo,575,144,multi-step-direct,-0.0695,0.914417,0.956252,0.74786,13.7639,0.017,0.3267,3.118
115,F_N+PB+MED,5,5,ARIMA,A_tiempo,575,144,multi-step-direct,-0.0848,1.037352,1.018505,0.792117,22.6041,0.2486,0.989,0.447
116,F_SIN,5,1,LinReg,A_tiempo,576,144,multi-step-direct,-4.9667,1.78311,1.335332,1.016378,19.812,0.2674,1.0,0.489
116,F_SIN,5,1,DT,A_tiempo,576,144,multi-step-direct,-0.2778,0.381875,0.61796,0.379235,7.1359,0.0055,0.4446,5.245
116,F_SIN,5,1,RF,A_tiempo,576,144,multi-step-direct,0.0217,0.292372,0.540714,0.319698,7.8201,0.1785,0.5747,3.684
116,F_SIN,5,1,SVR_rbf,A_tiempo,576,144,multi-step-direct,0.0183,0.293378,0.541644,0.286893,7.5077,18.5199,0.3612,12.353
116,F_SIN,5,1,MLP,A_tiempo,576,144,multi-step-direct,-0.0725,0.320518,0.566143,0.333189,7.3198,0.0073,0.4867,1.849
116,F_SIN,5,1,ARIMA,A_tiempo,576,144,multi-step-direct,-0.098,0.436627,0.660777,0.435616,11.6106,1.5798,0.9339,0.569
116,F_SIN,5,3,LinReg,A_tiempo,576,144,multi-step-direct,-6.729,2.295621,1.515131,1.1628,24.9616,0.2982,1.0,2.7
116,F_SIN,5,3,DT,A_tiempo,576,144,multi-step-direct,-0.1909,0.35372,0.594744,0.362986,7.3199,0.0096,0.3561,15.058
116,F_SIN,5,3,RF,A_tiempo,576,144,multi-step-direct,-0.027,0.305034,0.552298,0.328003,8.5287,0.1698,0.4638,7.356
116,F_SIN,5,3,SVR_rbf,A_tiempo,576,144,multi-step-direct,-0.0978,0.326069,0.571024,0.326336,8.0142,60.879,0.3052,38.363
116,F_SIN,5,3,MLP,A_tiempo,576,144,multi-step-direct,-0.0446,0.310255,0.557005,0.324499,8.1474,0.0117,0.193,0.966
116,F_SIN,5,3,ARIMA,A_tiempo,576,144,multi-step-direct,-0.3488,0.632749,0.795455,0.616,17.0245,0.7569,0.9339,0.817
116,F_SIN,5,5,LinReg,A_tiempo,575,144,multi-step-direct,-8.1092,2.792467,1.671067,1.286223,26.4663,0.2379,1.0,3.28
116,F_SIN,5,5,DT,A_tiempo,575,144,multi-step-direct,-0.321,0.404972,0.636374,0.356577,11.675,0.0091,0.306,22.65
116,F_SIN,5,5,RF,A_tiempo,575,144,multi-step-direct,-0.022,0.313306,0.559738,0.332864,11.1289,0.2445,0.3472,13.767
116,F_SIN,5,5,SVR_rbf,A_tiempo,575,144,multi-step-direct,-0.1127,0.341095,0.584033,0.337397,10.891,107.8679,0.2682,63.349
116,F_SIN,5,5,MLP,A_tiempo,575,144,multi-step-direct,-0.0222,0.313352,0.559779,0.33301,11.6581,0.0196,0.0047,3.689
116,F_SIN,5,5,ARIMA,A_tiempo,575,144,multi-step-direct,-0.2149,0.541865,0.736115,0.534714,15.3384,0.8809,0.9339,1.586
116,F_N,5,1,LinReg,A_tiempo,576,144,multi-step-direct,-5.1085,1.825404,1.351075,1.029347,20.1624,0.2667,1.0,0.473
116,F_N,5,1,DT,A_tiempo,576,144,multi-step-direct,-0.3338,0.398572,0.631326,0.383749,7.8087,0.007,0.4449,8.68
116,F_N,5,1,RF,A_tiempo,576,144,multi-step-direct,0.0146,0.294471,0.542652,0.320621,7.7373,0.1706,0.572,5.697
116,F_N,5,1,SVR_rbf,A_tiempo,576,144,multi-step-direct,0.0184,0.293343,0.541612,0.286844,7.5105,18.5628,0.3612,11.542
116,F_N,5,1,MLP,A_tiempo,576,144,multi-step-direct,-0.1043,0.330006,0.574461,0.344114,7.2666,0.0067,0.5256,6.886
116,F_N,5,1,ARIMA,A_tiempo,576,144,multi-step-direct,-0.0965,0.435979,0.660287,0.434552,11.6157,1.5979,0.9346,0.575
116,F_N,5,3,LinReg,A_tiempo,576,144,multi-step-direct,-6.7966,2.315553,1.521694,1.167522,25.1268,0.1418,1.0,0.965
116,F_N,5,3,DT,A_tiempo,576,144,multi-step-direct,-0.4595,0.433459,0.658376,0.378331,7.1829,0.0084,0.3569,25.3
116,F_N,5,3,RF,A_tiempo,576,144,multi-step-direct,-0.0102,0.300037,0.547756,0.325614,8.5051,0.1703,0.4679,10.432
116,F_N,5,3,SVR_rbf,A_tiempo,576,144,multi-step-direct,-0.0979,0.326062,0.571018,0.326326,8.0108,55.7116,0.3052,39.273
116,F_N,5,3,MLP,A_tiempo,576,144,multi-step-direct,-0.0303,0.305991,0.553165,0.322805,8.3457,0.0258,0.1545,0.913
116,F_N,5,3,ARIMA,A_tiempo,576,144,multi-step-direct,-0.3462,0.631458,0.794644,0.614806,17.0025,1.4715,0.9346,1.589
116,F_N,5,5,LinReg,A_tiempo,575,144,multi-step-direct,-8.2976,2.85004,1.688206,1.297187,26.8764,0.238,1.0,2.378
116,F_N,5,5,DT,A_tiempo,575,144,multi-step-direct,-0.3202,0.404687,0.63615,0.3563,11.4156,0.0092,0.3067,41.716
116,F_N,5,5,RF,A_tiempo,575,144,multi-step-direct,-0.0273,0.314888,0.561148,0.334407,10.9857,0.2558,0.3546,19.025
116,F_N,5,5,SVR_rbf,A_tiempo,575,144,multi-step-direct,-0.1128,0.3411,0.584038,0.337397,10.8939,109.1338,0.2681,61.662
116,F_N,5,5,MLP,A_tiempo,575,144,multi-step-direct,-0.0222,0.313331,0.55976,0.332993,11.6605,0.0168,0.0047,0.664
116,F_N,5,5,ARIMA,A_tiempo,575,144,multi-step-direct,-0.2127,0.540856,0.735429,0.533609,15.307,0.2991,0.9346,0.538
116,F_PB,5,1,LinReg,A_tiempo,576,144,multi-step-direct,-35.4503,11.816536,3.437519,2.597134,66.5938,0.0902,1.0,0.493
116,F_PB,5,1,DT,A_tiempo,576,144,multi-step-direct,-0.9481,0.631544,0.794697,0.413497,8.2413,0.0054,0.6276,9.869
116,F_PB,5,1,RF,A_tiempo,576,144,multi-step-direct,-0.0308,0.334166,0.578071,0.295706,7.9658,0.1672,0.691,3.128
116,F_PB,5,1,SVR_rbf,A_tiempo,576,144,multi-step-direct,-0.0612,0.344012,0.586525,0.268411,9.029,25.5397,0.2938,13.588
116,F_PB,5,1,MLP,A_tiempo,576,144,multi-step-direct,-0.075,0.348496,0.590335,0.303051,8.411,0.0064,0.2556,0.955
116,F_PB,5,1,ARIMA,A_tiempo,576,144,multi-step-direct,-0.0885,0.610631,0.781429,0.505344,13.9845,4.5382,0.9477,1.634
116,F_PB,5,3,LinReg,A_tiempo,576,144,multi-step-direct,-42.3333,13.570786,3.683855,2.797538,65.8077,0.1482,1.0,0.948
116,F_PB,5,3,DT,A_tiempo,576,144,multi-step-direct,-1.6014,0.814693,0.902604,0.485965,11.8742,0.007,0.536,25.186
116,F_PB,5,3,RF,A_tiempo,576,144,multi-step-direct,-0.0891,0.341071,0.584013,0.305098,7.7378,0.1678,0.571,8.409
116,F_PB,5,3,SVR_rbf,A_tiempo,576,144,multi-step-direct,-0.0703,0.335192,0.578958,0.271688,8.8293,55.0645,0.23,40.298
116,F_PB,5,3,MLP,A_tiempo,576,144,multi-step-direct,-0.0194,0.319248,0.565021,0.28249,9.0096,0.1607,0.0231,2.368
116,F_PB,5,3,ARIMA,A_tiempo,576,144,multi-step-direct,-0.0594,0.629828,0.793617,0.50435,17.7988,3.255,0.9477,3.515
116,F_PB,5,5,LinReg,A_tiempo,575,144,multi-step-direct,-45.7255,14.915118,3.86201,2.940376,75.9487,0.2351,1.0,1.714
116,F_PB,5,5,DT,A_tiempo,575,144,multi-step-direct,-1.2202,0.708707,0.841848,0.446301,9.2772,0.0094,0.4806,39.863
116,F_PB,5,5,RF,A_tiempo,575,144,multi-step-direct,-0.0757,0.343377,0.585983,0.301103,11.2533,0.1828,0.4871,16.091
116,F_PB,5,5,SVR_rbf,A_tiempo,575,144,multi-step-direct,-0.0679,0.340889,0.583857,0.276025,12.2096,108.5827,0.1983,64.588
116,F_PB,5,5,MLP,A_tiempo,575,144,multi-step-direct,-0.028,0.328132,0.572828,0.284507,12.4519,0.0171,0.0608,1.191
116,F_PB,5,5,ARIMA,A_tiempo,575,144,multi-step-direct,-0.0712,0.578296,0.760458,0.491013,15.0898,0.9007,0.9477,1.621
116,F_MED,5,1,LinReg,A_tiempo,576,144,multi-step-direct,-5.44,1.683213,1.297387,0.70312,23.9267,0.2666,1.0,0.48
116,F_MED,5,1,DT,A_tiempo,576,144,multi-step-direct,-1.1832,0.570616,0.755391,0.369218,6.3332,0.0075,0.8321,7.069
116,F_MED,5,1,RF,A_tiempo,576,144,multi-step-direct,0.2251,0.202545,0.45005,0.277094,5.8308,0.1692,0.6645,2.514
116,F_MED,5,1,SVR_rbf,A_tiempo,576,144,multi-step-direct,0.2422,0.198076,0.445058,0.26448,5.1097,31.1306,0.4504,12.581
116,F_MED,5,1,MLP,A_tiempo,576,144,multi-step-direct,0.0452,0.249555,0.499555,0.294562,6.481,0.0066,0.724,2.118
116,F_MED,5,1,ARIMA,A_tiempo,576,144,multi-step-direct,-0.0371,0.124254,0.352497,0.286167,6.541,0.8166,0.9939,0.294
116,F_MED,5,3,LinReg,A_tiempo,576,144,multi-step-direct,-11.8475,3.462917,1.860891,1.068655,33.8161,0.1428,1.0,0.929
116,F_MED,5,3,DT,A_tiempo,576,144,multi-step-direct,-2.251,0.876279,0.936098,0.422569,16.3352,0.0066,0.7405,14.793
116,F_MED,5,3,RF,A_tiempo,576,144,multi-step-direct,0.0057,0.268011,0.517698,0.321012,6.9638,0.1657,0.5732,6.663
116,F_MED,5,3,SVR_rbf,A_tiempo,576,144,multi-step-direct,0.0117,0.266398,0.516137,0.326742,6.5992,56.3474,0.3801,36.706
116,F_MED,5,3,MLP,A_tiempo,576,144,multi-step-direct,-0.0358,0.279179,0.528374,0.323598,6.363,0.038,0.3639,1.091
116,F_MED,5,3,ARIMA,A_tiempo,576,144,multi-step-direct,-0.7041,0.354946,0.595774,0.493648,13.0794,0.4213,0.9939,0.455
116,F_MED,5,5,LinReg,A_tiempo,575,144,multi-step-direct,-15.4345,4.702022,2.168415,1.25926,39.2272,0.2438,1.0,3.394
116,F_MED,5,5,DT,A_tiempo,575,144,multi-step-direct,-0.0706,0.306316,0.553458,0.345689,9.7722,0.0078,0.6164,20.608
116,F_MED,5,5,RF,A_tiempo,575,144,multi-step-direct,-0.0491,0.300157,0.547866,0.333473,9.1293,0.1716,0.4914,12.883
116,F_MED,5,5,SVR_rbf,A_tiempo,575,144,multi-step-direct,-0.0284,0.294242,0.542441,0.343715,9.3169,110.3458,0.3301,55.718
116,F_MED,5,5,MLP,A_tiempo,575,144,multi-step-direct,-0.0015,0.286531,0.535286,0.340016,10.1333,0.0177,0.0502,0.711
116,F_MED,5,5,ARIMA,A_tiempo,575,144,multi-step-direct,-0.2579,0.275832,0.525197,0.423693,11.8742,0.1881,0.9939,0.339
116,F_N+PB,5,1,LinReg,A_tiempo,576,144,multi-step-direct,-43.3754,14.384755,3.792724,2.841909,74.0418,0.251,1.0,0.454
116,F_N+PB,5,1,DT,A_tiempo,576,144,multi-step-direct,-0.8358,0.59509,0.771421,0.402035,7.5453,0.0076,0.6276,9.552
116,F_N+PB,5,1,RF,A_tiempo,576,144,multi-step-direct,-0.0268,0.332837,0.576921,0.292868,7.7449,0.166,0.6899,3.449
116,F_N+PB,5,1,SVR_rbf,A_tiempo,576,144,multi-step-direct,-0.0612,0.343992,0.586508,0.268412,9.0279,27.4097,0.2939,13.632
116,F_N+PB,5,1,MLP,A_tiempo,576,144,multi-step-direct,-0.077,0.349111,0.590856,0.303601,8.3896,0.0067,0.2616,2.765
116,F_N+PB,5,1,ARIMA,A_tiempo,576,144,multi-step-direct,-0.0877,0.610155,0.781124,0.504696,13.9864,5.0351,0.9477,1.813
116,F_N+PB,5,3,LinReg,A_tiempo,576,144,multi-step-direct,-52.0664,16.617767,4.07649,3.078428,72.7462,0.1415,1.0,0.975
116,F_N+PB,5,3,DT,A_tiempo,576,144,multi-step-direct,-1.4639,0.771585,0.878399,0.473361,9.7778,0.0083,0.536,24.507
116,F_N+PB,5,3,RF,A_tiempo,576,144,multi-step-direct,-0.0878,0.340637,0.583641,0.304792,7.7738,0.1735,0.5709,9.28
116,F_N+PB,5,3,SVR_rbf,A_tiempo,576,144,multi-step-direct,-0.0703,0.335172,0.578941,0.271688,8.8284,56.096,0.23,39.308
116,F_N+PB,5,3,MLP,A_tiempo,576,144,multi-step-direct,-0.0193,0.319199,0.564977,0.282485,9.0106,0.0119,0.023,0.734
116,F_N+PB,5,3,ARIMA,A_tiempo,576,144,multi-step-direct,-0.0587,0.629403,0.793349,0.503703,17.7986,2.4208,0.9477,2.614
116,F_N+PB,5,5,LinReg,A_tiempo,575,144,multi-step-direct,-55.6907,18.094838,4.253803,3.224117,84.2895,0.2356,1.0,2.429
116,F_N+PB,5,5,DT,A_tiempo,575,144,multi-step-direct,-1.0538,0.655548,0.809659,0.43796,9.4003,0.0081,0.4806,39.178
116,F_N+PB,5,5,RF,A_tiempo,575,144,multi-step-direct,-0.0748,0.343046,0.585701,0.299937,11.2939,0.2423,0.4866,16.331
116,F_N+PB,5,5,SVR_rbf,A_tiempo,575,144,multi-step-direct,-0.0679,0.340868,0.583839,0.276023,12.2088,108.5137,0.1983,64.722
116,F_N+PB,5,5,MLP,A_tiempo,575,144,multi-step-direct,-0.0281,0.328148,0.572842,0.284515,12.4469,0.0172,0.0609,1.181
116,F_N+PB,5,5,ARIMA,A_tiempo,575,144,multi-step-direct,-0.0705,0.577881,0.760185,0.490369,15.0888,0.9284,0.9477,1.671
116,F_N+MED,5,1,LinReg,A_tiempo,576,144,multi-step-direct,-5.0355,1.577433,1.255959,0.686865,22.8261,0.0916,1.0,0.507
116,F_N+MED,5,1,DT,A_tiempo,576,144,multi-step-direct,-0.0905,0.28501,0.533864,0.327316,5.7254,0.0053,0.8276,10.015
116,F_N+MED,5,1,RF,A_tiempo,576,144,multi-step-direct,0.2307,0.20107,0.448409,0.274459,5.901,0.1698,0.6622,3.669
116,F_N+MED,5,1,SVR_rbf,A_tiempo,576,144,multi-step-direct,0.2421,0.198084,0.445066,0.26446,5.0959,25.4783,0.4504,12.671
116,F_N+MED,5,1,MLP,A_tiempo,576,144,multi-step-direct,0.0017,0.260914,0.510798,0.301795,6.7175,0.0064,0.727,1.587
116,F_N+MED,5,1,ARIMA,A_tiempo,576,144,multi-step-direct,-0.0102,0.121434,0.348474,0.282274,6.5376,0.4938,0.9937,0.178
116,F_N+MED,5,3,LinReg,A_tiempo,576,144,multi-step-direct,-11.5269,3.376629,1.837561,1.048525,33.8501,0.1417,1.0,0.92
116,F_N+MED,5,3,DT,A_tiempo,576,144,multi-step-direct,-1.911,0.78467,0.885816,0.407946,16.6546,0.0062,0.7428,25.774
116,F_N+MED,5,3,RF,A_tiempo,576,144,multi-step-direct,0.041,0.258504,0.508433,0.31824,6.982,0.1828,0.5735,9.893
116,F_N+MED,5,3,SVR_rbf,A_tiempo,576,144,multi-step-direct,0.0114,0.266478,0.516215,0.32678,6.5951,55.9282,0.3801,36.389
116,F_N+MED,5,3,MLP,A_tiempo,576,144,multi-step-direct,-0.0322,0.278226,0.527472,0.323795,6.3486,0.0117,0.3597,0.893
116,F_N+MED,5,3,ARIMA,A_tiempo,576,144,multi-step-direct,-0.5886,0.331928,0.576132,0.477011,12.7233,0.2546,0.9937,0.275
116,F_N+MED,5,5,LinReg,A_tiempo,575,144,multi-step-direct,-16.0285,4.872118,2.207288,1.278012,40.9898,0.4299,1.0,3.196
116,F_N+MED,5,5,DT,A_tiempo,575,144,multi-step-direct,-0.1558,0.33069,0.575056,0.355905,9.5197,0.01,0.6218,41.127
116,F_N+MED,5,5,RF,A_tiempo,575,144,multi-step-direct,-0.0607,0.303496,0.550904,0.333826,9.1513,0.2576,0.4894,19.635
116,F_N+MED,5,5,SVR_rbf,A_tiempo,575,144,multi-step-direct,-0.0287,0.294323,0.542515,0.343781,9.3156,108.398,0.3302,56.688
116,F_N+MED,5,5,MLP,A_tiempo,575,144,multi-step-direct,-0.0027,0.286903,0.535633,0.340508,10.1141,0.017,0.0509,0.73
116,F_N+MED,5,5,ARIMA,A_tiempo,575,144,multi-step-direct,-0.193,0.261874,0.511737,0.415621,11.5911,0.1372,0.9937,0.247
116,F_N+PB+MED,5,1,LinReg,A_tiempo,576,144,multi-step-direct,-4.8576,1.611605,1.26949,0.793859,20.8173,0.0914,1.0,0.489
116,F_N+PB+MED,5,1,DT,A_tiempo,576,144,multi-step-direct,-2.5415,0.974381,0.987108,0.497212,17.0262,0.0067,0.6757,8.872
116,F_N+PB+MED,5,1,RF,A_tiempo,576,144,multi-step-direct,-0.0067,0.276977,0.526286,0.317257,5.6037,0.1653,0.6643,5.228
116,F_N+PB+MED,5,1,SVR_rbf,A_tiempo,576,144,multi-step-direct,0.0377,0.264747,0.514535,0.294637,5.4344,18.8037,0.4001,10.872
116,F_N+PB+MED,5,1,MLP,A_tiempo,576,144,multi-step-direct,-0.1667,0.320998,0.566567,0.352211,6.3343,0.0279,0.434,3.832
116,F_N+PB+MED,5,1,ARIMA,A_tiempo,576,144,multi-step-direct,-0.8931,0.525338,0.724802,0.650972,12.886,1.7556,0.9791,0.632
116,F_N+PB+MED,5,3,LinReg,A_tiempo,576,144,multi-step-direct,-8.2142,2.474865,1.57317,0.972586,31.2724,0.1417,1.0,0.923
116,F_N+PB+MED,5,3,DT,A_tiempo,576,144,multi-step-direct,-1.1346,0.573334,0.757188,0.481061,11.5726,0.0091,0.519,24.091
116,F_N+PB+MED,5,3,RF,A_tiempo,576,144,multi-step-direct,-0.1431,0.307032,0.554105,0.352051,6.5735,0.1696,0.5686,11.614
116,F_N+PB+MED,5,3,SVR_rbf,A_tiempo,576,144,multi-step-direct,-0.1189,0.300533,0.548208,0.337713,6.2418,72.9204,0.3191,34.698
116,F_N+PB+MED,5,3,MLP,A_tiempo,576,144,multi-step-direct,-0.2258,0.329239,0.573794,0.366332,6.8065,0.0118,0.2481,1.236
116,F_N+PB+MED,5,3,ARIMA,A_tiempo,576,144,multi-step-direct,-0.7786,0.456348,0.675536,0.612138,14.7157,0.1667,0.9791,0.18
116,F_N+PB+MED,5,5,LinReg,A_tiempo,575,144,multi-step-direct,-8.6892,2.73664,1.654279,1.045244,28.3169,0.2352,1.0,1.488
116,F_N+PB+MED,5,5,DT,A_tiempo,575,144,multi-step-direct,-1.076,0.58634,0.765728,0.501305,10.9022,0.0081,0.4316,42.076
116,F_N+PB+MED,5,5,RF,A_tiempo,575,144,multi-step-direct,-0.1819,0.333811,0.577764,0.35788,12.4961,0.1724,0.4828,17.675
116,F_N+PB+MED,5,5,SVR_rbf,A_tiempo,575,144,multi-step-direct,-0.1578,0.326998,0.571837,0.353235,12.1473,109.4405,0.287,58.458
116,F_N+PB+MED,5,5,MLP,A_tiempo,575,144,multi-step-direct,-0.2087,0.341382,0.584279,0.365418,13.1435,0.017,0.1712,1.465
116,F_N+PB+MED,5,5,ARIMA,A_tiempo,575,144,multi-step-direct,-0.9522,0.417743,0.64633,0.588096,14.1868,0.1136,0.9791,0.205
117,F_SIN,5,1,LinReg,A_tiempo,576,144,multi-step-direct,-0.3799,1.081166,1.039791,0.751098,16.6323,0.2668,1.0,0.526
117,F_SIN,5,1,DT,A_tiempo,576,144,multi-step-direct,0.1441,0.670611,0.818909,0.52828,11.7131,0.0056,0.8167,7.548
117,F_SIN,5,1,RF,A_tiempo,576,144,multi-step-direct,0.5011,0.390899,0.62522,0.399875,11.3533,0.1647,0.8316,2.33
117,F_SIN,5,1,SVR_rbf,A_tiempo,576,144,multi-step-direct,0.5242,0.372816,0.610587,0.372461,10.7597,26.6339,0.6679,13.253
117,F_SIN,5,1,MLP,A_tiempo,576,144,multi-step-direct,0.4861,0.402677,0.634569,0.415551,11.036,0.0066,0.6553,1.26
117,F_SIN,5,1,ARIMA,A_tiempo,576,144,multi-step-direct,-0.097,0.68237,0.826057,0.507106,15.5778,0.7201,0.9437,0.259
117,F_SIN,5,3,LinReg,A_tiempo,576,144,multi-step-direct,-0.8282,1.440784,1.200327,0.893201,17.4696,0.1442,1.0,0.968
117,F_SIN,5,3,DT,A_tiempo,576,144,multi-step-direct,0.0707,0.732352,0.855775,0.577491,13.2259,0.0071,0.7237,17.275
117,F_SIN,5,3,RF,A_tiempo,576,144,multi-step-direct,0.4055,0.468502,0.684472,0.461729,13.5908,0.1712,0.7519,8.227
117,F_SIN,5,3,SVR_rbf,A_tiempo,576,144,multi-step-direct,0.4158,0.460425,0.678546,0.445473,13.1419,70.1355,0.6028,37.268
117,F_SIN,5,3,MLP,A_tiempo,576,144,multi-step-direct,0.3799,0.488663,0.699044,0.484792,13.2147,0.0117,0.5949,1.871
117,F_SIN,5,3,ARIMA,A_tiempo,576,144,multi-step-direct,-0.0201,0.629792,0.793594,0.563788,16.9169,0.2628,0.9437,0.284
117,F_SIN,5,5,LinReg,A_tiempo,575,144,multi-step-direct,-1.1615,1.698631,1.303316,0.980886,18.0993,0.2372,1.0,1.513
117,F_SIN,5,5,DT,A_tiempo,575,144,multi-step-direct,-0.0687,0.839895,0.916458,0.625798,12.9239,0.0087,0.6578,28.736
117,F_SIN,5,5,RF,A_tiempo,575,144,multi-step-direct,0.3184,0.53567,0.731895,0.506631,12.899,0.2569,0.7054,12.424
117,F_SIN,5,5,SVR_rbf,A_tiempo,575,144,multi-step-direct,0.3476,0.512675,0.716013,0.484151,12.1704,109.3248,0.5536,59.79
117,F_SIN,5,5,MLP,A_tiempo,575,144,multi-step-direct,0.2857,0.561339,0.749226,0.529916,12.2473,0.0171,0.539,2.117
117,F_SIN,5,5,ARIMA,A_tiempo,575,144,multi-step-direct,-0.0792,0.643307,0.802064,0.621082,18.3722,0.2806,0.9437,0.505
117,F_N,5,1,LinReg,A_tiempo,576,144,multi-step-direct,-0.3935,1.091764,1.044875,0.754582,16.7394,0.1107,1.0,0.513
117,F_N,5,1,DT,A_tiempo,576,144,multi-step-direct,0.2232,0.608587,0.78012,0.494659,11.8552,0.0054,0.8161,9.784
117,F_N,5,1,RF,A_tiempo,576,144,multi-step-direct,0.5025,0.38977,0.624316,0.403589,11.4275,0.1656,0.8343,2.977
117,F_N,5,1,SVR_rbf,A_tiempo,576,144,multi-step-direct,0.5243,0.372718,0.610506,0.372402,10.7559,20.2374,0.668,13.224
117,F_N,5,1,MLP,A_tiempo,576,144,multi-step-direct,0.4914,0.398451,0.631229,0.410684,11.0682,0.0069,0.6809,1.516
117,F_N,5,1,ARIMA,A_tiempo,576,144,multi-step-direct,-0.1088,0.689683,0.830471,0.507274,15.6714,1.6655,0.944,0.6
117,F_N,5,3,LinReg,A_tiempo,576,144,multi-step-direct,-0.8509,1.458681,1.207759,0.899161,17.5093,0.1406,1.0,0.951
117,F_N,5,3,DT,A_tiempo,576,144,multi-step-direct,0.0548,0.744871,0.863059,0.572126,14.3389,0.0073,0.711,25.173
117,F_N,5,3,RF,A_tiempo,576,144,multi-step-direct,0.3971,0.475141,0.689304,0.464874,13.6257,0.1739,0.7511,8.041
117,F_N,5,3,SVR_rbf,A_tiempo,576,144,multi-step-direct,0.4159,0.460352,0.678492,0.445437,13.1346,57.4812,0.6028,40.242
117,F_N,5,3,MLP,A_tiempo,576,144,multi-step-direct,0.3758,0.491895,0.701352,0.484456,13.0748,0.0125,0.6221,6.221
117,F_N,5,3,ARIMA,A_tiempo,576,144,multi-step-direct,-0.0153,0.626747,0.791674,0.557657,16.8993,0.5911,0.944,0.638
117,F_N,5,5,LinReg,A_tiempo,575,144,multi-step-direct,-1.1813,1.714183,1.309268,0.986383,18.3767,0.2383,1.0,1.55
117,F_N,5,5,DT,A_tiempo,575,144,multi-step-direct,-0.0821,0.850386,0.922164,0.635327,13.2713,0.0114,0.6628,42.121
117,F_N,5,5,RF,A_tiempo,575,144,multi-step-direct,0.3356,0.522163,0.722608,0.499261,12.83,0.2849,0.707,15.568
117,F_N,5,5,SVR_rbf,A_tiempo,575,144,multi-step-direct,0.3477,0.512597,0.715959,0.484121,12.1839,110.2584,0.5537,60.502
117,F_N,5,5,MLP,A_tiempo,575,144,multi-step-direct,0.294,0.554816,0.74486,0.52806,12.5012,0.0488,0.4889,1.722
117,F_N,5,5,ARIMA,A_tiempo,575,144,multi-step-direct,-0.0692,0.637323,0.798325,0.613999,18.3231,0.1915,0.944,0.345
117,F_PB,5,1,LinReg,A_tiempo,576,144,multi-step-direct,-9.2515,8.599652,2.932516,2.259141,51.5215,0.2663,1.0,0.463
117,F_PB,5,1,DT,A_tiempo,576,144,multi-step-direct,0.1139,0.743321,0.862161,0.4195,12.7906,0.0054,0.9067,9.687
117,F_PB,5,1,RF,A_tiempo,576,144,multi-step-direct,0.5476,0.379522,0.616054,0.302879,10.334,0.1674,0.8636,2.747
117,F_PB,5,1,SVR_rbf,A_tiempo,576,144,multi-step-direct,0.5034,0.416551,0.645408,0.307859,10.501,28.7129,0.6163,13.351
117,F_PB,5,1,MLP,A_tiempo,576,144,multi-step-direct,0.4742,0.441084,0.664142,0.367503,11.0481,0.0062,0.572,1.159
117,F_PB,5,1,ARIMA,A_tiempo,576,144,multi-step-direct,-0.9296,1.70232,1.30473,0.963647,21.0354,4.3064,0.9629,1.55
117,F_PB,5,3,LinReg,A_tiempo,576,144,multi-step-direct,-10.9902,10.15132,3.186114,2.45924,53.071,0.1422,1.0,0.92
117,F_PB,5,3,DT,A_tiempo,576,144,multi-step-direct,0.0757,0.782569,0.884629,0.460376,12.4033,0.0086,0.8009,24.704
117,F_PB,5,3,RF,A_tiempo,576,144,multi-step-direct,0.4674,0.450919,0.671505,0.357548,12.5267,0.1862,0.791,7.724
117,F_PB,5,3,SVR_rbf,A_tiempo,576,144,multi-step-direct,0.4372,0.476484,0.690278,0.353606,12.7631,58.1632,0.5602,38.197
117,F_PB,5,3,MLP,A_tiempo,576,144,multi-step-direct,0.4106,0.499002,0.7064,0.404304,12.8326,0.0115,0.5427,2.034
117,F_PB,5,3,ARIMA,A_tiempo,576,144,multi-step-direct,-0.8246,1.408434,1.186775,0.863918,22.3615,2.4504,0.9629,2.646
117,F_PB,5,5,LinReg,A_tiempo,575,144,multi-step-direct,-12.1904,11.173183,3.342631,2.591794,61.1753,0.2338,1.0,2.46
117,F_PB,5,5,DT,A_tiempo,575,144,multi-step-direct,-0.0566,0.895045,0.946068,0.529824,12.1985,0.0105,0.7672,39.567
117,F_PB,5,5,RF,A_tiempo,575,144,multi-step-direct,0.3885,0.517943,0.719683,0.406734,11.8384,0.2438,0.7483,14.68
117,F_PB,5,5,SVR_rbf,A_tiempo,575,144,multi-step-direct,0.3798,0.525373,0.724826,0.386933,11.2304,106.1478,0.508,63.1
117,F_PB,5,5,MLP,A_tiempo,575,144,multi-step-direct,0.3456,0.55429,0.744506,0.439795,11.6672,0.028,0.4756,2.857
117,F_PB,5,5,ARIMA,A_tiempo,575,144,multi-step-direct,-0.8939,1.442384,1.200993,0.884751,25.2376,0.8629,0.9629,1.553
117,F_MED,5,1,LinReg,A_tiempo,576,144,multi-step-direct,0.5453,0.349104,0.59085,0.449647,11.3755,0.263,1.0,0.49
117,F_MED,5,1,DT,A_tiempo,576,144,multi-step-direct,0.4869,0.393865,0.627586,0.422167,11.9514,0.0061,0.9206,7.08
117,F_MED,5,1,RF,A_tiempo,576,144,multi-step-direct,0.7439,0.196571,0.443363,0.323134,8.9552,0.1773,0.9293,2.127
117,F_MED,5,1,SVR_rbf,A_tiempo,576,144,multi-step-direct,0.7963,0.156378,0.395446,0.280905,8.0474,30.7826,0.8269,14.713
117,F_MED,5,1,MLP,A_tiempo,576,144,multi-step-direct,0.7695,0.176972,0.42068,0.312328,8.4301,0.007,0.9228,2.03
117,F_MED,5,1,ARIMA,A_tiempo,576,144,multi-step-direct,-0.589,0.81489,0.902713,0.549318,17.0788,0.7309,0.9959,0.263
117,F_MED,5,3,LinReg,A_tiempo,576,144,multi-step-direct,0.1845,0.628312,0.792661,0.601601,13.0047,0.1302,1.0,2.128
117,F_MED,5,3,DT,A_tiempo,576,144,multi-step-direct,0.2412,0.584628,0.76461,0.533301,12.1565,0.0077,0.8397,15.803
117,F_MED,5,3,RF,A_tiempo,576,144,multi-step-direct,0.5913,0.314906,0.561165,0.413886,10.5949,0.2638,0.8494,6.674
117,F_MED,5,3,SVR_rbf,A_tiempo,576,144,multi-step-direct,0.6455,0.273151,0.522639,0.378343,9.848,56.106,0.7339,34.524
117,F_MED,5,3,MLP,A_tiempo,576,144,multi-step-direct,0.5982,0.309595,0.556413,0.419168,10.3183,0.0117,0.8521,2.559
117,F_MED,5,3,ARIMA,A_tiempo,576,144,multi-step-direct,-0.0294,0.49861,0.706123,0.451874,16.1872,0.2255,0.9959,0.244
117,F_MED,5,5,LinReg,A_tiempo,575,144,multi-step-direct,-0.0827,0.828636,0.910295,0.693055,14.0308,0.7497,1.0,5.174
117,F_MED,5,5,DT,A_tiempo,575,144,multi-step-direct,-0.2091,0.925362,0.961958,0.615476,13.3601,0.0113,0.8244,28.38
117,F_MED,5,5,RF,A_tiempo,575,144,multi-step-direct,0.4994,0.383151,0.618992,0.462039,12.1518,0.2469,0.8035,9.234
117,F_MED,5,5,SVR_rbf,A_tiempo,575,144,multi-step-direct,0.547,0.346741,0.588847,0.43275,11.5413,102.3702,0.662,56.331
117,F_MED,5,5,MLP,A_tiempo,575,144,multi-step-direct,0.4346,0.432741,0.65783,0.486966,11.4064,0.0161,0.7811,3.563
117,F_MED,5,5,ARIMA,A_tiempo,575,144,multi-step-direct,-0.0002,0.518046,0.719754,0.512343,16.5472,0.1408,0.9959,0.253
117,F_N+PB,5,1,LinReg,A_tiempo,576,144,multi-step-direct,-11.591,10.562227,3.249958,2.505451,59.4832,0.0886,1.0,0.453
117,F_N+PB,5,1,DT,A_tiempo,576,144,multi-step-direct,0.0977,0.75692,0.870011,0.418318,12.3732,0.0062,0.9067,9.417
117,F_N+PB,5,1,RF,A_tiempo,576,144,multi-step-direct,0.5476,0.379465,0.616007,0.30463,10.2826,0.1668,0.8633,2.471
117,F_N+PB,5,1,SVR_rbf,A_tiempo,576,144,multi-step-direct,0.5035,0.416507,0.645374,0.30785,10.5001,30.0783,0.6163,12.532
117,F_N+PB,5,1,MLP,A_tiempo,576,144,multi-step-direct,0.4741,0.441171,0.664207,0.367539,11.0359,0.007,0.5721,1.901
117,F_N+PB,5,1,ARIMA,A_tiempo,576,144,multi-step-direct,-0.934,1.706249,1.306235,0.965622,21.0393,4.6,0.963,1.656
117,F_N+PB,5,3,LinReg,A_tiempo,576,144,multi-step-direct,-13.8056,12.535134,3.540499,2.733004,61.9902,0.1307,1.0,0.896
117,F_N+PB,5,3,DT,A_tiempo,576,144,multi-step-direct,0.1041,0.758521,0.870931,0.443612,12.2067,0.0106,0.8009,26.273
117,F_N+PB,5,3,RF,A_tiempo,576,144,multi-step-direct,0.4658,0.452256,0.6725,0.357123,12.5057,0.1729,0.7901,7.293
117,F_N+PB,5,3,SVR_rbf,A_tiempo,576,144,multi-step-direct,0.4372,0.476465,0.690264,0.353608,12.7621,67.2693,0.5603,36.16
117,F_N+PB,5,3,MLP,A_tiempo,576,144,multi-step-direct,0.4107,0.498914,0.706338,0.404189,12.8399,0.0117,0.5426,2.216
117,F_N+PB,5,3,ARIMA,A_tiempo,576,144,multi-step-direct,-0.8291,1.411914,1.18824,0.865959,22.3667,1.5772,0.963,1.703
117,F_N+PB,5,5,LinReg,A_tiempo,575,144,multi-step-direct,-15.4562,13.939528,3.733568,2.890773,69.7887,0.2199,1.0,1.487
117,F_N+PB,5,5,DT,A_tiempo,575,144,multi-step-direct,-0.0966,0.928901,0.963795,0.538801,12.2333,0.0097,0.767,40.602
117,F_N+PB,5,5,RF,A_tiempo,575,144,multi-step-direct,0.3915,0.515474,0.717965,0.405893,11.7589,0.242,0.75,13.982
117,F_N+PB,5,5,SVR_rbf,A_tiempo,575,144,multi-step-direct,0.3798,0.525343,0.724806,0.386931,11.2305,98.0505,0.508,56.306
117,F_N+PB,5,5,MLP,A_tiempo,575,144,multi-step-direct,0.3458,0.55412,0.744392,0.439628,11.6547,0.0214,0.4757,7.008
117,F_N+PB,5,5,ARIMA,A_tiempo,575,144,multi-step-direct,-0.8978,1.445327,1.202217,0.886436,25.249,0.9452,0.963,1.701
117,F_N+MED,5,1,LinReg,A_tiempo,576,144,multi-step-direct,0.5367,0.35562,0.596339,0.454632,11.4918,0.1033,1.0,0.463
117,F_N+MED,5,1,DT,A_tiempo,576,144,multi-step-direct,0.5024,0.381948,0.618019,0.421683,11.5016,0.0072,0.9334,8.921
117,F_N+MED,5,1,RF,A_tiempo,576,144,multi-step-direct,0.7294,0.207727,0.45577,0.333625,9.1077,0.1701,0.9309,3.657
117,F_N+MED,5,1,SVR_rbf,A_tiempo,576,144,multi-step-direct,0.7963,0.156365,0.395431,0.280939,8.0383,16.9807,0.8269,10.509
117,F_N+MED,5,1,MLP,A_tiempo,576,144,multi-step-direct,0.7663,0.17937,0.423521,0.316323,8.5225,0.0277,0.9265,5.907
117,F_N+MED,5,1,ARIMA,A_tiempo,576,144,multi-step-direct,-0.5859,0.810801,0.900445,0.547556,17.0365,0.6256,0.996,0.225
117,F_N+MED,5,3,LinReg,A_tiempo,576,144,multi-step-direct,0.1806,0.631223,0.794496,0.60399,13.065,0.1639,1.0,0.883
117,F_N+MED,5,3,DT,A_tiempo,576,144,multi-step-direct,0.3063,0.534356,0.730996,0.519328,11.3215,0.0103,0.8445,23.733
117,F_N+MED,5,3,RF,A_tiempo,576,144,multi-step-direct,0.5893,0.316404,0.562498,0.415421,10.6129,0.182,0.8508,9.787
117,F_N+MED,5,3,SVR_rbf,A_tiempo,576,144,multi-step-direct,0.6455,0.273088,0.522578,0.378308,9.8442,60.3726,0.7339,33.672
117,F_N+MED,5,3,MLP,A_tiempo,576,144,multi-step-direct,0.5993,0.308676,0.555586,0.419047,10.3083,0.0116,0.8453,4.329
117,F_N+MED,5,3,ARIMA,A_tiempo,576,144,multi-step-direct,-0.0281,0.497923,0.705637,0.452416,16.1718,0.1406,0.996,0.152
117,F_N+MED,5,5,LinReg,A_tiempo,575,144,multi-step-direct,-0.1103,0.849705,0.921795,0.702488,14.2212,0.218,1.0,1.467
117,F_N+MED,5,5,DT,A_tiempo,575,144,multi-step-direct,-0.136,0.869336,0.932382,0.583975,12.9857,0.0111,0.8298,40.974
117,F_N+MED,5,5,RF,A_tiempo,575,144,multi-step-direct,0.4968,0.385099,0.620563,0.462179,12.2566,0.2586,0.8031,13.544
117,F_N+MED,5,5,SVR_rbf,A_tiempo,575,144,multi-step-direct,0.547,0.346642,0.588763,0.432684,11.5537,103.1292,0.6619,54.484
117,F_N+MED,5,5,MLP,A_tiempo,575,144,multi-step-direct,0.4276,0.438054,0.661856,0.490408,11.6802,0.0168,0.781,3.47
117,F_N+MED,5,5,ARIMA,A_tiempo,575,144,multi-step-direct,-0.0001,0.517883,0.719641,0.513091,16.5401,0.1003,0.996,0.181
117,F_N+PB+MED,5,1,LinReg,A_tiempo,576,144,multi-step-direct,0.4991,0.42434,0.651414,0.487509,12.2686,0.1316,1.0,2.174
117,F_N+PB+MED,5,1,DT,A_tiempo,576,144,multi-step-direct,0.7834,0.18349,0.428357,0.215513,7.1914,0.0082,0.9714,8.18
117,F_N+PB+MED,5,1,RF,A_tiempo,576,144,multi-step-direct,0.8856,0.096913,0.311309,0.174787,6.677,0.1828,0.9616,2.576
117,F_N+PB+MED,5,1,SVR_rbf,A_tiempo,576,144,multi-step-direct,0.8691,0.110889,0.333001,0.182164,6.8964,16.4565,0.8898,12.281
117,F_N+PB+MED,5,1,MLP,A_tiempo,576,144,multi-step-direct,0.8739,0.106828,0.326845,0.210027,6.2601,0.0072,0.9289,1.899
117,F_N+PB+MED,5,1,ARIMA,A_tiempo,576,144,multi-step-direct,-0.5157,1.312994,1.14586,0.671564,21.7412,0.738,0.9964,0.266
117,F_N+PB+MED,5,3,LinReg,A_tiempo,576,144,multi-step-direct,0.1545,0.725702,0.851881,0.635398,14.052,0.1323,1.0,0.924
117,F_N+PB+MED,5,3,DT,A_tiempo,576,144,multi-step-direct,0.5637,0.374464,0.611934,0.315058,8.8192,0.0077,0.9494,25.007
117,F_N+PB+MED,5,3,RF,A_tiempo,576,144,multi-step-direct,0.7778,0.190764,0.436765,0.251117,7.8373,0.2563,0.9275,6.972
117,F_N+PB+MED,5,3,SVR_rbf,A_tiempo,576,144,multi-step-direct,0.7689,0.198342,0.445355,0.242915,8.1246,60.537,0.8069,36.322
117,F_N+PB+MED,5,3,MLP,A_tiempo,576,144,multi-step-direct,0.7683,0.198847,0.445923,0.276536,7.8967,0.012,0.8544,2.726
117,F_N+PB+MED,5,3,ARIMA,A_tiempo,576,144,multi-step-direct,-0.4212,0.916329,0.957251,0.522238,21.5049,0.2651,0.9964,0.286
117,F_N+PB+MED,5,5,LinReg,A_tiempo,575,144,multi-step-direct,-0.194,1.021637,1.010761,0.749947,16.2445,0.3702,1.0,2.717
117,F_N+PB+MED,5,5,DT,A_tiempo,575,144,multi-step-direct,0.4953,0.431861,0.657161,0.352138,11.1723,0.0088,0.9211,40.35
117,F_N+PB+MED,5,5,RF,A_tiempo,575,144,multi-step-direct,0.6952,0.260842,0.510727,0.301369,10.8321,0.2604,0.8987,14.025
117,F_N+PB+MED,5,5,SVR_rbf,A_tiempo,575,144,multi-step-direct,0.6812,0.272743,0.522248,0.289731,10.6506,92.2155,0.7219,56.052
117,F_N+PB+MED,5,5,MLP,A_tiempo,575,144,multi-step-direct,0.6702,0.282177,0.531203,0.332416,10.3753,0.0171,0.7878,6.36
117,F_N+PB+MED,5,5,ARIMA,A_tiempo,575,144,multi-step-direct,-0.4442,1.087613,1.042887,0.581416,24.123,0.1664,0.9964,0.299
118,F_SIN,5,1,LinReg,A_tiempo,576,144,multi-step-direct,-4.6778,6.08997,2.467787,1.892996,35.0969,0.0876,1.0,0.529
118,F_SIN,5,1,DT,A_tiempo,576,144,multi-step-direct,-0.1927,1.279296,1.13106,0.689687,15.1861,0.0071,0.604,6.49
118,F_SIN,5,1,RF,A_tiempo,576,144,multi-step-direct,0.1007,0.964567,0.982124,0.565846,18.2781,0.1876,0.6838,3.796
118,F_SIN,5,1,SVR_rbf,A_tiempo,576,144,multi-step-direct,0.0814,0.98531,0.992628,0.575539,18.1124,17.1577,0.5266,9.837
118,F_SIN,5,1,MLP,A_tiempo,576,144,multi-step-direct,-0.0237,1.097984,1.047847,0.660306,17.6256,0.0067,0.3171,1.052
118,F_SIN,5,1,ARIMA,A_tiempo,576,144,multi-step-direct,-0.1513,0.775283,0.880502,0.626238,16.5316,0.995,0.9507,0.358
118,F_SIN,5,3,LinReg,A_tiempo,576,144,multi-step-direct,-6.1972,7.620688,2.760559,2.135107,44.998,0.3485,1.0,2.811
118,F_SIN,5,3,DT,A_tiempo,576,144,multi-step-direct,-0.241,1.314049,1.14632,0.728565,16.3679,0.0077,0.4626,18.833
118,F_SIN,5,3,RF,A_tiempo,576,144,multi-step-direct,0.0279,1.029309,1.014548,0.608836,19.8617,0.1703,0.5211,6.397
118,F_SIN,5,3,SVR_rbf,A_tiempo,576,144,multi-step-direct,0.0404,1.016101,1.008019,0.603336,19.3381,68.5753,0.4657,34.344
118,F_SIN,5,3,MLP,A_tiempo,576,144,multi-step-direct,-0.0333,1.094055,1.045971,0.658558,19.2933,0.012,0.1931,1.339
118,F_SIN,5,3,ARIMA,A_tiempo,576,144,multi-step-direct,-0.1857,0.81014,0.900078,0.658496,20.3339,0.3374,0.9507,0.364
118,F_SIN,5,5,LinReg,A_tiempo,575,144,multi-step-direct,-6.4085,7.706458,2.776051,2.151853,44.6592,0.224,1.0,1.575
118,F_SIN,5,5,DT,A_tiempo,575,144,multi-step-direct,-0.2853,1.336999,1.156287,0.739835,16.8583,0.0087,0.3923,30.937
118,F_SIN,5,5,RF,A_tiempo,575,144,multi-step-direct,0.0126,1.027111,1.013465,0.613902,19.705,0.2468,0.4324,13.533
118,F_SIN,5,5,SVR_rbf,A_tiempo,575,144,multi-step-direct,0.018,1.021448,1.010667,0.612406,18.304,102.9061,0.4435,57.729
118,F_SIN,5,5,MLP,A_tiempo,575,144,multi-step-direct,-0.0299,1.071351,1.035061,0.648717,18.1717,0.0176,0.1531,1.622
118,F_SIN,5,5,ARIMA,A_tiempo,575,144,multi-step-direct,-0.0882,0.867969,0.931648,0.641602,21.5637,0.2231,0.9507,0.402
118,F_N,5,1,LinReg,A_tiempo,576,144,multi-step-direct,-4.8393,6.262799,2.502559,1.920798,35.7575,0.1667,1.0,0.474
118,F_N,5,1,DT,A_tiempo,576,144,multi-step-direct,-0.2354,1.325029,1.151099,0.723507,15.4561,0.0079,0.6286,9.438
118,F_N,5,1,RF,A_tiempo,576,144,multi-step-direct,0.107,0.957791,0.978668,0.565547,18.3145,0.1704,0.687,2.685
118,F_N,5,1,SVR_rbf,A_tiempo,576,144,multi-step-direct,0.0814,0.985213,0.992579,0.575438,18.103,19.7255,0.5266,11.962
118,F_N,5,1,MLP,A_tiempo,576,144,multi-step-direct,-0.0323,1.107214,1.052242,0.665552,17.4463,0.0077,0.3479,4.981
118,F_N,5,1,ARIMA,A_tiempo,576,144,multi-step-direct,-0.1425,0.769377,0.877142,0.619958,16.4547,0.9964,0.9508,0.359
118,F_N,5,3,LinReg,A_tiempo,576,144,multi-step-direct,-6.334,7.76506,2.786586,2.156283,45.8278,0.1309,1.0,0.927
118,F_N,5,3,DT,A_tiempo,576,144,multi-step-direct,-0.2297,1.302012,1.141058,0.726576,16.1125,0.0092,0.4652,24.001
118,F_N,5,3,RF,A_tiempo,576,144,multi-step-direct,0.022,1.035497,1.017594,0.613329,19.8398,0.1707,0.5223,9.417
118,F_N,5,3,SVR_rbf,A_tiempo,576,144,multi-step-direct,0.0404,1.016009,1.007973,0.603255,19.3393,68.4757,0.4657,34.086
118,F_N,5,3,MLP,A_tiempo,576,144,multi-step-direct,-0.0355,1.096329,1.047057,0.659706,19.2628,0.0118,0.199,1.31
118,F_N,5,3,ARIMA,A_tiempo,576,144,multi-step-direct,-0.1759,0.803485,0.896373,0.652202,20.246,0.3796,0.9508,0.41
118,F_N,5,5,LinReg,A_tiempo,575,144,multi-step-direct,-6.5394,7.842051,2.800366,2.170887,45.3276,0.2269,1.0,1.6
118,F_N,5,5,DT,A_tiempo,575,144,multi-step-direct,-0.2268,1.276012,1.129607,0.7142,16.6666,0.0083,0.3949,41.489
118,F_N,5,5,RF,A_tiempo,575,144,multi-step-direct,0.011,1.028657,1.014227,0.612495,19.6633,0.2538,0.4364,15.701
118,F_N,5,5,SVR_rbf,A_tiempo,575,144,multi-step-direct,0.0181,1.021362,1.010624,0.612333,18.2977,99.1458,0.4435,55.643
118,F_N,5,5,MLP,A_tiempo,575,144,multi-step-direct,-0.0202,1.061165,1.030129,0.640678,18.9073,0.0405,0.1216,5.019
118,F_N,5,5,ARIMA,A_tiempo,575,144,multi-step-direct,-0.082,0.863013,0.928985,0.63581,21.5048,0.4629,0.9508,0.833
118,F_PB,5,1,LinReg,A_tiempo,576,144,multi-step-direct,-24.081,30.023806,5.479398,4.182553,92.8948,0.2035,1.0,0.481
118,F_PB,5,1,DT,A_tiempo,576,144,multi-step-direct,-0.1998,1.436282,1.19845,0.673855,16.2586,0.006,0.7205,8.035
118,F_PB,5,1,RF,A_tiempo,576,144,multi-step-direct,0.1662,0.998074,0.999037,0.541986,18.8177,0.1767,0.7434,4.519
118,F_PB,5,1,SVR_rbf,A_tiempo,576,144,multi-step-direct,0.0823,1.098577,1.04813,0.56769,19.5955,17.3408,0.4738,10.493
118,F_PB,5,1,MLP,A_tiempo,576,144,multi-step-direct,-0.0123,1.211745,1.100793,0.653888,19.5359,0.007,0.1705,0.84
118,F_PB,5,1,ARIMA,A_tiempo,576,144,multi-step-direct,-0.0987,0.89576,0.946446,0.518725,15.7632,4.8124,0.9687,1.732
118,F_PB,5,3,LinReg,A_tiempo,576,144,multi-step-direct,-31.7753,38.823904,6.230883,4.783175,124.6531,0.2325,1.0,2.813
118,F_PB,5,3,DT,A_tiempo,576,144,multi-step-direct,-0.3964,1.654155,1.28614,0.773522,16.2503,0.0077,0.5961,23.324
118,F_PB,5,3,RF,A_tiempo,576,144,multi-step-direct,0.0495,1.125865,1.061068,0.601978,20.3323,0.2476,0.5748,9.886
118,F_PB,5,3,SVR_rbf,A_tiempo,576,144,multi-step-direct,0.0493,1.126174,1.061213,0.586601,20.6226,50.8923,0.4126,34.261
118,F_PB,5,3,MLP,A_tiempo,576,144,multi-step-direct,-0.015,1.202289,1.096489,0.651709,20.9122,0.026,0.148,3.214
118,F_PB,5,3,ARIMA,A_tiempo,576,144,multi-step-direct,-0.0894,0.894022,0.945527,0.521296,20.0359,3.286,0.9687,3.549
118,F_PB,5,5,LinReg,A_tiempo,575,144,multi-step-direct,-31.5407,37.920569,6.157968,4.739295,114.9347,0.2271,1.0,1.484
118,F_PB,5,5,DT,A_tiempo,575,144,multi-step-direct,-0.3124,1.529391,1.236685,0.746496,16.3681,0.0127,0.5213,40.067
118,F_PB,5,5,RF,A_tiempo,575,144,multi-step-direct,0.0257,1.13537,1.065538,0.606839,20.5871,0.2625,0.4813,13.677
118,F_PB,5,5,SVR_rbf,A_tiempo,575,144,multi-step-direct,0.0324,1.127613,1.061891,0.592527,20.183,101.6734,0.388,58.665
118,F_PB,5,5,MLP,A_tiempo,575,144,multi-step-direct,-0.0164,1.18444,1.08832,0.642117,20.8576,0.0164,0.0852,1.295
118,F_PB,5,5,ARIMA,A_tiempo,575,144,multi-step-direct,-0.0962,1.031374,1.015566,0.577724,22.0614,0.7393,0.9687,1.331
118,F_MED,5,1,LinReg,A_tiempo,576,144,multi-step-direct,-1.4501,2.315387,1.52164,1.173662,21.4458,0.2488,1.0,1.785
118,F_MED,5,1,DT,A_tiempo,576,144,multi-step-direct,-0.0358,0.978844,0.989365,0.638989,14.2775,0.0054,0.7826,6.445
118,F_MED,5,1,RF,A_tiempo,576,144,multi-step-direct,0.2349,0.723063,0.850331,0.548965,15.3504,0.1698,0.7953,2.177
118,F_MED,5,1,SVR_rbf,A_tiempo,576,144,multi-step-direct,0.2225,0.734772,0.857188,0.519008,15.5666,23.6708,0.627,12.229
118,F_MED,5,1,MLP,A_tiempo,576,144,multi-step-direct,0.0995,0.850991,0.922492,0.639972,14.9441,0.0065,0.6284,1.453
118,F_MED,5,1,ARIMA,A_tiempo,576,144,multi-step-direct,-0.581,0.960437,0.980019,0.864906,18.5868,1.3738,0.944,0.495
118,F_MED,5,3,LinReg,A_tiempo,576,144,multi-step-direct,-2.501,3.240008,1.800002,1.389128,24.8343,0.1302,1.0,0.952
118,F_MED,5,3,DT,A_tiempo,576,144,multi-step-direct,-0.3322,1.232873,1.110348,0.757016,14.7651,0.0065,0.5803,17.286
118,F_MED,5,3,RF,A_tiempo,576,144,multi-step-direct,0.0778,0.853484,0.923842,0.623697,16.8588,0.1758,0.6703,8.507
118,F_MED,5,3,SVR_rbf,A_tiempo,576,144,multi-step-direct,0.0996,0.833319,0.912863,0.586358,17.5762,51.4575,0.5228,33.324
118,F_MED,5,3,MLP,A_tiempo,576,144,multi-step-direct,-0.0478,0.969691,0.984729,0.697876,16.569,0.0158,0.4257,1.355
118,F_MED,5,3,ARIMA,A_tiempo,576,144,multi-step-direct,-0.6854,1.037933,1.01879,0.91054,22.8609,0.4711,0.944,0.509
118,F_MED,5,5,LinReg,A_tiempo,575,144,multi-step-direct,-2.8395,3.482478,1.86614,1.448027,24.9839,0.2228,1.0,3.963
118,F_MED,5,5,DT,A_tiempo,575,144,multi-step-direct,-0.2145,1.101605,1.049574,0.739454,14.2829,0.0111,0.5027,27.749
118,F_MED,5,5,RF,A_tiempo,575,144,multi-step-direct,0.0292,0.880504,0.938351,0.638987,16.6282,0.2523,0.5963,11.108
118,F_MED,5,5,SVR_rbf,A_tiempo,575,144,multi-step-direct,0.0428,0.868233,0.93179,0.609402,16.075,103.6488,0.4759,56.128
118,F_MED,5,5,MLP,A_tiempo,575,144,multi-step-direct,-0.0231,0.927996,0.963326,0.669281,15.5437,0.0162,0.2588,1.365
118,F_MED,5,5,ARIMA,A_tiempo,575,144,multi-step-direct,-0.3427,0.973753,0.986789,0.844397,22.3987,0.3233,0.944,0.582
118,F_N+PB,5,1,LinReg,A_tiempo,576,144,multi-step-direct,-31.9405,39.431798,6.279474,4.78338,106.2674,0.2566,1.0,0.469
118,F_N+PB,5,1,DT,A_tiempo,576,144,multi-step-direct,-0.2642,1.513283,1.230155,0.690243,15.8102,0.0056,0.7196,9.398
118,F_N+PB,5,1,RF,A_tiempo,576,144,multi-step-direct,0.1679,0.996083,0.99804,0.543251,18.557,0.1733,0.7449,2.697
118,F_N+PB,5,1,SVR_rbf,A_tiempo,576,144,multi-step-direct,0.0823,1.09855,1.048117,0.56768,19.5955,19.2066,0.4738,12.029
118,F_N+PB,5,1,MLP,A_tiempo,576,144,multi-step-direct,-0.0077,1.206229,1.098284,0.651931,19.1086,0.0297,0.2064,3.857
118,F_N+PB,5,1,ARIMA,A_tiempo,576,144,multi-step-direct,-0.0998,0.896665,0.946924,0.519604,15.7633,4.7518,0.9687,1.711
118,F_N+PB,5,3,LinReg,A_tiempo,576,144,multi-step-direct,-41.2895,50.093475,7.077674,5.41616,140.6065,0.1274,1.0,0.875
118,F_N+PB,5,3,DT,A_tiempo,576,144,multi-step-direct,-0.4211,1.683326,1.29743,0.787884,15.9509,0.0092,0.5961,23.312
118,F_N+PB,5,3,RF,A_tiempo,576,144,multi-step-direct,0.0514,1.123677,1.060036,0.600198,20.402,0.1692,0.5705,9.14
118,F_N+PB,5,3,SVR_rbf,A_tiempo,576,144,multi-step-direct,0.0493,1.126155,1.061204,0.586595,20.6223,65.0593,0.4127,34.118
118,F_N+PB,5,3,MLP,A_tiempo,576,144,multi-step-direct,-0.0148,1.20203,1.096371,0.65156,20.9024,0.0119,0.148,1.691
118,F_N+PB,5,3,ARIMA,A_tiempo,576,144,multi-step-direct,-0.0905,0.894923,0.946004,0.52226,20.0372,1.1629,0.9687,1.256
118,F_N+PB,5,5,LinReg,A_tiempo,575,144,multi-step-direct,-40.9089,48.836977,6.988346,5.362662,132.3729,0.2178,1.0,1.375
118,F_N+PB,5,5,DT,A_tiempo,575,144,multi-step-direct,-0.2964,1.510694,1.229103,0.738797,16.2685,0.0103,0.5216,40.382
118,F_N+PB,5,5,RF,A_tiempo,575,144,multi-step-direct,0.0294,1.131044,1.063505,0.605807,20.6132,0.2618,0.481,14.282
118,F_N+PB,5,5,SVR_rbf,A_tiempo,575,144,multi-step-direct,0.0324,1.127595,1.061883,0.592521,20.1822,98.6856,0.388,56.786
118,F_N+PB,5,5,MLP,A_tiempo,575,144,multi-step-direct,-0.0164,1.184375,1.08829,0.642062,20.8595,0.0577,0.0851,3.123
118,F_N+PB,5,5,ARIMA,A_tiempo,575,144,multi-step-direct,-0.0847,1.02062,1.010258,0.566582,22.0581,2.0083,0.9687,3.615
118,F_N+MED,5,1,LinReg,A_tiempo,576,144,multi-step-direct,-1.456,2.31725,1.522252,1.176488,21.2781,0.2418,1.0,0.476
118,F_N+MED,5,1,DT,A_tiempo,576,144,multi-step-direct,-0.0973,1.035315,1.017504,0.662857,13.5615,0.0057,0.806,7.984
118,F_N+MED,5,1,RF,A_tiempo,576,144,multi-step-direct,0.2292,0.727293,0.852815,0.549134,15.6468,0.1876,0.7982,4.554
118,F_N+MED,5,1,SVR_rbf,A_tiempo,576,144,multi-step-direct,0.2229,0.733203,0.856273,0.518551,15.5536,16.9779,0.627,10.189
118,F_N+MED,5,1,MLP,A_tiempo,576,144,multi-step-direct,0.1047,0.844769,0.919113,0.636637,15.32,0.007,0.5543,1.077
118,F_N+MED,5,1,ARIMA,A_tiempo,576,144,multi-step-direct,-0.6073,0.976397,0.988128,0.874889,18.7422,1.4306,0.9444,0.515
118,F_N+MED,5,3,LinReg,A_tiempo,576,144,multi-step-direct,-2.5133,3.247255,1.802014,1.39138,24.8582,0.3248,1.0,1.648
118,F_N+MED,5,3,DT,A_tiempo,576,144,multi-step-direct,-0.4357,1.326984,1.151948,0.780526,15.3167,0.0074,0.6088,24.297
118,F_N+MED,5,3,RF,A_tiempo,576,144,multi-step-direct,0.073,0.856761,0.925614,0.625688,17.1302,0.1933,0.6735,9.784
118,F_N+MED,5,3,SVR_rbf,A_tiempo,576,144,multi-step-direct,0.0997,0.832131,0.912212,0.586091,17.5716,51.165,0.5228,33.463
118,F_N+MED,5,3,MLP,A_tiempo,576,144,multi-step-direct,-0.0308,0.952727,0.976077,0.696536,16.3239,0.0115,0.4597,1.389
118,F_N+MED,5,3,ARIMA,A_tiempo,576,144,multi-step-direct,-0.7143,1.054675,1.026974,0.920393,23.0325,0.4677,0.9444,0.505
118,F_N+MED,5,5,LinReg,A_tiempo,575,144,multi-step-direct,-2.8544,3.491668,1.868601,1.450627,25.0694,0.2242,1.0,3.619
118,F_N+MED,5,5,DT,A_tiempo,575,144,multi-step-direct,-0.2484,1.130874,1.063426,0.745872,14.6354,0.0098,0.5083,40.4
118,F_N+MED,5,5,RF,A_tiempo,575,144,multi-step-direct,0.0552,0.855839,0.925115,0.62873,16.4722,0.2518,0.602,14.817
118,F_N+MED,5,5,SVR_rbf,A_tiempo,575,144,multi-step-direct,0.0429,0.867064,0.931163,0.609144,16.0629,102.6589,0.4759,56.276
118,F_N+MED,5,5,MLP,A_tiempo,575,144,multi-step-direct,-0.0244,0.928004,0.96333,0.669256,15.5792,0.0168,0.2581,1.42
118,F_N+MED,5,5,ARIMA,A_tiempo,575,144,multi-step-direct,-0.3623,0.985418,0.992682,0.853229,22.5273,0.3056,0.9444,0.55
118,F_N+PB+MED,5,1,LinReg,A_tiempo,576,144,multi-step-direct,-1.3144,2.768459,1.663869,1.273263,23.3907,0.0634,1.0,0.454
118,F_N+PB+MED,5,1,DT,A_tiempo,576,144,multi-step-direct,0.0478,1.13904,1.067258,0.610399,13.2475,0.0056,0.8701,9.342
118,F_N+PB+MED,5,1,RF,A_tiempo,576,144,multi-step-direct,0.3563,0.769996,0.877494,0.520321,15.8124,0.1693,0.8321,2.516
118,F_N+PB+MED,5,1,SVR_rbf,A_tiempo,576,144,multi-step-direct,0.2481,0.899426,0.94838,0.506121,17.9519,25.6745,0.5805,12.383
118,F_N+PB+MED,5,1,MLP,A_tiempo,576,144,multi-step-direct,0.2032,0.953158,0.976298,0.642029,17.2043,0.0097,0.494,3.181
118,F_N+PB+MED,5,1,ARIMA,A_tiempo,576,144,multi-step-direct,-0.4606,1.306614,1.143072,1.00422,21.6793,0.8171,0.9446,0.294
118,F_N+PB+MED,5,3,LinReg,A_tiempo,576,144,multi-step-direct,-1.883,3.396611,1.84299,1.420797,26.448,0.1303,1.0,0.94
118,F_N+PB+MED,5,3,DT,A_tiempo,576,144,multi-step-direct,-0.1093,1.306881,1.143189,0.712122,15.2464,0.009,0.7375,23.239
118,F_N+PB+MED,5,3,RF,A_tiempo,576,144,multi-step-direct,0.1868,0.958048,0.978799,0.606751,19.2596,0.1732,0.7302,8.949
118,F_N+PB+MED,5,3,SVR_rbf,A_tiempo,576,144,multi-step-direct,0.1553,0.995158,0.997576,0.556669,20.4136,59.8346,0.4792,33.942
118,F_N+PB+MED,5,3,MLP,A_tiempo,576,144,multi-step-direct,0.0813,1.082354,1.040362,0.683336,18.7058,0.013,0.4237,3.588
118,F_N+PB+MED,5,3,ARIMA,A_tiempo,576,144,multi-step-direct,-0.4708,1.386729,1.177594,1.033292,26.5897,0.3245,0.9446,0.35
118,F_N+PB+MED,5,5,LinReg,A_tiempo,575,144,multi-step-direct,-2.078,3.567881,1.888884,1.465609,26.4018,0.2215,1.0,1.668
118,F_N+PB+MED,5,5,DT,A_tiempo,575,144,multi-step-direct,-0.3258,1.536782,1.23967,0.794543,14.4797,0.0102,0.7104,40.265
118,F_N+PB+MED,5,5,RF,A_tiempo,575,144,multi-step-direct,0.1263,1.012711,1.006336,0.639953,18.3884,0.2531,0.6732,12.327
118,F_N+PB+MED,5,5,SVR_rbf,A_tiempo,575,144,multi-step-direct,0.1031,1.039671,1.019642,0.585489,18.9952,102.6075,0.4267,57.536
118,F_N+PB+MED,5,5,MLP,A_tiempo,575,144,multi-step-direct,0.0398,1.11299,1.054983,0.698901,18.4392,0.017,0.2914,1.681
118,F_N+PB+MED,5,5,ARIMA,A_tiempo,575,144,multi-step-direct,-0.3801,1.438725,1.199469,1.043751,27.1755,0.2034,0.9446,0.366
119,F_SIN,5,1,LinReg,A_tiempo,576,144,multi-step-direct,-3.9872,4.685832,2.164678,1.676201,30.9086,0.1282,1.0,1.868
119,F_SIN,5,1,DT,A_tiempo,576,144,multi-step-direct,-0.1725,1.101661,1.0496,0.578858,13.4247,0.0055,0.3533,5.858
119,F_SIN,5,1,RF,A_tiempo,576,144,multi-step-direct,0.0838,0.86085,0.92782,0.522863,16.861,0.1741,0.3785,2.257
119,F_SIN,5,1,SVR_rbf,A_tiempo,576,144,multi-step-direct,0.0418,0.900264,0.948822,0.491877,17.0108,30.0581,0.3413,12.346
119,F_SIN,5,1,MLP,A_tiempo,576,144,multi-step-direct,-0.0203,0.958607,0.979085,0.569415,17.7939,0.0073,0.0492,1.238
119,F_SIN,5,1,ARIMA,A_tiempo,576,144,multi-step-direct,-2.5446,1.220857,1.104924,1.031733,15.6934,1.079,0.9788,0.388
119,F_SIN,5,3,LinReg,A_tiempo,576,144,multi-step-direct,-4.2118,5.041071,2.245233,1.752908,33.2903,0.1306,1.0,0.909
119,F_SIN,5,3,DT,A_tiempo,576,144,multi-step-direct,-0.142,1.104625,1.051011,0.587899,18.142,0.0074,0.2405,15.118
119,F_SIN,5,3,RF,A_tiempo,576,144,multi-step-direct,0.0271,0.941005,0.970054,0.548285,20.3587,0.1722,0.2889,6.007
119,F_SIN,5,3,SVR_rbf,A_tiempo,576,144,multi-step-direct,-0.0005,0.967705,0.98372,0.519578,20.5507,67.6179,0.2977,34.575
119,F_SIN,5,3,MLP,A_tiempo,576,144,multi-step-direct,-0.011,0.977888,0.988882,0.569135,20.9259,0.0122,0.0187,0.752
119,F_SIN,5,3,ARIMA,A_tiempo,576,144,multi-step-direct,-1.0762,2.093734,1.446974,1.284837,29.7007,0.3511,0.9788,0.379
119,F_SIN,5,5,LinReg,A_tiempo,575,144,multi-step-direct,-4.3628,5.322699,2.307098,1.796551,35.503,0.2191,1.0,1.525
119,F_SIN,5,5,DT,A_tiempo,575,144,multi-step-direct,-0.2148,1.205699,1.098043,0.61383,20.327,0.0086,0.2564,27.016
119,F_SIN,5,5,RF,A_tiempo,575,144,multi-step-direct,0.0124,0.980205,0.990053,0.560243,24.221,0.2479,0.2277,12.667
119,F_SIN,5,5,SVR_rbf,A_tiempo,575,144,multi-step-direct,-0.0119,1.004342,1.002168,0.538054,23.6408,101.6699,0.2827,55.569
119,F_SIN,5,5,MLP,A_tiempo,575,144,multi-step-direct,-0.0136,1.006046,1.003018,0.578247,24.5343,0.0372,0.0154,1.044
119,F_SIN,5,5,ARIMA,A_tiempo,575,144,multi-step-direct,-0.7813,1.883998,1.372588,1.206325,29.4502,0.5894,0.9788,1.061
119,F_N,5,1,LinReg,A_tiempo,576,144,multi-step-direct,-4.1467,4.835592,2.198998,1.702212,31.3904,0.3332,1.0,1.205
119,F_N,5,1,DT,A_tiempo,576,144,multi-step-direct,-0.1413,1.072326,1.035532,0.567589,12.6949,0.006,0.3519,8.523
119,F_N,5,1,RF,A_tiempo,576,144,multi-step-direct,0.0872,0.857605,0.92607,0.523224,16.6786,0.1703,0.3857,3.742
119,F_N,5,1,SVR_rbf,A_tiempo,576,144,multi-step-direct,0.0418,0.900243,0.948811,0.491861,17.0088,16.9716,0.3412,11.632
119,F_N,5,1,MLP,A_tiempo,576,144,multi-step-direct,-0.0205,0.958772,0.979169,0.56953,17.7884,0.007,0.0492,0.616
119,F_N,5,1,ARIMA,A_tiempo,576,144,multi-step-direct,-2.6213,1.247109,1.11674,1.044636,15.7699,1.8446,0.9789,0.664
119,F_N,5,3,LinReg,A_tiempo,576,144,multi-step-direct,-4.3287,5.154038,2.270251,1.77381,33.5016,0.1323,1.0,0.923
119,F_N,5,3,DT,A_tiempo,576,144,multi-step-direct,-0.0913,1.055538,1.027394,0.574316,19.0051,0.0079,0.2434,25.944
119,F_N,5,3,RF,A_tiempo,576,144,multi-step-direct,0.0271,0.94101,0.970057,0.546681,20.5362,0.2466,0.2897,10.747
119,F_N,5,3,SVR_rbf,A_tiempo,576,144,multi-step-direct,-0.0005,0.967706,0.98372,0.519575,20.5528,51.2559,0.2977,34.698
119,F_N,5,3,MLP,A_tiempo,576,144,multi-step-direct,-0.011,0.977873,0.988875,0.569154,20.9278,0.0136,0.0187,0.791
119,F_N,5,3,ARIMA,A_tiempo,576,144,multi-step-direct,-1.1054,2.123252,1.457138,1.297329,29.8101,0.892,0.9789,0.963
119,F_N,5,5,LinReg,A_tiempo,575,144,multi-step-direct,-4.5049,5.463707,2.337457,1.822316,36.0464,0.2225,1.0,3.983
119,F_N,5,5,DT,A_tiempo,575,144,multi-step-direct,-0.2369,1.227678,1.108006,0.625399,19.5448,0.0101,0.2902,42.765
119,F_N,5,5,RF,A_tiempo,575,144,multi-step-direct,0.016,0.97667,0.988266,0.560127,24.1986,0.2472,0.2391,17.777
119,F_N,5,5,SVR_rbf,A_tiempo,575,144,multi-step-direct,-0.0119,1.004343,1.002169,0.538053,23.6318,101.8951,0.2827,55.905
119,F_N,5,5,MLP,A_tiempo,575,144,multi-step-direct,-0.0136,1.006034,1.003013,0.578263,24.5309,0.0388,0.0154,1.197
119,F_N,5,5,ARIMA,A_tiempo,575,144,multi-step-direct,-0.8057,1.909787,1.38195,1.218519,29.6003,1.3592,0.9789,2.447
119,F_PB,5,1,LinReg,A_tiempo,576,144,multi-step-direct,-23.8724,22.796246,4.774541,3.645669,92.4255,0.2658,1.0,0.993
119,F_PB,5,1,DT,A_tiempo,576,144,multi-step-direct,-0.1656,1.068332,1.033602,0.534391,12.248,0.0061,0.4012,8.359
119,F_PB,5,1,RF,A_tiempo,576,144,multi-step-direct,0.0946,0.82985,0.910961,0.48223,16.335,0.1685,0.3844,4.492
119,F_PB,5,1,SVR_rbf,A_tiempo,576,144,multi-step-direct,0.0158,0.902016,0.949745,0.440062,17.025,16.9627,0.2836,11.016
119,F_PB,5,1,MLP,A_tiempo,576,144,multi-step-direct,-0.022,0.93671,0.967838,0.514648,17.212,0.0071,0.0562,0.652
119,F_PB,5,1,ARIMA,A_tiempo,576,144,multi-step-direct,-2.8892,1.555895,1.247355,1.15834,17.2127,5.9172,0.9839,2.13
119,F_PB,5,3,LinReg,A_tiempo,576,144,multi-step-direct,-27.8748,26.879116,5.184507,4.002402,93.1713,0.318,1.0,1.799
119,F_PB,5,3,DT,A_tiempo,576,144,multi-step-direct,-0.1324,1.054159,1.026722,0.529998,18.8993,0.0077,0.2513,26.261
119,F_PB,5,3,RF,A_tiempo,576,144,multi-step-direct,0.0218,0.91055,0.954227,0.492598,20.4246,0.1769,0.2619,11.42
119,F_PB,5,3,SVR_rbf,A_tiempo,576,144,multi-step-direct,-0.0217,0.951072,0.975229,0.462509,20.7177,54.7539,0.2498,34.112
119,F_PB,5,3,MLP,A_tiempo,576,144,multi-step-direct,-0.0105,0.940627,0.969859,0.499727,21.1033,0.029,0.0072,3.098
119,F_PB,5,3,ARIMA,A_tiempo,576,144,multi-step-direct,-0.9311,2.002787,1.415199,1.246272,27.1346,2.3358,0.9839,2.523
119,F_PB,5,5,LinReg,A_tiempo,575,144,multi-step-direct,-28.0457,27.626856,5.256126,4.071858,88.9403,0.219,1.0,1.442
119,F_PB,5,5,DT,A_tiempo,575,144,multi-step-direct,-0.1836,1.125804,1.061039,0.551276,19.6208,0.0086,0.2381,44.495
119,F_PB,5,5,RF,A_tiempo,575,144,multi-step-direct,0.0047,0.946704,0.972987,0.500022,23.9259,0.2453,0.2057,17.492
119,F_PB,5,5,SVR_rbf,A_tiempo,575,144,multi-step-direct,-0.0292,0.97894,0.989414,0.476551,24.326,102.0885,0.237,57.795
119,F_PB,5,5,MLP,A_tiempo,575,144,multi-step-direct,-0.0132,0.963669,0.981667,0.505683,24.8319,0.0164,0.0105,1.022
119,F_PB,5,5,ARIMA,A_tiempo,575,144,multi-step-direct,-0.8231,2.045219,1.430111,1.275663,28.3579,0.585,0.9839,1.053
119,F_MED,5,1,LinReg,A_tiempo,576,144,multi-step-direct,-3.3391,3.983037,1.995755,1.442673,29.1211,0.2613,1.0,0.452
119,F_MED,5,1,DT,A_tiempo,576,144,multi-step-direct,-0.3446,1.23428,1.110981,0.601985,12.7169,0.0064,0.5109,5.09
119,F_MED,5,1,RF,A_tiempo,576,144,multi-step-direct,0.1325,0.796337,0.892377,0.487933,14.5627,0.1702,0.5225,3.711
119,F_MED,5,1,SVR_rbf,A_tiempo,576,144,multi-step-direct,0.1059,0.8207,0.905925,0.469046,15.4881,17.2439,0.3741,10.809
119,F_MED,5,1,MLP,A_tiempo,576,144,multi-step-direct,0.001,0.917063,0.957634,0.557026,14.2166,0.0079,0.2404,0.831
119,F_MED,5,1,ARIMA,A_tiempo,576,144,multi-step-direct,-15.9755,2.153484,1.467475,1.412478,20.1121,1.1394,0.9924,0.41
119,F_MED,5,3,LinReg,A_tiempo,576,144,multi-step-direct,-3.7629,4.597303,2.144132,1.541945,30.9578,0.1345,1.0,0.903
119,F_MED,5,3,DT,A_tiempo,576,144,multi-step-direct,-0.247,1.203628,1.0971,0.59698,19.1708,0.0072,0.3939,15.307
119,F_MED,5,3,RF,A_tiempo,576,144,multi-step-direct,0.0494,0.917576,0.957902,0.520337,20.5497,0.1731,0.4371,8.466
119,F_MED,5,3,SVR_rbf,A_tiempo,576,144,multi-step-direct,0.0443,0.922484,0.96046,0.505667,20.3419,51.7172,0.3208,33.71
119,F_MED,5,3,MLP,A_tiempo,576,144,multi-step-direct,-0.007,0.97195,0.985875,0.555197,20.6205,0.0298,0.0633,4.277
119,F_MED,5,3,ARIMA,A_tiempo,576,144,multi-step-direct,-2.102,3.367968,1.835202,1.695028,36.4657,0.6782,0.9924,0.732
119,F_MED,5,5,LinReg,A_tiempo,575,144,multi-step-direct,-3.7152,4.715765,2.171581,1.567371,30.4177,0.2191,1.0,1.608
119,F_MED,5,5,DT,A_tiempo,575,144,multi-step-direct,-0.2909,1.291117,1.136273,0.634542,21.5471,0.0119,0.3333,26.581
119,F_MED,5,5,RF,A_tiempo,575,144,multi-step-direct,0.0279,0.9722,0.986002,0.540915,25.8541,0.2451,0.394,10.247
119,F_MED,5,5,SVR_rbf,A_tiempo,575,144,multi-step-direct,0.0245,0.975655,0.987753,0.52837,25.6024,101.6752,0.2976,57.464
119,F_MED,5,5,MLP,A_tiempo,575,144,multi-step-direct,-0.0262,1.026321,1.013075,0.582023,24.3265,0.0161,0.1205,1.532
119,F_MED,5,5,ARIMA,A_tiempo,575,144,multi-step-direct,-1.7039,2.982635,1.727031,1.592127,35.4523,0.3996,0.9924,0.719
119,F_N+PB,5,1,LinReg,A_tiempo,576,144,multi-step-direct,-31.8269,30.086493,5.485116,4.172049,108.9484,0.0898,1.0,0.484
119,F_N+PB,5,1,DT,A_tiempo,576,144,multi-step-direct,-0.1225,1.028774,1.014285,0.52063,12.1601,0.0052,0.4012,9.8
119,F_N+PB,5,1,RF,A_tiempo,576,144,multi-step-direct,0.0937,0.830644,0.911397,0.484203,16.198,0.1731,0.3779,3.307
119,F_N+PB,5,1,SVR_rbf,A_tiempo,576,144,multi-step-direct,0.0158,0.902006,0.94974,0.440063,17.0244,26.5418,0.2836,12.164
119,F_N+PB,5,1,MLP,A_tiempo,576,144,multi-step-direct,-0.0227,0.937306,0.968146,0.513922,17.3339,0.0095,0.0459,0.593
119,F_N+PB,5,1,ARIMA,A_tiempo,576,144,multi-step-direct,-2.9836,1.593538,1.262354,1.174038,17.2345,3.6283,0.9839,1.306
119,F_N+PB,5,3,LinReg,A_tiempo,576,144,multi-step-direct,-36.8913,35.272039,5.939027,4.564577,108.3092,0.1748,1.0,0.904
119,F_N+PB,5,3,DT,A_tiempo,576,144,multi-step-direct,-0.1376,1.059,1.029077,0.529638,18.415,0.008,0.2513,26.717
119,F_N+PB,5,3,RF,A_tiempo,576,144,multi-step-direct,0.0194,0.912813,0.955412,0.493053,20.4474,0.2826,0.262,8.995
119,F_N+PB,5,3,SVR_rbf,A_tiempo,576,144,multi-step-direct,-0.0217,0.951062,0.975224,0.462509,20.7175,58.505,0.2498,36.139
119,F_N+PB,5,3,MLP,A_tiempo,576,144,multi-step-direct,-0.0105,0.940621,0.969856,0.499731,21.104,0.0117,0.0072,0.764
119,F_N+PB,5,3,ARIMA,A_tiempo,576,144,multi-step-direct,-0.9658,2.038853,1.427884,1.262301,27.1435,1.2453,0.9839,1.345
119,F_N+PB,5,5,LinReg,A_tiempo,575,144,multi-step-direct,-38.374,37.450462,6.119678,4.706724,103.5413,0.4556,1.0,1.748
119,F_N+PB,5,5,DT,A_tiempo,575,144,multi-step-direct,-0.1919,1.133678,1.064743,0.552259,19.9627,0.0083,0.2414,44.452
119,F_N+PB,5,5,RF,A_tiempo,575,144,multi-step-direct,0.0056,0.945823,0.972534,0.500079,23.9929,0.2513,0.2084,18.317
119,F_N+PB,5,5,SVR_rbf,A_tiempo,575,144,multi-step-direct,-0.0292,0.978937,0.989412,0.476555,24.3262,101.2114,0.237,58.039
119,F_N+PB,5,5,MLP,A_tiempo,575,144,multi-step-direct,-0.0131,0.963633,0.981648,0.505681,24.8279,0.0175,0.0105,0.999
119,F_N+PB,5,5,ARIMA,A_tiempo,575,144,multi-step-direct,-0.8248,2.047217,1.43081,1.276558,28.3637,0.5425,0.9839,0.976
119,F_N+MED,5,1,LinReg,A_tiempo,576,144,multi-step-direct,-3.4219,4.059448,2.014807,1.451957,29.5193,0.3777,1.0,0.644
119,F_N+MED,5,1,DT,A_tiempo,576,144,multi-step-direct,-0.1715,1.075496,1.037061,0.551616,11.5496,0.0061,0.5325,9.562
119,F_N+MED,5,1,RF,A_tiempo,576,144,multi-step-direct,0.1382,0.791167,0.889475,0.486423,14.6917,0.1726,0.5263,3.185
119,F_N+MED,5,1,SVR_rbf,A_tiempo,576,144,multi-step-direct,0.1063,0.820462,0.905794,0.468778,15.4935,18.2803,0.3742,12.125
119,F_N+MED,5,1,MLP,A_tiempo,576,144,multi-step-direct,-0.0125,0.929559,0.964137,0.55896,14.6991,0.0071,0.1951,0.78
119,F_N+MED,5,1,ARIMA,A_tiempo,576,144,multi-step-direct,-17.1985,2.313972,1.521175,1.46661,20.744,1.821,0.9925,0.656
119,F_N+MED,5,3,LinReg,A_tiempo,576,144,multi-step-direct,-3.8395,4.671729,2.161418,1.552381,30.607,0.1315,1.0,0.882
119,F_N+MED,5,3,DT,A_tiempo,576,144,multi-step-direct,-0.2266,1.184048,1.08814,0.59911,19.3344,0.0085,0.4618,25.531
119,F_N+MED,5,3,RF,A_tiempo,576,144,multi-step-direct,0.0593,0.908119,0.952953,0.517504,20.5209,0.2532,0.4359,8.403
119,F_N+MED,5,3,SVR_rbf,A_tiempo,576,144,multi-step-direct,0.0445,0.922371,0.960401,0.505485,20.3487,62.1842,0.3209,35.475
119,F_N+MED,5,3,MLP,A_tiempo,576,144,multi-step-direct,-0.0078,0.97282,0.986317,0.553606,20.8768,0.0115,0.0591,0.83
119,F_N+MED,5,3,ARIMA,A_tiempo,576,144,multi-step-direct,-2.2624,3.54025,1.881555,1.747103,36.9106,0.6428,0.9925,0.694
119,F_N+MED,5,5,LinReg,A_tiempo,575,144,multi-step-direct,-3.8069,4.807851,2.192681,1.579936,30.4174,0.2203,1.0,1.394
119,F_N+MED,5,5,DT,A_tiempo,575,144,multi-step-direct,-0.3018,1.302085,1.141089,0.642978,22.1959,0.0083,0.4009,41.654
119,F_N+MED,5,5,RF,A_tiempo,575,144,multi-step-direct,0.0315,0.968721,0.984236,0.542423,25.9672,0.2455,0.4033,16.23
119,F_N+MED,5,5,SVR_rbf,A_tiempo,575,144,multi-step-direct,0.0247,0.975519,0.987684,0.528184,25.6022,101.5078,0.2977,56.309
119,F_N+MED,5,5,MLP,A_tiempo,575,144,multi-step-direct,-0.026,1.026183,1.013007,0.581908,24.3369,0.0186,0.1205,1.384
119,F_N+MED,5,5,ARIMA,A_tiempo,575,144,multi-step-direct,-1.8488,3.139926,1.771984,1.643945,35.9149,0.3447,0.9925,0.62
119,F_N+PB+MED,5,1,LinReg,A_tiempo,576,144,multi-step-direct,-3.5749,3.996475,1.999119,1.429875,32.6823,0.2472,1.0,0.435
119,F_N+PB+MED,5,1,DT,A_tiempo,576,144,multi-step-direct,-0.0559,0.922416,0.960425,0.427769,10.4349,0.0085,0.5707,9.201
119,F_N+PB+MED,5,1,RF,A_tiempo,576,144,multi-step-direct,0.1819,0.714624,0.845354,0.412546,12.7979,0.1716,0.5872,3.951
119,F_N+PB+MED,5,1,SVR_rbf,A_tiempo,576,144,multi-step-direct,0.0592,0.821849,0.906559,0.396419,14.9884,16.8512,0.2937,10.487
119,F_N+PB+MED,5,1,MLP,A_tiempo,576,144,multi-step-direct,-0.0177,0.889052,0.942896,0.474089,15.1073,0.0074,0.1134,0.697
119,F_N+PB+MED,5,1,ARIMA,A_tiempo,576,144,multi-step-direct,-8.5849,1.807059,1.344269,1.262728,19.8013,2.6729,0.9928,0.962
119,F_N+PB+MED,5,3,LinReg,A_tiempo,576,144,multi-step-direct,-3.9956,4.507687,2.123132,1.530951,32.7616,0.2244,1.0,2.786
119,F_N+PB+MED,5,3,DT,A_tiempo,576,144,multi-step-direct,-0.2888,1.162888,1.078373,0.51325,16.6257,0.0076,0.4861,23.909
119,F_N+PB+MED,5,3,RF,A_tiempo,576,144,multi-step-direct,0.0667,0.842157,0.917691,0.4376,19.3285,0.1676,0.4814,10.874
119,F_N+PB+MED,5,3,SVR_rbf,A_tiempo,576,144,multi-step-direct,0.0078,0.895334,0.946221,0.431876,20.2902,56.6717,0.2564,33.555
119,F_N+PB+MED,5,3,MLP,A_tiempo,576,144,multi-step-direct,-0.0144,0.915323,0.956725,0.46481,20.2221,0.1774,0.0376,3.003
119,F_N+PB+MED,5,3,ARIMA,A_tiempo,576,144,multi-step-direct,-1.0501,2.368081,1.538857,1.339969,31.5167,0.7174,0.9928,0.775
119,F_N+PB+MED,5,5,LinReg,A_tiempo,575,144,multi-step-direct,-4.1737,4.825824,2.196776,1.58499,31.3646,0.2202,1.0,1.423
119,F_N+PB+MED,5,5,DT,A_tiempo,575,144,multi-step-direct,-0.2736,1.187997,1.089953,0.534294,21.2542,0.0093,0.4517,42.492
119,F_N+PB+MED,5,5,RF,A_tiempo,575,144,multi-step-direct,0.0389,0.896426,0.946798,0.453604,25.0297,0.2562,0.4237,16.227
119,F_N+PB+MED,5,5,SVR_rbf,A_tiempo,575,144,multi-step-direct,-0.004,0.936521,0.96774,0.449998,26.5482,101.2547,0.2376,54.664
119,F_N+PB+MED,5,5,MLP,A_tiempo,575,144,multi-step-direct,-0.0112,0.943216,0.971193,0.476157,26.0604,0.1831,0.0672,2.133
119,F_N+PB+MED,5,5,ARIMA,A_tiempo,575,144,multi-step-direct,-0.9476,2.376299,1.541525,1.358408,32.3296,0.8614,0.9928,1.55
121,F_SIN,5,1,LinReg,A_tiempo,576,144,multi-step-direct,0.1848,3.549383,1.883981,1.395433,29.8942,0.1515,1.0,0.676
121,F_SIN,5,1,DT,A_tiempo,576,144,multi-step-direct,0.4422,2.428661,1.558416,1.03782,29.1168,0.0059,0.8133,5.719
121,F_SIN,5,1,RF,A_tiempo,576,144,multi-step-direct,0.5052,2.15449,1.467818,0.917243,28.3635,0.1742,0.813,2.124
121,F_SIN,5,1,SVR_rbf,A_tiempo,576,144,multi-step-direct,0.1321,3.778535,1.943845,1.237239,36.1287,19.0961,0.6133,12.621
121,F_SIN,5,1,MLP,A_tiempo,576,144,multi-step-direct,0.5289,2.05095,1.432114,0.961417,25.0735,0.0067,0.6951,1.759
121,F_SIN,5,1,ARIMA,A_tiempo,576,144,multi-step-direct,-0.0689,0.831273,0.911742,0.66832,16.0982,1.4096,0.9736,0.507
121,F_SIN,5,3,LinReg,A_tiempo,576,144,multi-step-direct,-0.2959,5.967203,2.442786,1.772304,36.6474,0.1304,1.0,0.924
121,F_SIN,5,3,DT,A_tiempo,576,144,multi-step-direct,0.0306,4.463875,2.112789,1.445827,33.1614,0.0082,0.6876,16.806
121,F_SIN,5,3,RF,A_tiempo,576,144,multi-step-direct,0.2551,3.429898,1.851998,1.191077,37.2034,0.1655,0.6885,8.249
121,F_SIN,5,3,SVR_rbf,A_tiempo,576,144,multi-step-direct,0.0806,4.233789,2.057617,1.357193,41.1719,51.339,0.5073,33.896
121,F_SIN,5,3,MLP,A_tiempo,576,144,multi-step-direct,0.2798,3.316407,1.821101,1.200147,33.2528,0.1672,0.4893,3.853
121,F_SIN,5,3,ARIMA,A_tiempo,576,144,multi-step-direct,-0.2081,0.929147,0.963923,0.703898,22.0425,1.1825,0.9736,1.277
121,F_SIN,5,5,LinReg,A_tiempo,575,144,multi-step-direct,-0.484,6.855736,2.618346,1.921437,31.5452,0.2357,1.0,1.481
121,F_SIN,5,5,DT,A_tiempo,575,144,multi-step-direct,-0.0875,5.023753,2.241373,1.541757,31.6193,0.0106,0.5466,27.182
121,F_SIN,5,5,RF,A_tiempo,575,144,multi-step-direct,0.164,3.862252,1.965261,1.30487,34.3063,0.254,0.5983,10.115
121,F_SIN,5,5,SVR_rbf,A_tiempo,575,144,multi-step-direct,0.0587,4.34841,2.085284,1.398117,37.6274,102.1021,0.4576,57.215
121,F_SIN,5,5,MLP,A_tiempo,575,144,multi-step-direct,0.2113,3.643491,1.908793,1.27216,28.6175,0.0162,0.3414,1.551
121,F_SIN,5,5,ARIMA,A_tiempo,575,144,multi-step-direct,-0.1726,0.757484,0.870336,0.587756,19.82,0.2669,0.9736,0.48
121,F_N,5,1,LinReg,A_tiempo,576,144,multi-step-direct,0.184,3.553076,1.88496,1.397199,30.0366,0.0877,1.0,0.474
121,F_N,5,1,DT,A_tiempo,576,144,multi-step-direct,0.3949,2.634541,1.623127,1.075682,29.0361,0.006,0.8143,9.452
121,F_N,5,1,RF,A_tiempo,576,144,multi-step-direct,0.5124,2.123183,1.457114,0.900027,28.0194,0.1678,0.8163,2.696
121,F_N,5,1,SVR_rbf,A_tiempo,576,144,multi-step-direct,0.1322,3.778664,1.943879,1.237242,36.1353,30.2217,0.6133,12.447
121,F_N,5,1,MLP,A_tiempo,576,144,multi-step-direct,0.5373,2.014661,1.419388,0.952296,24.9219,0.0071,0.6657,2.404
121,F_N,5,1,ARIMA,A_tiempo,576,144,multi-step-direct,-0.0594,0.823921,0.907701,0.660232,16.1048,1.3319,0.9738,0.48
121,F_N,5,3,LinReg,A_tiempo,576,144,multi-step-direct,-0.304,6.004621,2.450433,1.776346,36.8242,0.1314,1.0,0.93
121,F_N,5,3,DT,A_tiempo,576,144,multi-step-direct,0.0753,4.258204,2.063542,1.426777,35.5063,0.0095,0.6791,24.373
121,F_N,5,3,RF,A_tiempo,576,144,multi-step-direct,0.261,3.403002,1.844723,1.194455,37.0373,0.1699,0.6906,8.28
121,F_N,5,3,SVR_rbf,A_tiempo,576,144,multi-step-direct,0.0806,4.23393,2.057652,1.357202,41.1799,68.2516,0.5073,33.855
121,F_N,5,3,MLP,A_tiempo,576,144,multi-step-direct,0.2829,3.302229,1.817204,1.199127,33.2198,0.0118,0.4885,1.526
121,F_N,5,3,ARIMA,A_tiempo,576,144,multi-step-direct,-0.2259,0.942819,0.970989,0.712258,22.2025,0.4881,0.9738,0.527
121,F_N,5,5,LinReg,A_tiempo,575,144,multi-step-direct,-0.4961,6.911941,2.629057,1.928649,31.6727,0.2274,1.0,1.45
121,F_N,5,5,DT,A_tiempo,575,144,multi-step-direct,-0.0589,4.891768,2.211734,1.516581,31.0713,0.0097,0.5347,41.421
121,F_N,5,5,RF,A_tiempo,575,144,multi-step-direct,0.1637,3.863521,1.965584,1.30704,34.5789,0.2556,0.6014,15.377
121,F_N,5,5,SVR_rbf,A_tiempo,575,144,multi-step-direct,0.0587,4.348567,2.085322,1.398129,37.6191,98.5756,0.4576,54.792
121,F_N,5,5,MLP,A_tiempo,575,144,multi-step-direct,0.2124,3.638816,1.907568,1.271031,28.6265,0.031,0.3414,5.573
121,F_N,5,5,ARIMA,A_tiempo,575,144,multi-step-direct,-0.1902,0.768863,0.876848,0.592817,19.9605,0.3801,0.9738,0.684
121,F_PB,5,1,LinReg,A_tiempo,576,144,multi-step-direct,-27.7664,26.727852,5.169899,3.913903,95.6625,0.0915,1.0,0.495
121,F_PB,5,1,DT,A_tiempo,576,144,multi-step-direct,-0.824,1.69478,1.301837,0.778775,14.779,0.0097,0.9104,7.964
121,F_PB,5,1,RF,A_tiempo,576,144,multi-step-direct,-0.0173,0.945205,0.972217,0.612894,17.078,0.1811,0.86,4.534
121,F_PB,5,1,SVR_rbf,A_tiempo,576,144,multi-step-direct,-0.1024,1.024278,1.012066,0.620609,18.1861,17.0505,0.5133,10.62
121,F_PB,5,1,MLP,A_tiempo,576,144,multi-step-direct,-0.2198,1.133326,1.064578,0.698285,16.0264,0.0073,0.6081,1.462
121,F_PB,5,1,ARIMA,A_tiempo,576,144,multi-step-direct,-5.63,5.850898,2.418863,2.305963,22.274,3.9573,0.9847,1.425
121,F_PB,5,3,LinReg,A_tiempo,576,144,multi-step-direct,-39.815,40.005568,6.324995,4.783305,120.7086,0.29,1.0,2.261
121,F_PB,5,3,DT,A_tiempo,576,144,multi-step-direct,-0.6785,1.64519,1.282649,0.798642,14.8018,0.0075,0.7669,23.518
121,F_PB,5,3,RF,A_tiempo,576,144,multi-step-direct,-0.0958,1.074115,1.036395,0.663753,16.6144,0.1768,0.7708,9.419
121,F_PB,5,3,SVR_rbf,A_tiempo,576,144,multi-step-direct,-0.1017,1.079858,1.039162,0.632694,18.2629,52.9227,0.3896,35.182
121,F_PB,5,3,MLP,A_tiempo,576,144,multi-step-direct,-0.2201,1.19589,1.093568,0.719815,16.5631,0.0118,0.4386,5.447
121,F_PB,5,3,ARIMA,A_tiempo,576,144,multi-step-direct,-6.2972,5.940872,2.43739,2.363423,32.6097,0.9514,0.9847,1.027
121,F_PB,5,5,LinReg,A_tiempo,575,144,multi-step-direct,-43.6195,43.557349,6.599799,5.008345,132.6209,0.2289,1.0,1.714
121,F_PB,5,5,DT,A_tiempo,575,144,multi-step-direct,-0.7048,1.664244,1.290056,0.796955,12.9446,0.0117,0.7326,40.791
121,F_PB,5,5,RF,A_tiempo,575,144,multi-step-direct,-0.0663,1.040898,1.020244,0.648865,16.732,0.2452,0.7159,12.572
121,F_PB,5,5,SVR_rbf,A_tiempo,575,144,multi-step-direct,-0.071,1.04551,1.022502,0.613399,18.1792,100.6905,0.3361,59.088
121,F_PB,5,5,MLP,A_tiempo,575,144,multi-step-direct,-0.1478,1.120521,1.058547,0.690132,16.3277,0.0297,0.2873,3.293
121,F_PB,5,5,ARIMA,A_tiempo,575,144,multi-step-direct,-6.6421,5.981609,2.445733,2.378296,32.5468,1.61,0.9847,2.898
121,F_MED,5,1,LinReg,A_tiempo,576,144,multi-step-direct,0.5658,2.819299,1.679077,1.260854,32.281,0.0879,1.0,0.448
121,F_MED,5,1,DT,A_tiempo,576,144,multi-step-direct,0.497,3.266615,1.807378,1.189603,33.7187,0.0058,0.8679,5.495
121,F_MED,5,1,RF,A_tiempo,576,144,multi-step-direct,0.5729,2.773758,1.66546,1.003322,32.2094,0.1695,0.869,2.141
121,F_MED,5,1,SVR_rbf,A_tiempo,576,144,multi-step-direct,0.1209,5.708425,2.389231,1.50861,44.891,17.1665,0.7097,12.205
121,F_MED,5,1,MLP,A_tiempo,576,144,multi-step-direct,0.6404,2.335217,1.528142,1.056703,30.3647,0.0071,0.7644,1.059
121,F_MED,5,1,ARIMA,A_tiempo,576,144,multi-step-direct,-0.0246,0.678636,0.823794,0.618405,15.6298,1.4614,0.974,0.526
121,F_MED,5,3,LinReg,A_tiempo,576,144,multi-step-direct,0.1237,6.028832,2.455368,1.725584,41.3932,0.1314,1.0,0.918
121,F_MED,5,3,DT,A_tiempo,576,144,multi-step-direct,0.1598,5.779974,2.404158,1.589903,39.2884,0.0075,0.7286,15.889
121,F_MED,5,3,RF,A_tiempo,576,144,multi-step-direct,0.2887,4.893419,2.212107,1.401626,43.7158,0.2595,0.7413,8.351
121,F_MED,5,3,SVR_rbf,A_tiempo,576,144,multi-step-direct,0.075,6.363754,2.522648,1.645064,50.6586,51.7363,0.5703,32.398
121,F_MED,5,3,MLP,A_tiempo,576,144,multi-step-direct,0.3332,4.587113,2.141755,1.407723,40.3718,0.0306,0.6799,1.947
121,F_MED,5,3,ARIMA,A_tiempo,576,144,multi-step-direct,-1.2234,1.615519,1.271031,1.106385,28.2378,1.1795,0.974,1.274
121,F_MED,5,5,LinReg,A_tiempo,575,144,multi-step-direct,-0.0617,7.332067,2.707779,1.906561,35.6613,0.2251,1.0,2.633
121,F_MED,5,5,DT,A_tiempo,575,144,multi-step-direct,0.069,6.428858,2.535519,1.734383,37.7058,0.0101,0.607,24.352
121,F_MED,5,5,RF,A_tiempo,575,144,multi-step-direct,0.2038,5.498154,2.344814,1.524865,41.1151,0.2417,0.6589,11.902
121,F_MED,5,5,SVR_rbf,A_tiempo,575,144,multi-step-direct,0.0567,6.514026,2.552259,1.691826,46.4701,95.4904,0.5081,51.988
121,F_MED,5,5,MLP,A_tiempo,575,144,multi-step-direct,0.1815,5.65206,2.377406,1.559154,35.1779,0.0162,0.4772,4.406
121,F_MED,5,5,ARIMA,A_tiempo,575,144,multi-step-direct,-1.313,1.295136,1.138041,0.955554,25.6933,0.3065,0.974,0.552
121,F_N+PB,5,1,LinReg,A_tiempo,576,144,multi-step-direct,-34.1682,32.675872,5.716281,4.310035,107.6999,0.2234,1.0,0.452
121,F_N+PB,5,1,DT,A_tiempo,576,144,multi-step-direct,-0.8646,1.732447,1.316225,0.786264,14.1672,0.0074,0.9104,8.414
121,F_N+PB,5,1,RF,A_tiempo,576,144,multi-step-direct,-0.0205,0.948148,0.973729,0.614295,16.9411,0.1768,0.8598,4.186
121,F_N+PB,5,1,SVR_rbf,A_tiempo,576,144,multi-step-direct,-0.1024,1.024276,1.012065,0.620612,18.1864,16.6513,0.5134,10.18
121,F_N+PB,5,1,MLP,A_tiempo,576,144,multi-step-direct,-0.2235,1.136766,1.066192,0.698787,16.0227,0.0072,0.6082,1.437
121,F_N+PB,5,1,ARIMA,A_tiempo,576,144,multi-step-direct,-5.6138,5.836686,2.415924,2.303104,22.2706,5.1678,0.9847,1.86
121,F_N+PB,5,3,LinReg,A_tiempo,576,144,multi-step-direct,-48.4174,48.437669,6.959718,5.240012,131.8042,0.3313,1.0,3.114
121,F_N+PB,5,3,DT,A_tiempo,576,144,multi-step-direct,-0.7475,1.712832,1.308752,0.812868,14.8434,0.0083,0.7664,23.223
121,F_N+PB,5,3,RF,A_tiempo,576,144,multi-step-direct,-0.0987,1.076932,1.037753,0.665754,16.5969,0.2404,0.771,9.408
121,F_N+PB,5,3,SVR_rbf,A_tiempo,576,144,multi-step-direct,-0.1017,1.079867,1.039167,0.6327,18.2629,50.0588,0.3896,35.076
121,F_N+PB,5,3,MLP,A_tiempo,576,144,multi-step-direct,-0.2195,1.195317,1.093305,0.719407,16.5677,0.0311,0.435,5.927
121,F_N+PB,5,3,ARIMA,A_tiempo,576,144,multi-step-direct,-6.2792,5.926232,2.434385,2.360484,32.5767,1.2442,0.9847,1.344
121,F_N+PB,5,5,LinReg,A_tiempo,575,144,multi-step-direct,-53.8812,53.574783,7.31948,5.536503,146.2889,0.2358,1.0,1.623
121,F_N+PB,5,5,DT,A_tiempo,575,144,multi-step-direct,-0.7814,1.739007,1.318714,0.813851,12.4525,0.0115,0.7326,40.311
121,F_N+PB,5,5,RF,A_tiempo,575,144,multi-step-direct,-0.0642,1.038896,1.019263,0.64813,16.7443,0.2551,0.7164,12.431
121,F_N+PB,5,5,SVR_rbf,A_tiempo,575,144,multi-step-direct,-0.071,1.045515,1.022504,0.613404,18.1789,100.4127,0.3361,59.444
121,F_N+PB,5,5,MLP,A_tiempo,575,144,multi-step-direct,-0.1452,1.117912,1.057314,0.68861,16.4321,0.0244,0.2749,1.317
121,F_N+PB,5,5,ARIMA,A_tiempo,575,144,multi-step-direct,-6.6215,5.965489,2.442435,2.375067,32.5289,0.5689,0.9847,1.024
121,F_N+MED,5,1,LinReg,A_tiempo,576,144,multi-step-direct,0.5615,2.847355,1.687411,1.268085,32.3991,0.1307,1.0,1.932
121,F_N+MED,5,1,DT,A_tiempo,576,144,multi-step-direct,0.5356,3.015353,1.736477,1.152046,32.6204,0.0058,0.8654,8.269
121,F_N+MED,5,1,RF,A_tiempo,576,144,multi-step-direct,0.5708,2.786831,1.66938,1.004173,32.2679,0.1685,0.867,2.848
121,F_N+MED,5,1,SVR_rbf,A_tiempo,576,144,multi-step-direct,0.1209,5.708164,2.389176,1.50862,44.8805,16.9196,0.7096,12.075
121,F_N+MED,5,1,MLP,A_tiempo,576,144,multi-step-direct,0.6403,2.335515,1.528239,1.058898,30.6,0.0069,0.7641,1.046
121,F_N+MED,5,1,ARIMA,A_tiempo,576,144,multi-step-direct,-0.0185,0.676141,0.822278,0.619765,15.5953,1.5366,0.9743,0.553
121,F_N+MED,5,3,LinReg,A_tiempo,576,144,multi-step-direct,0.1204,6.050741,2.459825,1.732317,41.3628,0.1297,1.0,0.929
121,F_N+MED,5,3,DT,A_tiempo,576,144,multi-step-direct,0.1009,6.184665,2.486899,1.672872,40.9643,0.0076,0.7317,25.07
121,F_N+MED,5,3,RF,A_tiempo,576,144,multi-step-direct,0.2922,4.868791,2.206534,1.391557,43.5231,0.1696,0.7449,8.389
121,F_N+MED,5,3,SVR_rbf,A_tiempo,576,144,multi-step-direct,0.0749,6.363208,2.52254,1.64507,50.6548,68.0288,0.5703,32.264
121,F_N+MED,5,3,MLP,A_tiempo,576,144,multi-step-direct,0.3272,4.628357,2.151362,1.413021,40.2874,0.0123,0.6801,1.857
121,F_N+MED,5,3,ARIMA,A_tiempo,576,144,multi-step-direct,-1.1776,1.584347,1.258708,1.095263,27.9643,0.4934,0.9743,0.533
121,F_N+MED,5,5,LinReg,A_tiempo,575,144,multi-step-direct,-0.0697,7.385978,2.717716,1.916814,35.627,0.2234,1.0,1.517
121,F_N+MED,5,5,DT,A_tiempo,575,144,multi-step-direct,-0.0203,7.045025,2.654247,1.774911,36.2212,0.0084,0.6142,41.22
121,F_N+MED,5,5,RF,A_tiempo,575,144,multi-step-direct,0.2008,5.518095,2.349063,1.535725,41.3127,0.2433,0.664,15.716
121,F_N+MED,5,5,SVR_rbf,A_tiempo,575,144,multi-step-direct,0.0567,6.513368,2.55213,1.691816,46.4674,95.2405,0.5081,52.146
121,F_N+MED,5,5,MLP,A_tiempo,575,144,multi-step-direct,0.1809,5.655691,2.37817,1.558749,35.2172,0.016,0.4775,4.45
121,F_N+MED,5,5,ARIMA,A_tiempo,575,144,multi-step-direct,-1.2592,1.266602,1.125434,0.941965,25.4167,0.3056,0.9743,0.55
121,F_N+PB+MED,5,1,LinReg,A_tiempo,576,144,multi-step-direct,-1.7468,2.952064,1.718157,1.299453,22.4141,0.2432,1.0,0.525
121,F_N+PB+MED,5,1,DT,A_tiempo,576,144,multi-step-direct,-0.4706,1.580457,1.257162,0.878784,16.2292,0.01,0.9207,8.175
121,F_N+PB+MED,5,1,RF,A_tiempo,576,144,multi-step-direct,-0.0518,1.130388,1.063197,0.758788,17.0377,0.1745,0.8903,4.278
121,F_N+PB+MED,5,1,SVR_rbf,A_tiempo,576,144,multi-step-direct,-0.0501,1.128597,1.062354,0.744948,18.1155,16.8091,0.7154,9.831
121,F_N+PB+MED,5,1,MLP,A_tiempo,576,144,multi-step-direct,-0.2784,1.373958,1.172159,0.839691,16.3547,0.0083,0.7742,1.824
121,F_N+PB+MED,5,1,ARIMA,A_tiempo,576,144,multi-step-direct,-1.1104,1.978621,1.406635,1.254847,25.8814,1.3119,0.9715,0.472
121,F_N+PB+MED,5,3,LinReg,A_tiempo,576,144,multi-step-direct,-2.4911,4.158098,2.039141,1.539216,26.788,0.2442,1.0,2.167
121,F_N+PB+MED,5,3,DT,A_tiempo,576,144,multi-step-direct,-0.6639,1.981826,1.407773,1.012852,16.4197,0.0079,0.8393,23.291
121,F_N+PB+MED,5,3,RF,A_tiempo,576,144,multi-step-direct,-0.1529,1.373204,1.171838,0.832934,17.3681,0.1667,0.8269,9.425
121,F_N+PB+MED,5,3,SVR_rbf,A_tiempo,576,144,multi-step-direct,-0.1086,1.32046,1.149113,0.795779,18.3696,50.2123,0.5998,33.715
121,F_N+PB+MED,5,3,MLP,A_tiempo,576,144,multi-step-direct,-0.4389,1.713766,1.309109,0.941463,16.4893,0.0173,0.6852,6.667
121,F_N+PB+MED,5,3,ARIMA,A_tiempo,576,144,multi-step-direct,-1.0827,1.758549,1.326103,1.184323,30.3213,0.8342,0.9715,0.901
121,F_N+PB+MED,5,5,LinReg,A_tiempo,575,144,multi-step-direct,-2.6942,4.429031,2.104526,1.603155,26.4879,0.2402,1.0,1.778
121,F_N+PB+MED,5,5,DT,A_tiempo,575,144,multi-step-direct,-0.5956,1.913026,1.383122,0.989837,16.0416,0.0098,0.7865,39.615
121,F_N+PB+MED,5,5,RF,A_tiempo,575,144,multi-step-direct,-0.1035,1.322989,1.150213,0.813418,16.9922,0.2488,0.7814,12.575
121,F_N+PB+MED,5,5,SVR_rbf,A_tiempo,575,144,multi-step-direct,-0.0753,1.289233,1.135444,0.782701,18.089,100.3587,0.5411,56.871
121,F_N+PB+MED,5,5,MLP,A_tiempo,575,144,multi-step-direct,-0.3659,1.637557,1.279671,0.909716,16.3366,0.0161,0.4942,1.87
121,F_N+PB+MED,5,5,ARIMA,A_tiempo,575,144,multi-step-direct,-1.1751,1.701258,1.304323,1.161172,29.3155,0.3083,0.9715,0.555
122,F_SIN,5,1,LinReg,A_tiempo,576,144,multi-step-direct,-2.3553,3.390849,1.841426,1.41214,29.5593,0.2331,1.0,0.489
122,F_SIN,5,1,DT,A_tiempo,576,144,multi-step-direct,-0.0248,1.035697,1.017692,0.524639,12.3601,0.0079,0.5713,6.173
122,F_SIN,5,1,RF,A_tiempo,576,144,multi-step-direct,0.2856,0.721941,0.849671,0.446967,16.3969,0.175,0.6674,2.518
122,F_SIN,5,1,SVR_rbf,A_tiempo,576,144,multi-step-direct,0.1424,0.866704,0.930969,0.416878,19.6308,16.901,0.3643,10.858
122,F_SIN,5,1,MLP,A_tiempo,576,144,multi-step-direct,0.1483,0.860733,0.927757,0.536269,17.5992,0.1563,0.3242,1.662
122,F_SIN,5,1,ARIMA,A_tiempo,576,144,multi-step-direct,-0.0602,0.765855,0.875132,0.553295,15.549,3.9369,0.9636,1.417
122,F_SIN,5,3,LinReg,A_tiempo,576,144,multi-step-direct,-3.0824,4.221368,2.054597,1.578305,31.0687,0.2283,1.0,1.742
122,F_SIN,5,3,DT,A_tiempo,576,144,multi-step-direct,-0.2096,1.250779,1.118382,0.590794,13.0263,0.0094,0.5241,16.02
122,F_SIN,5,3,RF,A_tiempo,576,144,multi-step-direct,0.1219,0.907999,0.95289,0.515086,17.8109,0.1686,0.5226,5.586
122,F_SIN,5,3,SVR_rbf,A_tiempo,576,144,multi-step-direct,0.0576,0.974514,0.987175,0.456194,18.7493,67.4664,0.287,34.315
122,F_SIN,5,3,MLP,A_tiempo,576,144,multi-step-direct,0.066,0.965745,0.982723,0.574092,16.963,0.0115,0.2363,1.61
122,F_SIN,5,3,ARIMA,A_tiempo,576,144,multi-step-direct,-0.0134,1.03441,1.01706,0.604581,20.4394,0.5389,0.9636,0.582
122,F_SIN,5,5,LinReg,A_tiempo,575,144,multi-step-direct,-3.422,4.562739,2.136057,1.648263,32.0932,0.2642,1.0,1.762
122,F_SIN,5,5,DT,A_tiempo,575,144,multi-step-direct,-0.2779,1.318528,1.148272,0.617132,12.8283,0.0085,0.469,27.146
122,F_SIN,5,5,RF,A_tiempo,575,144,multi-step-direct,0.0732,0.956322,0.977917,0.532853,19.2629,0.2437,0.4138,11.918
122,F_SIN,5,5,SVR_rbf,A_tiempo,575,144,multi-step-direct,0.0178,1.013446,1.006701,0.47466,19.6474,94.9442,0.2479,56.019
122,F_SIN,5,5,MLP,A_tiempo,575,144,multi-step-direct,0.0088,1.022784,1.011328,0.559164,19.9317,0.087,0.0614,4.879
122,F_SIN,5,5,ARIMA,A_tiempo,575,144,multi-step-direct,-0.0029,1.060436,1.029775,0.58695,19.1995,0.4022,0.9636,0.724
122,F_N,5,1,LinReg,A_tiempo,576,144,multi-step-direct,-2.3082,3.343847,1.828619,1.402553,29.5381,0.223,1.0,0.456
122,F_N,5,1,DT,A_tiempo,576,144,multi-step-direct,0.0005,1.010302,1.005138,0.518307,12.7309,0.0077,0.5696,8.143
122,F_N,5,1,RF,A_tiempo,576,144,multi-step-direct,0.2812,0.726527,0.852365,0.443851,16.4639,0.1817,0.675,4.802
122,F_N,5,1,SVR_rbf,A_tiempo,576,144,multi-step-direct,0.1424,0.86681,0.931026,0.416672,19.6296,16.8647,0.3642,10.125
122,F_N,5,1,MLP,A_tiempo,576,144,multi-step-direct,0.077,0.932917,0.965876,0.538828,20.0009,0.0071,0.1584,0.777
122,F_N,5,1,ARIMA,A_tiempo,576,144,multi-step-direct,-0.0021,0.723815,0.850773,0.454882,15.7778,0.8868,0.9642,0.319
122,F_N,5,3,LinReg,A_tiempo,576,144,multi-step-direct,-2.9868,4.123252,2.030579,1.559159,30.3233,0.382,1.0,1.788
122,F_N,5,3,DT,A_tiempo,576,144,multi-step-direct,-0.2156,1.257212,1.121255,0.598438,13.0027,0.0075,0.5397,24.083
122,F_N,5,3,RF,A_tiempo,576,144,multi-step-direct,0.1222,0.907845,0.952809,0.515371,18.3601,0.254,0.5065,9.996
122,F_N,5,3,SVR_rbf,A_tiempo,576,144,multi-step-direct,0.0576,0.974624,0.98723,0.45601,18.728,50.3513,0.2868,34.519
122,F_N,5,3,MLP,A_tiempo,576,144,multi-step-direct,0.0694,0.962442,0.981041,0.573315,16.6606,0.183,0.2503,3.649
122,F_N,5,3,ARIMA,A_tiempo,576,144,multi-step-direct,-0.001,1.021895,1.010888,0.512035,20.5555,1.2283,0.9642,1.327
122,F_N,5,5,LinReg,A_tiempo,575,144,multi-step-direct,-3.3593,4.49879,2.121035,1.634609,32.0784,0.225,1.0,1.686
122,F_N,5,5,DT,A_tiempo,575,144,multi-step-direct,-0.3528,1.396082,1.181559,0.654904,12.9167,0.0104,0.4677,40.252
122,F_N,5,5,RF,A_tiempo,575,144,multi-step-direct,0.0707,0.959075,0.979324,0.533237,19.0676,0.2656,0.4208,15.208
122,F_N,5,5,SVR_rbf,A_tiempo,575,144,multi-step-direct,0.0179,1.013563,1.006759,0.47448,19.6702,101.1756,0.2478,58.099
122,F_N,5,5,MLP,A_tiempo,575,144,multi-step-direct,0.0069,1.024878,1.012363,0.558074,20.1161,0.0176,0.0545,1.257
122,F_N,5,5,ARIMA,A_tiempo,575,144,multi-step-direct,-0.0092,1.067237,1.033072,0.506701,19.28,0.2166,0.9642,0.39
122,F_PB,5,1,LinReg,A_tiempo,576,144,multi-step-direct,-12.6122,14.016501,3.743862,2.928534,62.5452,0.2883,1.0,2.223
122,F_PB,5,1,DT,A_tiempo,576,144,multi-step-direct,-0.0091,1.03902,1.019323,0.436834,10.5674,0.0059,0.6962,8.394
122,F_PB,5,1,RF,A_tiempo,576,144,multi-step-direct,0.3987,0.619192,0.786887,0.38248,14.1741,0.1767,0.7913,2.634
122,F_PB,5,1,SVR_rbf,A_tiempo,576,144,multi-step-direct,0.143,0.882433,0.939379,0.371486,20.1842,16.4355,0.3285,12.816
122,F_PB,5,1,MLP,A_tiempo,576,144,multi-step-direct,0.1321,0.893698,0.945356,0.510276,18.64,0.0068,0.2093,0.775
122,F_PB,5,1,ARIMA,A_tiempo,576,144,multi-step-direct,-0.3963,1.074126,1.036401,0.821554,15.3799,3.9631,0.9761,1.427
122,F_PB,5,3,LinReg,A_tiempo,576,144,multi-step-direct,-16.4733,18.448833,4.295211,3.347277,77.4545,0.1306,1.0,0.881
122,F_PB,5,3,DT,A_tiempo,576,144,multi-step-direct,-0.2361,1.305083,1.142402,0.552844,11.2046,0.0083,0.5714,24.601
122,F_PB,5,3,RF,A_tiempo,576,144,multi-step-direct,0.1785,0.867417,0.931352,0.476778,16.8809,0.1741,0.6335,7.358
122,F_PB,5,3,SVR_rbf,A_tiempo,576,144,multi-step-direct,0.0476,1.005602,1.002797,0.414219,19.2123,55.7925,0.2351,37.889
122,F_PB,5,3,MLP,A_tiempo,576,144,multi-step-direct,0.0756,0.975984,0.987919,0.548503,17.4004,0.0117,0.2024,1.393
122,F_PB,5,3,ARIMA,A_tiempo,576,144,multi-step-direct,-0.2847,1.387813,1.178055,0.950718,20.7184,1.3465,0.9761,1.454
122,F_PB,5,5,LinReg,A_tiempo,575,144,multi-step-direct,-17.8206,19.840216,4.454236,3.468273,77.645,0.3552,1.0,4.145
122,F_PB,5,5,DT,A_tiempo,575,144,multi-step-direct,-0.3312,1.40328,1.184601,0.590676,13.399,0.0085,0.5093,39.786
122,F_PB,5,5,RF,A_tiempo,575,144,multi-step-direct,0.0986,0.950194,0.974779,0.507861,17.851,0.2545,0.5329,14.756
122,F_PB,5,5,SVR_rbf,A_tiempo,575,144,multi-step-direct,0.0081,1.045657,1.022574,0.435276,20.3222,99.679,0.192,59.622
122,F_PB,5,5,MLP,A_tiempo,575,144,multi-step-direct,0.0233,1.029588,1.014686,0.54795,19.3649,0.0165,0.0962,1.368
122,F_PB,5,5,ARIMA,A_tiempo,575,144,multi-step-direct,-0.3028,1.447796,1.203244,0.988957,19.7999,0.5727,0.9761,1.031
122,F_MED,5,1,LinReg,A_tiempo,576,144,multi-step-direct,-0.5058,1.30715,1.143307,0.875142,16.8238,0.0859,1.0,0.45
122,F_MED,5,1,DT,A_tiempo,576,144,multi-step-direct,0.0393,0.833942,0.913204,0.654543,13.0551,0.0076,0.7635,6.714
122,F_MED,5,1,RF,A_tiempo,576,144,multi-step-direct,0.4244,0.499654,0.706862,0.515214,12.9332,0.1697,0.7719,2.324
122,F_MED,5,1,SVR_rbf,A_tiempo,576,144,multi-step-direct,0.4124,0.510039,0.71417,0.4818,12.4256,17.0054,0.645,10.476
122,F_MED,5,1,MLP,A_tiempo,576,144,multi-step-direct,0.2849,0.620731,0.787865,0.58104,13.5971,0.0166,0.5157,1.226
122,F_MED,5,1,ARIMA,A_tiempo,576,144,multi-step-direct,-0.1017,0.52937,0.727578,0.511374,13.8047,1.9929,0.9361,0.717
122,F_MED,5,3,LinReg,A_tiempo,576,144,multi-step-direct,-1.1379,1.877473,1.370209,1.060591,17.085,0.3217,1.0,2.171
122,F_MED,5,3,DT,A_tiempo,576,144,multi-step-direct,-0.0739,0.943104,0.971135,0.720676,13.9809,0.0074,0.5524,15.642
122,F_MED,5,3,RF,A_tiempo,576,144,multi-step-direct,0.2206,0.684472,0.827328,0.616559,15.2961,0.1771,0.638,5.466
122,F_MED,5,3,SVR_rbf,A_tiempo,576,144,multi-step-direct,0.2432,0.664597,0.815228,0.578855,14.4414,68.8407,0.5663,32.424
122,F_MED,5,3,MLP,A_tiempo,576,144,multi-step-direct,0.13,0.763992,0.874066,0.659499,13.9355,0.0127,0.405,1.97
122,F_MED,5,3,ARIMA,A_tiempo,576,144,multi-step-direct,-0.1766,0.930093,0.964413,0.634675,21.5174,0.3486,0.9361,0.376
122,F_MED,5,5,LinReg,A_tiempo,575,144,multi-step-direct,-1.4247,2.131741,1.460048,1.136626,17.2764,0.2196,1.0,1.743
122,F_MED,5,5,DT,A_tiempo,575,144,multi-step-direct,-0.1086,0.974659,0.987248,0.742154,13.702,0.0104,0.4698,26.125
122,F_MED,5,5,RF,A_tiempo,575,144,multi-step-direct,0.151,0.746445,0.86397,0.650989,15.543,0.2535,0.5365,9.508
122,F_MED,5,5,SVR_rbf,A_tiempo,575,144,multi-step-direct,0.1599,0.738599,0.859418,0.620995,14.0098,102.5657,0.5175,54.306
122,F_MED,5,5,MLP,A_tiempo,575,144,multi-step-direct,0.077,0.811462,0.900812,0.679895,14.9562,0.0174,0.1736,1.336
122,F_MED,5,5,ARIMA,A_tiempo,575,144,multi-step-direct,-0.3057,1.105862,1.0516,0.721925,22.5063,0.3941,0.9361,0.709
122,F_N+PB,5,1,LinReg,A_tiempo,576,144,multi-step-direct,-15.8057,17.304852,4.15991,3.251211,71.8103,0.2468,1.0,0.445
122,F_N+PB,5,1,DT,A_tiempo,576,144,multi-step-direct,0.0081,1.021375,1.010631,0.432217,11.0263,0.0057,0.6965,9.545
122,F_N+PB,5,1,RF,A_tiempo,576,144,multi-step-direct,0.3877,0.630503,0.794042,0.386115,14.4894,0.1698,0.7899,2.679
122,F_N+PB,5,1,SVR_rbf,A_tiempo,576,144,multi-step-direct,0.143,0.882411,0.939367,0.371483,20.1836,29.6951,0.3285,12.817
122,F_N+PB,5,1,MLP,A_tiempo,576,144,multi-step-direct,0.1323,0.893426,0.945212,0.509951,18.6242,0.0073,0.2089,1.602
122,F_N+PB,5,1,ARIMA,A_tiempo,576,144,multi-step-direct,-0.3777,1.059805,1.029468,0.810603,15.3635,4.9157,0.9761,1.77
122,F_N+PB,5,3,LinReg,A_tiempo,576,144,multi-step-direct,-21.0996,23.333426,4.830469,3.75405,90.2833,0.132,1.0,0.894
122,F_N+PB,5,3,DT,A_tiempo,576,144,multi-step-direct,-0.2208,1.28896,1.135324,0.549061,11.3562,0.0099,0.5714,24.402
122,F_N+PB,5,3,RF,A_tiempo,576,144,multi-step-direct,0.1771,0.868817,0.932104,0.477243,16.9087,0.1804,0.6259,7.896
122,F_N+PB,5,3,SVR_rbf,A_tiempo,576,144,multi-step-direct,0.0476,1.005586,1.002789,0.414221,19.2114,66.3875,0.2351,35.355
122,F_N+PB,5,3,MLP,A_tiempo,576,144,multi-step-direct,0.0771,0.974447,0.987141,0.548562,17.2973,0.0116,0.2081,1.412
122,F_N+PB,5,3,ARIMA,A_tiempo,576,144,multi-step-direct,-0.2709,1.37285,1.171687,0.939313,20.6724,1.7211,0.9761,1.859
122,F_N+PB,5,5,LinReg,A_tiempo,575,144,multi-step-direct,-22.1083,24.360144,4.9356,3.849624,89.2201,0.2174,1.0,1.596
122,F_N+PB,5,5,DT,A_tiempo,575,144,multi-step-direct,-0.2798,1.349089,1.161503,0.577965,12.5819,0.0088,0.5185,40.871
122,F_N+PB,5,5,RF,A_tiempo,575,144,multi-step-direct,0.0988,0.950033,0.974697,0.508097,18.2627,0.2597,0.5334,14.98
122,F_N+PB,5,5,SVR_rbf,A_tiempo,575,144,multi-step-direct,0.0081,1.045649,1.02257,0.435278,20.323,97.7662,0.192,59.439
122,F_N+PB,5,5,MLP,A_tiempo,575,144,multi-step-direct,0.0233,1.029566,1.014675,0.547897,19.3695,0.0174,0.0962,1.692
122,F_N+PB,5,5,ARIMA,A_tiempo,575,144,multi-step-direct,-0.2612,1.401529,1.183862,0.954477,19.7127,0.6731,0.9761,1.212
122,F_N+MED,5,1,LinReg,A_tiempo,576,144,multi-step-direct,-0.5303,1.329247,1.15293,0.884655,17.0818,0.2485,1.0,0.445
122,F_N+MED,5,1,DT,A_tiempo,576,144,multi-step-direct,-0.0351,0.899159,0.94824,0.6806,14.0944,0.0076,0.7846,8.972
122,F_N+MED,5,1,RF,A_tiempo,576,144,multi-step-direct,0.4094,0.513014,0.71625,0.525867,13.1831,0.1752,0.7746,3.445
122,F_N+MED,5,1,SVR_rbf,A_tiempo,576,144,multi-step-direct,0.411,0.511602,0.715264,0.48181,12.5007,16.9608,0.6443,10.47
122,F_N+MED,5,1,MLP,A_tiempo,576,144,multi-step-direct,0.3401,0.573217,0.757111,0.555611,12.5456,0.143,0.6345,5.155
122,F_N+MED,5,1,ARIMA,A_tiempo,576,144,multi-step-direct,-0.1082,0.548116,0.740348,0.514622,14.0471,2.1402,0.9363,0.77
122,F_N+MED,5,3,LinReg,A_tiempo,576,144,multi-step-direct,-1.1504,1.889343,1.374534,1.065499,17.1554,0.1532,1.0,0.95
122,F_N+MED,5,3,DT,A_tiempo,576,144,multi-step-direct,-0.1827,1.039131,1.019378,0.735151,13.9989,0.0094,0.5727,23.739
122,F_N+MED,5,3,RF,A_tiempo,576,144,multi-step-direct,0.2109,0.693318,0.832657,0.622705,15.3399,0.1749,0.6335,9.692
122,F_N+MED,5,3,SVR_rbf,A_tiempo,576,144,multi-step-direct,0.2426,0.665442,0.815746,0.578592,14.4803,62.2582,0.5658,32.654
122,F_N+MED,5,3,MLP,A_tiempo,576,144,multi-step-direct,0.1306,0.763871,0.873997,0.658094,14.386,0.0116,0.389,3.132
122,F_N+MED,5,3,ARIMA,A_tiempo,576,144,multi-step-direct,-0.1835,0.941464,0.970291,0.636559,21.6451,0.3405,0.9363,0.368
122,F_N+MED,5,5,LinReg,A_tiempo,575,144,multi-step-direct,-1.4256,2.133898,1.460787,1.138778,17.3318,0.2171,1.0,1.741
122,F_N+MED,5,5,DT,A_tiempo,575,144,multi-step-direct,-0.1704,1.029625,1.014704,0.757626,13.5254,0.0089,0.4707,41.326
122,F_N+MED,5,5,RF,A_tiempo,575,144,multi-step-direct,0.1475,0.749986,0.866018,0.653842,15.236,0.2486,0.5434,15.678
122,F_N+MED,5,5,SVR_rbf,A_tiempo,575,144,multi-step-direct,0.1593,0.739601,0.86,0.620857,13.9831,102.5546,0.517,51.936
122,F_N+MED,5,5,MLP,A_tiempo,575,144,multi-step-direct,0.0786,0.810577,0.900321,0.682056,14.8452,0.0159,0.1844,1.332
122,F_N+MED,5,5,ARIMA,A_tiempo,575,144,multi-step-direct,-0.3143,1.12148,1.059,0.724504,22.6606,0.2089,0.9363,0.376
122,F_N+PB+MED,5,1,LinReg,A_tiempo,576,144,multi-step-direct,-0.8738,1.819871,1.349026,1.040964,19.6916,0.3537,1.0,0.724
122,F_N+PB+MED,5,1,DT,A_tiempo,576,144,multi-step-direct,0.3126,0.66761,0.817074,0.462852,12.085,0.0058,0.7969,9.272
122,F_N+PB+MED,5,1,RF,A_tiempo,576,144,multi-step-direct,0.5305,0.455991,0.675271,0.443827,11.9774,0.167,0.8362,2.638
122,F_N+PB+MED,5,1,SVR_rbf,A_tiempo,576,144,multi-step-direct,0.3824,0.599871,0.774514,0.45368,13.8198,22.623,0.5891,12.284
122,F_N+PB+MED,5,1,MLP,A_tiempo,576,144,multi-step-direct,0.3739,0.608043,0.779771,0.532696,12.5936,0.007,0.6661,1.914
122,F_N+PB+MED,5,1,ARIMA,A_tiempo,576,144,multi-step-direct,-0.0647,0.77234,0.878829,0.618197,16.6732,0.969,0.9307,0.349
122,F_N+PB+MED,5,3,LinReg,A_tiempo,576,144,multi-step-direct,-1.3542,2.357873,1.535537,1.191168,18.8888,0.1327,1.0,0.956
122,F_N+PB+MED,5,3,DT,A_tiempo,576,144,multi-step-direct,-0.0921,1.093805,1.045851,0.665937,13.8143,0.0076,0.6845,24.716
122,F_N+PB+MED,5,3,RF,A_tiempo,576,144,multi-step-direct,0.2909,0.710226,0.842749,0.590483,15.623,0.1697,0.7165,7.134
122,F_N+PB+MED,5,3,SVR_rbf,A_tiempo,576,144,multi-step-direct,0.2092,0.791998,0.889943,0.55033,16.2199,67.7766,0.4694,33.287
122,F_N+PB+MED,5,3,MLP,A_tiempo,576,144,multi-step-direct,0.2045,0.796768,0.892619,0.635111,15.0268,0.0118,0.4003,1.888
122,F_N+PB+MED,5,3,ARIMA,A_tiempo,576,144,multi-step-direct,-0.0266,1.157821,1.076021,0.716679,23.8147,0.3495,0.9307,0.377
122,F_N+PB+MED,5,5,LinReg,A_tiempo,575,144,multi-step-direct,-1.5971,2.608577,1.615109,1.259083,19.6812,0.2177,1.0,1.756
122,F_N+PB+MED,5,5,DT,A_tiempo,575,144,multi-step-direct,-0.2312,1.236694,1.112067,0.737668,13.8972,0.009,0.5924,40.852
122,F_N+PB+MED,5,5,RF,A_tiempo,575,144,multi-step-direct,0.1797,0.823909,0.907694,0.650966,15.1697,0.2465,0.6371,14.509
122,F_N+PB+MED,5,5,SVR_rbf,A_tiempo,575,144,multi-step-direct,0.112,0.891947,0.94443,0.609037,15.5352,101.8725,0.4009,53.254
122,F_N+PB+MED,5,5,MLP,A_tiempo,575,144,multi-step-direct,0.1173,0.886641,0.941616,0.685068,15.2304,0.0176,0.2557,1.994
122,F_N+PB+MED,5,5,ARIMA,A_tiempo,575,144,multi-step-direct,-0.0287,1.200494,1.095671,0.73028,23.5153,0.2993,0.9307,0.539
123,F_SIN,5,1,LinReg,A_tiempo,576,144,multi-step-direct,-3.611,4.932084,2.22083,1.665102,36.5245,0.1648,1.0,1.659
123,F_SIN,5,1,DT,A_tiempo,576,144,multi-step-direct,-0.1326,1.211448,1.100658,0.550643,16.3441,0.0053,0.3256,4.961
123,F_SIN,5,1,RF,A_tiempo,576,144,multi-step-direct,0.0449,1.02157,1.010727,0.492031,20.9737,0.1677,0.401,2.164
123,F_SIN,5,1,SVR_rbf,A_tiempo,576,144,multi-step-direct,-0.0009,1.070571,1.034684,0.48731,21.0974,26.1808,0.2977,12.549
123,F_SIN,5,1,MLP,A_tiempo,576,144,multi-step-direct,-0.0022,1.071989,1.035369,0.534973,20.8581,0.0069,0.1313,0.977
123,F_SIN,5,1,ARIMA,A_tiempo,576,144,multi-step-direct,-0.4653,2.028262,1.424171,0.905382,24.122,1.6761,0.9186,0.603
123,F_SIN,5,3,LinReg,A_tiempo,576,144,multi-step-direct,-3.7868,5.115408,2.261727,1.706204,37.2476,0.1307,1.0,0.984
123,F_SIN,5,3,DT,A_tiempo,576,144,multi-step-direct,-0.0464,1.118218,1.057458,0.546925,18.9587,0.0071,0.1696,13.206
123,F_SIN,5,3,RF,A_tiempo,576,144,multi-step-direct,0.0166,1.050883,1.025126,0.51786,21.5927,0.1689,0.2248,5.626
123,F_SIN,5,3,SVR_rbf,A_tiempo,576,144,multi-step-direct,-0.0168,1.086585,1.042394,0.508273,21.0726,69.8197,0.2838,34.884
123,F_SIN,5,3,MLP,A_tiempo,576,144,multi-step-direct,-0.0124,1.081899,1.040144,0.545128,21.0104,0.0126,0.0527,1.039
123,F_SIN,5,3,ARIMA,A_tiempo,576,144,multi-step-direct,-1.0123,2.989632,1.729055,1.29744,37.8499,0.5266,0.9186,0.569
123,F_SIN,5,5,LinReg,A_tiempo,575,144,multi-step-direct,-3.8969,5.249158,2.291104,1.736352,35.6741,0.2239,1.0,1.614
123,F_SIN,5,5,DT,A_tiempo,575,144,multi-step-direct,-0.2067,1.293564,1.13735,0.599046,18.6887,0.0088,0.1401,22.889
123,F_SIN,5,5,RF,A_tiempo,575,144,multi-step-direct,0.0106,1.060561,1.029836,0.525119,20.4128,0.2822,0.171,9.314
123,F_SIN,5,5,SVR_rbf,A_tiempo,575,144,multi-step-direct,-0.0236,1.097238,1.047491,0.518635,19.7125,101.2068,0.279,58.806
123,F_SIN,5,5,MLP,A_tiempo,575,144,multi-step-direct,-0.009,1.081599,1.039999,0.540979,20.5123,0.0165,0.0156,0.941
123,F_SIN,5,5,ARIMA,A_tiempo,575,144,multi-step-direct,-0.9845,2.862199,1.691803,1.259536,37.509,0.3401,0.9186,0.612
123,F_N,5,1,LinReg,A_tiempo,576,144,multi-step-direct,-3.6605,4.985035,2.232719,1.674852,36.935,0.1879,1.0,0.545
123,F_N,5,1,DT,A_tiempo,576,144,multi-step-direct,-0.1327,1.211538,1.100699,0.557878,18.8675,0.0052,0.3178,9.575
123,F_N,5,1,RF,A_tiempo,576,144,multi-step-direct,0.0457,1.020733,1.010313,0.493511,21.5947,0.1732,0.3958,3.148
123,F_N,5,1,SVR_rbf,A_tiempo,576,144,multi-step-direct,-0.0009,1.070564,1.034681,0.487335,21.0896,18.0672,0.2978,12.438
123,F_N,5,1,MLP,A_tiempo,576,144,multi-step-direct,-0.0063,1.076391,1.037493,0.538502,20.8028,0.0072,0.1457,1.047
123,F_N,5,1,ARIMA,A_tiempo,576,144,multi-step-direct,-0.3817,1.912489,1.382928,0.834783,23.9704,1.4952,0.9188,0.538
123,F_N,5,3,LinReg,A_tiempo,576,144,multi-step-direct,-3.8446,5.177116,2.275328,1.71745,37.4703,0.1315,1.0,1.044
123,F_N,5,3,DT,A_tiempo,576,144,multi-step-direct,-0.0668,1.140009,1.067712,0.557703,18.3868,0.0072,0.1605,26.047
123,F_N,5,3,RF,A_tiempo,576,144,multi-step-direct,0.0172,1.050288,1.024836,0.517387,21.4926,0.1768,0.2299,9.418
123,F_N,5,3,SVR_rbf,A_tiempo,576,144,multi-step-direct,-0.0168,1.08658,1.042392,0.508301,21.0712,53.5237,0.2839,36.554
123,F_N,5,3,MLP,A_tiempo,576,144,multi-step-direct,-0.0124,1.081921,1.040154,0.545211,20.9989,0.0117,0.0528,1.062
123,F_N,5,3,ARIMA,A_tiempo,576,144,multi-step-direct,-0.8899,2.807726,1.675627,1.224653,36.9601,0.526,0.9188,0.568
123,F_N,5,5,LinReg,A_tiempo,575,144,multi-step-direct,-3.9635,5.320552,2.306632,1.74873,35.9048,0.4076,1.0,4.336
123,F_N,5,5,DT,A_tiempo,575,144,multi-step-direct,-0.1601,1.243597,1.115167,0.582299,18.6778,0.0099,0.1329,43.176
123,F_N,5,5,RF,A_tiempo,575,144,multi-step-direct,0.0102,1.06103,1.030063,0.524921,20.4976,0.2472,0.1714,17.596
123,F_N,5,5,SVR_rbf,A_tiempo,575,144,multi-step-direct,-0.0236,1.09724,1.047492,0.51867,19.7029,97.5796,0.279,57.62
123,F_N,5,5,MLP,A_tiempo,575,144,multi-step-direct,-0.009,1.081619,1.040009,0.541049,20.5074,0.1391,0.0156,3.135
123,F_N,5,5,ARIMA,A_tiempo,575,144,multi-step-direct,-0.8616,2.684841,1.638548,1.18647,36.4657,0.8001,0.9188,1.44
123,F_PB,5,1,LinReg,A_tiempo,576,144,multi-step-direct,-20.0534,22.757469,4.770479,3.640642,93.9409,0.0886,1.0,0.47
123,F_PB,5,1,DT,A_tiempo,576,144,multi-step-direct,-0.137,1.229044,1.108623,0.488816,18.6546,0.0054,0.3999,8.076
123,F_PB,5,1,RF,A_tiempo,576,144,multi-step-direct,0.0707,1.004465,1.00223,0.444749,21.695,0.1719,0.4719,4.684
123,F_PB,5,1,SVR_rbf,A_tiempo,576,144,multi-step-direct,-0.0186,1.101072,1.04932,0.445579,21.9492,16.67,0.2515,10.73
123,F_PB,5,1,MLP,A_tiempo,576,144,multi-step-direct,-0.0108,1.09256,1.045256,0.499704,22.8334,0.0067,0.004,0.471
123,F_PB,5,1,ARIMA,A_tiempo,576,144,multi-step-direct,-0.0432,1.590752,1.26125,0.650579,22.5713,4.5853,0.9356,1.651
123,F_PB,5,3,LinReg,A_tiempo,576,144,multi-step-direct,-20.9898,23.749012,4.873296,3.738595,91.1578,0.3079,1.0,1.486
123,F_PB,5,3,DT,A_tiempo,576,144,multi-step-direct,-0.3269,1.433103,1.197123,0.563376,14.6144,0.0081,0.4288,24.329
123,F_PB,5,3,RF,A_tiempo,576,144,multi-step-direct,0.0178,1.060824,1.029963,0.481834,21.6933,0.1706,0.2703,11.717
123,F_PB,5,3,SVR_rbf,A_tiempo,576,144,multi-step-direct,-0.0275,1.109677,1.053412,0.460778,22.4838,50.5756,0.2464,34.701
123,F_PB,5,3,MLP,A_tiempo,576,144,multi-step-direct,-0.0076,1.08818,1.043159,0.502844,23.0099,0.012,0.0055,0.736
123,F_PB,5,3,ARIMA,A_tiempo,576,144,multi-step-direct,-0.0282,1.543355,1.242318,0.703946,28.281,3.2177,0.9356,3.475
123,F_PB,5,5,LinReg,A_tiempo,575,144,multi-step-direct,-21.3545,24.077499,4.906883,3.781825,92.0094,0.2178,1.0,2.336
123,F_PB,5,5,DT,A_tiempo,575,144,multi-step-direct,-0.322,1.423842,1.193248,0.575513,14.0188,0.0103,0.3821,39.515
123,F_PB,5,5,RF,A_tiempo,575,144,multi-step-direct,0.0046,1.072119,1.035432,0.493166,20.1776,0.2557,0.1614,18.171
123,F_PB,5,5,SVR_rbf,A_tiempo,575,144,multi-step-direct,-0.0288,1.108138,1.052681,0.464389,20.0209,101.3139,0.2435,58.254
123,F_PB,5,5,MLP,A_tiempo,575,144,multi-step-direct,-0.0076,1.085314,1.041784,0.503061,20.5744,0.0157,0.0062,0.981
123,F_PB,5,5,ARIMA,A_tiempo,575,144,multi-step-direct,-0.0237,1.47506,1.21452,0.680047,27.1254,2.4685,0.9356,4.443
123,F_MED,5,1,LinReg,A_tiempo,576,144,multi-step-direct,-0.586,1.488717,1.22013,0.940701,17.6727,0.0874,1.0,0.503
123,F_MED,5,1,DT,A_tiempo,576,144,multi-step-direct,-0.0106,0.948609,0.973965,0.691832,14.5427,0.0051,0.7058,4.44
123,F_MED,5,1,RF,A_tiempo,576,144,multi-step-direct,0.3864,0.575909,0.758887,0.54486,14.1024,0.1682,0.7885,1.966
123,F_MED,5,1,SVR_rbf,A_tiempo,576,144,multi-step-direct,0.3101,0.647606,0.80474,0.555237,14.5136,22.0503,0.544,12.179
123,F_MED,5,1,MLP,A_tiempo,576,144,multi-step-direct,0.2673,0.687781,0.829326,0.59987,13.5335,0.0067,0.6595,1.167
123,F_MED,5,1,ARIMA,A_tiempo,576,144,multi-step-direct,-0.3393,0.759518,0.871503,0.540544,16.5173,1.5759,0.9901,0.567
123,F_MED,5,3,LinReg,A_tiempo,576,144,multi-step-direct,-1.1674,2.149316,1.466055,1.126207,18.8778,0.1291,1.0,0.922
123,F_MED,5,3,DT,A_tiempo,576,144,multi-step-direct,-0.1907,1.180779,1.086637,0.744764,13.9831,0.0076,0.5491,13.613
123,F_MED,5,3,RF,A_tiempo,576,144,multi-step-direct,0.2059,0.787433,0.887374,0.629896,15.6196,0.1773,0.6544,5.368
123,F_MED,5,3,SVR_rbf,A_tiempo,576,144,multi-step-direct,0.1749,0.818191,0.904539,0.627642,15.148,64.7385,0.4827,34.892
123,F_MED,5,3,MLP,A_tiempo,576,144,multi-step-direct,0.0631,0.929093,0.963895,0.690195,14.4028,0.0115,0.3932,1.188
123,F_MED,5,3,ARIMA,A_tiempo,576,144,multi-step-direct,-1.2263,3.32781,1.824229,1.406124,41.3452,0.5749,0.9901,0.621
123,F_MED,5,5,LinReg,A_tiempo,575,144,multi-step-direct,-1.3437,2.430154,1.558895,1.196307,18.4627,0.2206,1.0,1.489
123,F_MED,5,5,DT,A_tiempo,575,144,multi-step-direct,-0.1643,1.207231,1.098741,0.742605,15.0856,0.0084,0.4561,23.051
123,F_MED,5,5,RF,A_tiempo,575,144,multi-step-direct,0.1478,0.883668,0.940036,0.667062,16.5781,0.2583,0.5744,9.514
123,F_MED,5,5,SVR_rbf,A_tiempo,575,144,multi-step-direct,0.1097,0.923136,0.9608,0.670023,16.1389,102.3099,0.4503,55.562
123,F_MED,5,5,MLP,A_tiempo,575,144,multi-step-direct,-0.0077,1.044889,1.022198,0.73702,16.4613,0.0173,0.1293,1.01
123,F_MED,5,5,ARIMA,A_tiempo,575,144,multi-step-direct,-1.2036,3.052879,1.747249,1.338618,40.0414,0.3446,0.9901,0.62
123,F_N+PB,5,1,LinReg,A_tiempo,576,144,multi-step-direct,-25.7237,28.886578,5.374623,4.085496,107.5884,0.2045,1.0,0.456
123,F_N+PB,5,1,DT,A_tiempo,576,144,multi-step-direct,-0.1968,1.293626,1.137377,0.49553,16.9907,0.0058,0.4276,9.454
123,F_N+PB,5,1,RF,A_tiempo,576,144,multi-step-direct,0.0721,1.002999,1.001498,0.444221,21.9542,0.1653,0.4704,2.996
123,F_N+PB,5,1,SVR_rbf,A_tiempo,576,144,multi-step-direct,-0.0186,1.101072,1.04932,0.445596,21.9484,24.6908,0.2515,12.369
123,F_N+PB,5,1,MLP,A_tiempo,576,144,multi-step-direct,-0.0107,1.092496,1.045226,0.499749,22.8383,0.0098,0.0041,0.464
123,F_N+PB,5,1,ARIMA,A_tiempo,576,144,multi-step-direct,-0.0439,1.591816,1.261672,0.652532,22.5646,5.9195,0.9357,2.131
123,F_N+PB,5,3,LinReg,A_tiempo,576,144,multi-step-direct,-26.4675,29.664778,5.446538,4.172633,100.9915,0.1315,1.0,0.995
123,F_N+PB,5,3,DT,A_tiempo,576,144,multi-step-direct,-0.3773,1.487462,1.219615,0.573204,15.4821,0.0082,0.4357,24.674
123,F_N+PB,5,3,RF,A_tiempo,576,144,multi-step-direct,0.02,1.058374,1.028773,0.481482,21.5374,0.1733,0.2713,8.573
123,F_N+PB,5,3,SVR_rbf,A_tiempo,576,144,multi-step-direct,-0.0275,1.109678,1.053413,0.460797,22.484,67.7147,0.2464,35.424
123,F_N+PB,5,3,MLP,A_tiempo,576,144,multi-step-direct,-0.0076,1.08819,1.043163,0.502882,23.0099,0.0119,0.0055,0.776
123,F_N+PB,5,3,ARIMA,A_tiempo,576,144,multi-step-direct,-0.0289,1.544503,1.24278,0.705897,28.2774,2.0067,0.9357,2.167
123,F_N+PB,5,5,LinReg,A_tiempo,575,144,multi-step-direct,-26.6325,29.762239,5.455478,4.191031,103.1465,0.3314,1.0,1.515
123,F_N+PB,5,5,DT,A_tiempo,575,144,multi-step-direct,-0.3191,1.42076,1.191956,0.574289,13.4178,0.0093,0.3821,40.689
123,F_N+PB,5,5,RF,A_tiempo,575,144,multi-step-direct,0.0046,1.072107,1.035426,0.493282,20.1212,0.2419,0.1617,17.247
123,F_N+PB,5,5,SVR_rbf,A_tiempo,575,144,multi-step-direct,-0.0288,1.10814,1.052682,0.464409,20.0204,100.7808,0.2435,58.634
123,F_N+PB,5,5,MLP,A_tiempo,575,144,multi-step-direct,-0.0077,1.085322,1.041788,0.503089,20.5713,0.0173,0.0062,0.919
123,F_N+PB,5,5,ARIMA,A_tiempo,575,144,multi-step-direct,-0.024,1.47556,1.214727,0.681,27.1222,0.9202,0.9357,1.656
123,F_N+MED,5,1,LinReg,A_tiempo,576,144,multi-step-direct,-0.6064,1.508111,1.228052,0.941717,17.4164,0.2665,1.0,0.486
123,F_N+MED,5,1,DT,A_tiempo,576,144,multi-step-direct,0.1378,0.809433,0.899685,0.641594,14.0113,0.0053,0.7055,9.694
123,F_N+MED,5,1,RF,A_tiempo,576,144,multi-step-direct,0.3847,0.577623,0.760015,0.545148,14.1125,0.1695,0.7901,2.857
123,F_N+MED,5,1,SVR_rbf,A_tiempo,576,144,multi-step-direct,0.3102,0.647624,0.804751,0.5551,14.5032,26.5963,0.5441,12.152
123,F_N+MED,5,1,MLP,A_tiempo,576,144,multi-step-direct,0.3058,0.651742,0.807305,0.588058,13.1271,0.0065,0.6696,3.128
123,F_N+MED,5,1,ARIMA,A_tiempo,576,144,multi-step-direct,-0.225,0.695684,0.834077,0.513284,15.7824,1.6024,0.9903,0.577
123,F_N+MED,5,3,LinReg,A_tiempo,576,144,multi-step-direct,-1.2065,2.188638,1.479405,1.131919,18.8723,0.1328,1.0,0.889
123,F_N+MED,5,3,DT,A_tiempo,576,144,multi-step-direct,-0.373,1.361838,1.166978,0.7509,13.5078,0.0087,0.5568,25.467
123,F_N+MED,5,3,RF,A_tiempo,576,144,multi-step-direct,0.2156,0.778039,0.882065,0.626107,15.428,0.1754,0.6537,8.528
123,F_N+MED,5,3,SVR_rbf,A_tiempo,576,144,multi-step-direct,0.1749,0.818448,0.904681,0.627586,15.1536,67.8472,0.4827,33.305
123,F_N+MED,5,3,MLP,A_tiempo,576,144,multi-step-direct,0.102,0.890681,0.943759,0.684706,14.2058,0.0119,0.4705,1.504
123,F_N+MED,5,3,ARIMA,A_tiempo,576,144,multi-step-direct,-1.0837,3.119164,1.766116,1.348306,40.0656,0.5407,0.9903,0.584
123,F_N+MED,5,5,LinReg,A_tiempo,575,144,multi-step-direct,-1.3984,2.487517,1.577186,1.207264,19.0639,0.2219,1.0,1.467
123,F_N+MED,5,5,DT,A_tiempo,575,144,multi-step-direct,-0.2374,1.283376,1.132862,0.771677,14.7243,0.0087,0.4411,42.348
123,F_N+MED,5,5,RF,A_tiempo,575,144,multi-step-direct,0.149,0.882683,0.939512,0.667092,16.599,0.2433,0.5812,15.507
123,F_N+MED,5,5,SVR_rbf,A_tiempo,575,144,multi-step-direct,0.1097,0.923418,0.960946,0.669985,16.1535,96.0357,0.4502,53.439
123,F_N+MED,5,5,MLP,A_tiempo,575,144,multi-step-direct,-0.0028,1.040122,1.019864,0.734344,16.795,0.0309,0.1119,4.046
123,F_N+MED,5,5,ARIMA,A_tiempo,575,144,multi-step-direct,-1.0563,2.851882,1.688751,1.281581,38.7193,0.5744,0.9903,1.034
123,F_N+PB+MED,5,1,LinReg,A_tiempo,576,144,multi-step-direct,-1.4209,2.351384,1.533422,1.171484,21.9258,0.2499,1.0,0.462
123,F_N+PB+MED,5,1,DT,A_tiempo,576,144,multi-step-direct,0.0529,0.919869,0.959098,0.574813,11.8773,0.007,0.8599,8.099
123,F_N+PB+MED,5,1,RF,A_tiempo,576,144,multi-step-direct,0.509,0.476932,0.690603,0.451223,11.1368,0.1688,0.8619,4.456
123,F_N+PB+MED,5,1,SVR_rbf,A_tiempo,576,144,multi-step-direct,0.2662,0.712743,0.844241,0.526535,13.5811,16.9664,0.5861,9.993
123,F_N+PB+MED,5,1,MLP,A_tiempo,576,144,multi-step-direct,0.2375,0.740635,0.860601,0.603959,12.4156,0.007,0.6142,1.166
123,F_N+PB+MED,5,1,ARIMA,A_tiempo,576,144,multi-step-direct,-0.1297,1.172741,1.082932,0.681289,20.4177,1.5038,0.9912,0.541
123,F_N+PB+MED,5,3,LinReg,A_tiempo,576,144,multi-step-direct,-2.1055,3.216217,1.793382,1.384409,24.3143,0.3526,1.0,1.209
123,F_N+PB+MED,5,3,DT,A_tiempo,576,144,multi-step-direct,-0.2226,1.266213,1.125261,0.724649,13.7432,0.008,0.7239,24.278
123,F_N+PB+MED,5,3,RF,A_tiempo,576,144,multi-step-direct,0.2658,0.760421,0.872021,0.586436,15.4879,0.2642,0.7344,9.065
123,F_N+PB+MED,5,3,SVR_rbf,A_tiempo,576,144,multi-step-direct,0.1151,0.916435,0.957306,0.600811,17.1463,50.5359,0.4635,34.394
123,F_N+PB+MED,5,3,MLP,A_tiempo,576,144,multi-step-direct,0.0972,0.934966,0.966937,0.676728,15.7523,0.0115,0.3171,1.302
123,F_N+PB+MED,5,3,ARIMA,A_tiempo,576,144,multi-step-direct,-0.0491,1.428421,1.195165,0.770006,27.5466,0.9945,0.9912,1.074
123,F_N+PB+MED,5,5,LinReg,A_tiempo,575,144,multi-step-direct,-2.2829,3.44726,1.85668,1.444467,25.472,0.2204,1.0,3.172
123,F_N+PB+MED,5,5,DT,A_tiempo,575,144,multi-step-direct,-0.2445,1.306854,1.143177,0.760139,13.6443,0.0084,0.6588,38.912
123,F_N+PB+MED,5,5,RF,A_tiempo,575,144,multi-step-direct,0.1618,0.880136,0.938156,0.638292,16.6072,0.2403,0.6627,14.067
123,F_N+PB+MED,5,5,SVR_rbf,A_tiempo,575,144,multi-step-direct,0.0457,1.002126,1.001063,0.630796,17.9258,101.3497,0.4006,57.202
123,F_N+PB+MED,5,5,MLP,A_tiempo,575,144,multi-step-direct,0.0382,1.009985,1.00498,0.696577,16.9081,0.0162,0.2182,1.497
123,F_N+PB+MED,5,5,ARIMA,A_tiempo,575,144,multi-step-direct,-0.0656,1.32965,1.153105,0.741834,27.1917,0.6774,0.9912,1.219
124,F_SIN,5,1,LinReg,A_tiempo,576,144,multi-step-direct,-2.6248,2.349263,1.53273,1.168097,22.8393,0.2325,1.0,0.439
124,F_SIN,5,1,DT,A_tiempo,576,144,multi-step-direct,-0.3485,0.873946,0.934851,0.509904,11.1245,0.0079,0.6262,7.345
124,F_SIN,5,1,RF,A_tiempo,576,144,multi-step-direct,0.064,0.606616,0.778856,0.422419,11.8504,0.1733,0.6916,2.421
124,F_SIN,5,1,SVR_rbf,A_tiempo,576,144,multi-step-direct,0.0792,0.596776,0.772513,0.40456,12.2059,16.9186,0.5002,11.639
124,F_SIN,5,1,MLP,A_tiempo,576,144,multi-step-direct,-0.0461,0.678005,0.82341,0.492624,11.6505,0.0203,0.4496,4.916
124,F_SIN,5,1,ARIMA,A_tiempo,576,144,multi-step-direct,-0.0012,0.736658,0.858288,0.437282,16.1074,2.1632,0.9753,0.779
124,F_SIN,5,3,LinReg,A_tiempo,576,144,multi-step-direct,-3.7228,3.074076,1.753304,1.352011,26.6322,0.2634,1.0,0.893
124,F_SIN,5,3,DT,A_tiempo,576,144,multi-step-direct,-0.4237,0.926694,0.962649,0.569054,11.927,0.0075,0.5229,17.643
124,F_SIN,5,3,RF,A_tiempo,576,144,multi-step-direct,0.0022,0.649482,0.805904,0.454186,14.5564,0.1722,0.5307,6.83
124,F_SIN,5,3,SVR_rbf,A_tiempo,576,144,multi-step-direct,0.0059,0.647063,0.804402,0.437505,14.5811,50.8989,0.4144,36.178
124,F_SIN,5,3,MLP,A_tiempo,576,144,multi-step-direct,-0.0507,0.6839,0.826982,0.488198,14.5165,0.0107,0.2758,1.128
124,F_SIN,5,3,ARIMA,A_tiempo,576,144,multi-step-direct,-0.0042,0.741386,0.861038,0.44773,21.4851,0.3946,0.9753,0.426
124,F_SIN,5,5,LinReg,A_tiempo,575,144,multi-step-direct,-4.0823,3.328254,1.82435,1.40834,27.8923,0.3529,1.0,3.821
124,F_SIN,5,5,DT,A_tiempo,575,144,multi-step-direct,-0.2659,0.828981,0.910484,0.547343,12.6421,0.0104,0.4077,27.284
124,F_SIN,5,5,RF,A_tiempo,575,144,multi-step-direct,-0.0163,0.665556,0.815816,0.464992,14.7775,0.2483,0.4445,12.161
124,F_SIN,5,5,SVR_rbf,A_tiempo,575,144,multi-step-direct,-0.0201,0.668026,0.817329,0.448822,14.4129,101.438,0.383,58.513
124,F_SIN,5,5,MLP,A_tiempo,575,144,multi-step-direct,-0.0714,0.701607,0.83762,0.497735,14.1583,0.016,0.2635,1.643
124,F_SIN,5,5,ARIMA,A_tiempo,575,144,multi-step-direct,-0.0009,0.733884,0.85667,0.430156,18.446,0.3527,0.9753,0.635
124,F_N,5,1,LinReg,A_tiempo,576,144,multi-step-direct,-2.6676,2.376961,1.54174,1.17598,23.0095,0.0891,1.0,0.477
124,F_N,5,1,DT,A_tiempo,576,144,multi-step-direct,-0.4427,0.935015,0.966962,0.525074,8.835,0.005,0.6859,9.445
124,F_N,5,1,RF,A_tiempo,576,144,multi-step-direct,0.0812,0.595474,0.77167,0.416401,11.8441,0.1686,0.696,2.846
124,F_N,5,1,SVR_rbf,A_tiempo,576,144,multi-step-direct,0.0792,0.596738,0.772488,0.404519,12.2122,29.2624,0.5002,12.445
124,F_N,5,1,MLP,A_tiempo,576,144,multi-step-direct,-0.0451,0.677336,0.823004,0.492143,11.6197,0.0076,0.45,2.006
124,F_N,5,1,ARIMA,A_tiempo,576,144,multi-step-direct,-0.0003,0.735923,0.85786,0.429818,16.1421,2.6333,0.9754,0.948
124,F_N,5,3,LinReg,A_tiempo,576,144,multi-step-direct,-3.7473,3.089944,1.757824,1.356021,26.6523,0.1335,1.0,0.916
124,F_N,5,3,DT,A_tiempo,576,144,multi-step-direct,-0.5179,0.987988,0.993976,0.599844,11.4383,0.0085,0.5265,24.603
124,F_N,5,3,RF,A_tiempo,576,144,multi-step-direct,-0.0068,0.655344,0.809533,0.461996,14.575,0.1696,0.5347,8.81
124,F_N,5,3,SVR_rbf,A_tiempo,576,144,multi-step-direct,0.0059,0.647035,0.804385,0.437478,14.5838,67.6431,0.4144,34.167
124,F_N,5,3,MLP,A_tiempo,576,144,multi-step-direct,-0.0509,0.684039,0.827066,0.488322,14.526,0.0128,0.2758,1.166
124,F_N,5,3,ARIMA,A_tiempo,576,144,multi-step-direct,-0.002,0.739811,0.860123,0.438611,21.5144,0.8888,0.9754,0.96
124,F_N,5,5,LinReg,A_tiempo,575,144,multi-step-direct,-4.1161,3.350351,1.830397,1.414263,27.807,0.2206,1.0,1.84
124,F_N,5,5,DT,A_tiempo,575,144,multi-step-direct,-0.3459,0.881408,0.938833,0.560267,13.118,0.0081,0.4191,41.8
124,F_N,5,5,RF,A_tiempo,575,144,multi-step-direct,-0.0203,0.668141,0.817399,0.468569,14.8467,0.2481,0.4406,16.019
124,F_N,5,5,SVR_rbf,A_tiempo,575,144,multi-step-direct,-0.0201,0.667998,0.817311,0.448796,14.4119,98.5347,0.383,56.767
124,F_N,5,5,MLP,A_tiempo,575,144,multi-step-direct,-0.072,0.702009,0.83786,0.498395,14.1698,0.016,0.2634,2.242
124,F_N,5,5,ARIMA,A_tiempo,575,144,multi-step-direct,-0.0001,0.733279,0.856317,0.422185,18.4531,0.2569,0.9754,0.462
124,F_PB,5,1,LinReg,A_tiempo,576,144,multi-step-direct,-22.6899,22.017629,4.692295,3.534331,88.1243,0.0781,1.0,0.446
124,F_PB,5,1,DT,A_tiempo,576,144,multi-step-direct,-0.5045,1.398339,1.182514,0.530879,11.1925,0.007,0.8,8.659
124,F_PB,5,1,RF,A_tiempo,576,144,multi-step-direct,0.0859,0.849582,0.921728,0.45688,12.5661,0.1716,0.7612,3.947
124,F_PB,5,1,SVR_rbf,A_tiempo,576,144,multi-step-direct,0.0857,0.849714,0.921799,0.409669,15.5658,17.156,0.3082,11.182
124,F_PB,5,1,MLP,A_tiempo,576,144,multi-step-direct,-0.0417,0.968123,0.983932,0.545025,13.4009,0.0071,0.2873,0.974
124,F_PB,5,1,ARIMA,A_tiempo,576,144,multi-step-direct,-0.4785,1.692153,1.300828,1.067311,18.6744,6.2811,0.9807,2.261
124,F_PB,5,3,LinReg,A_tiempo,576,144,multi-step-direct,-23.3659,22.672723,4.761588,3.634184,90.5879,0.13,1.0,1.676
124,F_PB,5,3,DT,A_tiempo,576,144,multi-step-direct,-0.4727,1.370325,1.170609,0.576218,12.2504,0.0073,0.6239,23.195
124,F_PB,5,3,RF,A_tiempo,576,144,multi-step-direct,0.0266,0.905722,0.951694,0.48831,15.9451,0.1693,0.6491,9.723
124,F_PB,5,3,SVR_rbf,A_tiempo,576,144,multi-step-direct,0.0354,0.897532,0.947382,0.427195,18.3867,53.3332,0.2529,35.492
124,F_PB,5,3,MLP,A_tiempo,576,144,multi-step-direct,-0.0637,0.989795,0.994885,0.550753,17.4286,0.0249,0.2012,4.031
124,F_PB,5,3,ARIMA,A_tiempo,576,144,multi-step-direct,-0.5238,1.762243,1.327495,1.118088,26.3852,1.7291,0.9807,1.867
124,F_PB,5,5,LinReg,A_tiempo,575,144,multi-step-direct,-23.757,23.129876,4.809353,3.681972,84.7154,0.2178,1.0,1.499
124,F_PB,5,5,DT,A_tiempo,575,144,multi-step-direct,-0.4353,1.341007,1.158019,0.588078,11.6119,0.012,0.5385,40.303
124,F_PB,5,5,RF,A_tiempo,575,144,multi-step-direct,-0.0239,0.956647,0.978083,0.506175,16.0362,0.2584,0.5615,14.046
124,F_PB,5,5,SVR_rbf,A_tiempo,575,144,multi-step-direct,0.0096,0.925344,0.961948,0.438072,18.2927,98.0939,0.2292,59.137
124,F_PB,5,5,MLP,A_tiempo,575,144,multi-step-direct,-0.0573,0.987827,0.993895,0.542069,17.1318,0.1608,0.1516,2.287
124,F_PB,5,5,ARIMA,A_tiempo,575,144,multi-step-direct,-0.5286,1.754014,1.324392,1.118972,23.5321,1.8905,0.9807,3.403
124,F_MED,5,1,LinReg,A_tiempo,576,144,multi-step-direct,-2.3183,1.214237,1.101924,0.850475,15.5973,0.0841,1.0,0.468
124,F_MED,5,1,DT,A_tiempo,576,144,multi-step-direct,-0.807,0.661234,0.813163,0.557971,9.9748,0.0058,0.799,5.829
124,F_MED,5,1,RF,A_tiempo,576,144,multi-step-direct,0.2353,0.279828,0.528988,0.374379,7.9964,0.1723,0.8147,2.399
124,F_MED,5,1,SVR_rbf,A_tiempo,576,144,multi-step-direct,0.1622,0.306564,0.553682,0.399151,7.9628,17.0767,0.6901,12.125
124,F_MED,5,1,MLP,A_tiempo,576,144,multi-step-direct,-0.0916,0.399435,0.632009,0.47379,7.9289,0.0072,0.6988,0.945
124,F_MED,5,1,ARIMA,A_tiempo,576,144,multi-step-direct,-0.0304,0.34723,0.589262,0.407251,11.1804,1.8847,0.9681,0.678
124,F_MED,5,3,LinReg,A_tiempo,576,144,multi-step-direct,-4.4458,2.006735,1.416593,1.107607,20.7122,0.1308,1.0,0.962
124,F_MED,5,3,DT,A_tiempo,576,144,multi-step-direct,-0.4263,0.525585,0.724972,0.48384,9.6344,0.0074,0.6268,15.95
124,F_MED,5,3,RF,A_tiempo,576,144,multi-step-direct,0.0691,0.343034,0.585691,0.430494,9.3791,0.1794,0.6479,9.188
124,F_MED,5,3,SVR_rbf,A_tiempo,576,144,multi-step-direct,-0.0169,0.374723,0.612146,0.454017,8.9501,52.1688,0.5344,32.463
124,F_MED,5,3,MLP,A_tiempo,576,144,multi-step-direct,-0.1039,0.406767,0.637783,0.4754,8.9572,0.0117,0.415,0.977
124,F_MED,5,3,ARIMA,A_tiempo,576,144,multi-step-direct,-0.0673,0.328854,0.573458,0.40626,13.5997,0.6588,0.9681,0.712
124,F_MED,5,5,LinReg,A_tiempo,575,144,multi-step-direct,-5.553,2.433271,1.559895,1.217661,24.5745,0.3495,1.0,5.106
124,F_MED,5,5,DT,A_tiempo,575,144,multi-step-direct,-0.26,0.467874,0.684013,0.494638,9.647,0.0081,0.4979,23.778
124,F_MED,5,5,RF,A_tiempo,575,144,multi-step-direct,0.0134,0.366329,0.605251,0.447865,11.0972,0.2424,0.5408,12.64
124,F_MED,5,5,SVR_rbf,A_tiempo,575,144,multi-step-direct,-0.0929,0.405799,0.637024,0.473844,9.8276,95.9494,0.4666,51.691
124,F_MED,5,5,MLP,A_tiempo,575,144,multi-step-direct,-0.1761,0.436718,0.660846,0.49646,9.8063,0.0162,0.4169,3.51
124,F_MED,5,5,ARIMA,A_tiempo,575,144,multi-step-direct,-0.0399,0.301531,0.549118,0.387785,12.5549,0.4411,0.9681,0.794
124,F_N+PB,5,1,LinReg,A_tiempo,576,144,multi-step-direct,-29.3934,28.248,5.314885,4.000945,99.9444,0.2415,1.0,0.423
124,F_N+PB,5,1,DT,A_tiempo,576,144,multi-step-direct,-0.4508,1.348349,1.161184,0.5146,12.102,0.0246,0.8037,8.59
124,F_N+PB,5,1,RF,A_tiempo,576,144,multi-step-direct,0.0998,0.836686,0.914705,0.453151,12.8131,0.1709,0.7615,4.035
124,F_N+PB,5,1,SVR_rbf,A_tiempo,576,144,multi-step-direct,0.0858,0.849705,0.921795,0.409671,15.5658,16.5767,0.3082,10.855
124,F_N+PB,5,1,MLP,A_tiempo,576,144,multi-step-direct,-0.0415,0.967981,0.98386,0.544758,13.4121,0.0068,0.2874,0.959
124,F_N+PB,5,1,ARIMA,A_tiempo,576,144,multi-step-direct,-0.4773,1.690783,1.300301,1.066529,18.6751,6.0697,0.9807,2.185
124,F_N+PB,5,3,LinReg,A_tiempo,576,144,multi-step-direct,-30.7342,29.529164,5.434074,4.145926,108.192,0.2191,1.0,1.523
124,F_N+PB,5,3,DT,A_tiempo,576,144,multi-step-direct,-0.5494,1.441698,1.200707,0.60304,12.7104,0.0077,0.6239,23.206
124,F_N+PB,5,3,RF,A_tiempo,576,144,multi-step-direct,0.0161,0.915511,0.956824,0.492063,15.9285,0.1749,0.6453,9.766
124,F_N+PB,5,3,SVR_rbf,A_tiempo,576,144,multi-step-direct,0.0354,0.89753,0.947381,0.4272,18.3866,49.6502,0.2529,35.474
124,F_N+PB,5,3,MLP,A_tiempo,576,144,multi-step-direct,-0.0634,0.989514,0.994743,0.550463,17.4243,0.0178,0.2012,4.941
124,F_N+PB,5,3,ARIMA,A_tiempo,576,144,multi-step-direct,-0.5225,1.760739,1.326928,1.117251,26.3863,1.5252,0.9807,1.647
124,F_N+PB,5,5,LinReg,A_tiempo,575,144,multi-step-direct,-31.6398,30.494803,5.52221,4.221887,100.2863,0.2202,1.0,1.837
124,F_N+PB,5,5,DT,A_tiempo,575,144,multi-step-direct,-0.4582,1.362332,1.16719,0.593871,13.1362,0.0099,0.5393,40.867
124,F_N+PB,5,5,RF,A_tiempo,575,144,multi-step-direct,-0.0231,0.955866,0.977684,0.50656,16.2385,0.4152,0.5584,14.116
124,F_N+PB,5,5,SVR_rbf,A_tiempo,575,144,multi-step-direct,0.0096,0.925345,0.961949,0.438078,18.2926,97.941,0.2292,59.761
124,F_N+PB,5,5,MLP,A_tiempo,575,144,multi-step-direct,-0.0577,0.988162,0.994063,0.542342,17.1285,0.1636,0.1516,3.836
124,F_N+PB,5,5,ARIMA,A_tiempo,575,144,multi-step-direct,-0.5295,1.755082,1.324795,1.119547,23.5305,1.5624,0.9807,2.812
124,F_N+MED,5,1,LinReg,A_tiempo,576,144,multi-step-direct,-2.3374,1.219853,1.104469,0.854141,15.7565,0.18,1.0,0.472
124,F_N+MED,5,1,DT,A_tiempo,576,144,multi-step-direct,-0.4866,0.543382,0.737145,0.512168,9.2036,0.0077,0.8036,8.034
124,F_N+MED,5,1,RF,A_tiempo,576,144,multi-step-direct,0.2035,0.291139,0.539573,0.384337,7.9124,0.188,0.8137,5.026
124,F_N+MED,5,1,SVR_rbf,A_tiempo,576,144,multi-step-direct,0.1618,0.306361,0.553499,0.399202,7.9459,16.849,0.6903,9.878
124,F_N+MED,5,1,MLP,A_tiempo,576,144,multi-step-direct,-0.09,0.398409,0.631196,0.473239,7.9382,0.0071,0.7028,0.917
124,F_N+MED,5,1,ARIMA,A_tiempo,576,144,multi-step-direct,-0.0294,0.346435,0.588587,0.407398,11.1676,1.064,0.9684,0.383
124,F_N+MED,5,3,LinReg,A_tiempo,576,144,multi-step-direct,-4.5187,2.031461,1.425293,1.113722,20.9187,0.3265,1.0,1.802
124,F_N+MED,5,3,DT,A_tiempo,576,144,multi-step-direct,-0.2874,0.47388,0.688389,0.484024,9.3864,0.0071,0.6358,24.657
124,F_N+MED,5,3,RF,A_tiempo,576,144,multi-step-direct,0.07,0.342327,0.585087,0.429212,9.4529,0.1674,0.6511,10.767
124,F_N+MED,5,3,SVR_rbf,A_tiempo,576,144,multi-step-direct,-0.0175,0.374545,0.612001,0.454093,8.9547,52.7075,0.5345,32.344
124,F_N+MED,5,3,MLP,A_tiempo,576,144,multi-step-direct,-0.1098,0.408521,0.639156,0.476996,8.9545,0.0117,0.4251,0.973
124,F_N+MED,5,3,ARIMA,A_tiempo,576,144,multi-step-direct,-0.0658,0.327951,0.57267,0.405615,13.5824,0.3638,0.9684,0.393
124,F_N+MED,5,5,LinReg,A_tiempo,575,144,multi-step-direct,-5.6342,2.460806,1.568696,1.223683,24.8742,0.4136,1.0,4.318
124,F_N+MED,5,5,DT,A_tiempo,575,144,multi-step-direct,-0.1796,0.437533,0.661462,0.482898,9.9578,0.0094,0.5152,42.518
124,F_N+MED,5,5,RF,A_tiempo,575,144,multi-step-direct,0.0064,0.368542,0.607076,0.450591,10.8378,0.2584,0.5449,16.426
124,F_N+MED,5,5,SVR_rbf,A_tiempo,575,144,multi-step-direct,-0.0934,0.40558,0.636851,0.47389,9.8128,101.5434,0.4666,53.302
124,F_N+MED,5,5,MLP,A_tiempo,575,144,multi-step-direct,-0.1797,0.43758,0.661498,0.496793,9.7145,0.0162,0.4208,1.669
124,F_N+MED,5,5,ARIMA,A_tiempo,575,144,multi-step-direct,-0.0386,0.30063,0.548297,0.387162,12.5392,0.2065,0.9684,0.372
124,F_N+PB+MED,5,1,LinReg,A_tiempo,576,144,multi-step-direct,-1.8427,2.475516,1.573377,1.216218,21.5288,0.2449,1.0,0.452
124,F_N+PB+MED,5,1,DT,A_tiempo,576,144,multi-step-direct,-0.1463,0.998208,0.999104,0.561977,11.6107,0.0062,0.7923,9.572
124,F_N+PB+MED,5,1,RF,A_tiempo,576,144,multi-step-direct,0.2658,0.639388,0.799617,0.499698,11.435,0.1661,0.7732,2.941
124,F_N+PB+MED,5,1,SVR_rbf,A_tiempo,576,144,multi-step-direct,0.2024,0.694597,0.833425,0.517703,12.3654,29.8607,0.4893,12.338
124,F_N+PB+MED,5,1,MLP,A_tiempo,576,144,multi-step-direct,-0.0278,0.895037,0.946064,0.666764,12.2153,0.0074,0.5583,1.757
124,F_N+PB+MED,5,1,ARIMA,A_tiempo,576,144,multi-step-direct,-0.0,1.134778,1.06526,0.703002,20.2119,1.0038,0.9661,0.361
124,F_N+PB+MED,5,3,LinReg,A_tiempo,576,144,multi-step-direct,-2.3616,2.907629,1.705177,1.331113,22.2505,0.1299,1.0,0.954
124,F_N+PB+MED,5,3,DT,A_tiempo,576,144,multi-step-direct,-0.3231,1.144431,1.069781,0.671792,13.1401,0.0093,0.6583,24.505
124,F_N+PB+MED,5,3,RF,A_tiempo,576,144,multi-step-direct,0.1148,0.765627,0.875001,0.583535,13.572,0.1675,0.6792,8.902
124,F_N+PB+MED,5,3,SVR_rbf,A_tiempo,576,144,multi-step-direct,0.1187,0.762254,0.873071,0.561972,14.3024,67.2716,0.4239,34.119
124,F_N+PB+MED,5,3,MLP,A_tiempo,576,144,multi-step-direct,-0.0575,0.914659,0.956378,0.681871,14.0834,0.0121,0.4277,1.527
124,F_N+PB+MED,5,3,ARIMA,A_tiempo,576,144,multi-step-direct,-0.0005,1.052847,1.026083,0.691348,24.6824,0.3656,0.9661,0.395
124,F_N+PB+MED,5,5,LinReg,A_tiempo,575,144,multi-step-direct,-2.6209,3.129866,1.769143,1.384699,24.6103,0.2182,1.0,1.866
124,F_N+PB+MED,5,5,DT,A_tiempo,575,144,multi-step-direct,-0.5908,1.375066,1.172632,0.745905,14.5719,0.0085,0.4951,42.132
124,F_N+PB+MED,5,5,RF,A_tiempo,575,144,multi-step-direct,0.016,0.850536,0.922245,0.627466,15.5359,0.2443,0.608,15.995
124,F_N+PB+MED,5,5,SVR_rbf,A_tiempo,575,144,multi-step-direct,0.0544,0.817407,0.904106,0.595103,16.2558,92.9568,0.3839,55.551
124,F_N+PB+MED,5,5,MLP,A_tiempo,575,144,multi-step-direct,-0.0714,0.926076,0.962328,0.684754,15.2657,0.0176,0.3777,4.611
124,F_N+PB+MED,5,5,ARIMA,A_tiempo,575,144,multi-step-direct,-0.0003,0.984601,0.992271,0.681036,22.8871,0.285,0.9661,0.513
200,F_SIN,5,1,LinReg,A_tiempo,576,144,multi-step-direct,-2.4277,3.012658,1.735701,1.342911,24.5439,0.0942,1.0,0.476
200,F_SIN,5,1,DT,A_tiempo,576,144,multi-step-direct,-0.1731,1.03103,1.015397,0.581077,15.0172,0.0062,0.397,5.245
200,F_SIN,5,1,RF,A_tiempo,576,144,multi-step-direct,0.0658,0.821101,0.906146,0.521964,16.898,0.1707,0.4203,2.795
200,F_SIN,5,1,SVR_rbf,A_tiempo,576,144,multi-step-direct,0.0023,0.876911,0.936435,0.541483,16.9005,16.8594,0.4303,11.309
200,F_SIN,5,1,MLP,A_tiempo,576,144,multi-step-direct,-0.0222,0.898393,0.947836,0.555681,18.3439,0.0074,0.0107,0.492
200,F_SIN,5,1,ARIMA,A_tiempo,576,144,multi-step-direct,-0.0064,1.88026,1.371226,0.79152,25.9644,1.5371,0.9825,0.553
200,F_SIN,5,3,LinReg,A_tiempo,576,144,multi-step-direct,-2.8678,3.277105,1.810278,1.403801,25.8698,0.1298,1.0,0.944
200,F_SIN,5,3,DT,A_tiempo,576,144,multi-step-direct,-0.1809,1.000532,1.000266,0.571054,15.4009,0.0074,0.2967,14.804
200,F_SIN,5,3,RF,A_tiempo,576,144,multi-step-direct,0.0115,0.837568,0.915188,0.521757,18.0023,0.2476,0.2968,8.177
200,F_SIN,5,3,SVR_rbf,A_tiempo,576,144,multi-step-direct,-0.0287,0.871547,0.933567,0.540745,17.2161,50.7651,0.4058,33.26
200,F_SIN,5,3,MLP,A_tiempo,576,144,multi-step-direct,-0.0177,0.862289,0.928595,0.533245,18.2481,0.0118,0.0106,0.724
200,F_SIN,5,3,ARIMA,A_tiempo,576,144,multi-step-direct,-0.0028,1.647965,1.283731,0.750245,28.0635,0.5415,0.9825,0.585
200,F_SIN,5,5,LinReg,A_tiempo,575,144,multi-step-direct,-3.0753,3.391258,1.841537,1.431965,28.1227,0.2203,1.0,4.807
200,F_SIN,5,5,DT,A_tiempo,575,144,multi-step-direct,-0.2126,1.009045,1.004512,0.574035,17.3337,0.0081,0.2052,24.807
200,F_SIN,5,5,RF,A_tiempo,575,144,multi-step-direct,0.0044,0.828448,0.910191,0.512843,20.7992,0.1747,0.1807,12.112
200,F_SIN,5,5,SVR_rbf,A_tiempo,575,144,multi-step-direct,-0.0341,0.860533,0.927649,0.537591,19.7188,101.6634,0.3956,55.795
200,F_SIN,5,5,MLP,A_tiempo,575,144,multi-step-direct,-0.0153,0.844855,0.91916,0.522653,20.9927,0.0162,0.0093,0.921
200,F_SIN,5,5,ARIMA,A_tiempo,575,144,multi-step-direct,-0.0007,1.378485,1.174089,0.661499,24.8606,0.4448,0.9825,0.801
200,F_N,5,1,LinReg,A_tiempo,576,144,multi-step-direct,-2.5152,3.089763,1.757772,1.358515,25.0059,0.1348,1.0,0.464
200,F_N,5,1,DT,A_tiempo,576,144,multi-step-direct,-0.1358,0.998369,0.999184,0.58203,14.2176,0.0077,0.4389,9.001
200,F_N,5,1,RF,A_tiempo,576,144,multi-step-direct,0.0734,0.814492,0.902492,0.520877,16.7482,0.185,0.4313,4.036
200,F_N,5,1,SVR_rbf,A_tiempo,576,144,multi-step-direct,0.0022,0.877054,0.936512,0.541258,16.8996,17.0146,0.4302,10.163
200,F_N,5,1,MLP,A_tiempo,576,144,multi-step-direct,-0.0238,0.899932,0.948648,0.559492,18.193,0.0069,0.0282,0.552
200,F_N,5,1,ARIMA,A_tiempo,576,144,multi-step-direct,-0.0011,1.871089,1.367877,0.828529,25.5696,2.7624,0.9834,0.994
200,F_N,5,3,LinReg,A_tiempo,576,144,multi-step-direct,-2.9527,3.349314,1.830113,1.420616,26.8162,0.2155,1.0,2.184
200,F_N,5,3,DT,A_tiempo,576,144,multi-step-direct,-0.2486,1.057983,1.028583,0.597504,14.9577,0.0076,0.3446,24.063
200,F_N,5,3,RF,A_tiempo,576,144,multi-step-direct,0.0114,0.83766,0.915238,0.522421,17.8834,0.1742,0.2862,11.098
200,F_N,5,3,SVR_rbf,A_tiempo,576,144,multi-step-direct,-0.0286,0.871599,0.933595,0.540504,17.2121,56.0075,0.4057,33.634
200,F_N,5,3,MLP,A_tiempo,576,144,multi-step-direct,-0.0181,0.862708,0.928821,0.532826,18.2598,0.0121,0.0105,2.927
200,F_N,5,3,ARIMA,A_tiempo,576,144,multi-step-direct,-0.0062,1.654003,1.28608,0.78551,27.8796,1.2178,0.9834,1.315
200,F_N,5,5,LinReg,A_tiempo,575,144,multi-step-direct,-3.1965,3.492404,1.868797,1.453554,28.6604,0.2194,1.0,1.584
200,F_N,5,5,DT,A_tiempo,575,144,multi-step-direct,-0.251,1.041141,1.020363,0.580678,17.2082,0.0083,0.2392,44.048
200,F_N,5,5,RF,A_tiempo,575,144,multi-step-direct,0.0048,0.82822,0.910066,0.512347,20.8718,0.2417,0.183,17.361
200,F_N,5,5,SVR_rbf,A_tiempo,575,144,multi-step-direct,-0.0341,0.860567,0.927667,0.537346,19.7196,95.6359,0.3955,54.396
200,F_N,5,5,MLP,A_tiempo,575,144,multi-step-direct,-0.0153,0.844928,0.919199,0.522423,21.0005,0.0172,0.0093,2.841
200,F_N,5,5,ARIMA,A_tiempo,575,144,multi-step-direct,-0.0143,1.397676,1.182233,0.71425,24.7406,0.3907,0.9834,0.703
200,F_PB,5,1,LinReg,A_tiempo,576,144,multi-step-direct,-14.3621,13.411962,3.662235,2.831853,66.1849,0.1621,1.0,0.452
200,F_PB,5,1,DT,A_tiempo,576,144,multi-step-direct,-0.2136,1.059525,1.029333,0.557751,14.1982,0.007,0.4491,8.419
200,F_PB,5,1,RF,A_tiempo,576,144,multi-step-direct,0.0879,0.796304,0.892359,0.486643,16.5707,0.1657,0.4803,4.903
200,F_PB,5,1,SVR_rbf,A_tiempo,576,144,multi-step-direct,0.0034,0.87009,0.932786,0.504785,17.5089,16.9553,0.4037,9.49
200,F_PB,5,1,MLP,A_tiempo,576,144,multi-step-direct,-0.0219,0.89214,0.944532,0.51859,18.9615,0.0073,0.0105,0.468
200,F_PB,5,1,ARIMA,A_tiempo,576,144,multi-step-direct,-0.031,2.05269,1.432721,0.835866,26.4357,2.9481,0.9885,1.061
200,F_PB,5,3,LinReg,A_tiempo,576,144,multi-step-direct,-16.1095,14.551133,3.814595,2.974913,67.6063,0.2988,1.0,2.333
200,F_PB,5,3,DT,A_tiempo,576,144,multi-step-direct,-0.3395,1.139196,1.067331,0.593787,13.8194,0.0072,0.4237,24.124
200,F_PB,5,3,RF,A_tiempo,576,144,multi-step-direct,0.0128,0.839593,0.916293,0.49092,17.5975,0.1717,0.3075,11.067
200,F_PB,5,3,SVR_rbf,A_tiempo,576,144,multi-step-direct,-0.0234,0.870395,0.932949,0.501987,17.4603,50.4997,0.3785,33.8
200,F_PB,5,3,MLP,A_tiempo,576,144,multi-step-direct,-0.0163,0.864348,0.929703,0.500654,18.3366,0.1764,0.0084,0.806
200,F_PB,5,3,ARIMA,A_tiempo,576,144,multi-step-direct,-0.0181,1.795249,1.339869,0.787776,28.8007,2.108,0.9885,2.277
200,F_PB,5,5,LinReg,A_tiempo,575,144,multi-step-direct,-17.6572,15.694792,3.961665,3.089644,70.448,0.2389,1.0,2.273
200,F_PB,5,5,DT,A_tiempo,575,144,multi-step-direct,-0.3392,1.126523,1.061378,0.589655,16.6068,0.0117,0.3708,40.341
200,F_PB,5,5,RF,A_tiempo,575,144,multi-step-direct,0.0083,0.834221,0.913357,0.485149,20.7705,0.2562,0.204,17.707
200,F_PB,5,5,SVR_rbf,A_tiempo,575,144,multi-step-direct,-0.0261,0.863182,0.929076,0.500782,20.2992,101.3218,0.3679,56.354
200,F_PB,5,5,MLP,A_tiempo,575,144,multi-step-direct,-0.013,0.852145,0.923117,0.494344,21.2388,0.0167,0.0079,0.962
200,F_PB,5,5,ARIMA,A_tiempo,575,144,multi-step-direct,-0.0227,1.502519,1.225773,0.693516,25.6895,0.5941,0.9885,1.069
200,F_MED,5,1,LinReg,A_tiempo,576,144,multi-step-direct,-2.0224,2.850813,1.688435,1.238,22.4299,0.2869,1.0,2.463
200,F_MED,5,1,DT,A_tiempo,576,144,multi-step-direct,-0.0712,1.010358,1.005166,0.606635,15.314,0.0066,0.4889,5.347
200,F_MED,5,1,RF,A_tiempo,576,144,multi-step-direct,0.1289,0.821646,0.906447,0.547385,16.9231,0.1729,0.5451,2.014
200,F_MED,5,1,SVR_rbf,A_tiempo,576,144,multi-step-direct,0.0479,0.898083,0.947673,0.565545,17.4485,30.3416,0.4845,11.896
200,F_MED,5,1,MLP,A_tiempo,576,144,multi-step-direct,-0.0558,0.995877,0.997936,0.629883,16.8788,0.0066,0.2191,1.611
200,F_MED,5,1,ARIMA,A_tiempo,576,144,multi-step-direct,-0.0428,1.975707,1.405598,0.834657,26.5233,1.0421,0.9858,0.375
200,F_MED,5,3,LinReg,A_tiempo,576,144,multi-step-direct,-2.4729,3.099258,1.760471,1.317928,21.647,0.1302,1.0,0.922
200,F_MED,5,3,DT,A_tiempo,576,144,multi-step-direct,-0.1994,1.070349,1.034577,0.620417,14.4368,0.007,0.3706,13.897
200,F_MED,5,3,RF,A_tiempo,576,144,multi-step-direct,0.0342,0.861908,0.92839,0.551698,17.1629,0.1714,0.4105,5.388
200,F_MED,5,3,SVR_rbf,A_tiempo,576,144,multi-step-direct,-0.007,0.898641,0.947967,0.566942,16.8902,67.6671,0.4356,32.768
200,F_MED,5,3,MLP,A_tiempo,576,144,multi-step-direct,-0.0358,0.924332,0.961422,0.581398,17.2743,0.012,0.0875,1.064
200,F_MED,5,3,ARIMA,A_tiempo,576,144,multi-step-direct,-0.0371,1.757267,1.32562,0.805954,30.2758,0.4086,0.9858,0.441
200,F_MED,5,5,LinReg,A_tiempo,575,144,multi-step-direct,-2.7623,3.242368,1.800658,1.353858,25.0941,0.2255,1.0,1.577
200,F_MED,5,5,DT,A_tiempo,575,144,multi-step-direct,-0.2378,1.066756,1.032839,0.616833,17.7611,0.01,0.302,23.681
200,F_MED,5,5,RF,A_tiempo,575,144,multi-step-direct,0.0184,0.845923,0.919741,0.544076,20.4662,0.2424,0.3253,8.998
200,F_MED,5,5,SVR_rbf,A_tiempo,575,144,multi-step-direct,-0.0215,0.880365,0.938278,0.563328,19.7137,101.3226,0.4136,55.999
200,F_MED,5,5,MLP,A_tiempo,575,144,multi-step-direct,-0.0193,0.878435,0.937249,0.553069,21.3627,0.0168,0.0112,0.964
200,F_MED,5,5,ARIMA,A_tiempo,575,144,multi-step-direct,-0.023,1.547053,1.243806,0.722698,27.5193,0.2718,0.9858,0.489
200,F_N+PB,5,1,LinReg,A_tiempo,576,144,multi-step-direct,-18.025,16.609939,4.075529,3.140847,73.2759,0.2265,1.0,0.442
200,F_N+PB,5,1,DT,A_tiempo,576,144,multi-step-direct,-0.22,1.065117,1.032045,0.563889,13.4059,0.0058,0.4491,9.557
200,F_N+PB,5,1,RF,A_tiempo,576,144,multi-step-direct,0.0938,0.791144,0.889463,0.487052,16.5618,0.1708,0.4843,3.035
200,F_N+PB,5,1,SVR_rbf,A_tiempo,576,144,multi-step-direct,0.0034,0.870093,0.932788,0.504784,17.508,21.1567,0.4037,11.809
200,F_N+PB,5,1,MLP,A_tiempo,576,144,multi-step-direct,-0.0219,0.892154,0.944539,0.518584,18.9638,0.007,0.0105,2.789
200,F_N+PB,5,1,ARIMA,A_tiempo,576,144,multi-step-direct,-0.0275,2.045665,1.430268,0.832122,26.4684,4.8409,0.9885,1.743
200,F_N+PB,5,3,LinReg,A_tiempo,576,144,multi-step-direct,-19.7632,17.658551,4.202208,3.270792,77.3761,0.1327,1.0,0.917
200,F_N+PB,5,3,DT,A_tiempo,576,144,multi-step-direct,-0.2744,1.08384,1.041076,0.576909,13.6517,0.0087,0.4198,24.033
200,F_N+PB,5,3,RF,A_tiempo,576,144,multi-step-direct,0.0134,0.839082,0.916014,0.490392,17.8142,0.1675,0.303,10.024
200,F_N+PB,5,3,SVR_rbf,A_tiempo,576,144,multi-step-direct,-0.0234,0.870397,0.932951,0.501984,17.4602,65.6029,0.3785,33.421
200,F_N+PB,5,3,MLP,A_tiempo,576,144,multi-step-direct,-0.0164,0.864391,0.929726,0.500678,18.3287,0.0125,0.0084,1.225
200,F_N+PB,5,3,ARIMA,A_tiempo,576,144,multi-step-direct,-0.0152,1.790316,1.338027,0.784625,28.8169,1.0965,0.9885,1.184
200,F_N+PB,5,5,LinReg,A_tiempo,575,144,multi-step-direct,-21.545,18.965379,4.354926,3.393071,80.8188,0.2162,1.0,1.797
200,F_N+PB,5,5,DT,A_tiempo,575,144,multi-step-direct,-0.3562,1.140891,1.068125,0.594363,16.2902,0.0087,0.3708,41.555
200,F_N+PB,5,5,RF,A_tiempo,575,144,multi-step-direct,0.0067,0.835625,0.914125,0.485773,20.8224,0.1734,0.2036,17.134
200,F_N+PB,5,5,SVR_rbf,A_tiempo,575,144,multi-step-direct,-0.0261,0.863183,0.929076,0.50078,20.2999,94.536,0.3679,54.611
200,F_N+PB,5,5,MLP,A_tiempo,575,144,multi-step-direct,-0.013,0.85216,0.923125,0.494477,21.214,0.0309,0.0104,3.594
200,F_N+PB,5,5,ARIMA,A_tiempo,575,144,multi-step-direct,-0.0192,1.497401,1.223683,0.688769,25.6912,0.9839,0.9885,1.771
200,F_N+MED,5,1,LinReg,A_tiempo,576,144,multi-step-direct,-1.99,2.8166,1.678273,1.230023,21.995,0.0878,1.0,0.481
200,F_N+MED,5,1,DT,A_tiempo,576,144,multi-step-direct,-0.1293,1.063806,1.03141,0.615077,15.0978,0.0066,0.5293,8.611
200,F_N+MED,5,1,RF,A_tiempo,576,144,multi-step-direct,0.1276,0.821828,0.906547,0.547998,16.7371,0.1696,0.5574,4.745
200,F_N+MED,5,1,SVR_rbf,A_tiempo,576,144,multi-step-direct,0.0478,0.896943,0.947071,0.565285,17.4063,16.9508,0.4846,9.473
200,F_N+MED,5,1,MLP,A_tiempo,576,144,multi-step-direct,-0.038,0.977786,0.988831,0.621854,17.2594,0.0068,0.1749,0.734
200,F_N+MED,5,1,ARIMA,A_tiempo,576,144,multi-step-direct,-0.0226,1.934192,1.390752,0.821402,26.3867,1.9012,0.986,0.684
200,F_N+MED,5,3,LinReg,A_tiempo,576,144,multi-step-direct,-2.4132,3.043545,1.744576,1.303462,21.1976,0.2997,1.0,2.761
200,F_N+MED,5,3,DT,A_tiempo,576,144,multi-step-direct,-0.1531,1.028162,1.013983,0.606182,15.7763,0.0071,0.3568,24.529
200,F_N+MED,5,3,RF,A_tiempo,576,144,multi-step-direct,0.033,0.862246,0.928572,0.550222,17.4313,0.1691,0.4138,10.793
200,F_N+MED,5,3,SVR_rbf,A_tiempo,576,144,multi-step-direct,-0.007,0.897932,0.947593,0.566826,16.8772,50.9296,0.4356,33.34
200,F_N+MED,5,3,MLP,A_tiempo,576,144,multi-step-direct,-0.0347,0.922659,0.960551,0.582347,17.3188,0.0252,0.087,2.995
200,F_N+MED,5,3,ARIMA,A_tiempo,576,144,multi-step-direct,-0.0176,1.725617,1.313627,0.79466,30.0157,1.8154,0.986,1.961
200,F_N+MED,5,5,LinReg,A_tiempo,575,144,multi-step-direct,-2.7215,3.204626,1.790147,1.345113,25.3035,0.3851,1.0,1.464
200,F_N+MED,5,5,DT,A_tiempo,575,144,multi-step-direct,-0.2414,1.06901,1.033929,0.616976,17.6367,0.0082,0.289,44.018
200,F_N+MED,5,5,RF,A_tiempo,575,144,multi-step-direct,0.0122,0.85061,0.922285,0.544032,20.6896,0.2498,0.3279,16.252
200,F_N+MED,5,5,SVR_rbf,A_tiempo,575,144,multi-step-direct,-0.0216,0.879685,0.937915,0.563185,19.7264,101.326,0.4136,53.454
200,F_N+MED,5,5,MLP,A_tiempo,575,144,multi-step-direct,-0.0195,0.877931,0.93698,0.553332,21.3017,0.0166,0.011,0.94
200,F_N+MED,5,5,ARIMA,A_tiempo,575,144,multi-step-direct,-0.0078,1.525599,1.235151,0.717766,27.2366,0.4774,0.986,0.859
200,F_N+PB+MED,5,1,LinReg,A_tiempo,576,144,multi-step-direct,-2.1085,2.90646,1.704834,1.253498,24.1697,0.2892,1.0,2.304
200,F_N+PB+MED,5,1,DT,A_tiempo,576,144,multi-step-direct,-0.128,1.054658,1.026966,0.55526,14.3797,0.0056,0.5432,8.337
200,F_N+PB+MED,5,1,RF,A_tiempo,576,144,multi-step-direct,0.1562,0.788931,0.888218,0.486253,17.4197,0.1663,0.5982,3.422
200,F_N+PB+MED,5,1,SVR_rbf,A_tiempo,576,144,multi-step-direct,0.0434,0.894459,0.945758,0.519068,18.5087,17.1686,0.4504,11.453
200,F_N+PB+MED,5,1,MLP,A_tiempo,576,144,multi-step-direct,-0.0293,0.962435,0.981038,0.543698,19.9393,0.0071,0.0263,0.515
200,F_N+PB+MED,5,1,ARIMA,A_tiempo,576,144,multi-step-direct,-0.0091,2.209479,1.486432,0.905637,28.1735,1.611,0.988,0.58
200,F_N+PB+MED,5,3,LinReg,A_tiempo,576,144,multi-step-direct,-2.5405,3.1842,1.784433,1.320473,23.2647,0.1322,1.0,0.921
200,F_N+PB+MED,5,3,DT,A_tiempo,576,144,multi-step-direct,-0.2698,1.142044,1.068664,0.585854,14.2239,0.0079,0.4699,25.175
200,F_N+PB+MED,5,3,RF,A_tiempo,576,144,multi-step-direct,0.0469,0.857159,0.925829,0.501901,16.8819,0.1848,0.4614,8.774
200,F_N+PB+MED,5,3,SVR_rbf,A_tiempo,576,144,multi-step-direct,-0.0058,0.904581,0.951095,0.516877,17.1491,57.8688,0.3991,34.863
200,F_N+PB+MED,5,3,MLP,A_tiempo,576,144,multi-step-direct,-0.0349,0.930753,0.964755,0.534597,17.2429,0.0116,0.0816,0.93
200,F_N+PB+MED,5,3,ARIMA,A_tiempo,576,144,multi-step-direct,-0.0035,1.943001,1.393916,0.861157,31.8963,0.548,0.988,0.592
200,F_N+PB+MED,5,5,LinReg,A_tiempo,575,144,multi-step-direct,-2.7662,3.306537,1.818389,1.359193,25.0544,0.5546,1.0,1.762
200,F_N+PB+MED,5,5,DT,A_tiempo,575,144,multi-step-direct,-0.3102,1.150322,1.072531,0.591461,16.5141,0.0082,0.3712,42.042
200,F_N+PB+MED,5,5,RF,A_tiempo,575,144,multi-step-direct,0.0239,0.856986,0.925735,0.497904,20.4758,0.2444,0.3697,16.218
200,F_N+PB+MED,5,5,SVR_rbf,A_tiempo,575,144,multi-step-direct,-0.012,0.888451,0.942577,0.512105,20.6392,101.3592,0.3747,57.147
200,F_N+PB+MED,5,5,MLP,A_tiempo,575,144,multi-step-direct,-0.0142,0.890459,0.943641,0.509883,21.448,0.0157,0.0214,1.017
200,F_N+PB+MED,5,5,ARIMA,A_tiempo,575,144,multi-step-direct,-0.0037,1.708925,1.307259,0.765884,28.8902,0.3292,0.988,0.593
201,F_SIN,5,1,LinReg,A_tiempo,576,144,multi-step-direct,-3.1255,3.752229,1.937067,1.477015,32.2729,0.1188,1.0,0.443
201,F_SIN,5,1,DT,A_tiempo,576,144,multi-step-direct,-0.1059,1.005832,1.002912,0.56151,18.498,0.0077,0.3252,3.988
201,F_SIN,5,1,RF,A_tiempo,576,144,multi-step-direct,0.0062,0.903919,0.950747,0.53157,21.343,0.173,0.3801,3.31
201,F_SIN,5,1,SVR_rbf,A_tiempo,576,144,multi-step-direct,-0.0343,0.940708,0.969901,0.499983,21.1485,16.8817,0.3179,10.612
201,F_SIN,5,1,MLP,A_tiempo,576,144,multi-step-direct,-0.0603,0.96433,0.982003,0.571589,19.5918,0.0071,0.1995,0.71
201,F_SIN,5,1,ARIMA,A_tiempo,576,144,multi-step-direct,0.0038,0.729376,0.854035,0.5091,15.8024,3.1609,0.9361,1.138
201,F_SIN,5,3,LinReg,A_tiempo,576,144,multi-step-direct,-3.299,3.991524,1.99788,1.526151,28.2288,0.3204,1.0,1.438
201,F_SIN,5,3,DT,A_tiempo,576,144,multi-step-direct,-0.4861,1.379781,1.174641,0.612273,18.8066,0.0076,0.2307,11.293
201,F_SIN,5,3,RF,A_tiempo,576,144,multi-step-direct,0.0001,0.928377,0.963523,0.533713,21.5989,0.1718,0.2718,6.635
201,F_SIN,5,3,SVR_rbf,A_tiempo,576,144,multi-step-direct,-0.0481,0.973124,0.98647,0.50791,21.4428,50.7409,0.3045,35.391
201,F_SIN,5,3,MLP,A_tiempo,576,144,multi-step-direct,-0.0378,0.963592,0.981627,0.555691,20.5089,0.0116,0.142,1.161
201,F_SIN,5,3,ARIMA,A_tiempo,576,144,multi-step-direct,-0.0617,0.862853,0.928899,0.633569,18.499,1.3857,0.9361,1.497
201,F_SIN,5,5,LinReg,A_tiempo,575,144,multi-step-direct,-3.4788,4.171885,2.042519,1.56343,30.007,0.2188,1.0,3.955
201,F_SIN,5,5,DT,A_tiempo,575,144,multi-step-direct,-0.3959,1.300281,1.140298,0.585342,19.658,0.0082,0.1841,16.916
201,F_SIN,5,5,RF,A_tiempo,575,144,multi-step-direct,-0.0055,0.936586,0.967774,0.537074,21.5473,0.3448,0.2289,8.499
201,F_SIN,5,5,SVR_rbf,A_tiempo,575,144,multi-step-direct,-0.0528,0.98063,0.990268,0.511526,21.1447,101.413,0.2985,59.331
201,F_SIN,5,5,MLP,A_tiempo,575,144,multi-step-direct,-0.0288,0.958337,0.978947,0.545269,21.0858,0.0834,0.1146,2.965
201,F_SIN,5,5,ARIMA,A_tiempo,575,144,multi-step-direct,-0.0692,0.867196,0.931233,0.624913,19.2872,1.019,0.9361,1.834
201,F_N,5,1,LinReg,A_tiempo,576,144,multi-step-direct,-3.147,3.771476,1.942029,1.480675,31.8927,0.0937,1.0,0.44
201,F_N,5,1,DT,A_tiempo,576,144,multi-step-direct,-0.0335,0.939877,0.969473,0.536789,19.4035,0.0053,0.3258,8.41
201,F_N,5,1,RF,A_tiempo,576,144,multi-step-direct,-0.0005,0.909901,0.953887,0.535132,21.0648,0.1744,0.3823,5.127
201,F_N,5,1,SVR_rbf,A_tiempo,576,144,multi-step-direct,-0.0339,0.940284,0.969682,0.498989,21.1479,16.9001,0.3174,10.447
201,F_N,5,1,MLP,A_tiempo,576,144,multi-step-direct,-0.0703,0.973362,0.986591,0.576214,19.6662,0.0071,0.2206,0.808
201,F_N,5,1,ARIMA,A_tiempo,576,144,multi-step-direct,0.0061,0.727346,0.852846,0.500669,15.7933,0.8115,0.9425,0.292
201,F_N,5,3,LinReg,A_tiempo,576,144,multi-step-direct,-3.3325,4.022373,2.005585,1.531342,28.0306,0.1317,1.0,0.928
201,F_N,5,3,DT,A_tiempo,576,144,multi-step-direct,-0.4937,1.38677,1.177612,0.616021,18.6163,0.007,0.2358,26.101
201,F_N,5,3,RF,A_tiempo,576,144,multi-step-direct,0.0004,0.928082,0.96337,0.534256,21.6843,0.1753,0.28,11.513
201,F_N,5,3,SVR_rbf,A_tiempo,576,144,multi-step-direct,-0.0477,0.972744,0.986278,0.50694,21.4435,51.1469,0.3039,34.395
201,F_N,5,3,MLP,A_tiempo,576,144,multi-step-direct,-0.0451,0.970254,0.985015,0.558079,20.2685,0.0237,0.1576,5.133
201,F_N,5,3,ARIMA,A_tiempo,576,144,multi-step-direct,-0.0526,0.855248,0.924796,0.623628,18.2541,0.6849,0.9425,0.74
201,F_N,5,5,LinReg,A_tiempo,575,144,multi-step-direct,-3.5043,4.195485,2.048288,1.568572,29.419,0.2352,1.0,1.965
201,F_N,5,5,DT,A_tiempo,575,144,multi-step-direct,-0.4181,1.320877,1.149294,0.592421,19.9294,0.0081,0.1837,45.71
201,F_N,5,5,RF,A_tiempo,575,144,multi-step-direct,-0.0071,0.93808,0.968545,0.538787,21.4748,0.2416,0.2319,17.662
201,F_N,5,5,SVR_rbf,A_tiempo,575,144,multi-step-direct,-0.0524,0.980284,0.990093,0.5106,21.1622,101.0075,0.2979,58.645
201,F_N,5,5,MLP,A_tiempo,575,144,multi-step-direct,-0.029,0.958421,0.97899,0.544927,21.1045,0.0174,0.1146,1.363
201,F_N,5,5,ARIMA,A_tiempo,575,144,multi-step-direct,-0.0597,0.859416,0.927047,0.614287,19.0818,0.1947,0.9425,0.35
201,F_PB,5,1,LinReg,A_tiempo,576,144,multi-step-direct,-22.9329,24.732489,4.973177,3.81698,88.0894,0.0884,1.0,0.454
201,F_PB,5,1,DT,A_tiempo,576,144,multi-step-direct,-0.266,1.308267,1.143795,0.615545,15.6271,0.0077,0.3502,9.37
201,F_PB,5,1,RF,A_tiempo,576,144,multi-step-direct,-0.0159,1.049841,1.024617,0.544686,22.8969,0.1684,0.443,3.389
201,F_PB,5,1,SVR_rbf,A_tiempo,576,144,multi-step-direct,-0.0427,1.07749,1.038022,0.480344,23.3086,17.3118,0.3113,11.539
201,F_PB,5,1,MLP,A_tiempo,576,144,multi-step-direct,-0.0507,1.085829,1.042031,0.565131,21.9059,0.0113,0.128,4.627
201,F_PB,5,1,ARIMA,A_tiempo,576,144,multi-step-direct,-0.0833,0.935578,0.967253,0.42424,18.2673,4.8314,0.9655,1.739
201,F_PB,5,3,LinReg,A_tiempo,576,144,multi-step-direct,-24.551,26.938328,5.190215,4.01228,91.3878,0.1325,1.0,0.913
201,F_PB,5,3,DT,A_tiempo,576,144,multi-step-direct,-0.3138,1.385151,1.176924,0.637438,18.4029,0.0092,0.3639,23.721
201,F_PB,5,3,RF,A_tiempo,576,144,multi-step-direct,-0.0091,1.063889,1.03145,0.548923,22.8153,0.1727,0.3433,9.81
201,F_PB,5,3,SVR_rbf,A_tiempo,576,144,multi-step-direct,-0.05,1.106989,1.052136,0.491954,23.4287,67.5974,0.3006,34.082
201,F_PB,5,3,MLP,A_tiempo,576,144,multi-step-direct,-0.0233,1.078896,1.038699,0.552198,22.5305,0.0114,0.0516,1.042
201,F_PB,5,3,ARIMA,A_tiempo,576,144,multi-step-direct,-0.0515,0.957488,0.978513,0.439711,19.4597,1.191,0.9655,1.286
201,F_PB,5,5,LinReg,A_tiempo,575,144,multi-step-direct,-25.0485,27.54333,5.248174,4.058894,94.5884,0.2163,1.0,1.515
201,F_PB,5,5,DT,A_tiempo,575,144,multi-step-direct,-0.3694,1.447995,1.203327,0.651522,18.2678,0.0139,0.4209,41.004
201,F_PB,5,5,RF,A_tiempo,575,144,multi-step-direct,-0.0119,1.069993,1.034405,0.549483,23.2287,0.2642,0.2618,16.322
201,F_PB,5,5,SVR_rbf,A_tiempo,575,144,multi-step-direct,-0.0496,1.109852,1.053495,0.4932,23.6074,94.0991,0.2953,56.072
201,F_PB,5,5,MLP,A_tiempo,575,144,multi-step-direct,-0.0236,1.082306,1.040339,0.552836,23.0552,0.0181,0.0481,3.458
201,F_PB,5,5,ARIMA,A_tiempo,575,144,multi-step-direct,-0.0427,0.983298,0.991614,0.435772,20.7904,1.0499,0.9654,1.89
201,F_MED,5,1,LinReg,A_tiempo,576,144,multi-step-direct,-2.0723,1.36688,1.169137,0.896705,16.0792,0.2475,1.0,0.461
201,F_MED,5,1,DT,A_tiempo,576,144,multi-step-direct,-0.1079,0.492935,0.702093,0.484198,10.6974,0.0058,0.5502,3.304
201,F_MED,5,1,RF,A_tiempo,576,144,multi-step-direct,0.1114,0.395354,0.628771,0.459044,10.3351,0.1738,0.5349,1.722
201,F_MED,5,1,SVR_rbf,A_tiempo,576,144,multi-step-direct,0.0522,0.42167,0.649361,0.470571,9.1156,17.0447,0.364,11.881
201,F_MED,5,1,MLP,A_tiempo,576,144,multi-step-direct,-0.1381,0.506353,0.711585,0.525624,8.9626,0.0067,0.6056,1.244
201,F_MED,5,1,ARIMA,A_tiempo,576,144,multi-step-direct,-0.7837,0.513971,0.716918,0.491352,13.6014,1.9279,0.9811,0.694
201,F_MED,5,3,LinReg,A_tiempo,576,144,multi-step-direct,-2.4141,1.530486,1.237128,0.952728,15.8511,0.1297,1.0,0.899
201,F_MED,5,3,DT,A_tiempo,576,144,multi-step-direct,-0.3475,0.604046,0.777204,0.526122,12.9996,0.0065,0.4208,10.301
201,F_MED,5,3,RF,A_tiempo,576,144,multi-step-direct,0.0534,0.424366,0.651434,0.47781,12.594,0.1689,0.4398,4.606
201,F_MED,5,3,SVR_rbf,A_tiempo,576,144,multi-step-direct,0.0134,0.442269,0.665033,0.480645,11.36,68.4952,0.3369,32.937
201,F_MED,5,3,MLP,A_tiempo,576,144,multi-step-direct,-0.0225,0.458373,0.677033,0.500416,11.6663,0.0116,0.2257,0.922
201,F_MED,5,3,ARIMA,A_tiempo,576,144,multi-step-direct,-0.086,0.439776,0.663156,0.489135,14.2674,0.66,0.9811,0.713
201,F_MED,5,5,LinReg,A_tiempo,575,144,multi-step-direct,-2.7268,1.666586,1.290963,1.003135,16.6852,0.2215,1.0,1.66
201,F_MED,5,5,DT,A_tiempo,575,144,multi-step-direct,0.0039,0.445445,0.667416,0.490158,12.5125,0.0085,0.4058,16.36
201,F_MED,5,5,RF,A_tiempo,575,144,multi-step-direct,0.0365,0.430871,0.656408,0.483913,13.403,0.2476,0.3741,9.995
201,F_MED,5,5,SVR_rbf,A_tiempo,575,144,multi-step-direct,-0.0159,0.454306,0.674022,0.488589,11.7194,102.4499,0.3275,53.838
201,F_MED,5,5,MLP,A_tiempo,575,144,multi-step-direct,-0.0473,0.468357,0.684366,0.506711,12.0576,0.0455,0.2717,1.545
201,F_MED,5,5,ARIMA,A_tiempo,575,144,multi-step-direct,-0.0847,0.375522,0.612799,0.46177,14.4728,1.3158,0.9811,2.368
201,F_N+PB,5,1,LinReg,A_tiempo,576,144,multi-step-direct,-28.9771,30.978462,5.56583,4.269618,100.1052,0.2326,1.0,1.001
201,F_N+PB,5,1,DT,A_tiempo,576,144,multi-step-direct,-0.2442,1.285797,1.13393,0.605651,15.9309,0.0073,0.3502,8.195
201,F_N+PB,5,1,RF,A_tiempo,576,144,multi-step-direct,-0.0154,1.049306,1.024357,0.544481,22.9268,0.1671,0.4403,3.78
201,F_N+PB,5,1,SVR_rbf,A_tiempo,576,144,multi-step-direct,-0.0427,1.077492,1.038023,0.480354,23.3076,16.8959,0.3113,11.585
201,F_N+PB,5,1,MLP,A_tiempo,576,144,multi-step-direct,-0.0539,1.089057,1.043579,0.566094,21.7491,0.0078,0.1286,0.927
201,F_N+PB,5,1,ARIMA,A_tiempo,576,144,multi-step-direct,-0.1011,0.950967,0.975176,0.423234,18.4375,3.0702,0.9655,1.105
201,F_N+PB,5,3,LinReg,A_tiempo,576,144,multi-step-direct,-29.7661,32.436935,5.695343,4.406529,104.2477,0.1309,1.0,0.895
201,F_N+PB,5,3,DT,A_tiempo,576,144,multi-step-direct,-0.3618,1.43579,1.198244,0.643067,16.1672,0.0076,0.3694,24.878
201,F_N+PB,5,3,RF,A_tiempo,576,144,multi-step-direct,-0.0108,1.065731,1.032342,0.549449,22.7811,0.2758,0.3352,9.76
201,F_N+PB,5,3,SVR_rbf,A_tiempo,576,144,multi-step-direct,-0.05,1.107003,1.052142,0.491976,23.4273,50.4856,0.3006,35.283
201,F_N+PB,5,3,MLP,A_tiempo,576,144,multi-step-direct,-0.0248,1.080498,1.03947,0.553298,22.4652,0.0116,0.0563,1.004
201,F_N+PB,5,3,ARIMA,A_tiempo,576,144,multi-step-direct,-0.0651,0.969837,0.984803,0.434454,19.6039,1.0718,0.9655,1.157
201,F_N+PB,5,5,LinReg,A_tiempo,575,144,multi-step-direct,-30.5611,33.372063,5.776856,4.465196,110.3415,0.2416,1.0,4.182
201,F_N+PB,5,5,DT,A_tiempo,575,144,multi-step-direct,-0.4524,1.535728,1.239245,0.668397,16.6057,0.0087,0.4213,39.394
201,F_N+PB,5,5,RF,A_tiempo,575,144,multi-step-direct,-0.0121,1.070216,1.034512,0.549625,23.2259,0.2585,0.2631,16.51
201,F_N+PB,5,5,SVR_rbf,A_tiempo,575,144,multi-step-direct,-0.0496,1.109851,1.053495,0.493213,23.6077,100.4818,0.2953,58.394
201,F_N+PB,5,5,MLP,A_tiempo,575,144,multi-step-direct,-0.0236,1.082298,1.040336,0.552914,23.0511,0.017,0.0481,1.319
201,F_N+PB,5,5,ARIMA,A_tiempo,575,144,multi-step-direct,-0.0525,0.992541,0.996264,0.429795,20.913,0.8867,0.9654,1.596
201,F_N+MED,5,1,LinReg,A_tiempo,576,144,multi-step-direct,-2.2262,1.434772,1.19782,0.917062,15.09,0.0884,1.0,0.515
201,F_N+MED,5,1,DT,A_tiempo,576,144,multi-step-direct,-0.0562,0.469694,0.685342,0.48745,10.1523,0.0059,0.551,9.877
201,F_N+MED,5,1,RF,A_tiempo,576,144,multi-step-direct,0.0961,0.40199,0.634027,0.4658,10.3711,0.1666,0.5441,3.342
201,F_N+MED,5,1,SVR_rbf,A_tiempo,576,144,multi-step-direct,0.0522,0.421523,0.649248,0.470637,9.1288,24.1854,0.3637,11.946
201,F_N+MED,5,1,MLP,A_tiempo,576,144,multi-step-direct,-0.1506,0.511707,0.715337,0.525915,9.1256,0.007,0.5999,1.295
201,F_N+MED,5,1,ARIMA,A_tiempo,576,144,multi-step-direct,-0.6471,0.495369,0.703824,0.466522,13.3493,1.488,0.9846,0.536
201,F_N+MED,5,3,LinReg,A_tiempo,576,144,multi-step-direct,-2.5323,1.584911,1.258932,0.967439,17.6887,0.1299,1.0,0.924
201,F_N+MED,5,3,DT,A_tiempo,576,144,multi-step-direct,0.0139,0.442475,0.665188,0.490835,11.6126,0.0073,0.4156,26.822
201,F_N+MED,5,3,RF,A_tiempo,576,144,multi-step-direct,0.0518,0.42547,0.652281,0.478619,12.4551,0.1769,0.4435,9.151
201,F_N+MED,5,3,SVR_rbf,A_tiempo,576,144,multi-step-direct,0.0134,0.442663,0.665329,0.480801,11.4026,60.7868,0.3366,34.683
201,F_N+MED,5,3,MLP,A_tiempo,576,144,multi-step-direct,-0.0213,0.458255,0.676946,0.500054,11.6583,0.012,0.2358,0.952
201,F_N+MED,5,3,ARIMA,A_tiempo,576,144,multi-step-direct,-0.0533,0.433498,0.658405,0.482743,14.1603,0.5396,0.9846,0.583
201,F_N+MED,5,5,LinReg,A_tiempo,575,144,multi-step-direct,-2.7801,1.691782,1.300685,1.007123,16.6299,0.5035,1.0,2.133
201,F_N+MED,5,5,DT,A_tiempo,575,144,multi-step-direct,-0.0145,0.454035,0.673821,0.494309,12.4165,0.008,0.4143,44.219
201,F_N+MED,5,5,RF,A_tiempo,575,144,multi-step-direct,0.0377,0.430656,0.656244,0.484504,13.18,0.2416,0.3822,18.057
201,F_N+MED,5,5,SVR_rbf,A_tiempo,575,144,multi-step-direct,-0.0154,0.454441,0.674123,0.488661,11.6808,103.1211,0.3271,55.759
201,F_N+MED,5,5,MLP,A_tiempo,575,144,multi-step-direct,-0.0457,0.468016,0.684117,0.506254,11.9789,0.0167,0.2749,1.651
201,F_N+MED,5,5,ARIMA,A_tiempo,575,144,multi-step-direct,-0.0527,0.368604,0.607127,0.456478,14.3056,0.5609,0.9846,1.01
201,F_N+PB+MED,5,1,LinReg,A_tiempo,576,144,multi-step-direct,-3.2462,2.233355,1.494441,1.167936,21.3304,0.3079,1.0,0.508
201,F_N+PB+MED,5,1,DT,A_tiempo,576,144,multi-step-direct,-0.2615,0.663529,0.814573,0.543448,13.0119,0.0057,0.4447,9.956
201,F_N+PB+MED,5,1,RF,A_tiempo,576,144,multi-step-direct,0.009,0.521245,0.721973,0.510429,11.044,0.1699,0.4413,3.398
201,F_N+PB+MED,5,1,SVR_rbf,A_tiempo,576,144,multi-step-direct,-0.0491,0.551766,0.74281,0.502427,10.3452,17.711,0.3855,11.937
201,F_N+PB+MED,5,1,MLP,A_tiempo,576,144,multi-step-direct,-0.0479,0.551147,0.742393,0.53843,9.797,0.0075,0.2348,0.846
201,F_N+PB+MED,5,1,ARIMA,A_tiempo,576,144,multi-step-direct,-0.8663,0.912029,0.955002,0.653203,18.1196,1.9331,0.9867,0.696
201,F_N+PB+MED,5,3,LinReg,A_tiempo,576,144,multi-step-direct,-3.1689,2.182164,1.477215,1.149975,21.7471,0.1309,1.0,0.935
201,F_N+PB+MED,5,3,DT,A_tiempo,576,144,multi-step-direct,-0.2475,0.652983,0.808074,0.555198,12.4982,0.0071,0.3679,25.54
201,F_N+PB+MED,5,3,RF,A_tiempo,576,144,multi-step-direct,-0.0134,0.530426,0.728303,0.522767,13.4875,0.1754,0.3728,9.104
201,F_N+PB+MED,5,3,SVR_rbf,A_tiempo,576,144,multi-step-direct,-0.0673,0.558656,0.747433,0.507289,12.9477,61.4059,0.3567,34.345
201,F_N+PB+MED,5,3,MLP,A_tiempo,576,144,multi-step-direct,-0.0513,0.550301,0.741823,0.539337,12.9439,0.0117,0.0968,1.022
201,F_N+PB+MED,5,3,ARIMA,A_tiempo,576,144,multi-step-direct,-0.636,0.727369,0.852859,0.556133,18.0504,0.6329,0.9867,0.684
201,F_N+PB+MED,5,5,LinReg,A_tiempo,575,144,multi-step-direct,-3.2223,2.186509,1.478685,1.152159,19.9361,0.4515,1.0,2.259
201,F_N+PB+MED,5,5,DT,A_tiempo,575,144,multi-step-direct,-0.4913,0.772238,0.878771,0.582634,12.8398,0.0105,0.4358,41.073
201,F_N+PB+MED,5,5,RF,A_tiempo,575,144,multi-step-direct,-0.012,0.524071,0.723927,0.520875,14.831,0.1711,0.3338,16.778
201,F_N+PB+MED,5,5,SVR_rbf,A_tiempo,575,144,multi-step-direct,-0.0733,0.555825,0.745537,0.508848,14.2689,102.1876,0.3443,56.252
201,F_N+PB+MED,5,5,MLP,A_tiempo,575,144,multi-step-direct,-0.0438,0.54051,0.735194,0.535901,14.2315,0.0173,0.0881,1.342
201,F_N+PB+MED,5,5,ARIMA,A_tiempo,575,144,multi-step-direct,-0.5465,0.676017,0.822202,0.526128,19.0958,0.3792,0.9867,0.683
202,F_SIN,5,1,LinReg,A_tiempo,576,144,multi-step-direct,-2.85,4.703004,2.168641,1.660276,31.2518,0.2503,1.0,0.458
202,F_SIN,5,1,DT,A_tiempo,576,144,multi-step-direct,-0.1211,1.369466,1.170242,0.608283,18.4859,0.0076,0.4201,5.444
202,F_SIN,5,1,RF,A_tiempo,576,144,multi-step-direct,0.0065,1.213664,1.101664,0.573083,22.9177,0.174,0.4917,3.637
202,F_SIN,5,1,SVR_rbf,A_tiempo,576,144,multi-step-direct,-0.0437,1.274925,1.129126,0.538625,23.0823,16.9781,0.3665,10.157
202,F_SIN,5,1,MLP,A_tiempo,576,144,multi-step-direct,-0.0218,1.248152,1.117207,0.61615,22.8597,0.007,0.0553,0.552
202,F_SIN,5,1,ARIMA,A_tiempo,576,144,multi-step-direct,-0.4779,2.20261,1.484119,0.838945,24.1619,1.4266,0.9605,0.514
202,F_SIN,5,3,LinReg,A_tiempo,576,144,multi-step-direct,-3.195,5.103594,2.259113,1.738017,34.4655,0.3829,1.0,1.181
202,F_SIN,5,3,DT,A_tiempo,576,144,multi-step-direct,-0.0908,1.327024,1.151965,0.621167,14.5808,0.0074,0.2703,14.109
202,F_SIN,5,3,RF,A_tiempo,576,144,multi-step-direct,0.005,1.210523,1.100238,0.572927,17.7455,0.1755,0.3136,8.525
202,F_SIN,5,3,SVR_rbf,A_tiempo,576,144,multi-step-direct,-0.0304,1.253549,1.11962,0.531852,17.4911,55.5983,0.3321,34.324
202,F_SIN,5,3,MLP,A_tiempo,576,144,multi-step-direct,-0.0146,1.234315,1.110997,0.610977,17.9406,0.0262,0.037,2.934
202,F_SIN,5,3,ARIMA,A_tiempo,576,144,multi-step-direct,-0.4383,1.60558,1.267115,0.698201,27.7224,0.9105,0.9605,0.983
202,F_SIN,5,5,LinReg,A_tiempo,575,144,multi-step-direct,-3.3216,5.226097,2.286066,1.767143,33.8364,0.2575,1.0,1.55
202,F_SIN,5,5,DT,A_tiempo,575,144,multi-step-direct,-0.612,1.949395,1.396207,0.724884,18.8732,0.0107,0.2288,23.03
202,F_SIN,5,5,RF,A_tiempo,575,144,multi-step-direct,0.0027,1.205985,1.098173,0.574865,22.5913,0.2455,0.2466,11.685
202,F_SIN,5,5,SVR_rbf,A_tiempo,575,144,multi-step-direct,-0.0297,1.245265,1.115914,0.531268,22.5852,101.884,0.3179,58.598
202,F_SIN,5,5,MLP,A_tiempo,575,144,multi-step-direct,-0.0149,1.227314,1.107842,0.613564,22.6495,0.0173,0.0355,0.98
202,F_SIN,5,5,ARIMA,A_tiempo,575,144,multi-step-direct,-0.4071,1.518937,1.232452,0.662283,26.7029,0.3406,0.9605,0.613
202,F_N,5,1,LinReg,A_tiempo,576,144,multi-step-direct,-2.8645,4.721702,2.172948,1.665236,30.8715,0.247,1.0,0.442
202,F_N,5,1,DT,A_tiempo,576,144,multi-step-direct,-0.1589,1.415963,1.189942,0.629867,18.379,0.0067,0.4208,9.604
202,F_N,5,1,RF,A_tiempo,576,144,multi-step-direct,0.009,1.210825,1.100375,0.573105,22.8946,0.1714,0.488,3.075
202,F_N,5,1,SVR_rbf,A_tiempo,576,144,multi-step-direct,-0.0436,1.275109,1.129207,0.537759,23.1141,21.4495,0.3658,12.276
202,F_N,5,1,MLP,A_tiempo,576,144,multi-step-direct,-0.0222,1.248885,1.117535,0.616836,22.8965,0.0183,0.0337,2.598
202,F_N,5,1,ARIMA,A_tiempo,576,144,multi-step-direct,-0.2337,1.839444,1.356261,0.609094,23.6241,1.6248,0.9643,0.585
202,F_N,5,3,LinReg,A_tiempo,576,144,multi-step-direct,-3.229,5.145869,2.268451,1.747551,34.7892,0.1302,1.0,0.916
202,F_N,5,3,DT,A_tiempo,576,144,multi-step-direct,-0.2052,1.466516,1.210998,0.660067,13.335,0.0101,0.2913,24.676
202,F_N,5,3,RF,A_tiempo,576,144,multi-step-direct,0.0068,1.208492,1.099314,0.57057,17.8696,0.1711,0.3217,10.522
202,F_N,5,3,SVR_rbf,A_tiempo,576,144,multi-step-direct,-0.0303,1.25369,1.119683,0.530891,17.511,67.5412,0.3314,34.071
202,F_N,5,3,MLP,A_tiempo,576,144,multi-step-direct,-0.0139,1.233771,1.110752,0.609825,18.0328,0.0327,0.0253,0.649
202,F_N,5,3,ARIMA,A_tiempo,576,144,multi-step-direct,-0.1769,1.313991,1.146294,0.470435,26.1542,0.3082,0.9643,0.333
202,F_N,5,5,LinReg,A_tiempo,575,144,multi-step-direct,-3.355,5.267465,2.295096,1.776876,34.386,0.2322,1.0,1.501
202,F_N,5,5,DT,A_tiempo,575,144,multi-step-direct,-0.3343,1.613818,1.270361,0.66735,18.5163,0.0079,0.2351,42.399
202,F_N,5,5,RF,A_tiempo,575,144,multi-step-direct,0.0011,1.208193,1.099178,0.577815,22.6665,0.2419,0.2555,17.075
202,F_N,5,5,SVR_rbf,A_tiempo,575,144,multi-step-direct,-0.0297,1.245439,1.115992,0.530255,22.6327,96.465,0.3173,55.996
202,F_N,5,5,MLP,A_tiempo,575,144,multi-step-direct,-0.0186,1.231967,1.10994,0.614478,22.3819,0.017,0.0586,2.01
202,F_N,5,5,ARIMA,A_tiempo,575,144,multi-step-direct,-0.1538,1.245684,1.116102,0.440736,24.7248,0.2131,0.9643,0.384
202,F_PB,5,1,LinReg,A_tiempo,576,144,multi-step-direct,-18.3265,28.048946,5.296126,4.133501,98.7819,0.0893,1.0,0.431
202,F_PB,5,1,DT,A_tiempo,576,144,multi-step-direct,-0.3135,1.90631,1.380692,0.695907,18.2471,0.0071,0.5807,8.138
202,F_PB,5,1,RF,A_tiempo,576,144,multi-step-direct,-0.0056,1.459458,1.20808,0.628441,24.3938,0.1799,0.5567,4.953
202,F_PB,5,1,SVR_rbf,A_tiempo,576,144,multi-step-direct,-0.0529,1.528154,1.236185,0.539996,26.1691,16.8603,0.2974,9.95
202,F_PB,5,1,MLP,A_tiempo,576,144,multi-step-direct,-0.0746,1.55962,1.248847,0.673805,23.8559,0.0084,0.1733,0.907
202,F_PB,5,1,ARIMA,A_tiempo,576,144,multi-step-direct,-0.0635,1.960643,1.40023,0.578916,26.1633,3.3029,0.9743,1.189
202,F_PB,5,3,LinReg,A_tiempo,576,144,multi-step-direct,-21.7486,32.826981,5.729483,4.470752,105.1171,0.3099,1.0,3.03
202,F_PB,5,3,DT,A_tiempo,576,144,multi-step-direct,-0.3606,1.96346,1.401235,0.715455,13.2552,0.0075,0.4304,23.143
202,F_PB,5,3,RF,A_tiempo,576,144,multi-step-direct,-0.0136,1.462712,1.209426,0.622472,19.2625,0.1784,0.3944,10.888
202,F_PB,5,3,SVR_rbf,A_tiempo,576,144,multi-step-direct,-0.0445,1.507305,1.227723,0.529631,20.1716,57.9222,0.2707,34.73
202,F_PB,5,3,MLP,A_tiempo,576,144,multi-step-direct,-0.0308,1.4875,1.219631,0.628515,19.1346,0.0266,0.0621,2.796
202,F_PB,5,3,ARIMA,A_tiempo,576,144,multi-step-direct,-0.0703,1.463841,1.209893,0.470491,28.7422,1.2174,0.9743,1.315
202,F_PB,5,5,LinReg,A_tiempo,575,144,multi-step-direct,-22.971,34.394143,5.864652,4.58404,119.8587,0.2247,1.0,1.538
202,F_PB,5,5,DT,A_tiempo,575,144,multi-step-direct,-0.4619,2.097604,1.448311,0.741526,17.4257,0.0186,0.3482,40.714
202,F_PB,5,5,RF,A_tiempo,575,144,multi-step-direct,-0.0144,1.455423,1.206409,0.622402,24.7526,0.1763,0.3114,16.497
202,F_PB,5,5,SVR_rbf,A_tiempo,575,144,multi-step-direct,-0.045,1.49942,1.224508,0.527261,25.7173,95.3546,0.262,56.677
202,F_PB,5,5,MLP,A_tiempo,575,144,multi-step-direct,-0.0328,1.481927,1.217344,0.627322,24.5056,0.0244,0.0718,4.92
202,F_PB,5,5,ARIMA,A_tiempo,575,144,multi-step-direct,-0.0709,1.417661,1.190656,0.448853,26.951,0.9131,0.9743,1.644
202,F_MED,5,1,LinReg,A_tiempo,576,144,multi-step-direct,-2.8418,1.804571,1.343343,1.046043,17.4889,0.1048,1.0,0.494
202,F_MED,5,1,DT,A_tiempo,576,144,multi-step-direct,-0.1095,0.521165,0.721917,0.536923,10.6825,0.0056,0.6357,4.906
202,F_MED,5,1,RF,A_tiempo,576,144,multi-step-direct,0.1383,0.404756,0.636204,0.468523,12.418,0.1698,0.6844,2.145
202,F_MED,5,1,SVR_rbf,A_tiempo,576,144,multi-step-direct,0.0327,0.454349,0.674054,0.471986,11.7493,17.2104,0.557,12.015
202,F_MED,5,1,MLP,A_tiempo,576,144,multi-step-direct,-0.0021,0.470731,0.686098,0.522087,12.4113,0.0072,0.2532,0.538
202,F_MED,5,1,ARIMA,A_tiempo,576,144,multi-step-direct,-0.0033,0.383356,0.619157,0.415014,11.7477,0.4009,0.9684,0.144
202,F_MED,5,3,LinReg,A_tiempo,576,144,multi-step-direct,-4.357,2.547523,1.596096,1.25719,23.8226,0.1316,1.0,0.934
202,F_MED,5,3,DT,A_tiempo,576,144,multi-step-direct,-0.4369,0.683326,0.826635,0.577037,10.7734,0.0073,0.5078,13.489
202,F_MED,5,3,RF,A_tiempo,576,144,multi-step-direct,0.1016,0.427252,0.653645,0.484448,10.8496,0.1805,0.5196,6.097
202,F_MED,5,3,SVR_rbf,A_tiempo,576,144,multi-step-direct,0.0205,0.465816,0.682507,0.484831,10.0539,64.3754,0.4527,33.173
202,F_MED,5,3,MLP,A_tiempo,576,144,multi-step-direct,0.0115,0.470101,0.685639,0.511828,10.4695,0.0117,0.3503,1.147
202,F_MED,5,3,ARIMA,A_tiempo,576,144,multi-step-direct,-0.0771,0.27124,0.520807,0.410321,12.2098,0.1588,0.9684,0.172
202,F_MED,5,5,LinReg,A_tiempo,575,144,multi-step-direct,-5.0824,2.893413,1.701003,1.334311,24.6722,0.2177,1.0,1.995
202,F_MED,5,5,DT,A_tiempo,575,144,multi-step-direct,-0.3734,0.653317,0.808281,0.563742,11.5137,0.0081,0.4651,22.141
202,F_MED,5,5,RF,A_tiempo,575,144,multi-step-direct,0.059,0.447615,0.66904,0.502791,11.3428,0.2568,0.4502,10.178
202,F_MED,5,5,SVR_rbf,A_tiempo,575,144,multi-step-direct,0.0077,0.472045,0.687055,0.491989,10.8128,101.2061,0.4146,53.657
202,F_MED,5,5,MLP,A_tiempo,575,144,multi-step-direct,-0.0759,0.511786,0.715392,0.557059,12.6373,0.0177,0.0611,0.777
202,F_MED,5,5,ARIMA,A_tiempo,575,144,multi-step-direct,-0.139,0.290298,0.538793,0.440762,11.841,0.1083,0.9684,0.195
202,F_N+PB,5,1,LinReg,A_tiempo,576,144,multi-step-direct,-22.2922,33.804223,5.81414,4.520673,109.4527,0.1024,1.0,0.436
202,F_N+PB,5,1,DT,A_tiempo,576,144,multi-step-direct,-0.3852,2.010368,1.417875,0.713032,16.2057,0.007,0.5801,9.423
202,F_N+PB,5,1,RF,A_tiempo,576,144,multi-step-direct,-0.0066,1.460878,1.208668,0.627448,24.5116,0.1661,0.5581,2.925
202,F_N+PB,5,1,SVR_rbf,A_tiempo,576,144,multi-step-direct,-0.0529,1.528145,1.236182,0.540007,26.1704,26.5595,0.2974,12.412
202,F_N+PB,5,1,MLP,A_tiempo,576,144,multi-step-direct,-0.0698,1.552545,1.246012,0.670202,23.972,0.0067,0.1617,2.706
202,F_N+PB,5,1,ARIMA,A_tiempo,576,144,multi-step-direct,-0.0558,1.946457,1.395155,0.583482,26.162,3.4584,0.9743,1.245
202,F_N+PB,5,3,LinReg,A_tiempo,576,144,multi-step-direct,-26.6421,39.887794,6.315678,4.92688,113.5465,0.1297,1.0,0.849
202,F_N+PB,5,3,DT,A_tiempo,576,144,multi-step-direct,-0.3876,2.002262,1.415013,0.713967,12.6398,0.0089,0.4224,23.85
202,F_N+PB,5,3,RF,A_tiempo,576,144,multi-step-direct,-0.0166,1.46695,1.211177,0.623571,19.2722,0.1667,0.3938,9.634
202,F_N+PB,5,3,SVR_rbf,A_tiempo,576,144,multi-step-direct,-0.0445,1.507283,1.227715,0.529628,20.1716,66.9103,0.2707,34.629
202,F_N+PB,5,3,MLP,A_tiempo,576,144,multi-step-direct,-0.0307,1.487381,1.219582,0.628434,19.1427,0.0113,0.062,0.918
202,F_N+PB,5,3,ARIMA,A_tiempo,576,144,multi-step-direct,-0.0608,1.450812,1.204496,0.472016,28.7131,1.1866,0.9743,1.282
202,F_N+PB,5,5,LinReg,A_tiempo,575,144,multi-step-direct,-28.4754,42.291762,6.503212,5.072865,135.1263,0.2447,1.0,1.508
202,F_N+PB,5,5,DT,A_tiempo,575,144,multi-step-direct,-0.5041,2.158085,1.469042,0.746706,13.1465,0.0087,0.3423,40.782
202,F_N+PB,5,5,RF,A_tiempo,575,144,multi-step-direct,-0.0154,1.45689,1.207017,0.623184,24.6469,0.2456,0.3083,16.499
202,F_N+PB,5,5,SVR_rbf,A_tiempo,575,144,multi-step-direct,-0.045,1.499411,1.224504,0.527266,25.7177,92.1255,0.262,57.845
202,F_N+PB,5,5,MLP,A_tiempo,575,144,multi-step-direct,-0.0328,1.481904,1.217335,0.627323,24.5037,0.0174,0.0718,3.236
202,F_N+PB,5,5,ARIMA,A_tiempo,575,144,multi-step-direct,-0.0611,1.404664,1.185185,0.450526,26.9144,0.9158,0.9743,1.648
202,F_N+MED,5,1,LinReg,A_tiempo,576,144,multi-step-direct,-2.8122,1.794474,1.33958,1.035684,18.6591,0.2673,1.0,0.457
202,F_N+MED,5,1,DT,A_tiempo,576,144,multi-step-direct,-0.2443,0.5857,0.76531,0.576783,11.5096,0.0071,0.6421,8.875
202,F_N+MED,5,1,RF,A_tiempo,576,144,multi-step-direct,0.1562,0.397212,0.630247,0.460419,12.3053,0.1749,0.6893,4.128
202,F_N+MED,5,1,SVR_rbf,A_tiempo,576,144,multi-step-direct,0.0312,0.456039,0.675307,0.473645,11.7349,17.0593,0.5567,9.822
202,F_N+MED,5,1,MLP,A_tiempo,576,144,multi-step-direct,0.002,0.469761,0.685391,0.521764,12.2151,0.007,0.2527,0.49
202,F_N+MED,5,1,ARIMA,A_tiempo,576,144,multi-step-direct,-0.006,0.391229,0.625483,0.412749,11.8677,1.9203,0.9707,0.691
202,F_N+MED,5,3,LinReg,A_tiempo,576,144,multi-step-direct,-4.678,2.69925,1.642939,1.284905,24.3514,0.2258,1.0,2.87
202,F_N+MED,5,3,DT,A_tiempo,576,144,multi-step-direct,-0.1307,0.537498,0.733143,0.544744,10.9815,0.0067,0.4849,24.138
202,F_N+MED,5,3,RF,A_tiempo,576,144,multi-step-direct,0.1014,0.427191,0.653598,0.482658,10.8553,0.1659,0.5131,10.947
202,F_N+MED,5,3,SVR_rbf,A_tiempo,576,144,multi-step-direct,0.0209,0.465448,0.682237,0.485485,10.0539,55.4769,0.4524,32.504
202,F_N+MED,5,3,MLP,A_tiempo,576,144,multi-step-direct,-0.0511,0.49967,0.706873,0.548708,11.9567,0.0115,0.158,2.867
202,F_N+MED,5,3,ARIMA,A_tiempo,576,144,multi-step-direct,-0.0627,0.275114,0.524513,0.408726,12.3088,1.1966,0.9707,1.292
202,F_N+MED,5,5,LinReg,A_tiempo,575,144,multi-step-direct,-5.6989,3.185371,1.784761,1.390554,27.8306,0.222,1.0,1.606
202,F_N+MED,5,5,DT,A_tiempo,575,144,multi-step-direct,-0.2348,0.58713,0.766244,0.541892,10.5999,0.0081,0.4629,42.42
202,F_N+MED,5,5,RF,A_tiempo,575,144,multi-step-direct,0.0724,0.441054,0.664119,0.498056,11.2791,0.1803,0.4605,16.528
202,F_N+MED,5,5,SVR_rbf,A_tiempo,575,144,multi-step-direct,0.0084,0.47152,0.686673,0.492508,10.7698,101.7892,0.4143,52.148
202,F_N+MED,5,5,MLP,A_tiempo,575,144,multi-step-direct,-0.0851,0.515957,0.718302,0.560641,12.6967,0.016,0.0343,0.752
202,F_N+MED,5,5,ARIMA,A_tiempo,575,144,multi-step-direct,-0.1195,0.292057,0.540423,0.438107,11.8695,0.3102,0.9707,0.558
202,F_N+PB+MED,5,1,LinReg,A_tiempo,576,144,multi-step-direct,-2.8665,3.16809,1.779913,1.402759,25.1341,0.208,1.0,0.568
202,F_N+PB+MED,5,1,DT,A_tiempo,576,144,multi-step-direct,-0.6887,1.38368,1.176299,0.81798,13.4356,0.0051,0.7256,9.214
202,F_N+PB+MED,5,1,RF,A_tiempo,576,144,multi-step-direct,-0.032,0.84562,0.919576,0.659782,18.2161,0.1648,0.7192,2.664
202,F_N+PB+MED,5,1,SVR_rbf,A_tiempo,576,144,multi-step-direct,-0.1114,0.910661,0.954286,0.628795,18.2006,22.9728,0.573,12.039
202,F_N+PB+MED,5,1,MLP,A_tiempo,576,144,multi-step-direct,-0.2062,0.988338,0.994152,0.720167,16.3667,0.0066,0.4244,1.123
202,F_N+PB+MED,5,1,ARIMA,A_tiempo,576,144,multi-step-direct,-0.0332,0.921419,0.959906,0.597424,18.2129,0.8109,0.9629,0.292
202,F_N+PB+MED,5,3,LinReg,A_tiempo,576,144,multi-step-direct,-3.781,3.916792,1.979089,1.559482,28.8959,0.1311,1.0,0.933
202,F_N+PB+MED,5,3,DT,A_tiempo,576,144,multi-step-direct,-0.5626,1.280164,1.131443,0.790837,12.323,0.0098,0.5403,24.394
202,F_N+PB+MED,5,3,RF,A_tiempo,576,144,multi-step-direct,-0.0501,0.860252,0.927498,0.665707,16.2815,0.177,0.6083,7.72
202,F_N+PB+MED,5,3,SVR_rbf,A_tiempo,576,144,multi-step-direct,-0.0991,0.900383,0.948885,0.621626,16.1774,67.3644,0.4951,33.417
202,F_N+PB+MED,5,3,MLP,A_tiempo,576,144,multi-step-direct,-0.0761,0.881608,0.93894,0.670642,15.8978,0.0126,0.2169,1.182
202,F_N+PB+MED,5,3,ARIMA,A_tiempo,576,144,multi-step-direct,-0.0819,0.640458,0.800286,0.504041,19.3806,0.287,0.9629,0.31
202,F_N+PB+MED,5,5,LinReg,A_tiempo,575,144,multi-step-direct,-4.058,4.153007,2.037893,1.604804,30.4725,0.2174,1.0,1.952
202,F_N+PB+MED,5,5,DT,A_tiempo,575,144,multi-step-direct,-0.4255,1.170439,1.081868,0.772231,12.6772,0.0106,0.4875,40.597
202,F_N+PB+MED,5,5,RF,A_tiempo,575,144,multi-step-direct,-0.0478,0.860295,0.927521,0.667888,17.2858,0.2437,0.5626,14.706
202,F_N+PB+MED,5,5,SVR_rbf,A_tiempo,575,144,multi-step-direct,-0.0979,0.901489,0.949468,0.622203,16.897,100.7364,0.4714,54.241
202,F_N+PB+MED,5,5,MLP,A_tiempo,575,144,multi-step-direct,-0.0699,0.878432,0.937247,0.66878,16.7422,0.1673,0.1829,2.477
202,F_N+PB+MED,5,5,ARIMA,A_tiempo,575,144,multi-step-direct,-0.0928,0.650626,0.806614,0.484272,17.0497,0.5117,0.9629,0.921
203,F_SIN,5,1,LinReg,A_tiempo,576,144,multi-step-direct,-2.0122,2.991485,1.729591,1.298826,22.9074,0.2463,1.0,0.785
203,F_SIN,5,1,DT,A_tiempo,576,144,multi-step-direct,-0.0608,1.053513,1.026408,0.680607,16.213,0.0075,0.3108,5.839
203,F_SIN,5,1,RF,A_tiempo,576,144,multi-step-direct,0.1124,0.881503,0.938884,0.625576,17.9045,0.1707,0.3389,2.549
203,F_SIN,5,1,SVR_rbf,A_tiempo,576,144,multi-step-direct,0.0482,0.945259,0.972244,0.644911,17.6609,20.3017,0.4327,11.875
203,F_SIN,5,1,MLP,A_tiempo,576,144,multi-step-direct,-0.0172,1.010186,1.00508,0.693714,18.9292,0.0073,0.0102,0.477
203,F_SIN,5,1,ARIMA,A_tiempo,576,144,multi-step-direct,-0.1741,0.849805,0.921849,0.561197,16.908,1.7064,0.9667,0.614
203,F_SIN,5,3,LinReg,A_tiempo,576,144,multi-step-direct,-2.0867,3.139461,1.771852,1.343595,22.8317,0.1307,1.0,0.935
203,F_SIN,5,3,DT,A_tiempo,576,144,multi-step-direct,-0.2602,1.281774,1.132154,0.748267,18.996,0.0073,0.1456,15.241
203,F_SIN,5,3,RF,A_tiempo,576,144,multi-step-direct,0.0301,0.986508,0.993231,0.674207,20.8244,0.1771,0.1834,8.04
203,F_SIN,5,3,SVR_rbf,A_tiempo,576,144,multi-step-direct,-0.0049,1.022114,1.010997,0.68491,19.6223,54.8596,0.4227,33.175
203,F_SIN,5,3,MLP,A_tiempo,576,144,multi-step-direct,-0.0134,1.030774,1.01527,0.696409,20.48,0.0117,0.0087,0.746
203,F_SIN,5,3,ARIMA,A_tiempo,576,144,multi-step-direct,-0.0346,0.48885,0.699178,0.500867,15.4411,0.6044,0.9667,0.653
203,F_SIN,5,5,LinReg,A_tiempo,575,144,multi-step-direct,-2.1042,3.188173,1.785546,1.358209,23.59,0.4272,1.0,3.018
203,F_SIN,5,5,DT,A_tiempo,575,144,multi-step-direct,-0.1756,1.20735,1.098795,0.730581,23.1262,0.0089,0.1108,25.023
203,F_SIN,5,5,RF,A_tiempo,575,144,multi-step-direct,0.0149,1.011782,1.005874,0.683384,23.543,0.2453,0.1499,13.167
203,F_SIN,5,5,SVR_rbf,A_tiempo,575,144,multi-step-direct,-0.0144,1.041857,1.020714,0.690432,22.3289,94.8332,0.4162,52.911
203,F_SIN,5,5,MLP,A_tiempo,575,144,multi-step-direct,-0.0091,1.036399,1.018037,0.693947,23.3694,0.0648,0.0087,3.171
203,F_SIN,5,5,ARIMA,A_tiempo,575,144,multi-step-direct,-0.2466,0.873947,0.934851,0.75014,21.3719,0.4317,0.9667,0.777
203,F_N,5,1,LinReg,A_tiempo,576,144,multi-step-direct,-2.0354,3.015136,1.736415,1.300694,23.025,0.2491,1.0,0.498
203,F_N,5,1,DT,A_tiempo,576,144,multi-step-direct,-0.0894,1.082092,1.040237,0.686327,15.7123,0.0067,0.3537,8.399
203,F_N,5,1,RF,A_tiempo,576,144,multi-step-direct,0.1104,0.883624,0.940013,0.625836,17.8696,0.1663,0.3489,5.432
203,F_N,5,1,SVR_rbf,A_tiempo,576,144,multi-step-direct,0.0483,0.945351,0.972292,0.644863,17.6979,16.9976,0.4326,9.327
203,F_N,5,1,MLP,A_tiempo,576,144,multi-step-direct,-0.0169,1.010112,1.005043,0.693565,18.9492,0.0064,0.0125,0.468
203,F_N,5,1,ARIMA,A_tiempo,576,144,multi-step-direct,-0.1716,0.847883,0.920805,0.560258,16.9685,3.0648,0.9694,1.103
203,F_N,5,3,LinReg,A_tiempo,576,144,multi-step-direct,-2.1228,3.176902,1.782387,1.349668,23.1234,0.3289,1.0,2.688
203,F_N,5,3,DT,A_tiempo,576,144,multi-step-direct,-0.307,1.329687,1.153121,0.758575,19.7482,0.007,0.134,25.09
203,F_N,5,3,RF,A_tiempo,576,144,multi-step-direct,0.0311,0.985721,0.992835,0.673596,20.883,0.1692,0.1908,11.681
203,F_N,5,3,SVR_rbf,A_tiempo,576,144,multi-step-direct,-0.0048,1.022257,1.011067,0.684861,19.5853,53.2737,0.4225,32.575
203,F_N,5,3,MLP,A_tiempo,576,144,multi-step-direct,-0.0134,1.031008,1.015386,0.696399,20.4614,0.0139,0.0086,3.19
203,F_N,5,3,ARIMA,A_tiempo,576,144,multi-step-direct,-0.0361,0.489492,0.699637,0.502205,15.442,1.7021,0.9694,1.838
203,F_N,5,5,LinReg,A_tiempo,575,144,multi-step-direct,-2.1327,3.218175,1.793927,1.362477,23.788,0.2788,1.0,1.803
203,F_N,5,5,DT,A_tiempo,575,144,multi-step-direct,-0.1096,1.13989,1.067656,0.717737,23.4351,0.0082,0.101,44.984
203,F_N,5,5,RF,A_tiempo,575,144,multi-step-direct,0.0137,1.013218,1.006587,0.682221,23.697,0.1687,0.1494,17.68
203,F_N,5,5,SVR_rbf,A_tiempo,575,144,multi-step-direct,-0.0143,1.041988,1.020778,0.690358,22.3322,98.2878,0.416,54.076
203,F_N,5,5,MLP,A_tiempo,575,144,multi-step-direct,-0.0091,1.036625,1.018148,0.693922,23.3538,0.0165,0.0086,1.322
203,F_N,5,5,ARIMA,A_tiempo,575,144,multi-step-direct,-0.2501,0.876442,0.936185,0.751988,21.3978,0.43,0.9694,0.774
203,F_PB,5,1,LinReg,A_tiempo,576,144,multi-step-direct,-17.6307,16.362295,4.045033,2.914278,84.5357,0.2511,1.0,0.486
203,F_PB,5,1,DT,A_tiempo,576,144,multi-step-direct,-0.1233,0.986505,0.99323,0.565059,15.6902,0.0064,0.221,9.043
203,F_PB,5,1,RF,A_tiempo,576,144,multi-step-direct,0.0294,0.852419,0.923265,0.530343,18.6264,0.1663,0.2263,4.562
203,F_PB,5,1,SVR_rbf,A_tiempo,576,144,multi-step-direct,-0.0239,0.899246,0.948286,0.539887,18.6366,16.9284,0.3677,9.722
203,F_PB,5,1,MLP,A_tiempo,576,144,multi-step-direct,-0.0239,0.899263,0.948295,0.551031,18.5692,0.0068,0.0057,0.453
203,F_PB,5,1,ARIMA,A_tiempo,576,144,multi-step-direct,-0.6147,1.576029,1.2554,0.802597,20.2346,2.4813,0.9822,0.893
203,F_PB,5,3,LinReg,A_tiempo,576,144,multi-step-direct,-17.9997,17.346971,4.16497,3.05817,70.715,0.287,1.0,2.33
203,F_PB,5,3,DT,A_tiempo,576,144,multi-step-direct,-0.1241,1.026302,1.013066,0.583294,20.2845,0.0073,0.1345,24.255
203,F_PB,5,3,RF,A_tiempo,576,144,multi-step-direct,0.0023,0.910875,0.954398,0.550876,22.1831,0.1741,0.1143,11.604
203,F_PB,5,3,SVR_rbf,A_tiempo,576,144,multi-step-direct,-0.0341,0.94413,0.971663,0.558392,21.5056,54.6182,0.3661,32.836
203,F_PB,5,3,MLP,A_tiempo,576,144,multi-step-direct,-0.0151,0.92683,0.96272,0.561892,21.7511,0.1565,0.0087,3.349
203,F_PB,5,3,ARIMA,A_tiempo,576,144,multi-step-direct,-1.0186,0.974021,0.986925,0.717265,17.546,0.9832,0.9822,1.062
203,F_PB,5,5,LinReg,A_tiempo,575,144,multi-step-direct,-19.1903,18.282679,4.275825,3.132737,87.8904,0.2152,1.0,1.533
203,F_PB,5,5,DT,A_tiempo,575,144,multi-step-direct,-0.1063,1.001757,1.000878,0.577695,19.1442,0.0081,0.0977,43.187
203,F_PB,5,5,RF,A_tiempo,575,144,multi-step-direct,-0.0042,0.909361,0.953604,0.550135,20.9135,0.1692,0.0801,17.71
203,F_PB,5,5,SVR_rbf,A_tiempo,575,144,multi-step-direct,-0.0365,0.938595,0.968811,0.557069,20.0055,93.8124,0.3673,53.744
203,F_PB,5,5,MLP,A_tiempo,575,144,multi-step-direct,-0.0133,0.917576,0.957902,0.5577,20.4335,0.0301,0.0085,4.193
203,F_PB,5,5,ARIMA,A_tiempo,575,144,multi-step-direct,-0.8175,1.151099,1.072893,0.744312,20.3381,1.0494,0.9822,1.889
203,F_MED,5,1,LinReg,A_tiempo,576,144,multi-step-direct,-2.1456,3.565358,1.888216,1.416196,27.4925,0.2237,1.0,0.497
203,F_MED,5,1,DT,A_tiempo,576,144,multi-step-direct,-0.1956,1.355164,1.164115,0.772595,17.6245,0.0053,0.4276,5.482
203,F_MED,5,1,RF,A_tiempo,576,144,multi-step-direct,0.1775,0.932281,0.965547,0.674832,17.2298,0.1709,0.4585,2.796
203,F_MED,5,1,SVR_rbf,A_tiempo,576,144,multi-step-direct,0.099,1.021254,1.010571,0.693382,17.801,17.0109,0.4476,11.207
203,F_MED,5,1,MLP,A_tiempo,576,144,multi-step-direct,0.0442,1.083411,1.04087,0.753449,16.3197,0.0066,0.1387,0.53
203,F_MED,5,1,ARIMA,A_tiempo,576,144,multi-step-direct,-0.084,0.251405,0.501403,0.395021,9.5118,0.4613,0.9917,0.166
203,F_MED,5,3,LinReg,A_tiempo,576,144,multi-step-direct,-2.7916,4.409398,2.099857,1.568946,29.4329,0.1288,1.0,0.89
203,F_MED,5,3,DT,A_tiempo,576,144,multi-step-direct,-0.2752,1.482942,1.217761,0.806978,20.0155,0.0069,0.2119,14.477
203,F_MED,5,3,RF,A_tiempo,576,144,multi-step-direct,0.0507,1.103958,1.050694,0.73612,21.4244,0.1867,0.2753,8.223
203,F_MED,5,3,SVR_rbf,A_tiempo,576,144,multi-step-direct,0.0132,1.147646,1.071282,0.751418,20.672,59.4031,0.416,31.734
203,F_MED,5,3,MLP,A_tiempo,576,144,multi-step-direct,0.0056,1.156468,1.075392,0.769828,20.5505,0.0116,0.0873,0.891
203,F_MED,5,3,ARIMA,A_tiempo,576,144,multi-step-direct,-1.4998,0.630854,0.794263,0.700376,17.7861,0.1715,0.9917,0.185
203,F_MED,5,5,LinReg,A_tiempo,575,144,multi-step-direct,-3.0273,4.749548,2.179346,1.626883,32.5782,0.371,1.0,1.92
203,F_MED,5,5,DT,A_tiempo,575,144,multi-step-direct,-0.0438,1.23101,1.109509,0.775565,22.2543,0.0087,0.1851,25.437
203,F_MED,5,5,RF,A_tiempo,575,144,multi-step-direct,0.0268,1.147771,1.071341,0.747692,26.0885,0.1668,0.2171,12.905
203,F_MED,5,5,SVR_rbf,A_tiempo,575,144,multi-step-direct,-0.0014,1.181024,1.086749,0.760829,25.079,101.4099,0.4042,51.596
203,F_MED,5,5,MLP,A_tiempo,575,144,multi-step-direct,-0.0146,1.196599,1.093892,0.769159,24.8089,0.0168,0.0104,0.845
203,F_MED,5,5,ARIMA,A_tiempo,575,144,multi-step-direct,-1.8118,1.519046,1.232496,1.066931,27.7243,0.1167,0.9917,0.21
203,F_N+PB,5,1,LinReg,A_tiempo,576,144,multi-step-direct,-23.6519,21.650637,4.653025,3.312725,98.5242,0.3143,1.0,0.613
203,F_N+PB,5,1,DT,A_tiempo,576,144,multi-step-direct,-0.0971,0.96357,0.981616,0.555061,16.052,0.005,0.221,9.604
203,F_N+PB,5,1,RF,A_tiempo,576,144,multi-step-direct,0.0306,0.851335,0.922678,0.530484,18.609,0.1774,0.2259,3.35
203,F_N+PB,5,1,SVR_rbf,A_tiempo,576,144,multi-step-direct,-0.0239,0.899249,0.948287,0.539886,18.6371,17.9493,0.3677,11.828
203,F_N+PB,5,1,MLP,A_tiempo,576,144,multi-step-direct,-0.0238,0.899189,0.948256,0.550952,18.5763,0.0071,0.0058,0.514
203,F_N+PB,5,1,ARIMA,A_tiempo,576,144,multi-step-direct,-0.5971,1.55878,1.248511,0.79537,20.2321,2.7855,0.9823,1.003
203,F_N+PB,5,3,LinReg,A_tiempo,576,144,multi-step-direct,-22.7381,21.673173,4.655446,3.391321,83.7915,0.1428,1.0,0.887
203,F_N+PB,5,3,DT,A_tiempo,576,144,multi-step-direct,-0.1084,1.01195,1.005957,0.578725,20.6671,0.0068,0.1345,25.553
203,F_N+PB,5,3,RF,A_tiempo,576,144,multi-step-direct,0.0021,0.91112,0.954526,0.551182,22.1188,0.1768,0.1143,9.685
203,F_N+PB,5,3,SVR_rbf,A_tiempo,576,144,multi-step-direct,-0.0341,0.944129,0.971663,0.558388,21.506,57.2901,0.3661,34.236
203,F_N+PB,5,3,MLP,A_tiempo,576,144,multi-step-direct,-0.0151,0.926804,0.962707,0.561864,21.7792,0.0113,0.0067,0.695
203,F_N+PB,5,3,ARIMA,A_tiempo,576,144,multi-step-direct,-0.9854,0.95796,0.978754,0.707817,17.5198,0.9345,0.9823,1.009
203,F_N+PB,5,5,LinReg,A_tiempo,575,144,multi-step-direct,-24.5248,23.113345,4.807634,3.502214,100.5126,0.403,1.0,1.686
203,F_N+PB,5,5,DT,A_tiempo,575,144,multi-step-direct,-0.1063,1.001764,1.000882,0.577697,19.1442,0.0079,0.0977,43.705
203,F_N+PB,5,5,RF,A_tiempo,575,144,multi-step-direct,-0.0033,0.908526,0.953166,0.550147,20.9084,0.1776,0.0801,18.234
203,F_N+PB,5,5,SVR_rbf,A_tiempo,575,144,multi-step-direct,-0.0365,0.9386,0.968814,0.557069,20.0054,100.2985,0.3673,56.221
203,F_N+PB,5,5,MLP,A_tiempo,575,144,multi-step-direct,-0.0133,0.917597,0.957913,0.557715,20.4355,0.0281,0.0085,0.957
203,F_N+PB,5,5,ARIMA,A_tiempo,575,144,multi-step-direct,-0.7942,1.136365,1.066004,0.736122,20.2952,0.6393,0.9823,1.151
203,F_N+MED,5,1,LinReg,A_tiempo,576,144,multi-step-direct,-2.3913,3.840743,1.959781,1.455609,28.7851,0.245,1.0,0.475
203,F_N+MED,5,1,DT,A_tiempo,576,144,multi-step-direct,-0.1507,1.303211,1.141583,0.755378,17.1298,0.0059,0.4595,9.721
203,F_N+MED,5,1,RF,A_tiempo,576,144,multi-step-direct,0.1741,0.935324,0.967121,0.676095,17.2416,0.1713,0.4613,3.24
203,F_N+MED,5,1,SVR_rbf,A_tiempo,576,144,multi-step-direct,0.0993,1.020078,1.009989,0.693201,17.8331,26.5894,0.4474,11.545
203,F_N+MED,5,1,MLP,A_tiempo,576,144,multi-step-direct,0.0426,1.084324,1.041309,0.752084,16.5037,0.0068,0.1629,0.584
203,F_N+MED,5,1,ARIMA,A_tiempo,576,144,multi-step-direct,-0.1621,0.264692,0.514482,0.406594,9.6466,0.7411,0.992,0.267
203,F_N+MED,5,3,LinReg,A_tiempo,576,144,multi-step-direct,-2.9243,4.55998,2.135411,1.591343,29.9505,0.1309,1.0,0.919
203,F_N+MED,5,3,DT,A_tiempo,576,144,multi-step-direct,-0.0261,1.192267,1.09191,0.758771,22.5527,0.0087,0.2201,25.986
203,F_N+MED,5,3,RF,A_tiempo,576,144,multi-step-direct,0.0428,1.112194,1.054606,0.738606,21.517,0.1699,0.272,9.118
203,F_N+MED,5,3,SVR_rbf,A_tiempo,576,144,multi-step-direct,0.0133,1.146513,1.070754,0.751294,20.6651,67.8533,0.416,31.696
203,F_N+MED,5,3,MLP,A_tiempo,576,144,multi-step-direct,-0.0043,1.166946,1.080253,0.768588,20.8944,0.0115,0.0623,0.8
203,F_N+MED,5,3,ARIMA,A_tiempo,576,144,multi-step-direct,-1.7623,0.691183,0.831374,0.735517,18.5592,0.2678,0.992,0.289
203,F_N+MED,5,5,LinReg,A_tiempo,575,144,multi-step-direct,-3.1479,4.887975,2.210877,1.655361,32.4459,0.2161,1.0,1.957
203,F_N+MED,5,5,DT,A_tiempo,575,144,multi-step-direct,-0.158,1.364569,1.168148,0.797786,26.0675,0.0077,0.185,43.899
203,F_N+MED,5,5,RF,A_tiempo,575,144,multi-step-direct,0.0233,1.151004,1.072848,0.74919,26.0315,0.1693,0.2136,17.572
203,F_N+MED,5,5,SVR_rbf,A_tiempo,575,144,multi-step-direct,-0.0012,1.179808,1.08619,0.76069,25.0546,99.8758,0.4043,52.267
203,F_N+MED,5,5,MLP,A_tiempo,575,144,multi-step-direct,-0.0143,1.195301,1.093298,0.768801,24.8336,0.0159,0.0105,1.028
203,F_N+MED,5,5,ARIMA,A_tiempo,575,144,multi-step-direct,-1.989,1.616243,1.271316,1.105582,28.5606,0.3177,0.992,0.572
203,F_N+PB+MED,5,1,LinReg,A_tiempo,576,144,multi-step-direct,-3.8254,4.755929,2.180809,1.612581,35.553,0.2498,1.0,0.445
203,F_N+PB+MED,5,1,DT,A_tiempo,576,144,multi-step-direct,-0.1703,1.153486,1.074005,0.607613,18.5834,0.0137,0.2679,9.176
203,F_N+PB+MED,5,1,RF,A_tiempo,576,144,multi-step-direct,0.0534,0.932953,0.965895,0.585168,17.5073,0.1702,0.2874,4.577
203,F_N+PB+MED,5,1,SVR_rbf,A_tiempo,576,144,multi-step-direct,-0.0088,0.994314,0.997153,0.603351,18.2398,16.8248,0.3684,9.623
203,F_N+PB+MED,5,1,MLP,A_tiempo,576,144,multi-step-direct,-0.0298,1.015,1.007472,0.605131,18.3853,0.0193,0.0221,0.484
203,F_N+PB+MED,5,1,ARIMA,A_tiempo,576,144,multi-step-direct,-0.0047,0.418321,0.646778,0.533133,12.2684,0.9477,0.9839,0.341
203,F_N+PB+MED,5,3,LinReg,A_tiempo,576,144,multi-step-direct,-3.7281,4.895392,2.212553,1.653037,34.174,0.3061,1.0,2.929
203,F_N+PB+MED,5,3,DT,A_tiempo,576,144,multi-step-direct,-0.2271,1.270505,1.127167,0.650747,23.277,0.0064,0.1444,24.669
203,F_N+PB+MED,5,3,RF,A_tiempo,576,144,multi-step-direct,0.0046,1.030654,1.015211,0.608497,23.3031,0.1669,0.1597,11.628
203,F_N+PB+MED,5,3,SVR_rbf,A_tiempo,576,144,multi-step-direct,-0.0288,1.065167,1.032069,0.62981,23.1187,57.0948,0.3578,32.579
203,F_N+PB+MED,5,3,MLP,A_tiempo,576,144,multi-step-direct,-0.023,1.059244,1.029196,0.617589,23.6037,0.0259,0.0088,2.824
203,F_N+PB+MED,5,3,ARIMA,A_tiempo,576,144,multi-step-direct,-0.0,0.243088,0.493039,0.356296,10.8494,0.5445,0.9839,0.588
203,F_N+PB+MED,5,5,LinReg,A_tiempo,575,144,multi-step-direct,-3.7777,4.888854,2.211075,1.667719,35.4203,0.2177,1.0,1.886
203,F_N+PB+MED,5,5,DT,A_tiempo,575,144,multi-step-direct,-0.1859,1.21353,1.101603,0.64131,18.9406,0.0109,0.1094,44.792
203,F_N+PB+MED,5,5,RF,A_tiempo,575,144,multi-step-direct,-0.0077,1.031196,1.015478,0.60832,21.4743,0.169,0.1251,17.579
203,F_N+PB+MED,5,5,SVR_rbf,A_tiempo,575,144,multi-step-direct,-0.0309,1.054914,1.02709,0.626533,21.1447,95.8836,0.3567,53.95
203,F_N+PB+MED,5,5,MLP,A_tiempo,575,144,multi-step-direct,-0.0183,1.041976,1.020772,0.613212,21.491,0.0178,0.0087,1.907
203,F_N+PB+MED,5,5,ARIMA,A_tiempo,575,144,multi-step-direct,-0.0002,0.381028,0.617274,0.407829,13.6052,0.2224,0.9839,0.4
205,F_SIN,5,1,LinReg,A_tiempo,576,144,multi-step-direct,-7.2601,8.58521,2.930053,2.124263,48.206,0.0888,1.0,0.515
205,F_SIN,5,1,DT,A_tiempo,576,144,multi-step-direct,-0.2767,1.326995,1.151953,0.556543,15.3328,0.0058,0.4355,4.509
205,F_SIN,5,1,RF,A_tiempo,576,144,multi-step-direct,0.0226,1.015889,1.007913,0.478929,17.6827,0.1655,0.4856,1.985
205,F_SIN,5,1,SVR_rbf,A_tiempo,576,144,multi-step-direct,-0.0086,1.048293,1.023862,0.449383,17.9729,16.7376,0.3024,12.388
205,F_SIN,5,1,MLP,A_tiempo,576,144,multi-step-direct,-0.0067,1.046272,1.022874,0.492842,18.0883,0.0066,0.1188,0.603
205,F_SIN,5,1,ARIMA,A_tiempo,576,144,multi-step-direct,-0.0067,0.582124,0.762971,0.313478,14.4613,1.5395,0.8634,0.554
205,F_SIN,5,3,LinReg,A_tiempo,576,144,multi-step-direct,-7.05,8.961307,2.993544,2.190369,51.1444,0.128,1.0,0.984
205,F_SIN,5,3,DT,A_tiempo,576,144,multi-step-direct,-0.2507,1.39229,1.179953,0.59522,16.787,0.0095,0.2802,13.365
205,F_SIN,5,3,RF,A_tiempo,576,144,multi-step-direct,0.0068,1.105691,1.051518,0.501193,20.4424,0.1715,0.3449,5.417
205,F_SIN,5,3,SVR_rbf,A_tiempo,576,144,multi-step-direct,-0.0004,1.113668,1.055305,0.473214,20.0929,55.2429,0.2767,36.655
205,F_SIN,5,3,MLP,A_tiempo,576,144,multi-step-direct,-0.0155,1.130485,1.063242,0.512291,20.0141,0.0114,0.1215,1.027
205,F_SIN,5,3,ARIMA,A_tiempo,576,144,multi-step-direct,-0.0032,0.748427,0.865116,0.371608,19.2119,0.5113,0.8634,0.552
205,F_SIN,5,5,LinReg,A_tiempo,575,144,multi-step-direct,-7.4178,9.430387,3.070894,2.244625,53.3735,0.419,1.0,2.905
205,F_SIN,5,5,DT,A_tiempo,575,144,multi-step-direct,-0.1796,1.32149,1.149561,0.563538,12.8048,0.008,0.199,20.609
205,F_SIN,5,5,RF,A_tiempo,575,144,multi-step-direct,0.0046,1.115111,1.055988,0.501896,15.816,0.2449,0.2574,9.272
205,F_SIN,5,5,SVR_rbf,A_tiempo,575,144,multi-step-direct,-0.0064,1.127433,1.061806,0.483481,15.3352,100.9039,0.2598,57.656
205,F_SIN,5,5,MLP,A_tiempo,575,144,multi-step-direct,-0.0106,1.132142,1.064022,0.504636,16.1378,0.0178,0.0454,1.017
205,F_SIN,5,5,ARIMA,A_tiempo,575,144,multi-step-direct,-0.0085,0.775301,0.880512,0.369088,20.1528,0.5371,0.8634,0.967
205,F_N,5,1,LinReg,A_tiempo,576,144,multi-step-direct,-7.3765,8.706303,2.950644,2.143727,48.4661,0.2891,1.0,1.645
205,F_N,5,1,DT,A_tiempo,576,144,multi-step-direct,-0.3194,1.371382,1.17106,0.569392,14.4663,0.0057,0.4399,8.257
205,F_N,5,1,RF,A_tiempo,576,144,multi-step-direct,0.0235,1.014986,1.007465,0.477078,17.8303,0.1682,0.4877,3.409
205,F_N,5,1,SVR_rbf,A_tiempo,576,144,multi-step-direct,-0.0086,1.048261,1.023846,0.449426,17.9756,16.734,0.3025,11.793
205,F_N,5,1,MLP,A_tiempo,576,144,multi-step-direct,-0.0063,1.045912,1.022698,0.492511,18.1201,0.0075,0.1188,0.634
205,F_N,5,1,ARIMA,A_tiempo,576,144,multi-step-direct,-0.0086,0.583155,0.763646,0.311548,14.4804,1.5954,0.8637,0.574
205,F_N,5,3,LinReg,A_tiempo,576,144,multi-step-direct,-7.1852,9.112072,3.018621,2.209284,51.5137,0.1299,1.0,0.918
205,F_N,5,3,DT,A_tiempo,576,144,multi-step-direct,-0.3054,1.453261,1.205513,0.607952,16.1489,0.007,0.2705,24.933
205,F_N,5,3,RF,A_tiempo,576,144,multi-step-direct,0.0061,1.106446,1.051878,0.501517,20.1682,0.172,0.347,9.338
205,F_N,5,3,SVR_rbf,A_tiempo,576,144,multi-step-direct,-0.0004,1.113654,1.055298,0.473257,20.0836,50.1545,0.2768,35.8
205,F_N,5,3,MLP,A_tiempo,576,144,multi-step-direct,-0.0156,1.130557,1.063276,0.512267,20.0082,0.0113,0.1215,1.057
205,F_N,5,3,ARIMA,A_tiempo,576,144,multi-step-direct,-0.0044,0.749245,0.865589,0.369125,19.2326,0.5299,0.8637,0.572
205,F_N,5,5,LinReg,A_tiempo,575,144,multi-step-direct,-7.5508,9.579639,3.095099,2.263676,53.4233,0.2861,1.0,4.37
205,F_N,5,5,DT,A_tiempo,575,144,multi-step-direct,-0.2839,1.438382,1.199325,0.598277,11.8774,0.0093,0.1808,39.98
205,F_N,5,5,RF,A_tiempo,575,144,multi-step-direct,0.0056,1.114102,1.05551,0.503113,15.705,0.1876,0.2658,16.451
205,F_N,5,5,SVR_rbf,A_tiempo,575,144,multi-step-direct,-0.0063,1.127429,1.061804,0.483532,15.3292,100.6905,0.2599,58.834
205,F_N,5,5,MLP,A_tiempo,575,144,multi-step-direct,-0.0106,1.13216,1.06403,0.504644,16.1365,0.0172,0.0454,1.054
205,F_N,5,5,ARIMA,A_tiempo,575,144,multi-step-direct,-0.0104,0.776639,0.881271,0.367228,20.1717,0.3341,0.8637,0.601
205,F_PB,5,1,LinReg,A_tiempo,576,144,multi-step-direct,-51.1259,58.336311,7.637821,5.557118,157.9305,0.2029,1.0,0.473
205,F_PB,5,1,DT,A_tiempo,576,144,multi-step-direct,-0.3279,1.486153,1.219079,0.564787,15.1044,0.0055,0.402,9.625
205,F_PB,5,1,RF,A_tiempo,576,144,multi-step-direct,0.0078,1.110437,1.053773,0.487958,18.656,0.1692,0.5355,3.022
205,F_PB,5,1,SVR_rbf,A_tiempo,576,144,multi-step-direct,-0.0228,1.144638,1.069877,0.423579,20.3801,18.7521,0.2133,12.677
205,F_PB,5,1,MLP,A_tiempo,576,144,multi-step-direct,-0.0188,1.140165,1.067785,0.497895,19.5926,0.007,0.0164,0.426
205,F_PB,5,1,ARIMA,A_tiempo,576,144,multi-step-direct,-0.0056,0.650571,0.80658,0.376932,15.1891,2.696,0.9059,0.971
205,F_PB,5,3,LinReg,A_tiempo,576,144,multi-step-direct,-47.9348,58.986616,7.680274,5.649274,163.125,0.1278,1.0,0.957
205,F_PB,5,3,DT,A_tiempo,576,144,multi-step-direct,-0.0714,1.291475,1.136431,0.535233,19.2926,0.0089,0.1974,25.679
205,F_PB,5,3,RF,A_tiempo,576,144,multi-step-direct,-0.0074,1.214297,1.101952,0.513035,20.7579,0.1686,0.3178,8.509
205,F_PB,5,3,SVR_rbf,A_tiempo,576,144,multi-step-direct,-0.0179,1.227019,1.107709,0.448294,21.479,55.2773,0.1806,38.028
205,F_PB,5,3,MLP,A_tiempo,576,144,multi-step-direct,-0.0114,1.219122,1.104139,0.511867,21.5122,0.0122,0.0085,0.577
205,F_PB,5,3,ARIMA,A_tiempo,576,144,multi-step-direct,0.0001,0.834325,0.913414,0.415555,20.3788,0.9565,0.9059,1.033
205,F_PB,5,5,LinReg,A_tiempo,575,144,multi-step-direct,-48.6838,60.217204,7.759975,5.746244,165.6618,0.4184,1.0,2.193
205,F_PB,5,5,DT,A_tiempo,575,144,multi-step-direct,-0.1874,1.43914,1.199642,0.556333,17.1678,0.0103,0.1689,43.112
205,F_PB,5,5,RF,A_tiempo,575,144,multi-step-direct,-0.0076,1.221202,1.10508,0.51275,16.5269,0.2518,0.2051,17.307
205,F_PB,5,5,SVR_rbf,A_tiempo,575,144,multi-step-direct,-0.0209,1.237397,1.112384,0.454181,16.8351,100.1644,0.1629,59.833
205,F_PB,5,5,MLP,A_tiempo,575,144,multi-step-direct,-0.0103,1.224546,1.106592,0.511606,16.4895,0.0163,0.0136,0.864
205,F_PB,5,5,ARIMA,A_tiempo,575,144,multi-step-direct,0.0,0.857066,0.925779,0.421665,21.2321,0.6041,0.9059,1.087
205,F_MED,5,1,LinReg,A_tiempo,576,144,multi-step-direct,-6.2843,10.07459,3.174049,1.37494,48.7146,0.21,1.0,2.021
205,F_MED,5,1,DT,A_tiempo,576,144,multi-step-direct,-0.1849,1.638835,1.28017,0.608121,19.6662,0.0055,0.8369,4.284
205,F_MED,5,1,RF,A_tiempo,576,144,multi-step-direct,0.1039,1.239351,1.113261,0.520244,21.9978,0.1655,0.7514,1.873
205,F_MED,5,1,SVR_rbf,A_tiempo,576,144,multi-step-direct,0.131,1.201866,1.096296,0.505427,21.7011,29.0687,0.5652,11.666
205,F_MED,5,1,MLP,A_tiempo,576,144,multi-step-direct,-0.0433,1.442996,1.201248,0.606923,17.9455,0.0073,0.5512,0.945
205,F_MED,5,1,ARIMA,A_tiempo,576,144,multi-step-direct,-0.0403,0.185596,0.430809,0.342563,8.0574,1.4862,0.9791,0.535
205,F_MED,5,3,LinReg,A_tiempo,576,144,multi-step-direct,-6.5044,12.538461,3.540969,1.630629,57.6187,0.1396,1.0,0.929
205,F_MED,5,3,DT,A_tiempo,576,144,multi-step-direct,-0.7432,2.912505,1.706606,0.825801,23.8724,0.0089,0.644,11.495
205,F_MED,5,3,RF,A_tiempo,576,144,multi-step-direct,0.048,1.590528,1.261161,0.605071,24.0632,0.1691,0.6398,4.982
205,F_MED,5,3,SVR_rbf,A_tiempo,576,144,multi-step-direct,0.061,1.568806,1.25252,0.597028,23.7523,52.261,0.475,30.876
205,F_MED,5,3,MLP,A_tiempo,576,144,multi-step-direct,-0.0327,1.725386,1.313539,0.654064,22.4739,0.0205,0.2852,3.9
205,F_MED,5,3,ARIMA,A_tiempo,576,144,multi-step-direct,-0.1701,0.240762,0.490675,0.40469,10.9525,1.0165,0.9791,1.098
205,F_MED,5,5,LinReg,A_tiempo,575,144,multi-step-direct,-6.4209,12.649867,3.556665,1.677341,69.1224,0.22,1.0,1.567
205,F_MED,5,5,DT,A_tiempo,575,144,multi-step-direct,-0.3303,2.267601,1.505855,0.737351,17.731,0.008,0.526,17.358
205,F_MED,5,5,RF,A_tiempo,575,144,multi-step-direct,0.0386,1.638816,1.280162,0.631352,13.8314,0.241,0.5615,10.438
205,F_MED,5,5,SVR_rbf,A_tiempo,575,144,multi-step-direct,0.0381,1.639655,1.28049,0.628993,13.3397,101.3357,0.4142,49.237
205,F_MED,5,5,MLP,A_tiempo,575,144,multi-step-direct,-0.0267,1.750055,1.322896,0.673842,13.1876,0.0159,0.1842,0.961
205,F_MED,5,5,ARIMA,A_tiempo,575,144,multi-step-direct,-0.0826,0.219345,0.468343,0.379629,10.7808,0.3485,0.9791,0.627
205,F_N+PB,5,1,LinReg,A_tiempo,576,144,multi-step-direct,-66.7506,75.824401,8.707721,6.322734,182.4992,0.0877,1.0,0.464
205,F_N+PB,5,1,DT,A_tiempo,576,144,multi-step-direct,-0.4049,1.572338,1.253929,0.582506,14.4127,0.0064,0.4021,9.781
205,F_N+PB,5,1,RF,A_tiempo,576,144,multi-step-direct,0.0039,1.114836,1.055858,0.489581,18.1329,0.168,0.5433,3.032
205,F_N+PB,5,1,SVR_rbf,A_tiempo,576,144,multi-step-direct,-0.0228,1.144662,1.069889,0.423591,20.381,29.8001,0.2134,12.677
205,F_N+PB,5,1,MLP,A_tiempo,576,144,multi-step-direct,-0.0218,1.14362,1.069402,0.498726,19.474,0.0072,0.0282,1.075
205,F_N+PB,5,1,ARIMA,A_tiempo,576,144,multi-step-direct,-0.0055,0.650481,0.806524,0.3767,15.1895,3.1408,0.906,1.131
205,F_N+PB,5,3,LinReg,A_tiempo,576,144,multi-step-direct,-62.7264,76.819476,8.764672,6.450985,185.8794,0.1293,1.0,0.975
205,F_N+PB,5,3,DT,A_tiempo,576,144,multi-step-direct,-0.0561,1.273121,1.128327,0.531004,19.4742,0.0081,0.1974,25.593
205,F_N+PB,5,3,RF,A_tiempo,576,144,multi-step-direct,-0.0064,1.213114,1.101414,0.512638,20.6885,0.1669,0.3205,8.923
205,F_N+PB,5,3,SVR_rbf,A_tiempo,576,144,multi-step-direct,-0.0179,1.227064,1.107729,0.448313,21.479,67.0436,0.1806,36.112
205,F_N+PB,5,3,MLP,A_tiempo,576,144,multi-step-direct,-0.0114,1.219193,1.104171,0.511902,21.5129,0.0115,0.0085,0.63
205,F_N+PB,5,3,ARIMA,A_tiempo,576,144,multi-step-direct,0.0001,0.834296,0.913398,0.415358,20.3798,1.0521,0.906,1.136
205,F_N+PB,5,5,LinReg,A_tiempo,575,144,multi-step-direct,-63.2482,77.872464,8.824538,6.531635,186.3669,0.2299,1.0,1.66
205,F_N+PB,5,5,DT,A_tiempo,575,144,multi-step-direct,-0.1912,1.44378,1.201574,0.561825,14.5111,0.0082,0.1689,43.342
205,F_N+PB,5,5,RF,A_tiempo,575,144,multi-step-direct,-0.0079,1.221588,1.105255,0.513349,16.5678,0.1729,0.2054,17.1
205,F_N+PB,5,5,SVR_rbf,A_tiempo,575,144,multi-step-direct,-0.0209,1.237443,1.112404,0.4542,16.8348,98.9953,0.1629,60.058
205,F_N+PB,5,5,MLP,A_tiempo,575,144,multi-step-direct,-0.0103,1.224588,1.106611,0.511635,16.4894,0.016,0.0136,0.857
205,F_N+PB,5,5,ARIMA,A_tiempo,575,144,multi-step-direct,0.0,0.857033,0.925761,0.421453,21.2328,1.0918,0.906,1.965
205,F_N+MED,5,1,LinReg,A_tiempo,576,144,multi-step-direct,-6.3786,10.20542,3.194592,1.380947,49.2856,0.1353,1.0,0.461
205,F_N+MED,5,1,DT,A_tiempo,576,144,multi-step-direct,-0.5201,2.102478,1.449992,0.646682,19.5258,0.0051,0.8448,9.558
205,F_N+MED,5,1,RF,A_tiempo,576,144,multi-step-direct,0.1038,1.239491,1.113324,0.525712,22.0817,0.1678,0.7396,2.927
205,F_N+MED,5,1,SVR_rbf,A_tiempo,576,144,multi-step-direct,0.1309,1.202117,1.096411,0.505607,21.7162,26.4129,0.5652,11.622
205,F_N+MED,5,1,MLP,A_tiempo,576,144,multi-step-direct,-0.1102,1.535531,1.239165,0.618008,17.0156,0.0077,0.6167,0.822
205,F_N+MED,5,1,ARIMA,A_tiempo,576,144,multi-step-direct,-0.0707,0.190027,0.435921,0.352335,8.204,1.7723,0.9799,0.638
205,F_N+MED,5,3,LinReg,A_tiempo,576,144,multi-step-direct,-6.649,12.780259,3.574949,1.646008,58.1607,0.1323,1.0,0.955
205,F_N+MED,5,3,DT,A_tiempo,576,144,multi-step-direct,-0.5082,2.519889,1.587416,0.778642,20.7276,0.0091,0.6445,24.748
205,F_N+MED,5,3,RF,A_tiempo,576,144,multi-step-direct,0.0476,1.591291,1.261464,0.610235,23.8374,0.1695,0.6401,8.683
205,F_N+MED,5,3,SVR_rbf,A_tiempo,576,144,multi-step-direct,0.061,1.568846,1.252536,0.597007,23.7563,65.4402,0.475,30.877
205,F_N+MED,5,3,MLP,A_tiempo,576,144,multi-step-direct,-0.0319,1.724142,1.313066,0.653676,21.9416,0.0115,0.2879,1.313
205,F_N+MED,5,3,ARIMA,A_tiempo,576,144,multi-step-direct,-0.2231,0.251152,0.50115,0.416504,11.1892,0.603,0.9799,0.651
205,F_N+MED,5,5,LinReg,A_tiempo,575,144,multi-step-direct,-6.7705,13.245831,3.639482,1.71152,69.7389,0.2152,1.0,1.942
205,F_N+MED,5,5,DT,A_tiempo,575,144,multi-step-direct,-0.4325,2.441836,1.562638,0.783957,15.3706,0.0082,0.5317,41.66
205,F_N+MED,5,5,RF,A_tiempo,575,144,multi-step-direct,0.0432,1.631033,1.277119,0.62667,13.8549,0.2456,0.5706,16.046
205,F_N+MED,5,5,SVR_rbf,A_tiempo,575,144,multi-step-direct,0.0381,1.639637,1.280483,0.62898,13.3411,101.1916,0.4143,49.353
205,F_N+MED,5,5,MLP,A_tiempo,575,144,multi-step-direct,-0.0333,1.761337,1.327154,0.672134,13.2472,0.0165,0.2438,1.126
205,F_N+MED,5,5,ARIMA,A_tiempo,575,144,multi-step-direct,-0.1215,0.226704,0.476134,0.388721,10.9698,0.4568,0.9799,0.822
205,F_N+PB+MED,5,1,LinReg,A_tiempo,576,144,multi-step-direct,-3.8767,13.035448,3.610464,1.632795,55.8618,0.0944,1.0,0.436
205,F_N+PB+MED,5,1,DT,A_tiempo,576,144,multi-step-direct,-1.6325,7.036641,2.652667,1.068503,39.9668,0.0056,0.5654,9.949
205,F_N+PB+MED,5,1,RF,A_tiempo,576,144,multi-step-direct,0.0559,2.523594,1.588582,0.639345,31.2446,0.1669,0.5826,3.282
205,F_N+PB+MED,5,1,SVR_rbf,A_tiempo,576,144,multi-step-direct,0.0512,2.536226,1.592553,0.601391,34.2749,25.6545,0.2923,10.856
205,F_N+PB+MED,5,1,MLP,A_tiempo,576,144,multi-step-direct,-0.0507,2.808637,1.675899,0.756028,30.4775,0.008,0.3318,2.164
205,F_N+PB+MED,5,1,ARIMA,A_tiempo,576,144,multi-step-direct,-0.8315,0.707575,0.841175,0.732997,15.9515,1.5807,0.9793,0.569
205,F_N+PB+MED,5,3,LinReg,A_tiempo,576,144,multi-step-direct,-3.5842,15.247983,3.904867,1.762227,48.7749,0.1305,1.0,0.885
205,F_N+PB+MED,5,3,DT,A_tiempo,576,144,multi-step-direct,-0.6727,5.563608,2.35873,0.950222,25.1172,0.0083,0.4437,25.549
205,F_N+PB+MED,5,3,RF,A_tiempo,576,144,multi-step-direct,0.0016,3.32105,1.822375,0.740213,31.9742,0.1672,0.4711,10.027
205,F_N+PB+MED,5,3,SVR_rbf,A_tiempo,576,144,multi-step-direct,0.0229,3.250004,1.802777,0.690868,35.0722,55.3659,0.2836,29.624
205,F_N+PB+MED,5,3,MLP,A_tiempo,576,144,multi-step-direct,-0.1444,3.806595,1.95105,0.838752,28.2922,0.0444,0.3291,4.628
205,F_N+PB+MED,5,3,ARIMA,A_tiempo,576,144,multi-step-direct,-0.6284,0.653993,0.808699,0.710415,18.0173,0.3903,0.9793,0.422
205,F_N+PB+MED,5,5,LinReg,A_tiempo,575,144,multi-step-direct,-3.6365,15.7094,3.963509,1.837954,64.2496,0.3048,1.0,1.893
205,F_N+PB+MED,5,5,DT,A_tiempo,575,144,multi-step-direct,-0.5559,5.271762,2.296032,0.916238,18.2413,0.0081,0.406,44.592
205,F_N+PB+MED,5,5,RF,A_tiempo,575,144,multi-step-direct,-0.019,3.452545,1.858103,0.776949,18.7996,0.1749,0.3727,17.613
205,F_N+PB+MED,5,5,SVR_rbf,A_tiempo,575,144,multi-step-direct,0.0141,3.340345,1.827661,0.713994,19.0621,100.7506,0.2542,47.921
205,F_N+PB+MED,5,5,MLP,A_tiempo,575,144,multi-step-direct,-0.1376,3.854284,1.963233,0.849041,16.956,0.0169,0.3949,1.765
205,F_N+PB+MED,5,5,ARIMA,A_tiempo,575,144,multi-step-direct,-0.7548,0.655384,0.809558,0.713483,18.4719,0.2738,0.9793,0.493
207,F_SIN,5,1,LinReg,A_tiempo,576,144,multi-step-direct,-2.1967,2.428112,1.55824,1.140726,21.6242,0.3745,1.0,1.858
207,F_SIN,5,1,DT,A_tiempo,576,144,multi-step-direct,-0.5432,1.172176,1.082671,0.740267,12.537,0.0062,0.6542,6.764
207,F_SIN,5,1,RF,A_tiempo,576,144,multi-step-direct,0.1243,0.665144,0.815563,0.560792,13.254,0.1713,0.7242,2.424
207,F_SIN,5,1,SVR_rbf,A_tiempo,576,144,multi-step-direct,0.1119,0.674578,0.821327,0.567407,13.2741,26.5254,0.5897,12.052
207,F_SIN,5,1,MLP,A_tiempo,576,144,multi-step-direct,0.0239,0.741447,0.861073,0.608085,12.6683,0.0073,0.5204,1.05
207,F_SIN,5,1,ARIMA,A_tiempo,576,144,multi-step-direct,-0.304,0.853651,0.923932,0.709286,16.507,1.7089,0.9827,0.615
207,F_SIN,5,3,LinReg,A_tiempo,576,144,multi-step-direct,-2.6154,2.757079,1.660446,1.225774,20.909,0.1309,1.0,0.913
207,F_SIN,5,3,DT,A_tiempo,576,144,multi-step-direct,-0.384,1.055429,1.027341,0.712714,13.7713,0.0057,0.4976,17.002
207,F_SIN,5,3,RF,A_tiempo,576,144,multi-step-direct,0.0677,0.710954,0.843181,0.583855,13.8057,0.1919,0.6082,8.715
207,F_SIN,5,3,SVR_rbf,A_tiempo,576,144,multi-step-direct,0.0692,0.709803,0.842498,0.587889,13.5469,50.3029,0.5368,33.304
207,F_SIN,5,3,MLP,A_tiempo,576,144,multi-step-direct,0.0041,0.759438,0.871458,0.62221,12.8585,0.0113,0.3715,1.24
207,F_SIN,5,3,ARIMA,A_tiempo,576,144,multi-step-direct,-0.3231,0.870795,0.933164,0.732855,21.4492,0.6021,0.9827,0.65
207,F_SIN,5,5,LinReg,A_tiempo,575,144,multi-step-direct,-2.8318,2.90032,1.703032,1.25671,21.6083,0.2508,1.0,3.716
207,F_SIN,5,5,DT,A_tiempo,575,144,multi-step-direct,-0.2827,0.970911,0.985348,0.694203,12.4696,0.0111,0.4308,28.763
207,F_SIN,5,5,RF,A_tiempo,575,144,multi-step-direct,0.0571,0.713682,0.844797,0.586879,13.2389,0.2568,0.549,11.101
207,F_SIN,5,5,SVR_rbf,A_tiempo,575,144,multi-step-direct,0.0496,0.719392,0.84817,0.593592,12.7868,100.274,0.5139,55.589
207,F_SIN,5,5,MLP,A_tiempo,575,144,multi-step-direct,0.0033,0.754401,0.868562,0.618605,12.6096,0.0176,0.2836,1.384
207,F_SIN,5,5,ARIMA,A_tiempo,575,144,multi-step-direct,-0.2397,0.840292,0.916675,0.701911,20.1939,0.2514,0.9827,0.453
207,F_N,5,1,LinReg,A_tiempo,576,144,multi-step-direct,-2.0883,2.34534,1.53145,1.133146,21.2067,0.0845,1.0,0.476
207,F_N,5,1,DT,A_tiempo,576,144,multi-step-direct,-0.679,1.275109,1.129207,0.742377,15.9922,0.005,0.6813,9.482
207,F_N,5,1,RF,A_tiempo,576,144,multi-step-direct,0.1266,0.663297,0.814431,0.557011,13.3845,0.1641,0.7211,2.921
207,F_N,5,1,SVR_rbf,A_tiempo,576,144,multi-step-direct,0.1121,0.674283,0.821148,0.567046,13.2553,29.5745,0.5897,11.957
207,F_N,5,1,MLP,A_tiempo,576,144,multi-step-direct,0.0414,0.727999,0.853229,0.602234,13.1926,0.0074,0.3117,1.642
207,F_N,5,1,ARIMA,A_tiempo,576,144,multi-step-direct,-0.4588,0.9547,0.977087,0.790807,16.4428,1.4772,0.9859,0.532
207,F_N,5,3,LinReg,A_tiempo,576,144,multi-step-direct,-2.6055,2.749099,1.658041,1.226537,21.1295,0.232,1.0,0.913
207,F_N,5,3,DT,A_tiempo,576,144,multi-step-direct,-0.4053,1.071506,1.035136,0.70619,13.5763,0.0077,0.4588,24.351
207,F_N,5,3,RF,A_tiempo,576,144,multi-step-direct,0.0709,0.708427,0.841681,0.583133,13.8112,0.18,0.6059,9.372
207,F_N,5,3,SVR_rbf,A_tiempo,576,144,multi-step-direct,0.0694,0.709602,0.842379,0.587582,13.5876,65.4827,0.5368,32.85
207,F_N,5,3,MLP,A_tiempo,576,144,multi-step-direct,-0.0029,0.764708,0.874476,0.625857,12.755,0.0114,0.3673,1.494
207,F_N,5,3,ARIMA,A_tiempo,576,144,multi-step-direct,-0.4772,0.972013,0.985907,0.811956,21.8262,0.522,0.9859,0.564
207,F_N,5,5,LinReg,A_tiempo,575,144,multi-step-direct,-2.8411,2.906886,1.704959,1.259177,21.6484,0.2169,1.0,1.895
207,F_N,5,5,DT,A_tiempo,575,144,multi-step-direct,-0.507,1.140455,1.067921,0.718051,14.2082,0.008,0.4144,41.423
207,F_N,5,5,RF,A_tiempo,575,144,multi-step-direct,0.045,0.722746,0.850145,0.591348,13.1489,0.2466,0.5455,15.951
207,F_N,5,5,SVR_rbf,A_tiempo,575,144,multi-step-direct,0.0498,0.719101,0.847998,0.593279,12.7732,100.8682,0.5139,53.934
207,F_N,5,5,MLP,A_tiempo,575,144,multi-step-direct,0.0034,0.754209,0.868452,0.618394,12.6233,0.0171,0.2843,1.409
207,F_N,5,5,ARIMA,A_tiempo,575,144,multi-step-direct,-0.3718,0.929459,0.964085,0.771895,20.5824,0.3464,0.9859,0.624
207,F_PB,5,1,LinReg,A_tiempo,576,144,multi-step-direct,-18.9576,17.895364,4.230291,2.824695,93.5664,0.1866,1.0,1.879
207,F_PB,5,1,DT,A_tiempo,576,144,multi-step-direct,-0.5513,1.391031,1.17942,0.802147,13.6681,0.0066,0.8737,8.037
207,F_PB,5,1,RF,A_tiempo,576,144,multi-step-direct,0.101,0.806131,0.897848,0.593664,12.792,0.1837,0.8178,2.652
207,F_PB,5,1,SVR_rbf,A_tiempo,576,144,multi-step-direct,0.1155,0.79313,0.890579,0.586056,13.4445,16.7107,0.6082,12.034
207,F_PB,5,1,MLP,A_tiempo,576,144,multi-step-direct,-0.0703,0.959671,0.979628,0.682107,12.3247,0.0074,0.5804,1.116
207,F_PB,5,1,ARIMA,A_tiempo,576,144,multi-step-direct,-7.0706,7.586408,2.754344,2.632859,24.2427,2.9028,0.9926,1.045
207,F_PB,5,3,LinReg,A_tiempo,576,144,multi-step-direct,-23.285,22.249076,4.716893,3.153707,94.8539,0.1299,1.0,0.873
207,F_PB,5,3,DT,A_tiempo,576,144,multi-step-direct,-0.5634,1.432345,1.196806,0.822312,14.3517,0.0088,0.7525,24.327
207,F_PB,5,3,RF,A_tiempo,576,144,multi-step-direct,0.0724,0.849879,0.921889,0.618166,14.2457,0.1816,0.7384,6.877
207,F_PB,5,3,SVR_rbf,A_tiempo,576,144,multi-step-direct,0.0765,0.846117,0.919846,0.609582,15.0178,65.2187,0.5382,34.675
207,F_PB,5,3,MLP,A_tiempo,576,144,multi-step-direct,-0.0617,0.972658,0.986234,0.68898,14.0698,0.0112,0.4721,1.638
207,F_PB,5,3,ARIMA,A_tiempo,576,144,multi-step-direct,-7.4859,7.74684,2.783315,2.666832,31.6165,0.9657,0.9926,1.043
207,F_PB,5,5,LinReg,A_tiempo,575,144,multi-step-direct,-23.6577,22.493937,4.742777,3.193528,92.3378,0.4116,1.0,2.117
207,F_PB,5,5,DT,A_tiempo,575,144,multi-step-direct,-0.5718,1.433905,1.197458,0.83139,13.9043,0.0084,0.7088,39.6
207,F_PB,5,5,RF,A_tiempo,575,144,multi-step-direct,0.0688,0.84949,0.921678,0.617387,14.1794,0.248,0.6965,13.778
207,F_PB,5,5,SVR_rbf,A_tiempo,575,144,multi-step-direct,0.0602,0.857313,0.925912,0.61526,14.5105,93.3342,0.51,55.044
207,F_PB,5,5,MLP,A_tiempo,575,144,multi-step-direct,-0.0233,0.933461,0.966158,0.673206,13.2729,0.0158,0.4135,5.971
207,F_PB,5,5,ARIMA,A_tiempo,575,144,multi-step-direct,-5.068,5.642847,2.375468,2.261554,31.4156,0.5756,0.9926,1.036
207,F_MED,5,1,LinReg,A_tiempo,576,144,multi-step-direct,-1.5992,2.006198,1.416403,1.062845,18.9839,0.0892,1.0,0.467
207,F_MED,5,1,DT,A_tiempo,576,144,multi-step-direct,-0.3367,1.031756,1.015754,0.729956,12.8745,0.006,0.6779,5.88
207,F_MED,5,1,RF,A_tiempo,576,144,multi-step-direct,0.1358,0.667037,0.816723,0.580856,14.0494,0.1115,0.735,3.469
207,F_MED,5,1,SVR_rbf,A_tiempo,576,144,multi-step-direct,0.1185,0.68036,0.824839,0.591106,13.5193,16.9781,0.6386,10.653
207,F_MED,5,1,MLP,A_tiempo,576,144,multi-step-direct,-0.0873,0.839202,0.91608,0.671482,12.9875,0.0065,0.6363,1.105
207,F_MED,5,1,ARIMA,A_tiempo,576,144,multi-step-direct,-0.9803,1.154517,1.074485,0.914589,16.7403,2.1247,0.9939,0.765
207,F_MED,5,3,LinReg,A_tiempo,576,144,multi-step-direct,-2.3011,2.544486,1.595145,1.208022,19.3409,0.1299,1.0,0.876
207,F_MED,5,3,DT,A_tiempo,576,144,multi-step-direct,-0.3475,1.038645,1.019139,0.724768,12.6122,0.0087,0.4983,16.841
207,F_MED,5,3,RF,A_tiempo,576,144,multi-step-direct,0.0912,0.700491,0.836953,0.60093,13.719,0.1782,0.6202,8.378
207,F_MED,5,3,SVR_rbf,A_tiempo,576,144,multi-step-direct,0.0782,0.710557,0.842946,0.614116,13.1738,51.7033,0.5763,32.083
207,F_MED,5,3,MLP,A_tiempo,576,144,multi-step-direct,-0.0128,0.780652,0.883545,0.651574,12.6113,0.0389,0.4117,4.498
207,F_MED,5,3,ARIMA,A_tiempo,576,144,multi-step-direct,-0.9964,1.186449,1.089242,0.939696,22.6841,0.9452,0.9939,1.021
207,F_MED,5,5,LinReg,A_tiempo,575,144,multi-step-direct,-2.5313,2.701845,1.643729,1.244938,22.5985,0.2151,1.0,1.822
207,F_MED,5,5,DT,A_tiempo,575,144,multi-step-direct,-0.6613,1.271097,1.12743,0.788744,12.9192,0.0086,0.5222,29.074
207,F_MED,5,5,RF,A_tiempo,575,144,multi-step-direct,0.075,0.707769,0.84129,0.610099,13.1951,0.2452,0.5495,13.273
207,F_MED,5,5,SVR_rbf,A_tiempo,575,144,multi-step-direct,0.0549,0.723104,0.850355,0.6223,12.4048,101.5801,0.5501,51.549
207,F_MED,5,5,MLP,A_tiempo,575,144,multi-step-direct,-0.0414,0.796791,0.892631,0.658072,11.9989,0.0168,0.3234,1.473
207,F_MED,5,5,ARIMA,A_tiempo,575,144,multi-step-direct,-0.8115,1.106415,1.051863,0.886059,22.0089,0.2959,0.9939,0.533
207,F_N+PB,5,1,LinReg,A_tiempo,576,144,multi-step-direct,-23.3205,21.807622,4.669863,3.109963,104.201,0.2201,1.0,1.496
207,F_N+PB,5,1,DT,A_tiempo,576,144,multi-step-direct,-0.5768,1.413885,1.189069,0.803507,14.354,0.0056,0.8735,8.84
207,F_N+PB,5,1,RF,A_tiempo,576,144,multi-step-direct,0.0968,0.809906,0.899948,0.597394,12.8709,0.1668,0.8197,2.582
207,F_N+PB,5,1,SVR_rbf,A_tiempo,576,144,multi-step-direct,0.1155,0.793137,0.890583,0.586063,13.4439,18.5829,0.6082,12.203
207,F_N+PB,5,1,MLP,A_tiempo,576,144,multi-step-direct,-0.064,0.954066,0.976763,0.681545,12.3531,0.0081,0.568,1.115
207,F_N+PB,5,1,ARIMA,A_tiempo,576,144,multi-step-direct,-7.256,7.760712,2.785805,2.663384,24.3262,2.4784,0.9926,0.892
207,F_N+PB,5,3,LinReg,A_tiempo,576,144,multi-step-direct,-29.08,27.559975,5.249759,3.524648,101.6437,0.1298,1.0,0.886
207,F_N+PB,5,3,DT,A_tiempo,576,144,multi-step-direct,-0.5538,1.423606,1.193149,0.819787,14.6271,0.0077,0.7525,24.248
207,F_N+PB,5,3,RF,A_tiempo,576,144,multi-step-direct,0.0712,0.850965,0.922478,0.618612,14.3248,0.1744,0.7394,6.848
207,F_N+PB,5,3,SVR_rbf,A_tiempo,576,144,multi-step-direct,0.0764,0.846178,0.91988,0.609609,15.0176,66.7314,0.5382,33.438
207,F_N+PB,5,3,MLP,A_tiempo,576,144,multi-step-direct,-0.0652,0.975976,0.987915,0.690331,14.0649,0.0113,0.4755,1.66
207,F_N+PB,5,3,ARIMA,A_tiempo,576,144,multi-step-direct,-7.6921,7.935117,2.816934,2.699994,31.6203,0.8513,0.9926,0.919
207,F_N+PB,5,5,LinReg,A_tiempo,575,144,multi-step-direct,-29.2728,27.61688,5.255176,3.556421,112.5162,0.2328,1.0,1.479
207,F_N+PB,5,5,DT,A_tiempo,575,144,multi-step-direct,-0.4636,1.335219,1.155517,0.805169,14.1815,0.0081,0.7131,39.707
207,F_N+PB,5,5,RF,A_tiempo,575,144,multi-step-direct,0.0671,0.851008,0.922501,0.618656,14.1777,0.2508,0.6982,13.636
207,F_N+PB,5,5,SVR_rbf,A_tiempo,575,144,multi-step-direct,0.0602,0.85733,0.925921,0.61527,14.5096,100.4091,0.51,54.388
207,F_N+PB,5,5,MLP,A_tiempo,575,144,multi-step-direct,-0.0237,0.933909,0.96639,0.673406,13.2642,0.0164,0.4133,2.031
207,F_N+PB,5,5,ARIMA,A_tiempo,575,144,multi-step-direct,-7.4642,7.871227,2.805571,2.686341,32.6176,1.2308,0.9926,2.215
207,F_N+MED,5,1,LinReg,A_tiempo,576,144,multi-step-direct,-1.7729,2.1396,1.462737,1.085444,20.6972,0.2781,1.0,1.063
207,F_N+MED,5,1,DT,A_tiempo,576,144,multi-step-direct,-0.3435,1.036697,1.018183,0.724853,13.0406,0.0051,0.6748,8.149
207,F_N+MED,5,1,RF,A_tiempo,576,144,multi-step-direct,0.1437,0.660738,0.812858,0.569667,13.9778,0.1654,0.7412,3.755
207,F_N+MED,5,1,SVR_rbf,A_tiempo,576,144,multi-step-direct,0.1176,0.680855,0.82514,0.591665,13.5466,16.7694,0.6387,10.947
207,F_N+MED,5,1,MLP,A_tiempo,576,144,multi-step-direct,-0.0195,0.786686,0.886953,0.650838,13.0377,0.0082,0.5162,0.837
207,F_N+MED,5,1,ARIMA,A_tiempo,576,144,multi-step-direct,-0.8485,1.063762,1.031389,0.864344,16.2027,1.6393,0.9946,0.59
207,F_N+MED,5,3,LinReg,A_tiempo,576,144,multi-step-direct,-2.5491,2.736169,1.654137,1.245254,20.5427,0.1276,1.0,0.879
207,F_N+MED,5,3,DT,A_tiempo,576,144,multi-step-direct,-0.432,1.10401,1.050719,0.751945,14.1957,0.0061,0.5194,25.087
207,F_N+MED,5,3,RF,A_tiempo,576,144,multi-step-direct,0.1031,0.691452,0.831536,0.598007,13.9008,0.1692,0.6134,9.949
207,F_N+MED,5,3,SVR_rbf,A_tiempo,576,144,multi-step-direct,0.0778,0.710955,0.843182,0.614389,13.2026,58.1159,0.5764,32.139
207,F_N+MED,5,3,MLP,A_tiempo,576,144,multi-step-direct,-0.0111,0.779522,0.882906,0.650526,12.639,0.0115,0.389,1.136
207,F_N+MED,5,3,ARIMA,A_tiempo,576,144,multi-step-direct,-0.854,1.092222,1.045094,0.889048,21.4701,0.5703,0.9946,0.616
207,F_N+MED,5,5,LinReg,A_tiempo,575,144,multi-step-direct,-2.7702,2.884798,1.698469,1.284598,23.6432,0.5135,1.0,2.612
207,F_N+MED,5,5,DT,A_tiempo,575,144,multi-step-direct,-0.2781,0.977948,0.988912,0.711593,12.8354,0.0084,0.5211,40.473
207,F_N+MED,5,5,RF,A_tiempo,575,144,multi-step-direct,0.0732,0.709193,0.842136,0.606706,13.2911,0.1689,0.5514,16.311
207,F_N+MED,5,5,SVR_rbf,A_tiempo,575,144,multi-step-direct,0.0545,0.723439,0.850552,0.622599,12.3622,96.036,0.5503,52.414
207,F_N+MED,5,5,MLP,A_tiempo,575,144,multi-step-direct,-0.0386,0.794702,0.891461,0.6572,11.9487,0.0166,0.3225,2.313
207,F_N+MED,5,5,ARIMA,A_tiempo,575,144,multi-step-direct,-0.6795,1.021917,1.010899,0.837522,20.9663,0.3961,0.9946,0.713
207,F_N+PB+MED,5,1,LinReg,A_tiempo,576,144,multi-step-direct,-1.9689,2.983706,1.727341,1.273163,22.6607,0.2444,1.0,0.451
207,F_N+PB+MED,5,1,DT,A_tiempo,576,144,multi-step-direct,-0.4762,1.48357,1.218019,0.853427,14.7586,0.0063,0.8886,8.295
207,F_N+PB+MED,5,1,RF,A_tiempo,576,144,multi-step-direct,0.1253,0.879043,0.937573,0.64793,14.5486,0.1648,0.8362,4.263
207,F_N+PB+MED,5,1,SVR_rbf,A_tiempo,576,144,multi-step-direct,0.1379,0.86639,0.930801,0.645167,14.815,16.5572,0.7325,9.455
207,F_N+PB+MED,5,1,MLP,A_tiempo,576,144,multi-step-direct,-0.0434,1.048581,1.024002,0.734233,14.1507,0.0066,0.6171,0.909
207,F_N+PB+MED,5,1,ARIMA,A_tiempo,576,144,multi-step-direct,-2.3881,3.225015,1.795833,1.645824,24.0019,0.6939,0.9952,0.25
207,F_N+PB+MED,5,3,LinReg,A_tiempo,576,144,multi-step-direct,-2.5841,3.688559,1.920562,1.450584,24.4471,0.3233,1.0,1.853
207,F_N+PB+MED,5,3,DT,A_tiempo,576,144,multi-step-direct,-0.5898,1.636158,1.279124,0.910766,15.1076,0.0072,0.7922,23.653
207,F_N+PB+MED,5,3,RF,A_tiempo,576,144,multi-step-direct,0.0974,0.928851,0.963769,0.675026,15.2271,0.1832,0.7656,8.946
207,F_N+PB+MED,5,3,SVR_rbf,A_tiempo,576,144,multi-step-direct,0.0995,0.926776,0.962692,0.674599,15.1007,53.4414,0.6521,32.957
207,F_N+PB+MED,5,3,MLP,A_tiempo,576,144,multi-step-direct,-0.035,1.065106,1.03204,0.754079,14.2392,0.0113,0.5291,1.437
207,F_N+PB+MED,5,3,ARIMA,A_tiempo,576,144,multi-step-direct,-2.3613,3.2167,1.793516,1.632218,34.1383,0.256,0.9952,0.276
207,F_N+PB+MED,5,5,LinReg,A_tiempo,575,144,multi-step-direct,-2.7912,3.891207,1.972614,1.496818,28.6378,0.4649,1.0,3.777
207,F_N+PB+MED,5,5,DT,A_tiempo,575,144,multi-step-direct,-0.4404,1.478405,1.215897,0.858043,14.4039,0.0083,0.7369,38.88
207,F_N+PB+MED,5,5,RF,A_tiempo,575,144,multi-step-direct,0.0899,0.934124,0.966501,0.682485,14.8018,0.2406,0.7345,13.902
207,F_N+PB+MED,5,5,SVR_rbf,A_tiempo,575,144,multi-step-direct,0.0824,0.941838,0.970483,0.682551,14.9037,93.5595,0.6183,53.428
207,F_N+PB+MED,5,5,MLP,A_tiempo,575,144,multi-step-direct,-0.0202,1.047068,1.023264,0.746239,13.8659,0.0167,0.4484,3.969
207,F_N+PB+MED,5,5,ARIMA,A_tiempo,575,144,multi-step-direct,-2.2598,3.15401,1.775953,1.608965,35.6063,0.2596,0.9952,0.467
208,F_SIN,5,1,LinReg,A_tiempo,576,144,multi-step-direct,-5.3498,5.199812,2.28031,1.791406,33.6965,0.2147,1.0,0.44
208,F_SIN,5,1,DT,A_tiempo,576,144,multi-step-direct,-0.2525,1.025673,1.012755,0.657818,12.6951,0.0053,0.5068,5.783
208,F_SIN,5,1,RF,A_tiempo,576,144,multi-step-direct,0.0876,0.747189,0.864401,0.562146,14.8806,0.2813,0.5409,3.461
208,F_SIN,5,1,SVR_rbf,A_tiempo,576,144,multi-step-direct,-0.0158,0.83186,0.912063,0.553864,14.8864,16.9667,0.4579,10.918
208,F_SIN,5,1,MLP,A_tiempo,576,144,multi-step-direct,-0.0545,0.863523,0.929259,0.62469,14.0875,0.0064,0.2763,0.963
208,F_SIN,5,1,ARIMA,A_tiempo,576,144,multi-step-direct,-0.2028,0.385098,0.620563,0.280273,11.7742,1.2988,0.9678,0.468
208,F_SIN,5,3,LinReg,A_tiempo,576,144,multi-step-direct,-6.3043,5.980477,2.445501,1.924864,36.2089,0.1282,1.0,0.909
208,F_SIN,5,3,DT,A_tiempo,576,144,multi-step-direct,-0.109,0.908014,0.952898,0.62876,17.8108,0.0088,0.2709,16.302
208,F_SIN,5,3,RF,A_tiempo,576,144,multi-step-direct,0.0105,0.810138,0.900077,0.594564,20.1384,0.1652,0.3629,8.623
208,F_SIN,5,3,SVR_rbf,A_tiempo,576,144,multi-step-direct,-0.0323,0.845204,0.91935,0.572175,19.3002,57.5886,0.414,33.2
208,F_SIN,5,3,MLP,A_tiempo,576,144,multi-step-direct,-0.0332,0.845905,0.919731,0.614791,19.3818,0.0115,0.1751,3.812
208,F_SIN,5,3,ARIMA,A_tiempo,576,144,multi-step-direct,-0.2635,0.721656,0.849503,0.5047,20.3343,0.4497,0.9678,0.486
208,F_SIN,5,5,LinReg,A_tiempo,575,144,multi-step-direct,-6.4451,6.070062,2.463749,1.939994,38.1077,0.2163,1.0,1.477
208,F_SIN,5,5,DT,A_tiempo,575,144,multi-step-direct,-0.1292,0.920675,0.959518,0.627739,15.3948,0.0093,0.1777,25.949
208,F_SIN,5,5,RF,A_tiempo,575,144,multi-step-direct,-0.0014,0.816448,0.903575,0.596848,16.9065,0.2491,0.2648,10.799
208,F_SIN,5,5,SVR_rbf,A_tiempo,575,144,multi-step-direct,-0.0367,0.845226,0.919362,0.576573,16.1415,100.8757,0.3993,56.643
208,F_SIN,5,5,MLP,A_tiempo,575,144,multi-step-direct,-0.0146,0.827186,0.909498,0.596046,17.562,0.0163,0.0175,0.838
208,F_SIN,5,5,ARIMA,A_tiempo,575,144,multi-step-direct,-0.2579,0.792755,0.890368,0.531972,20.4163,0.3148,0.9678,0.567
208,F_N,5,1,LinReg,A_tiempo,576,144,multi-step-direct,-5.4116,5.249558,2.291191,1.800823,34.3704,0.0866,1.0,0.464
208,F_N,5,1,DT,A_tiempo,576,144,multi-step-direct,-0.2491,1.022715,1.011294,0.65513,12.4241,0.0055,0.5169,9.464
208,F_N,5,1,RF,A_tiempo,576,144,multi-step-direct,0.0796,0.753588,0.868095,0.562535,14.7295,0.1689,0.5444,2.994
208,F_N,5,1,SVR_rbf,A_tiempo,576,144,multi-step-direct,-0.0157,0.831635,0.91194,0.55339,14.8954,26.3485,0.4577,12.001
208,F_N,5,1,MLP,A_tiempo,576,144,multi-step-direct,-0.07,0.876097,0.936001,0.629953,13.7265,0.0065,0.3141,1.048
208,F_N,5,1,ARIMA,A_tiempo,576,144,multi-step-direct,-0.2055,0.385265,0.620697,0.278709,11.7766,1.4044,0.9701,0.506
208,F_N,5,3,LinReg,A_tiempo,576,144,multi-step-direct,-6.4772,6.120794,2.474024,1.947912,37.7145,0.13,1.0,0.893
208,F_N,5,3,DT,A_tiempo,576,144,multi-step-direct,-0.0544,0.863156,0.929062,0.616812,18.31,0.0091,0.2739,24.852
208,F_N,5,3,RF,A_tiempo,576,144,multi-step-direct,0.0096,0.810706,0.900392,0.594544,19.7965,0.1713,0.3733,8.858
208,F_N,5,3,SVR_rbf,A_tiempo,576,144,multi-step-direct,-0.0321,0.844909,0.919189,0.571722,19.3069,67.1651,0.4139,33.236
208,F_N,5,3,MLP,A_tiempo,576,144,multi-step-direct,-0.0371,0.848959,0.92139,0.614157,19.3074,0.0106,0.1731,1.225
208,F_N,5,3,ARIMA,A_tiempo,576,144,multi-step-direct,-0.2657,0.722592,0.850054,0.505047,20.3526,0.4576,0.9701,0.494
208,F_N,5,5,LinReg,A_tiempo,575,144,multi-step-direct,-6.6288,6.218555,2.493703,1.963617,38.874,0.2169,1.0,1.641
208,F_N,5,5,DT,A_tiempo,575,144,multi-step-direct,-0.1114,0.905983,0.951831,0.622297,15.2463,0.0082,0.1779,42.721
208,F_N,5,5,RF,A_tiempo,575,144,multi-step-direct,-0.0029,0.817497,0.904156,0.596856,16.7298,0.1693,0.2635,16.828
208,F_N,5,5,SVR_rbf,A_tiempo,575,144,multi-step-direct,-0.0365,0.844924,0.919197,0.576172,16.1569,97.5076,0.3992,55.488
208,F_N,5,5,MLP,A_tiempo,575,144,multi-step-direct,-0.0141,0.826622,0.909188,0.596349,17.5997,0.016,0.0162,1.348
208,F_N,5,5,ARIMA,A_tiempo,575,144,multi-step-direct,-0.26,0.793772,0.890939,0.532748,20.4298,0.5828,0.9701,1.049
208,F_PB,5,1,LinReg,A_tiempo,576,144,multi-step-direct,-30.8445,30.316643,5.506055,4.221549,99.7598,0.2516,1.0,0.449
208,F_PB,5,1,DT,A_tiempo,576,144,multi-step-direct,-0.2081,1.15014,1.072446,0.671305,13.9164,0.0066,0.4688,9.513
208,F_PB,5,1,RF,A_tiempo,576,144,multi-step-direct,0.0774,0.87838,0.937219,0.593299,16.0239,0.1777,0.5116,4.018
208,F_PB,5,1,SVR_rbf,A_tiempo,576,144,multi-step-direct,-0.0187,0.969801,0.984785,0.572966,16.4735,16.7663,0.3854,9.959
208,F_PB,5,1,MLP,A_tiempo,576,144,multi-step-direct,-0.0277,0.978378,0.98913,0.62208,16.9718,0.0071,0.0422,0.57
208,F_PB,5,1,ARIMA,A_tiempo,576,144,multi-step-direct,-0.409,0.57268,0.756756,0.403871,13.215,2.5044,0.98,0.902
208,F_PB,5,3,LinReg,A_tiempo,576,144,multi-step-direct,-33.7054,33.307412,5.771257,4.469913,112.0647,0.3035,1.0,2.02
208,F_PB,5,3,DT,A_tiempo,576,144,multi-step-direct,-0.2141,1.165215,1.079451,0.685915,19.1695,0.0069,0.3429,23.491
208,F_PB,5,3,RF,A_tiempo,576,144,multi-step-direct,0.0128,0.947457,0.973374,0.612624,21.6649,0.1683,0.3946,10.469
208,F_PB,5,3,SVR_rbf,A_tiempo,576,144,multi-step-direct,-0.0441,1.002001,1.001,0.583639,21.7367,50.2442,0.357,33.233
208,F_PB,5,3,MLP,A_tiempo,576,144,multi-step-direct,-0.0142,0.973329,0.986574,0.616753,22.7953,0.1666,0.006,1.433
208,F_PB,5,3,ARIMA,A_tiempo,576,144,multi-step-direct,-0.2259,0.878239,0.937144,0.528184,21.6371,2.3925,0.98,2.584
208,F_PB,5,5,LinReg,A_tiempo,575,144,multi-step-direct,-35.418,34.786864,5.898039,4.583599,113.8786,0.219,1.0,1.723
208,F_PB,5,5,DT,A_tiempo,575,144,multi-step-direct,-0.2437,1.187953,1.089933,0.695105,14.8648,0.0099,0.318,40.005
208,F_PB,5,5,RF,A_tiempo,575,144,multi-step-direct,0.0025,0.952785,0.976107,0.609772,18.8573,0.2422,0.3056,15.684
208,F_PB,5,5,SVR_rbf,A_tiempo,575,144,multi-step-direct,-0.0493,1.002285,1.001142,0.584494,18.1954,100.2436,0.349,56.526
208,F_PB,5,5,MLP,A_tiempo,575,144,multi-step-direct,-0.0113,0.966052,0.982879,0.614035,19.1758,0.0164,0.0117,1.003
208,F_PB,5,5,ARIMA,A_tiempo,575,144,multi-step-direct,-0.2012,0.954389,0.976928,0.552314,21.6393,0.5735,0.98,1.032
208,F_MED,5,1,LinReg,A_tiempo,576,144,multi-step-direct,-3.1563,3.111162,1.763849,1.352212,23.2882,0.0952,1.0,0.429
208,F_MED,5,1,DT,A_tiempo,576,144,multi-step-direct,-0.2316,0.921944,0.960179,0.608692,11.2889,0.0055,0.5775,7.021
208,F_MED,5,1,RF,A_tiempo,576,144,multi-step-direct,0.1167,0.661198,0.813141,0.524431,13.4244,0.1669,0.6122,2.309
208,F_MED,5,1,SVR_rbf,A_tiempo,576,144,multi-step-direct,0.0261,0.728977,0.853801,0.527553,13.9022,26.7484,0.4907,12.003
208,F_MED,5,1,MLP,A_tiempo,576,144,multi-step-direct,-0.0423,0.780204,0.883291,0.587663,13.0966,0.0068,0.3258,2.516
208,F_MED,5,1,ARIMA,A_tiempo,576,144,multi-step-direct,-1.8312,0.117604,0.342935,0.2758,6.5067,0.7521,0.9903,0.271
208,F_MED,5,3,LinReg,A_tiempo,576,144,multi-step-direct,-3.8601,3.632336,1.905869,1.472695,25.6487,0.1308,1.0,0.889
208,F_MED,5,3,DT,A_tiempo,576,144,multi-step-direct,-0.2822,0.958296,0.978926,0.625218,17.2081,0.0067,0.3403,15.58
208,F_MED,5,3,RF,A_tiempo,576,144,multi-step-direct,0.0196,0.73272,0.855991,0.560912,19.4105,0.1669,0.423,6.323
208,F_MED,5,3,SVR_rbf,A_tiempo,576,144,multi-step-direct,-0.0195,0.76197,0.872909,0.554815,18.9936,66.3507,0.4301,34.829
208,F_MED,5,3,MLP,A_tiempo,576,144,multi-step-direct,-0.0793,0.806636,0.898129,0.602499,18.6033,0.0118,0.2097,1.221
208,F_MED,5,3,ARIMA,A_tiempo,576,144,multi-step-direct,-0.5159,0.679681,0.824427,0.58749,18.7295,0.2798,0.9903,0.302
208,F_MED,5,5,LinReg,A_tiempo,575,144,multi-step-direct,-4.0168,3.739395,1.933752,1.494717,29.0907,0.2146,1.0,1.851
208,F_MED,5,5,DT,A_tiempo,575,144,multi-step-direct,-0.3254,0.98791,0.993937,0.618786,16.5876,0.0086,0.3171,26.892
208,F_MED,5,5,RF,A_tiempo,575,144,multi-step-direct,-0.002,0.746834,0.864196,0.564543,16.3305,0.1721,0.3125,12.679
208,F_MED,5,5,SVR_rbf,A_tiempo,575,144,multi-step-direct,-0.0315,0.768834,0.876832,0.561496,15.8665,94.9342,0.4107,54.415
208,F_MED,5,5,MLP,A_tiempo,575,144,multi-step-direct,-0.0233,0.762764,0.873364,0.571454,17.2307,0.0405,0.0257,3.135
208,F_MED,5,5,ARIMA,A_tiempo,575,144,multi-step-direct,-0.4761,0.802996,0.896101,0.629416,21.3701,0.3803,0.9903,0.685
208,F_N+PB,5,1,LinReg,A_tiempo,576,144,multi-step-direct,-34.8693,34.147921,5.843622,4.49458,108.7401,0.0878,1.0,0.466
208,F_N+PB,5,1,DT,A_tiempo,576,144,multi-step-direct,-0.2322,1.173035,1.083067,0.679963,13.8028,0.0051,0.4688,8.061
208,F_N+PB,5,1,RF,A_tiempo,576,144,multi-step-direct,0.0802,0.875687,0.935782,0.593194,16.1329,0.1644,0.5131,4.786
208,F_N+PB,5,1,SVR_rbf,A_tiempo,576,144,multi-step-direct,-0.0187,0.969785,0.984777,0.572973,16.4735,17.044,0.3854,10.079
208,F_N+PB,5,1,MLP,A_tiempo,576,144,multi-step-direct,-0.0269,0.977641,0.988757,0.621565,17.0348,0.0065,0.04,0.55
208,F_N+PB,5,1,ARIMA,A_tiempo,576,144,multi-step-direct,-0.3948,0.566847,0.752893,0.397118,13.2162,2.4407,0.98,0.879
208,F_N+PB,5,3,LinReg,A_tiempo,576,144,multi-step-direct,-38.9959,38.384098,6.19549,4.808023,129.3402,0.1348,1.0,0.881
208,F_N+PB,5,3,DT,A_tiempo,576,144,multi-step-direct,-0.2329,1.183256,1.087776,0.686597,18.5462,0.0086,0.3362,24.618
208,F_N+PB,5,3,RF,A_tiempo,576,144,multi-step-direct,0.0159,0.944454,0.97183,0.61239,21.4435,0.1706,0.4021,9.789
208,F_N+PB,5,3,SVR_rbf,A_tiempo,576,144,multi-step-direct,-0.0441,1.001979,1.000989,0.58364,21.7357,50.5488,0.3571,34.151
208,F_N+PB,5,3,MLP,A_tiempo,576,144,multi-step-direct,-0.0142,0.973347,0.986584,0.616751,22.7951,0.0114,0.006,0.693
208,F_N+PB,5,3,ARIMA,A_tiempo,576,144,multi-step-direct,-0.2177,0.872396,0.934021,0.522641,21.6241,0.8503,0.98,0.918
208,F_N+PB,5,5,LinReg,A_tiempo,575,144,multi-step-direct,-41.9247,41.001496,6.403241,4.980087,125.9397,0.4434,1.0,3.839
208,F_N+PB,5,5,DT,A_tiempo,575,144,multi-step-direct,-0.22,1.165337,1.079508,0.68959,13.5267,0.0083,0.3163,39.694
208,F_N+PB,5,5,RF,A_tiempo,575,144,multi-step-direct,0.0011,0.954146,0.976804,0.609924,18.7084,0.2434,0.304,15.982
208,F_N+PB,5,5,SVR_rbf,A_tiempo,575,144,multi-step-direct,-0.0493,1.00227,1.001134,0.584501,18.1947,100.5377,0.349,56.783
208,F_N+PB,5,5,MLP,A_tiempo,575,144,multi-step-direct,-0.0113,0.966029,0.982868,0.614034,19.1767,0.0168,0.0117,0.919
208,F_N+PB,5,5,ARIMA,A_tiempo,575,144,multi-step-direct,-0.1929,0.947731,0.973515,0.54609,21.6198,0.4939,0.98,0.889
208,F_N+MED,5,1,LinReg,A_tiempo,576,144,multi-step-direct,-3.3189,3.233847,1.79829,1.381747,24.1327,0.0881,1.0,0.425
208,F_N+MED,5,1,DT,A_tiempo,576,144,multi-step-direct,-0.1168,0.836229,0.914455,0.586537,11.6035,0.0062,0.5578,9.462
208,F_N+MED,5,1,RF,A_tiempo,576,144,multi-step-direct,0.1225,0.657012,0.810563,0.520361,13.3659,0.1665,0.616,3.021
208,F_N+MED,5,1,SVR_rbf,A_tiempo,576,144,multi-step-direct,0.0257,0.729522,0.854121,0.527806,13.9151,27.1813,0.4907,12.042
208,F_N+MED,5,1,MLP,A_tiempo,576,144,multi-step-direct,-0.0409,0.779393,0.882832,0.58788,13.1629,0.0065,0.3019,2.391
208,F_N+MED,5,1,ARIMA,A_tiempo,576,144,multi-step-direct,-1.7164,0.112803,0.335862,0.267007,6.3725,0.6812,0.9909,0.245
208,F_N+MED,5,3,LinReg,A_tiempo,576,144,multi-step-direct,-4.2239,3.903641,1.975763,1.526558,25.8104,0.1454,1.0,0.929
208,F_N+MED,5,3,DT,A_tiempo,576,144,multi-step-direct,-0.0485,0.783484,0.885146,0.585041,17.7334,0.0091,0.3563,24.208
208,F_N+MED,5,3,RF,A_tiempo,576,144,multi-step-direct,0.0182,0.733677,0.85655,0.559814,19.547,0.1684,0.4225,10.09
208,F_N+MED,5,3,SVR_rbf,A_tiempo,576,144,multi-step-direct,-0.0199,0.762118,0.872994,0.55477,18.9815,67.2457,0.4301,33.376
208,F_N+MED,5,3,MLP,A_tiempo,576,144,multi-step-direct,-0.0774,0.805105,0.897276,0.601991,18.6558,0.012,0.2091,1.202
208,F_N+MED,5,3,ARIMA,A_tiempo,576,144,multi-step-direct,-0.494,0.672481,0.820049,0.579668,18.6353,0.2695,0.9909,0.291
208,F_N+MED,5,5,LinReg,A_tiempo,575,144,multi-step-direct,-4.3563,3.990953,1.997737,1.552521,30.7834,0.3711,1.0,1.472
208,F_N+MED,5,5,DT,A_tiempo,575,144,multi-step-direct,-0.2131,0.903902,0.950737,0.609972,15.6878,0.0082,0.3037,41.502
208,F_N+MED,5,5,RF,A_tiempo,575,144,multi-step-direct,-0.0078,0.750911,0.866551,0.568482,16.2496,0.1758,0.3142,16.942
208,F_N+MED,5,5,SVR_rbf,A_tiempo,575,144,multi-step-direct,-0.0319,0.768875,0.876855,0.561405,15.8542,95.078,0.4106,54.33
208,F_N+MED,5,5,MLP,A_tiempo,575,144,multi-step-direct,-0.0239,0.762921,0.873454,0.57128,17.2704,0.0301,0.0288,3.27
208,F_N+MED,5,5,ARIMA,A_tiempo,575,144,multi-step-direct,-0.4574,0.794084,0.891114,0.621506,21.2504,0.5326,0.9909,0.959
208,F_N+PB+MED,5,1,LinReg,A_tiempo,576,144,multi-step-direct,-4.4768,5.095537,2.25733,1.745458,35.6294,0.2442,1.0,0.709
208,F_N+PB+MED,5,1,DT,A_tiempo,576,144,multi-step-direct,-0.093,1.016872,1.008401,0.60094,11.9471,0.0074,0.5176,8.227
208,F_N+PB+MED,5,1,RF,A_tiempo,576,144,multi-step-direct,0.1052,0.832477,0.912402,0.558872,14.8549,0.1689,0.5774,5.101
208,F_N+PB+MED,5,1,SVR_rbf,A_tiempo,576,144,multi-step-direct,0.0132,0.918074,0.958162,0.551539,15.8764,16.8146,0.3902,9.601
208,F_N+PB+MED,5,1,MLP,A_tiempo,576,144,multi-step-direct,-0.031,0.959226,0.979401,0.608724,15.7232,0.0077,0.1036,0.445
208,F_N+PB+MED,5,1,ARIMA,A_tiempo,576,144,multi-step-direct,-0.2912,0.081986,0.286332,0.177338,5.4268,2.5099,0.9925,0.904
208,F_N+PB+MED,5,3,LinReg,A_tiempo,576,144,multi-step-direct,-4.8933,5.577478,2.361669,1.824776,34.55,0.3227,1.0,2.278
208,F_N+PB+MED,5,3,DT,A_tiempo,576,144,multi-step-direct,-0.1917,1.127889,1.062021,0.639636,19.7739,0.007,0.3601,23.904
208,F_N+PB+MED,5,3,RF,A_tiempo,576,144,multi-step-direct,0.0279,0.920014,0.959173,0.581493,22.6123,0.1709,0.4214,10.581
208,F_N+PB+MED,5,3,SVR_rbf,A_tiempo,576,144,multi-step-direct,-0.0259,0.970899,0.985342,0.571154,23.2694,49.9963,0.3592,33.377
208,F_N+PB+MED,5,3,MLP,A_tiempo,576,144,multi-step-direct,-0.028,0.972872,0.986343,0.603531,23.5228,0.0111,0.0319,0.823
208,F_N+PB+MED,5,3,ARIMA,A_tiempo,576,144,multi-step-direct,-0.0542,0.659913,0.812351,0.402826,18.5621,1.6952,0.9925,1.831
208,F_N+PB+MED,5,5,LinReg,A_tiempo,575,144,multi-step-direct,-4.7794,5.451343,2.334811,1.813131,37.0001,0.218,1.0,2.468
208,F_N+PB+MED,5,5,DT,A_tiempo,575,144,multi-step-direct,-0.1695,1.10309,1.050281,0.629359,16.1263,0.0096,0.3114,41.169
208,F_N+PB+MED,5,5,RF,A_tiempo,575,144,multi-step-direct,0.0137,0.930316,0.964529,0.578705,19.5113,0.2456,0.3182,15.906
208,F_N+PB+MED,5,5,SVR_rbf,A_tiempo,575,144,multi-step-direct,-0.035,0.976227,0.988042,0.574804,18.8147,100.5115,0.3495,56.182
208,F_N+PB+MED,5,5,MLP,A_tiempo,575,144,multi-step-direct,-0.0314,0.97286,0.986337,0.60327,19.3133,0.0167,0.0442,1.196
208,F_N+PB+MED,5,5,ARIMA,A_tiempo,575,144,multi-step-direct,-0.0486,0.80237,0.895751,0.448756,21.2995,0.5482,0.9925,0.987
209,F_SIN,5,1,LinReg,A_tiempo,576,144,multi-step-direct,-3.6249,4.985178,2.232751,1.728319,35.4154,0.1695,1.0,2.037
209,F_SIN,5,1,DT,A_tiempo,576,144,multi-step-direct,-0.2929,1.393575,1.180498,0.764562,15.3032,0.006,0.4768,6.213
209,F_SIN,5,1,RF,A_tiempo,576,144,multi-step-direct,0.0848,0.986507,0.99323,0.626901,18.8866,0.1663,0.4976,2.276
209,F_SIN,5,1,SVR_rbf,A_tiempo,576,144,multi-step-direct,0.0455,1.028848,1.014321,0.628737,18.4814,20.767,0.4427,11.882
209,F_SIN,5,1,MLP,A_tiempo,576,144,multi-step-direct,0.0164,1.060177,1.029649,0.668864,18.3028,0.0073,0.1869,0.904
209,F_SIN,5,1,ARIMA,A_tiempo,576,144,multi-step-direct,-2.6938,2.102827,1.450113,1.328241,20.8161,1.6077,0.8816,0.579
209,F_SIN,5,3,LinReg,A_tiempo,576,144,multi-step-direct,-4.1224,5.468097,2.338396,1.814891,34.8795,0.1284,1.0,0.986
209,F_SIN,5,3,DT,A_tiempo,576,144,multi-step-direct,-0.1853,1.265346,1.124876,0.763387,13.6946,0.0073,0.3008,15.89
209,F_SIN,5,3,RF,A_tiempo,576,144,multi-step-direct,0.0018,1.065541,1.032251,0.675774,16.4951,0.1776,0.3134,8.254
209,F_SIN,5,3,SVR_rbf,A_tiempo,576,144,multi-step-direct,-0.0394,1.10956,1.053357,0.687275,15.5058,50.9155,0.4208,33.178
209,F_SIN,5,3,MLP,A_tiempo,576,144,multi-step-direct,-0.0133,1.081647,1.040022,0.688716,17.8611,0.0115,0.0151,0.631
209,F_SIN,5,3,ARIMA,A_tiempo,576,144,multi-step-direct,-3.1082,3.569241,1.889244,1.757208,39.0915,0.5848,0.8816,0.632
209,F_SIN,5,5,LinReg,A_tiempo,575,144,multi-step-direct,-4.1856,5.535035,2.352666,1.832378,32.9737,0.4022,1.0,5.14
209,F_SIN,5,5,DT,A_tiempo,575,144,multi-step-direct,-0.1941,1.274509,1.128942,0.751802,15.569,0.0084,0.2093,24.627
209,F_SIN,5,5,RF,A_tiempo,575,144,multi-step-direct,-0.0001,1.0675,1.033199,0.677629,18.9248,0.171,0.2183,12.51
209,F_SIN,5,5,SVR_rbf,A_tiempo,575,144,multi-step-direct,-0.0418,1.111992,1.05451,0.692509,17.6052,96.7917,0.4146,53.482
209,F_SIN,5,5,MLP,A_tiempo,575,144,multi-step-direct,-0.0249,1.093943,1.045917,0.694048,18.8678,0.0173,0.0513,1.989
209,F_SIN,5,5,ARIMA,A_tiempo,575,144,multi-step-direct,-2.2332,3.13238,1.769853,1.619127,37.9902,0.4761,0.8816,0.857
209,F_N,5,1,LinReg,A_tiempo,576,144,multi-step-direct,-3.663,5.026509,2.241988,1.736771,35.7742,0.1649,1.0,0.463
209,F_N,5,1,DT,A_tiempo,576,144,multi-step-direct,-0.2994,1.400712,1.183517,0.757088,16.1365,0.0072,0.4813,8.553
209,F_N,5,1,RF,A_tiempo,576,144,multi-step-direct,0.0818,0.989731,0.994852,0.624493,18.9151,0.1664,0.5079,4.127
209,F_N,5,1,SVR_rbf,A_tiempo,576,144,multi-step-direct,0.0456,1.02877,1.014283,0.628356,18.4546,16.8396,0.4424,9.62
209,F_N,5,1,MLP,A_tiempo,576,144,multi-step-direct,0.018,1.058521,1.028845,0.669083,18.3142,0.0061,0.1699,0.853
209,F_N,5,1,ARIMA,A_tiempo,576,144,multi-step-direct,-2.6074,2.054191,1.433245,1.308469,20.2821,3.3018,0.8846,1.189
209,F_N,5,3,LinReg,A_tiempo,576,144,multi-step-direct,-4.1635,5.512353,2.34784,1.821637,35.5082,0.1292,1.0,3.109
209,F_N,5,3,DT,A_tiempo,576,144,multi-step-direct,-0.2615,1.346688,1.160469,0.773745,13.5461,0.007,0.3014,23.177
209,F_N,5,3,RF,A_tiempo,576,144,multi-step-direct,0.0051,1.06216,1.030612,0.674009,16.4328,0.1711,0.3109,10.761
209,F_N,5,3,SVR_rbf,A_tiempo,576,144,multi-step-direct,-0.0394,1.109592,1.053372,0.686956,15.5129,52.1334,0.4205,32.924
209,F_N,5,3,MLP,A_tiempo,576,144,multi-step-direct,-0.0133,1.081762,1.040078,0.688441,17.8592,0.0402,0.0152,3.675
209,F_N,5,3,ARIMA,A_tiempo,576,144,multi-step-direct,-3.0335,3.505481,1.872293,1.738291,38.362,1.6334,0.8846,1.764
209,F_N,5,5,LinReg,A_tiempo,575,144,multi-step-direct,-4.2686,5.6238,2.371455,1.845394,33.2326,0.29,1.0,1.778
209,F_N,5,5,DT,A_tiempo,575,144,multi-step-direct,-0.2198,1.30202,1.141061,0.7668,15.2045,0.0106,0.2735,40.665
209,F_N,5,5,RF,A_tiempo,575,144,multi-step-direct,-0.0085,1.076493,1.037542,0.681719,18.9037,0.2784,0.2227,16.481
209,F_N,5,5,SVR_rbf,A_tiempo,575,144,multi-step-direct,-0.0418,1.111999,1.054514,0.692149,17.5137,101.2995,0.4143,53.468
209,F_N,5,5,MLP,A_tiempo,575,144,multi-step-direct,-0.0247,1.093813,1.045855,0.693152,18.8737,0.0168,0.0511,1.229
209,F_N,5,5,ARIMA,A_tiempo,575,144,multi-step-direct,-2.173,3.07499,1.753565,1.600484,37.4537,0.4464,0.8846,0.803
209,F_PB,5,1,LinReg,A_tiempo,576,144,multi-step-direct,-25.8475,28.259938,5.316008,4.084006,99.4235,0.2778,1.0,1.21
209,F_PB,5,1,DT,A_tiempo,576,144,multi-step-direct,-0.2606,1.326884,1.151904,0.633316,16.1769,0.0054,0.4761,8.641
209,F_PB,5,1,RF,A_tiempo,576,144,multi-step-direct,0.043,1.007369,1.003678,0.559665,20.5511,0.1653,0.4986,2.899
209,F_PB,5,1,SVR_rbf,A_tiempo,576,144,multi-step-direct,-0.0029,1.055621,1.027434,0.54782,19.99,16.8156,0.3465,12.065
209,F_PB,5,1,MLP,A_tiempo,576,144,multi-step-direct,-0.01,1.063117,1.031075,0.610819,22.4621,0.0063,0.0049,0.45
209,F_PB,5,1,ARIMA,A_tiempo,576,144,multi-step-direct,-3.1805,2.909665,1.705774,1.567613,21.4398,4.1498,0.9034,1.494
209,F_PB,5,3,LinReg,A_tiempo,576,144,multi-step-direct,-27.4826,29.139429,5.398095,4.164903,96.9987,0.129,1.0,0.964
209,F_PB,5,3,DT,A_tiempo,576,144,multi-step-direct,-0.2729,1.302278,1.141174,0.660239,12.4772,0.0074,0.3836,24.528
209,F_PB,5,3,RF,A_tiempo,576,144,multi-step-direct,0.0138,1.008984,1.004482,0.579491,16.0756,0.1764,0.2404,9.118
209,F_PB,5,3,SVR_rbf,A_tiempo,576,144,multi-step-direct,-0.0245,1.048135,1.023785,0.560397,14.8794,54.7896,0.3347,35.593
209,F_PB,5,3,MLP,A_tiempo,576,144,multi-step-direct,-0.0074,1.030648,1.015208,0.600033,16.891,0.0115,0.0054,0.609
209,F_PB,5,3,ARIMA,A_tiempo,576,144,multi-step-direct,-2.6251,3.136985,1.771154,1.646076,30.1653,1.4042,0.9034,1.517
209,F_PB,5,5,LinReg,A_tiempo,575,144,multi-step-direct,-27.8654,29.486182,5.430118,4.194925,107.5615,0.4051,1.0,4.361
209,F_PB,5,5,DT,A_tiempo,575,144,multi-step-direct,-0.2019,1.227753,1.10804,0.644083,13.263,0.0082,0.27,39.463
209,F_PB,5,5,RF,A_tiempo,575,144,multi-step-direct,0.0027,1.018787,1.00935,0.588892,17.6632,0.1767,0.1503,17.069
209,F_PB,5,5,SVR_rbf,A_tiempo,575,144,multi-step-direct,-0.031,1.05313,1.026221,0.568151,15.9433,101.9463,0.3314,57.709
209,F_PB,5,5,MLP,A_tiempo,575,144,multi-step-direct,-0.0068,1.028448,1.014124,0.597935,18.153,0.0174,0.0083,0.866
209,F_PB,5,5,ARIMA,A_tiempo,575,144,multi-step-direct,-2.3114,3.200214,1.788914,1.663445,33.9724,0.7738,0.9034,1.393
209,F_MED,5,1,LinReg,A_tiempo,576,144,multi-step-direct,-0.1955,1.346497,1.160386,0.880904,15.4923,0.2501,1.0,0.473
209,F_MED,5,1,DT,A_tiempo,576,144,multi-step-direct,-0.1185,1.259855,1.122433,0.84456,15.604,0.005,0.7884,7.039
209,F_MED,5,1,RF,A_tiempo,576,144,multi-step-direct,0.3177,0.768503,0.876643,0.663391,14.1495,0.1696,0.8029,2.086
209,F_MED,5,1,SVR_rbf,A_tiempo,576,144,multi-step-direct,0.2862,0.803945,0.89663,0.682704,14.6345,25.1786,0.7085,11.604
209,F_MED,5,1,MLP,A_tiempo,576,144,multi-step-direct,0.2119,0.887677,0.942166,0.720257,14.2357,0.0066,0.6423,3.342
209,F_MED,5,1,ARIMA,A_tiempo,576,144,multi-step-direct,-19.2446,10.502036,3.240684,3.105766,40.2383,1.7563,0.9941,0.632
209,F_MED,5,3,LinReg,A_tiempo,576,144,multi-step-direct,-0.8049,2.111923,1.453246,1.12374,17.553,0.1305,1.0,0.868
209,F_MED,5,3,DT,A_tiempo,576,144,multi-step-direct,-0.4043,1.643242,1.28189,0.969035,15.9377,0.0071,0.5775,15.66
209,F_MED,5,3,RF,A_tiempo,576,144,multi-step-direct,0.0553,1.105433,1.051396,0.810725,17.1613,0.1672,0.6486,5.746
209,F_MED,5,3,SVR_rbf,A_tiempo,576,144,multi-step-direct,0.0289,1.136337,1.065991,0.825107,16.7214,67.2535,0.5636,31.265
209,F_MED,5,3,MLP,A_tiempo,576,144,multi-step-direct,-0.0849,1.269452,1.1267,0.876736,15.8247,0.0107,0.3822,1.174
209,F_MED,5,3,ARIMA,A_tiempo,576,144,multi-step-direct,-16.3384,16.359341,4.044668,3.90575,69.8512,0.6071,0.9941,0.656
209,F_MED,5,5,LinReg,A_tiempo,575,144,multi-step-direct,-0.9968,2.34911,1.532681,1.199712,18.1261,0.2174,1.0,1.495
209,F_MED,5,5,DT,A_tiempo,575,144,multi-step-direct,-0.5107,1.777211,1.333121,1.002226,16.8965,0.0082,0.5054,26.493
209,F_MED,5,5,RF,A_tiempo,575,144,multi-step-direct,-0.0134,1.192249,1.091902,0.848781,18.7427,0.245,0.5684,11.073
209,F_MED,5,5,SVR_rbf,A_tiempo,575,144,multi-step-direct,0.0103,1.164351,1.079051,0.840064,18.3771,101.0028,0.5164,50.778
209,F_MED,5,5,MLP,A_tiempo,575,144,multi-step-direct,-0.0509,1.236297,1.111889,0.870349,18.2965,0.0163,0.185,1.186
209,F_MED,5,5,ARIMA,A_tiempo,575,144,multi-step-direct,-13.7254,14.426369,3.798206,3.655119,69.9959,0.4112,0.9941,0.74
209,F_N+PB,5,1,LinReg,A_tiempo,576,144,multi-step-direct,-31.0168,33.701206,5.805274,4.440523,111.6785,0.2479,1.0,0.505
209,F_N+PB,5,1,DT,A_tiempo,576,144,multi-step-direct,-0.2289,1.293543,1.13734,0.620494,17.1853,0.0057,0.4735,9.401
209,F_N+PB,5,1,RF,A_tiempo,576,144,multi-step-direct,0.0487,1.001374,1.000687,0.556866,20.5117,0.1651,0.5093,2.858
209,F_N+PB,5,1,SVR_rbf,A_tiempo,576,144,multi-step-direct,-0.0029,1.055623,1.027435,0.547846,19.9899,26.5581,0.3465,12.002
209,F_N+PB,5,1,MLP,A_tiempo,576,144,multi-step-direct,-0.01,1.063129,1.031081,0.610862,22.4619,0.0129,0.0049,1.811
209,F_N+PB,5,1,ARIMA,A_tiempo,576,144,multi-step-direct,-3.1881,2.914992,1.707335,1.569237,21.442,5.854,0.9034,2.107
209,F_N+PB,5,3,LinReg,A_tiempo,576,144,multi-step-direct,-33.2038,34.992915,5.915481,4.551736,108.4181,0.1315,1.0,0.962
209,F_N+PB,5,3,DT,A_tiempo,576,144,multi-step-direct,-0.3035,1.33354,1.15479,0.661475,12.5854,0.0089,0.3831,24.188
209,F_N+PB,5,3,RF,A_tiempo,576,144,multi-step-direct,0.0159,1.006778,1.003384,0.578638,16.0891,0.174,0.2406,9.493
209,F_N+PB,5,3,SVR_rbf,A_tiempo,576,144,multi-step-direct,-0.0245,1.048148,1.023791,0.560434,14.8786,67.399,0.3347,33.472
209,F_N+PB,5,3,MLP,A_tiempo,576,144,multi-step-direct,-0.0074,1.030669,1.015219,0.600083,16.8866,0.0115,0.0054,0.639
209,F_N+PB,5,3,ARIMA,A_tiempo,576,144,multi-step-direct,-2.6314,3.142477,1.772703,1.647743,30.1779,1.8998,0.9034,2.052
209,F_N+PB,5,5,LinReg,A_tiempo,575,144,multi-step-direct,-33.9088,35.659635,5.971569,4.600701,118.1891,0.219,1.0,1.655
209,F_N+PB,5,5,DT,A_tiempo,575,144,multi-step-direct,-0.206,1.231936,1.109926,0.642804,14.3773,0.0098,0.2683,40.679
209,F_N+PB,5,5,RF,A_tiempo,575,144,multi-step-direct,0.0019,1.019568,1.009737,0.589214,17.7744,0.1687,0.1489,17.066
209,F_N+PB,5,5,SVR_rbf,A_tiempo,575,144,multi-step-direct,-0.031,1.053139,1.026226,0.568187,15.9412,95.5528,0.3315,55.073
209,F_N+PB,5,5,MLP,A_tiempo,575,144,multi-step-direct,-0.0068,1.028459,1.01413,0.597975,18.1512,0.0172,0.0083,1.83
209,F_N+PB,5,5,ARIMA,A_tiempo,575,144,multi-step-direct,-2.3155,3.204224,1.790035,1.664664,33.9845,0.7497,0.9034,1.349
209,F_N+MED,5,1,LinReg,A_tiempo,576,144,multi-step-direct,-0.0817,1.217251,1.103291,0.843255,16.0328,0.087,1.0,0.508
209,F_N+MED,5,1,DT,A_tiempo,576,144,multi-step-direct,-0.029,1.157877,1.076047,0.811411,15.0833,0.0065,0.7879,8.356
209,F_N+MED,5,1,RF,A_tiempo,576,144,multi-step-direct,0.3236,0.76118,0.872456,0.660457,14.2296,0.1738,0.8053,4.267
209,F_N+MED,5,1,SVR_rbf,A_tiempo,576,144,multi-step-direct,0.286,0.803446,0.896352,0.682126,14.6864,17.0963,0.7087,9.247
209,F_N+MED,5,1,MLP,A_tiempo,576,144,multi-step-direct,0.2014,0.898657,0.947975,0.725766,14.0832,0.0063,0.6622,1.178
209,F_N+MED,5,1,ARIMA,A_tiempo,576,144,multi-step-direct,-17.0502,9.622225,3.101971,2.962447,37.4913,2.1391,0.9952,0.77
209,F_N+MED,5,3,LinReg,A_tiempo,576,144,multi-step-direct,-0.8609,2.176772,1.475389,1.139554,16.8056,0.264,1.0,2.818
209,F_N+MED,5,3,DT,A_tiempo,576,144,multi-step-direct,-0.3954,1.632338,1.27763,0.951009,15.8318,0.0071,0.5641,23.08
209,F_N+MED,5,3,RF,A_tiempo,576,144,multi-step-direct,0.0462,1.115701,1.056268,0.813468,17.3586,0.1679,0.6521,10.388
209,F_N+MED,5,3,SVR_rbf,A_tiempo,576,144,multi-step-direct,0.0287,1.136215,1.065934,0.824988,16.766,51.3188,0.5639,31.222
209,F_N+MED,5,3,MLP,A_tiempo,576,144,multi-step-direct,-0.0819,1.265563,1.124973,0.880878,17.3021,0.0109,0.1964,0.823
209,F_N+MED,5,3,ARIMA,A_tiempo,576,144,multi-step-direct,-15.0075,15.185448,3.896851,3.753398,66.7001,1.5452,0.9952,1.669
209,F_N+MED,5,5,LinReg,A_tiempo,575,144,multi-step-direct,-1.0503,2.411319,1.552842,1.21333,18.7393,0.2178,1.0,2.38
209,F_N+MED,5,5,DT,A_tiempo,575,144,multi-step-direct,-0.4623,1.719762,1.311397,0.974875,17.2,0.0106,0.4833,39.163
209,F_N+MED,5,5,RF,A_tiempo,575,144,multi-step-direct,0.0033,1.172182,1.082673,0.841226,18.9079,0.1885,0.564,15.235
209,F_N+MED,5,5,SVR_rbf,A_tiempo,575,144,multi-step-direct,0.0099,1.164429,1.079087,0.840092,18.3135,99.4454,0.5166,51.287
209,F_N+MED,5,5,MLP,A_tiempo,575,144,multi-step-direct,-0.0503,1.235279,1.111431,0.869912,18.261,0.0179,0.1847,1.465
209,F_N+MED,5,5,ARIMA,A_tiempo,575,144,multi-step-direct,-12.5256,13.326147,3.6505,3.501524,67.0221,0.3668,0.9952,0.66
209,F_N+PB+MED,5,1,LinReg,A_tiempo,576,144,multi-step-direct,-0.9706,2.122618,1.456921,1.127389,20.5979,0.088,1.0,0.473
209,F_N+PB+MED,5,1,DT,A_tiempo,576,144,multi-step-direct,0.0814,0.989415,0.994693,0.680717,12.4064,0.0071,0.8524,8.41
209,F_N+PB+MED,5,1,RF,A_tiempo,576,144,multi-step-direct,0.4503,0.592064,0.769457,0.559098,13.1092,0.1677,0.8201,4.072
209,F_N+PB+MED,5,1,SVR_rbf,A_tiempo,576,144,multi-step-direct,0.369,0.679719,0.824451,0.579312,12.6254,16.9025,0.71,9.196
209,F_N+PB+MED,5,1,MLP,A_tiempo,576,144,multi-step-direct,0.338,0.713038,0.844416,0.621688,13.0838,0.0066,0.584,0.979
209,F_N+PB+MED,5,1,ARIMA,A_tiempo,576,144,multi-step-direct,-9.1388,11.914256,3.451703,3.240313,41.769,0.6791,0.9944,0.244
209,F_N+PB+MED,5,3,LinReg,A_tiempo,576,144,multi-step-direct,-1.7513,2.914279,1.707126,1.325697,21.7704,0.3141,1.0,1.551
209,F_N+PB+MED,5,3,DT,A_tiempo,576,144,multi-step-direct,-0.2091,1.280753,1.131704,0.787505,12.6744,0.0077,0.6799,23.869
209,F_N+PB+MED,5,3,RF,A_tiempo,576,144,multi-step-direct,0.2465,0.798084,0.893355,0.670577,14.6948,0.1777,0.7132,8.857
209,F_N+PB+MED,5,3,SVR_rbf,A_tiempo,576,144,multi-step-direct,0.1908,0.857121,0.925808,0.667578,13.8737,60.7463,0.5759,31.298
209,F_N+PB+MED,5,3,MLP,A_tiempo,576,144,multi-step-direct,0.1616,0.888073,0.942376,0.71054,14.2413,0.0112,0.3648,1.144
209,F_N+PB+MED,5,3,ARIMA,A_tiempo,576,144,multi-step-direct,-10.462,12.466142,3.530742,3.360861,62.1317,0.2497,0.9944,0.27
209,F_N+PB+MED,5,5,LinReg,A_tiempo,575,144,multi-step-direct,-2.0094,3.175105,1.781882,1.387904,25.3504,0.2151,1.0,1.833
209,F_N+PB+MED,5,5,DT,A_tiempo,575,144,multi-step-direct,-0.3565,1.431183,1.19632,0.861994,15.0979,0.0085,0.6089,39.882
209,F_N+PB+MED,5,5,RF,A_tiempo,575,144,multi-step-direct,0.1785,0.866775,0.931008,0.703078,16.8329,0.2436,0.6609,14.321
209,F_N+PB+MED,5,5,SVR_rbf,A_tiempo,575,144,multi-step-direct,0.1218,0.926534,0.962566,0.695818,16.2397,100.7654,0.5227,50.952
209,F_N+PB+MED,5,5,MLP,A_tiempo,575,144,multi-step-direct,0.1013,0.948156,0.973733,0.741301,16.1314,0.0166,0.262,1.348
209,F_N+PB+MED,5,5,ARIMA,A_tiempo,575,144,multi-step-direct,-10.5861,12.612795,3.55145,3.387308,67.8196,0.2124,0.9944,0.382
210,F_SIN,5,1,LinReg,A_tiempo,576,144,multi-step-direct,-2.2161,2.913818,1.706991,1.303309,24.1357,0.1588,1.0,2.052
210,F_SIN,5,1,DT,A_tiempo,576,144,multi-step-direct,-0.2817,1.161279,1.077627,0.644775,13.4601,0.0056,0.5085,5.648
210,F_SIN,5,1,RF,A_tiempo,576,144,multi-step-direct,0.0247,0.883622,0.940012,0.543168,16.7796,0.168,0.5254,2.172
210,F_SIN,5,1,SVR_rbf,A_tiempo,576,144,multi-step-direct,-0.0473,0.948888,0.974109,0.539692,16.8554,22.4614,0.3886,12.06
210,F_SIN,5,1,MLP,A_tiempo,576,144,multi-step-direct,-0.0332,0.93612,0.967533,0.573726,15.8099,0.0099,0.1779,0.852
210,F_SIN,5,1,ARIMA,A_tiempo,576,144,multi-step-direct,-0.4105,0.873025,0.934358,0.550477,17.727,2.0442,0.9638,0.736
210,F_SIN,5,3,LinReg,A_tiempo,576,144,multi-step-direct,-2.5907,3.356334,1.83203,1.413297,24.9959,0.129,1.0,0.903
210,F_SIN,5,3,DT,A_tiempo,576,144,multi-step-direct,-0.1504,1.075262,1.036948,0.624029,17.3446,0.0079,0.2662,14.337
210,F_SIN,5,3,RF,A_tiempo,576,144,multi-step-direct,0.0064,0.928762,0.963723,0.554411,19.7627,0.1762,0.3124,5.974
210,F_SIN,5,3,SVR_rbf,A_tiempo,576,144,multi-step-direct,-0.0398,0.97189,0.985845,0.552741,19.1713,60.5204,0.3516,35.275
210,F_SIN,5,3,MLP,A_tiempo,576,144,multi-step-direct,-0.0127,0.946633,0.97295,0.564405,20.4956,0.0114,0.0166,0.706
210,F_SIN,5,3,ARIMA,A_tiempo,576,144,multi-step-direct,-0.4976,1.27152,1.127617,0.685182,21.9983,0.7224,0.9638,0.78
210,F_SIN,5,5,LinReg,A_tiempo,575,144,multi-step-direct,-2.6711,3.435686,1.85356,1.434139,27.2562,0.2159,1.0,1.809
210,F_SIN,5,5,DT,A_tiempo,575,144,multi-step-direct,-0.1136,1.042214,1.020889,0.606728,16.5176,0.0082,0.2063,22.29
210,F_SIN,5,5,RF,A_tiempo,575,144,multi-step-direct,-0.0007,0.936539,0.96775,0.559938,19.2783,0.1937,0.2225,10.192
210,F_SIN,5,5,SVR_rbf,A_tiempo,575,144,multi-step-direct,-0.0464,0.979325,0.989608,0.560914,18.7904,100.1485,0.3447,56.156
210,F_SIN,5,5,MLP,A_tiempo,575,144,multi-step-direct,-0.0106,0.945742,0.972493,0.562723,19.5668,0.0176,0.0131,0.935
210,F_SIN,5,5,ARIMA,A_tiempo,575,144,multi-step-direct,-0.5986,1.465647,1.210639,0.762883,26.8631,0.2725,0.9638,0.491
210,F_N,5,1,LinReg,A_tiempo,576,144,multi-step-direct,-2.2444,2.939587,1.714522,1.309212,24.4218,0.3477,1.0,0.826
210,F_N,5,1,DT,A_tiempo,576,144,multi-step-direct,-0.2309,1.115247,1.056053,0.625431,13.822,0.0058,0.4574,9.184
210,F_N,5,1,RF,A_tiempo,576,144,multi-step-direct,0.0258,0.882641,0.93949,0.539656,16.7191,0.1669,0.534,2.88
210,F_N,5,1,SVR_rbf,A_tiempo,576,144,multi-step-direct,-0.0475,0.9491,0.974218,0.539266,16.8742,19.2021,0.3882,12.145
210,F_N,5,1,MLP,A_tiempo,576,144,multi-step-direct,-0.0342,0.937003,0.967989,0.573007,15.6226,0.0063,0.1784,0.966
210,F_N,5,1,ARIMA,A_tiempo,576,144,multi-step-direct,-0.351,0.835639,0.914133,0.523208,17.3426,0.7323,0.9673,0.264
210,F_N,5,3,LinReg,A_tiempo,576,144,multi-step-direct,-2.5652,3.332683,1.825564,1.406134,25.0131,0.1295,1.0,0.907
210,F_N,5,3,DT,A_tiempo,576,144,multi-step-direct,-0.0833,1.012652,1.006306,0.598228,18.4751,0.0071,0.2538,24.98
210,F_N,5,3,RF,A_tiempo,576,144,multi-step-direct,0.0081,0.927254,0.96294,0.556845,19.6542,0.1685,0.3156,8.431
210,F_N,5,3,SVR_rbf,A_tiempo,576,144,multi-step-direct,-0.0399,0.972107,0.985955,0.55231,19.199,67.5196,0.3512,34.271
210,F_N,5,3,MLP,A_tiempo,576,144,multi-step-direct,-0.0109,0.944963,0.972092,0.564283,20.5862,0.0111,0.0171,0.743
210,F_N,5,3,ARIMA,A_tiempo,576,144,multi-step-direct,-0.4438,1.225601,1.107069,0.657125,21.5005,0.2771,0.9673,0.299
210,F_N,5,5,LinReg,A_tiempo,575,144,multi-step-direct,-2.6304,3.39785,1.843326,1.423648,26.7834,0.2189,1.0,1.607
210,F_N,5,5,DT,A_tiempo,575,144,multi-step-direct,-0.1509,1.077182,1.037874,0.618048,15.5652,0.0082,0.2042,42.125
210,F_N,5,5,RF,A_tiempo,575,144,multi-step-direct,-0.002,0.937773,0.968387,0.558003,19.1896,0.1715,0.225,16.703
210,F_N,5,5,SVR_rbf,A_tiempo,575,144,multi-step-direct,-0.0466,0.979503,0.989699,0.560486,18.7769,100.8811,0.3443,56.79
210,F_N,5,5,MLP,A_tiempo,575,144,multi-step-direct,-0.011,0.94625,0.972754,0.562682,19.5251,0.016,0.0133,0.876
210,F_N,5,5,ARIMA,A_tiempo,575,144,multi-step-direct,-0.542,1.413807,1.189036,0.732715,26.4065,0.1764,0.9673,0.318
210,F_PB,5,1,LinReg,A_tiempo,576,144,multi-step-direct,-16.943,18.70233,4.324619,3.32221,78.1591,0.2557,1.0,0.41
210,F_PB,5,1,DT,A_tiempo,576,144,multi-step-direct,-0.3496,1.406711,1.186048,0.643907,12.3493,0.0065,0.5344,8.618
210,F_PB,5,1,RF,A_tiempo,576,144,multi-step-direct,0.0587,0.98109,0.9905,0.527576,17.316,0.1696,0.5641,3.998
210,F_PB,5,1,SVR_rbf,A_tiempo,576,144,multi-step-direct,-0.0183,1.061418,1.030251,0.496977,19.0225,16.6585,0.3206,9.94
210,F_PB,5,1,MLP,A_tiempo,576,144,multi-step-direct,-0.0164,1.059377,1.02926,0.547595,19.432,0.0081,0.0074,0.454
210,F_PB,5,1,ARIMA,A_tiempo,576,144,multi-step-direct,-0.665,1.237714,1.112526,0.715328,21.0397,2.7122,0.9775,0.976
210,F_PB,5,3,LinReg,A_tiempo,576,144,multi-step-direct,-17.6386,19.978329,4.469712,3.50293,73.9744,0.2158,1.0,2.868
210,F_PB,5,3,DT,A_tiempo,576,144,multi-step-direct,-0.3384,1.434622,1.197757,0.662829,15.8573,0.0071,0.3598,23.239
210,F_PB,5,3,RF,A_tiempo,576,144,multi-step-direct,0.019,1.051534,1.025443,0.541757,21.1676,0.172,0.3167,10.615
210,F_PB,5,3,SVR_rbf,A_tiempo,576,144,multi-step-direct,-0.0336,1.107907,1.052572,0.526164,21.5799,50.0476,0.3078,33.583
210,F_PB,5,3,MLP,A_tiempo,576,144,multi-step-direct,-0.0088,1.081301,1.039856,0.545471,22.5214,0.0114,0.0045,0.745
210,F_PB,5,3,ARIMA,A_tiempo,576,144,multi-step-direct,-0.5713,1.600153,1.264972,0.782175,24.6785,2.2156,0.9775,2.393
210,F_PB,5,5,LinReg,A_tiempo,575,144,multi-step-direct,-17.7501,20.045928,4.477268,3.52195,80.7314,0.2168,1.0,2.246
210,F_PB,5,5,DT,A_tiempo,575,144,multi-step-direct,-0.1994,1.282326,1.132399,0.628612,17.642,0.0098,0.2398,39.235
210,F_PB,5,5,RF,A_tiempo,575,144,multi-step-direct,0.0083,1.060247,1.029683,0.539891,20.7269,0.2658,0.2008,16.471
210,F_PB,5,5,SVR_rbf,A_tiempo,575,144,multi-step-direct,-0.0401,1.111978,1.054504,0.53192,21.075,100.1894,0.3042,56.984
210,F_PB,5,5,MLP,A_tiempo,575,144,multi-step-direct,-0.009,1.078703,1.038606,0.54429,21.3015,0.0168,0.0064,0.902
210,F_PB,5,5,ARIMA,A_tiempo,575,144,multi-step-direct,-0.5577,1.714154,1.309257,0.80353,29.1814,0.5194,0.9775,0.935
210,F_MED,5,1,LinReg,A_tiempo,576,144,multi-step-direct,-1.9502,2.028672,1.424315,1.10146,18.2662,0.2631,1.0,0.701
210,F_MED,5,1,DT,A_tiempo,576,144,multi-step-direct,-0.2906,0.887455,0.942048,0.677211,12.7872,0.0056,0.6534,6.581
210,F_MED,5,1,RF,A_tiempo,576,144,multi-step-direct,0.0282,0.668259,0.817471,0.595445,13.6607,0.164,0.6857,2.132
210,F_MED,5,1,SVR_rbf,A_tiempo,576,144,multi-step-direct,-0.0057,0.69157,0.831607,0.607098,13.5596,23.8075,0.6216,11.678
210,F_MED,5,1,MLP,A_tiempo,576,144,multi-step-direct,-0.0958,0.753522,0.868056,0.64977,13.5807,0.0065,0.414,3.386
210,F_MED,5,1,ARIMA,A_tiempo,576,144,multi-step-direct,-4.9825,1.986664,1.409491,1.286307,26.7432,0.986,0.9815,0.355
210,F_MED,5,3,LinReg,A_tiempo,576,144,multi-step-direct,-3.3697,3.021099,1.738131,1.341345,24.0289,0.1297,1.0,0.912
210,F_MED,5,3,DT,A_tiempo,576,144,multi-step-direct,-0.3299,0.919466,0.958888,0.692181,12.997,0.0069,0.5443,13.358
210,F_MED,5,3,RF,A_tiempo,576,144,multi-step-direct,0.0104,0.684179,0.827151,0.614358,14.4941,0.1712,0.4856,5.469
210,F_MED,5,3,SVR_rbf,A_tiempo,576,144,multi-step-direct,-0.0249,0.708608,0.841789,0.623385,13.7329,63.944,0.4425,31.237
210,F_MED,5,3,MLP,A_tiempo,576,144,multi-step-direct,-0.068,0.738356,0.859276,0.646898,14.4172,0.0113,0.2307,1.51
210,F_MED,5,3,ARIMA,A_tiempo,576,144,multi-step-direct,-5.4096,2.55648,1.5989,1.468886,35.0271,0.3747,0.9815,0.405
210,F_MED,5,5,LinReg,A_tiempo,575,144,multi-step-direct,-3.8885,3.405693,1.845452,1.413877,24.6145,0.2235,1.0,1.579
210,F_MED,5,5,DT,A_tiempo,575,144,multi-step-direct,-0.3298,0.926436,0.962516,0.693875,12.6636,0.0078,0.4558,19.399
210,F_MED,5,5,RF,A_tiempo,575,144,multi-step-direct,-0.0004,0.696972,0.834848,0.623181,13.4914,0.2476,0.3968,11.007
210,F_MED,5,5,SVR_rbf,A_tiempo,575,144,multi-step-direct,-0.0503,0.731734,0.855415,0.64059,12.4772,100.4857,0.4039,50.532
210,F_MED,5,5,MLP,A_tiempo,575,144,multi-step-direct,-0.0329,0.719577,0.848279,0.639735,14.0053,0.0166,0.021,0.767
210,F_MED,5,5,ARIMA,A_tiempo,575,144,multi-step-direct,-5.5725,3.056299,1.748227,1.609748,38.9554,0.1955,0.9815,0.352
210,F_N+PB,5,1,LinReg,A_tiempo,576,144,multi-step-direct,-21.3493,23.295197,4.82651,3.710628,90.8669,0.3202,1.0,0.951
210,F_N+PB,5,1,DT,A_tiempo,576,144,multi-step-direct,-0.3891,1.447874,1.203276,0.652705,13.3314,0.0049,0.5382,9.056
210,F_N+PB,5,1,RF,A_tiempo,576,144,multi-step-direct,0.0531,0.987022,0.99349,0.529962,17.6524,0.1664,0.5575,2.8
210,F_N+PB,5,1,SVR_rbf,A_tiempo,576,144,multi-step-direct,-0.0183,1.061422,1.030253,0.496991,19.0227,19.0119,0.3206,12.058
210,F_N+PB,5,1,MLP,A_tiempo,576,144,multi-step-direct,-0.0164,1.059411,1.029277,0.547623,19.4235,0.0063,0.0089,0.458
210,F_N+PB,5,1,ARIMA,A_tiempo,576,144,multi-step-direct,-0.634,1.214689,1.102129,0.700197,20.8389,2.7429,0.9775,0.987
210,F_N+PB,5,3,LinReg,A_tiempo,576,144,multi-step-direct,-22.4015,25.083624,5.008355,3.923567,83.2531,0.2502,1.0,0.83
210,F_N+PB,5,3,DT,A_tiempo,576,144,multi-step-direct,-0.3701,1.46857,1.211846,0.673099,13.6918,0.0075,0.3645,24.504
210,F_N+PB,5,3,RF,A_tiempo,576,144,multi-step-direct,0.0145,1.056326,1.027777,0.544163,21.1213,0.1841,0.3144,8.134
210,F_N+PB,5,3,SVR_rbf,A_tiempo,576,144,multi-step-direct,-0.0336,1.10791,1.052573,0.526177,21.5804,66.6679,0.3078,34.098
210,F_N+PB,5,3,MLP,A_tiempo,576,144,multi-step-direct,-0.0088,1.081289,1.03985,0.54546,22.5207,0.0111,0.0046,0.68
210,F_N+PB,5,3,ARIMA,A_tiempo,576,144,multi-step-direct,-0.5463,1.57477,1.254899,0.768034,24.4414,0.9245,0.9775,0.999
210,F_N+PB,5,5,LinReg,A_tiempo,575,144,multi-step-direct,-22.446,25.066473,5.006643,3.943527,91.2452,0.2172,1.0,1.485
210,F_N+PB,5,5,DT,A_tiempo,575,144,multi-step-direct,-0.2717,1.359574,1.166008,0.64276,17.3998,0.0104,0.2372,40.367
210,F_N+PB,5,5,RF,A_tiempo,575,144,multi-step-direct,0.009,1.059465,1.029303,0.540182,20.8207,0.1731,0.1995,16.448
210,F_N+PB,5,5,SVR_rbf,A_tiempo,575,144,multi-step-direct,-0.0401,1.111983,1.054506,0.531932,21.0744,96.5084,0.3042,55.369
210,F_N+PB,5,5,MLP,A_tiempo,575,144,multi-step-direct,-0.009,1.078696,1.038603,0.544299,21.2988,0.0153,0.0064,1.48
210,F_N+PB,5,5,ARIMA,A_tiempo,575,144,multi-step-direct,-0.5342,1.68833,1.299357,0.790682,28.9573,0.6373,0.9775,1.147
210,F_N+MED,5,1,LinReg,A_tiempo,576,144,multi-step-direct,-1.8231,1.937954,1.392104,1.071997,17.5182,0.2181,1.0,0.458
210,F_N+MED,5,1,DT,A_tiempo,576,144,multi-step-direct,-0.2456,0.855065,0.924697,0.674357,13.2763,0.0062,0.7014,8.498
210,F_N+MED,5,1,RF,A_tiempo,576,144,multi-step-direct,0.0232,0.670574,0.818886,0.600104,13.8623,0.166,0.6897,4.348
210,F_N+MED,5,1,SVR_rbf,A_tiempo,576,144,multi-step-direct,-0.0052,0.690033,0.830682,0.607007,13.5367,16.8166,0.6214,9.211
210,F_N+MED,5,1,MLP,A_tiempo,576,144,multi-step-direct,-0.0875,0.746572,0.864044,0.647215,13.5273,0.0067,0.4099,0.798
210,F_N+MED,5,1,ARIMA,A_tiempo,576,144,multi-step-direct,-5.0412,2.087618,1.444859,1.319868,27.4143,0.7301,0.9823,0.263
210,F_N+MED,5,3,LinReg,A_tiempo,576,144,multi-step-direct,-3.3694,3.016238,1.736732,1.332417,24.039,0.326,1.0,2.318
210,F_N+MED,5,3,DT,A_tiempo,576,144,multi-step-direct,-0.2962,0.894794,0.945935,0.684243,13.6612,0.0068,0.5116,23.656
210,F_N+MED,5,3,RF,A_tiempo,576,144,multi-step-direct,0.0047,0.687067,0.828895,0.616623,14.4739,0.1672,0.4899,10.886
210,F_N+MED,5,3,SVR_rbf,A_tiempo,576,144,multi-step-direct,-0.0253,0.707788,0.841302,0.623539,13.716,50.2726,0.443,31.271
210,F_N+MED,5,3,MLP,A_tiempo,576,144,multi-step-direct,-0.0611,0.732455,0.855836,0.644405,14.542,0.011,0.2109,0.86
210,F_N+MED,5,3,ARIMA,A_tiempo,576,144,multi-step-direct,-5.5891,2.651833,1.628445,1.499792,35.6888,0.2923,0.9823,0.316
210,F_N+MED,5,5,LinReg,A_tiempo,575,144,multi-step-direct,-4.0463,3.510391,1.873604,1.428325,24.0454,0.2186,1.0,3.474
210,F_N+MED,5,5,DT,A_tiempo,575,144,multi-step-direct,-0.218,0.84727,0.920473,0.670752,13.1347,0.0098,0.4194,40.958
210,F_N+MED,5,5,RF,A_tiempo,575,144,multi-step-direct,-0.0009,0.696293,0.834442,0.624504,13.8424,0.2606,0.3934,17.09
210,F_N+MED,5,5,SVR_rbf,A_tiempo,575,144,multi-step-direct,-0.0509,0.731019,0.854996,0.640808,12.4382,100.505,0.4046,51.708
210,F_N+MED,5,5,MLP,A_tiempo,575,144,multi-step-direct,-0.0315,0.717555,0.847086,0.639311,14.0373,0.0158,0.0232,0.793
210,F_N+MED,5,5,ARIMA,A_tiempo,575,144,multi-step-direct,-5.7895,3.146602,1.773866,1.638033,39.5318,0.2684,0.9823,0.483
210,F_N+PB+MED,5,1,LinReg,A_tiempo,576,144,multi-step-direct,-1.7184,3.042326,1.744227,1.341509,22.039,0.1988,1.0,0.479
210,F_N+PB+MED,5,1,DT,A_tiempo,576,144,multi-step-direct,-0.1965,1.339071,1.157182,0.757562,17.3841,0.0074,0.577,9.256
210,F_N+PB+MED,5,1,RF,A_tiempo,576,144,multi-step-direct,0.1277,0.976271,0.988064,0.654432,19.3225,0.5001,0.6126,3.276
210,F_N+PB+MED,5,1,SVR_rbf,A_tiempo,576,144,multi-step-direct,0.0741,1.036259,1.017968,0.681508,19.2365,16.9249,0.5248,10.757
210,F_N+PB+MED,5,1,MLP,A_tiempo,576,144,multi-step-direct,-0.0211,1.142739,1.06899,0.761418,21.6949,0.007,0.0114,2.414
210,F_N+PB+MED,5,1,ARIMA,A_tiempo,576,144,multi-step-direct,-4.2787,3.34402,1.828666,1.646368,34.6965,4.4092,0.9759,1.587
210,F_N+PB+MED,5,3,LinReg,A_tiempo,576,144,multi-step-direct,-2.1692,3.463665,1.861092,1.445249,22.5053,0.1354,1.0,0.916
210,F_N+PB+MED,5,3,DT,A_tiempo,576,144,multi-step-direct,-0.2122,1.324804,1.151001,0.775617,18.6138,0.0074,0.2953,23.569
210,F_N+PB+MED,5,3,RF,A_tiempo,576,144,multi-step-direct,0.0524,1.035683,1.017685,0.70601,18.6165,0.1675,0.4329,10.646
210,F_N+PB+MED,5,3,SVR_rbf,A_tiempo,576,144,multi-step-direct,0.0046,1.087868,1.043009,0.725263,17.9643,52.9036,0.4647,31.64
210,F_N+PB+MED,5,3,MLP,A_tiempo,576,144,multi-step-direct,-0.0123,1.106338,1.051826,0.74483,20.4178,0.047,0.0096,3.191
210,F_N+PB+MED,5,3,ARIMA,A_tiempo,576,144,multi-step-direct,-3.8301,3.608678,1.899652,1.691615,41.3781,1.2048,0.9759,1.301
210,F_N+PB+MED,5,5,LinReg,A_tiempo,575,144,multi-step-direct,-2.4042,3.685378,1.919734,1.497928,24.6404,0.2173,1.0,1.545
210,F_N+PB+MED,5,5,DT,A_tiempo,575,144,multi-step-direct,-0.1807,1.278185,1.130568,0.778659,15.1272,0.0097,0.2522,40.479
210,F_N+PB+MED,5,5,RF,A_tiempo,575,144,multi-step-direct,0.032,1.047947,1.023693,0.717433,16.9823,0.2517,0.3179,16.301
210,F_N+PB+MED,5,5,SVR_rbf,A_tiempo,575,144,multi-step-direct,-0.0151,1.098907,1.048287,0.736299,16.0467,100.497,0.4381,51.97
210,F_N+PB+MED,5,5,MLP,A_tiempo,575,144,multi-step-direct,-0.0122,1.095792,1.046801,0.744035,18.1229,0.0174,0.0129,0.986
210,F_N+PB+MED,5,5,ARIMA,A_tiempo,575,144,multi-step-direct,-3.4076,3.820367,1.954576,1.718605,43.8152,0.319,0.9759,0.574
212,F_SIN,5,1,LinReg,A_tiempo,576,144,multi-step-direct,-3.221,4.527986,2.127906,1.664883,31.5848,0.2664,1.0,0.498
212,F_SIN,5,1,DT,A_tiempo,576,144,multi-step-direct,-0.0586,1.135636,1.065662,0.682954,17.3145,0.0058,0.5738,7.717
212,F_SIN,5,1,RF,A_tiempo,576,144,multi-step-direct,0.1724,0.887752,0.942206,0.601176,20.1418,0.1767,0.5984,2.307
212,F_SIN,5,1,SVR_rbf,A_tiempo,576,144,multi-step-direct,0.1226,0.941263,0.970187,0.583681,19.0014,16.9053,0.5315,10.734
212,F_SIN,5,1,MLP,A_tiempo,576,144,multi-step-direct,0.117,0.947241,0.973263,0.649012,18.1756,0.0107,0.2383,4.771
212,F_SIN,5,1,ARIMA,A_tiempo,576,144,multi-step-direct,-0.5905,1.000001,1.000001,0.830458,18.9662,2.8276,0.9256,1.018
212,F_SIN,5,3,LinReg,A_tiempo,576,144,multi-step-direct,-4.0621,5.345239,2.311977,1.810123,33.3276,0.1277,1.0,0.949
212,F_SIN,5,3,DT,A_tiempo,576,144,multi-step-direct,-0.1946,1.261429,1.123134,0.745536,14.8802,0.0071,0.4154,18.068
212,F_SIN,5,3,RF,A_tiempo,576,144,multi-step-direct,0.0713,0.980617,0.990261,0.643389,18.7934,0.1812,0.4225,8.287
212,F_SIN,5,3,SVR_rbf,A_tiempo,576,144,multi-step-direct,0.0347,1.019333,1.00962,0.635985,17.4043,56.3388,0.4928,31.871
212,F_SIN,5,3,MLP,A_tiempo,576,144,multi-step-direct,0.0179,1.037037,1.01835,0.681432,17.8183,0.0114,0.1192,1.168
212,F_SIN,5,3,ARIMA,A_tiempo,576,144,multi-step-direct,-0.1995,0.980505,0.990204,0.776818,21.7923,0.5653,0.9256,0.611
212,F_SIN,5,5,LinReg,A_tiempo,575,144,multi-step-direct,-4.4331,5.6516,2.377309,1.863002,33.4535,0.4167,1.0,2.124
212,F_SIN,5,5,DT,A_tiempo,575,144,multi-step-direct,-0.1971,1.245246,1.115906,0.74087,17.6038,0.0111,0.3183,29.242
212,F_SIN,5,5,RF,A_tiempo,575,144,multi-step-direct,0.0341,1.004727,1.002361,0.660812,21.3004,0.175,0.2925,13.247
212,F_SIN,5,5,SVR_rbf,A_tiempo,575,144,multi-step-direct,-0.0028,1.043107,1.021326,0.657643,19.7498,95.9735,0.4789,51.623
212,F_SIN,5,5,MLP,A_tiempo,575,144,multi-step-direct,-0.0033,1.043627,1.02158,0.685299,21.8729,0.016,0.0178,1.806
212,F_SIN,5,5,ARIMA,A_tiempo,575,144,multi-step-direct,-0.2088,1.007954,1.003969,0.791086,23.9443,0.326,0.9256,0.587
212,F_N,5,1,LinReg,A_tiempo,576,144,multi-step-direct,-3.2364,4.545988,2.132132,1.667183,31.4773,0.087,1.0,0.466
212,F_N,5,1,DT,A_tiempo,576,144,multi-step-direct,-0.0611,1.138664,1.067082,0.695331,16.6071,0.0069,0.5224,8.146
212,F_N,5,1,RF,A_tiempo,576,144,multi-step-direct,0.1793,0.880702,0.938457,0.596103,19.8246,0.1645,0.5969,4.734
212,F_N,5,1,SVR_rbf,A_tiempo,576,144,multi-step-direct,0.1229,0.941216,0.970163,0.583176,18.9644,16.8502,0.5315,9.238
212,F_N,5,1,MLP,A_tiempo,576,144,multi-step-direct,0.12,0.944339,0.971771,0.646551,18.1814,0.0063,0.2209,0.925
212,F_N,5,1,ARIMA,A_tiempo,576,144,multi-step-direct,-0.252,0.787044,0.887155,0.69624,16.6828,1.5566,0.9292,0.56
212,F_N,5,3,LinReg,A_tiempo,576,144,multi-step-direct,-4.1584,5.44856,2.334215,1.828991,34.3563,0.2905,1.0,1.892
212,F_N,5,3,DT,A_tiempo,576,144,multi-step-direct,-0.165,1.230519,1.109287,0.732325,16.0511,0.007,0.4309,23.883
212,F_N,5,3,RF,A_tiempo,576,144,multi-step-direct,0.0586,0.994342,0.997167,0.649313,18.9628,0.1775,0.4134,10.189
212,F_N,5,3,SVR_rbf,A_tiempo,576,144,multi-step-direct,0.035,1.019301,1.009604,0.635617,17.4299,53.8102,0.4927,31.615
212,F_N,5,3,MLP,A_tiempo,576,144,multi-step-direct,0.0186,1.036644,1.018157,0.681195,17.8894,0.0138,0.1198,1.207
212,F_N,5,3,ARIMA,A_tiempo,576,144,multi-step-direct,-0.0451,0.854172,0.924214,0.681178,20.3793,0.5227,0.9292,0.564
212,F_N,5,5,LinReg,A_tiempo,575,144,multi-step-direct,-4.5527,5.777599,2.403664,1.885983,34.4855,0.4012,1.0,4.416
212,F_N,5,5,DT,A_tiempo,575,144,multi-step-direct,-0.2335,1.28351,1.132921,0.758726,16.8382,0.0081,0.3236,38.836
212,F_N,5,5,RF,A_tiempo,575,144,multi-step-direct,0.0328,1.006335,1.003162,0.659653,21.2201,0.1777,0.296,16.028
212,F_N,5,5,SVR_rbf,A_tiempo,575,144,multi-step-direct,-0.0025,1.043095,1.02132,0.657328,19.7087,98.4658,0.4788,52.137
212,F_N,5,5,MLP,A_tiempo,575,144,multi-step-direct,-0.0033,1.043897,1.021713,0.68523,21.8326,0.0162,0.0178,1.273
212,F_N,5,5,ARIMA,A_tiempo,575,144,multi-step-direct,-0.0504,0.875956,0.935925,0.69516,22.4209,0.3461,0.9292,0.623
212,F_PB,5,1,LinReg,A_tiempo,576,144,multi-step-direct,-18.9957,18.384612,4.287728,3.350568,80.9725,0.2662,1.0,0.447
212,F_PB,5,1,DT,A_tiempo,576,144,multi-step-direct,-0.071,0.984672,0.992307,0.560511,15.5553,0.0068,0.5257,8.343
212,F_PB,5,1,RF,A_tiempo,576,144,multi-step-direct,0.1306,0.799361,0.89407,0.501811,18.7662,0.169,0.6187,4.462
212,F_PB,5,1,SVR_rbf,A_tiempo,576,144,multi-step-direct,-0.0136,0.931975,0.965389,0.536632,18.6644,16.7299,0.4546,9.423
212,F_PB,5,1,MLP,A_tiempo,576,144,multi-step-direct,-0.0089,0.927648,0.963145,0.588868,19.2946,0.006,0.1135,0.666
212,F_PB,5,1,ARIMA,A_tiempo,576,144,multi-step-direct,-0.0771,0.816933,0.903843,0.541033,14.4852,4.3774,0.9514,1.576
212,F_PB,5,3,LinReg,A_tiempo,576,144,multi-step-direct,-22.566,21.956871,4.685816,3.667934,88.0758,0.3019,1.0,2.876
212,F_PB,5,3,DT,A_tiempo,576,144,multi-step-direct,-0.1992,1.117338,1.057042,0.644115,13.6514,0.0069,0.375,23.205
212,F_PB,5,3,RF,A_tiempo,576,144,multi-step-direct,0.042,0.892605,0.944778,0.558409,18.0726,0.1689,0.4416,10.191
212,F_PB,5,3,SVR_rbf,A_tiempo,576,144,multi-step-direct,-0.051,0.979273,0.989582,0.570022,17.3273,50.3618,0.4194,32.632
212,F_PB,5,3,MLP,A_tiempo,576,144,multi-step-direct,-0.0092,0.940261,0.969671,0.597919,19.6086,0.0115,0.0097,0.666
212,F_PB,5,3,ARIMA,A_tiempo,576,144,multi-step-direct,-0.1012,1.065461,1.032212,0.650595,21.0947,3.4453,0.9514,3.721
212,F_PB,5,5,LinReg,A_tiempo,575,144,multi-step-direct,-24.3218,23.615903,4.85962,3.797918,85.1477,0.2156,1.0,1.519
212,F_PB,5,5,DT,A_tiempo,575,144,multi-step-direct,-0.238,1.15457,1.074509,0.664337,17.7605,0.0095,0.3425,38.899
212,F_PB,5,5,RF,A_tiempo,575,144,multi-step-direct,0.0133,0.920268,0.959306,0.579531,21.5894,0.1676,0.3276,15.216
212,F_PB,5,5,SVR_rbf,A_tiempo,575,144,multi-step-direct,-0.0695,0.997478,0.998738,0.583468,20.819,100.7552,0.4082,55.483
212,F_PB,5,5,MLP,A_tiempo,575,144,multi-step-direct,-0.0089,0.940891,0.969996,0.598449,22.5568,0.025,0.013,0.876
212,F_PB,5,5,ARIMA,A_tiempo,575,144,multi-step-direct,-0.1032,1.094743,1.0463,0.666673,23.0,1.1269,0.9514,2.028
212,F_MED,5,1,LinReg,A_tiempo,576,144,multi-step-direct,-0.0982,1.216203,1.102816,0.835423,16.9607,0.082,1.0,0.5
212,F_MED,5,1,DT,A_tiempo,576,144,multi-step-direct,0.0935,1.003825,1.001911,0.739052,15.7392,0.0056,0.8259,7.534
212,F_MED,5,1,RF,A_tiempo,576,144,multi-step-direct,0.4649,0.59253,0.76976,0.551535,15.4954,0.1686,0.8099,2.151
212,F_MED,5,1,SVR_rbf,A_tiempo,576,144,multi-step-direct,0.3623,0.706197,0.840355,0.565858,15.2143,17.6735,0.7368,11.068
212,F_MED,5,1,MLP,A_tiempo,576,144,multi-step-direct,0.4427,0.617217,0.785632,0.599694,12.8681,0.0115,0.686,5.139
212,F_MED,5,1,ARIMA,A_tiempo,576,144,multi-step-direct,-1.4579,1.53389,1.238503,1.093208,23.4789,0.9452,0.9841,0.34
212,F_MED,5,3,LinReg,A_tiempo,576,144,multi-step-direct,-0.7972,1.899256,1.378135,1.032147,18.4756,0.1309,1.0,0.927
212,F_MED,5,3,DT,A_tiempo,576,144,multi-step-direct,-0.2528,1.323968,1.150638,0.815639,15.3934,0.0065,0.6253,17.429
212,F_MED,5,3,RF,A_tiempo,576,144,multi-step-direct,0.1848,0.8615,0.92817,0.658338,16.1265,0.1755,0.6734,6.596
212,F_MED,5,3,SVR_rbf,A_tiempo,576,144,multi-step-direct,0.1385,0.910425,0.954162,0.664608,14.8942,67.6924,0.5919,30.439
212,F_MED,5,3,MLP,A_tiempo,576,144,multi-step-direct,0.156,0.891904,0.944407,0.683393,15.2852,0.0102,0.4062,1.334
212,F_MED,5,3,ARIMA,A_tiempo,576,144,multi-step-direct,-0.615,1.251319,1.118624,0.965421,24.4613,0.3491,0.9841,0.377
212,F_MED,5,5,LinReg,A_tiempo,575,144,multi-step-direct,-1.1918,2.246669,1.498889,1.121964,19.2627,0.2135,1.0,1.838
212,F_MED,5,5,DT,A_tiempo,575,144,multi-step-direct,-0.2218,1.252453,1.119131,0.808799,15.1436,0.0106,0.5446,29.367
212,F_MED,5,5,RF,A_tiempo,575,144,multi-step-direct,0.0875,0.935335,0.967127,0.69774,17.0598,0.1782,0.5984,12.127
212,F_MED,5,5,SVR_rbf,A_tiempo,575,144,multi-step-direct,0.0629,0.960554,0.980078,0.698152,15.7093,100.7681,0.5342,50.083
212,F_MED,5,5,MLP,A_tiempo,575,144,multi-step-direct,0.0672,0.956131,0.97782,0.711763,15.2892,0.0165,0.2583,1.523
212,F_MED,5,5,ARIMA,A_tiempo,575,144,multi-step-direct,-0.645,1.299006,1.139739,0.984493,26.3773,0.2182,0.9841,0.393
212,F_N+PB,5,1,LinReg,A_tiempo,576,144,multi-step-direct,-23.8381,22.836658,4.778772,3.715928,93.62,0.1708,1.0,2.137
212,F_N+PB,5,1,DT,A_tiempo,576,144,multi-step-direct,-0.0415,0.957555,0.978547,0.553005,15.6156,0.0054,0.527,8.153
212,F_N+PB,5,1,RF,A_tiempo,576,144,multi-step-direct,0.1251,0.804416,0.896892,0.501872,18.7613,0.1667,0.6222,3.003
212,F_N+PB,5,1,SVR_rbf,A_tiempo,576,144,multi-step-direct,-0.0136,0.931956,0.965379,0.536666,18.6621,17.1552,0.4547,11.663
212,F_N+PB,5,1,MLP,A_tiempo,576,144,multi-step-direct,-0.0086,0.927334,0.962982,0.58857,19.2359,0.0062,0.1172,0.711
212,F_N+PB,5,1,ARIMA,A_tiempo,576,144,multi-step-direct,-0.0842,0.822286,0.9068,0.540363,14.4806,4.8941,0.9514,1.762
212,F_N+PB,5,3,LinReg,A_tiempo,576,144,multi-step-direct,-27.4949,26.549366,5.152608,4.026544,100.2247,0.1289,1.0,0.938
212,F_N+PB,5,3,DT,A_tiempo,576,144,multi-step-direct,-0.2104,1.127755,1.061958,0.645838,14.2272,0.0072,0.375,24.382
212,F_N+PB,5,3,RF,A_tiempo,576,144,multi-step-direct,0.0414,0.893188,0.945086,0.559514,18.3158,0.1718,0.4407,8.832
212,F_N+PB,5,3,SVR_rbf,A_tiempo,576,144,multi-step-direct,-0.051,0.979275,0.989583,0.570072,17.3275,56.7438,0.4195,34.095
212,F_N+PB,5,3,MLP,A_tiempo,576,144,multi-step-direct,-0.0092,0.940249,0.969664,0.597952,19.613,0.0111,0.0097,0.688
212,F_N+PB,5,3,ARIMA,A_tiempo,576,144,multi-step-direct,-0.1086,1.072648,1.035687,0.652507,21.106,1.652,0.9514,1.784
212,F_N+PB,5,5,LinReg,A_tiempo,575,144,multi-step-direct,-29.7563,28.684123,5.355756,4.177226,95.3393,0.3411,1.0,5.078
212,F_N+PB,5,5,DT,A_tiempo,575,144,multi-step-direct,-0.201,1.120127,1.05836,0.654113,17.3563,0.0083,0.3407,38.91
212,F_N+PB,5,5,RF,A_tiempo,575,144,multi-step-direct,0.0127,0.920812,0.95959,0.579997,21.5598,0.1745,0.3288,15.566
212,F_N+PB,5,5,SVR_rbf,A_tiempo,575,144,multi-step-direct,-0.0695,0.997477,0.998738,0.583505,20.8178,100.359,0.4082,55.644
212,F_N+PB,5,5,MLP,A_tiempo,575,144,multi-step-direct,-0.0086,0.940628,0.96986,0.598552,22.5862,0.0166,0.0105,0.905
212,F_N+PB,5,5,ARIMA,A_tiempo,575,144,multi-step-direct,-0.1131,1.104556,1.050978,0.669692,23.0063,0.8895,0.9514,1.601
212,F_N+MED,5,1,LinReg,A_tiempo,576,144,multi-step-direct,-0.1148,1.236908,1.112163,0.838624,17.0548,0.2449,1.0,0.458
212,F_N+MED,5,1,DT,A_tiempo,576,144,multi-step-direct,0.1667,0.924534,0.961527,0.71008,15.534,0.0071,0.8292,9.321
212,F_N+MED,5,1,RF,A_tiempo,576,144,multi-step-direct,0.4492,0.611167,0.781772,0.560502,15.6669,0.1641,0.8056,2.622
212,F_N+MED,5,1,SVR_rbf,A_tiempo,576,144,multi-step-direct,0.3623,0.707499,0.841129,0.566939,15.2583,19.1684,0.7369,11.213
212,F_N+MED,5,1,MLP,A_tiempo,576,144,multi-step-direct,0.4582,0.601121,0.77532,0.584222,12.6354,0.0215,0.6507,4.287
212,F_N+MED,5,1,ARIMA,A_tiempo,576,144,multi-step-direct,-0.8182,1.136931,1.06627,0.91503,20.1149,1.9214,0.9844,0.692
212,F_N+MED,5,3,LinReg,A_tiempo,576,144,multi-step-direct,-0.8218,1.927637,1.388394,1.050841,18.3484,0.1279,1.0,0.856
212,F_N+MED,5,3,DT,A_tiempo,576,144,multi-step-direct,-0.2539,1.32673,1.151838,0.832189,15.2192,0.0086,0.6245,22.925
212,F_N+MED,5,3,RF,A_tiempo,576,144,multi-step-direct,0.1766,0.871226,0.933395,0.66396,16.4607,0.165,0.6762,9.289
212,F_N+MED,5,3,SVR_rbf,A_tiempo,576,144,multi-step-direct,0.1385,0.91149,0.95472,0.665468,14.9072,50.7282,0.5919,31.17
212,F_N+MED,5,3,MLP,A_tiempo,576,144,multi-step-direct,0.1282,0.922383,0.960408,0.696544,15.6011,0.0118,0.3495,4.839
212,F_N+MED,5,3,ARIMA,A_tiempo,576,144,multi-step-direct,-0.2604,0.976268,0.988063,0.824559,21.5599,0.9396,0.9844,1.015
212,F_N+MED,5,5,LinReg,A_tiempo,575,144,multi-step-direct,-1.23,2.288074,1.512638,1.140138,19.9701,0.2877,1.0,1.834
212,F_N+MED,5,5,DT,A_tiempo,575,144,multi-step-direct,-0.3215,1.355922,1.164441,0.847471,15.1961,0.01,0.5602,39.08
212,F_N+MED,5,5,RF,A_tiempo,575,144,multi-step-direct,0.0855,0.938265,0.968641,0.699864,17.0817,0.2407,0.5956,13.254
212,F_N+MED,5,5,SVR_rbf,A_tiempo,575,144,multi-step-direct,0.0627,0.961693,0.98066,0.698857,15.6697,100.4776,0.5343,53.013
212,F_N+MED,5,5,MLP,A_tiempo,575,144,multi-step-direct,0.0586,0.965942,0.982824,0.715272,15.175,0.0165,0.2707,1.552
212,F_N+MED,5,5,ARIMA,A_tiempo,575,144,multi-step-direct,-0.2854,1.007966,1.003975,0.843334,23.1885,0.3317,0.9844,0.597
212,F_N+PB+MED,5,1,LinReg,A_tiempo,576,144,multi-step-direct,-0.5124,1.027051,1.013435,0.756511,15.1588,0.0874,1.0,0.449
212,F_N+PB+MED,5,1,DT,A_tiempo,576,144,multi-step-direct,0.1137,0.601891,0.775816,0.532013,12.1068,0.0073,0.8933,9.35
212,F_N+PB+MED,5,1,RF,A_tiempo,576,144,multi-step-direct,0.524,0.32325,0.568551,0.410752,10.6754,0.1646,0.8764,2.585
212,F_N+PB+MED,5,1,SVR_rbf,A_tiempo,576,144,multi-step-direct,0.3626,0.432853,0.657916,0.464798,11.6902,17.0219,0.7291,10.613
212,F_N+PB+MED,5,1,MLP,A_tiempo,576,144,multi-step-direct,0.3659,0.430614,0.656212,0.480759,10.9774,0.0259,0.675,4.612
212,F_N+PB+MED,5,1,ARIMA,A_tiempo,576,144,multi-step-direct,-1.7926,2.585083,1.607819,1.435426,30.4986,2.7758,0.9817,0.999
212,F_N+PB+MED,5,3,LinReg,A_tiempo,576,144,multi-step-direct,-1.2989,1.594,1.262537,0.933801,16.9518,0.1298,1.0,0.914
212,F_N+PB+MED,5,3,DT,A_tiempo,576,144,multi-step-direct,-0.1531,0.79952,0.894159,0.609132,12.1428,0.0093,0.7554,22.765
212,F_N+PB+MED,5,3,RF,A_tiempo,576,144,multi-step-direct,0.1872,0.56359,0.750727,0.521541,12.9374,0.1666,0.7496,9.482
212,F_N+PB+MED,5,3,SVR_rbf,A_tiempo,576,144,multi-step-direct,0.0889,0.631719,0.794808,0.547926,12.909,50.5103,0.5463,31.086
212,F_N+PB+MED,5,3,MLP,A_tiempo,576,144,multi-step-direct,0.0817,0.636744,0.797963,0.568072,12.7385,0.0254,0.3874,4.919
212,F_N+PB+MED,5,3,ARIMA,A_tiempo,576,144,multi-step-direct,-1.3207,2.684882,1.638561,1.439547,35.632,0.8378,0.9817,0.905
212,F_N+PB+MED,5,5,LinReg,A_tiempo,575,144,multi-step-direct,-1.6896,1.879514,1.370954,1.013156,18.0828,0.2164,1.0,1.467
212,F_N+PB+MED,5,5,DT,A_tiempo,575,144,multi-step-direct,-0.3459,0.94051,0.969799,0.670495,13.0879,0.0096,0.6618,38.512
212,F_N+PB+MED,5,5,RF,A_tiempo,575,144,multi-step-direct,0.0751,0.646335,0.80395,0.557979,13.4945,0.2413,0.6586,13.669
212,F_N+PB+MED,5,5,SVR_rbf,A_tiempo,575,144,multi-step-direct,0.0076,0.69353,0.832785,0.575374,13.5053,98.4442,0.4743,51.594
212,F_N+PB+MED,5,5,MLP,A_tiempo,575,144,multi-step-direct,0.028,0.679214,0.824144,0.584713,13.303,0.0169,0.2485,1.498
212,F_N+PB+MED,5,5,ARIMA,A_tiempo,575,144,multi-step-direct,-1.2617,2.727712,1.651579,1.448011,37.8932,0.3242,0.9817,0.584
213,F_SIN,5,1,LinReg,A_tiempo,576,144,multi-step-direct,-2.4221,3.480851,1.865704,1.445482,29.764,0.0874,1.0,0.511
213,F_SIN,5,1,DT,A_tiempo,576,144,multi-step-direct,-0.2242,1.245258,1.115911,0.754454,14.353,0.0066,0.7517,6.974
213,F_SIN,5,1,RF,A_tiempo,576,144,multi-step-direct,0.232,0.781223,0.883868,0.585313,15.1014,0.1918,0.7594,3.996
213,F_SIN,5,1,SVR_rbf,A_tiempo,576,144,multi-step-direct,0.2504,0.762459,0.873189,0.531903,13.9598,16.8504,0.5899,10.075
213,F_SIN,5,1,MLP,A_tiempo,576,144,multi-step-direct,0.1885,0.825426,0.90853,0.629003,13.8374,0.0076,0.5453,1.405
213,F_SIN,5,1,ARIMA,A_tiempo,576,144,multi-step-direct,-1.9451,1.968867,1.403163,1.140846,26.1708,1.6513,0.9615,0.594
213,F_SIN,5,3,LinReg,A_tiempo,576,144,multi-step-direct,-3.1694,4.303738,2.074545,1.614573,29.7909,0.2759,1.0,2.034
213,F_SIN,5,3,DT,A_tiempo,576,144,multi-step-direct,-0.2756,1.316736,1.147491,0.772615,15.6978,0.0075,0.6262,20.377
213,F_SIN,5,3,RF,A_tiempo,576,144,multi-step-direct,0.1229,0.905398,0.951524,0.636069,17.4809,0.1664,0.6807,6.317
213,F_SIN,5,3,SVR_rbf,A_tiempo,576,144,multi-step-direct,0.1518,0.87554,0.935703,0.575927,16.2925,66.941,0.5226,34.002
213,F_SIN,5,3,MLP,A_tiempo,576,144,multi-step-direct,0.1076,0.921173,0.959777,0.66127,16.0087,0.0112,0.4112,1.397
213,F_SIN,5,3,ARIMA,A_tiempo,576,144,multi-step-direct,-0.9788,2.576347,1.6051,1.249033,36.6261,0.5761,0.9615,0.622
213,F_SIN,5,5,LinReg,A_tiempo,575,144,multi-step-direct,-3.65,4.831036,2.197962,1.71512,36.6924,0.2158,1.0,1.987
213,F_SIN,5,5,DT,A_tiempo,575,144,multi-step-direct,-0.3456,1.397968,1.182357,0.809714,15.0051,0.0105,0.5862,34.128
213,F_SIN,5,5,RF,A_tiempo,575,144,multi-step-direct,0.0666,0.969764,0.984766,0.669071,17.7691,0.2418,0.6317,11.284
213,F_SIN,5,5,SVR_rbf,A_tiempo,575,144,multi-step-direct,0.0909,0.944494,0.971851,0.610479,16.3838,100.5287,0.4826,57.081
213,F_SIN,5,5,MLP,A_tiempo,575,144,multi-step-direct,0.0468,0.990278,0.995127,0.690719,15.7045,0.0161,0.3612,1.903
213,F_SIN,5,5,ARIMA,A_tiempo,575,144,multi-step-direct,-1.4679,2.836397,1.684161,1.371351,35.3245,0.4029,0.9615,0.725
213,F_N,5,1,LinReg,A_tiempo,576,144,multi-step-direct,-2.4793,3.539069,1.881241,1.459567,30.095,0.0867,1.0,0.47
213,F_N,5,1,DT,A_tiempo,576,144,multi-step-direct,-0.2229,1.243934,1.115318,0.731892,13.7255,0.005,0.7509,9.289
213,F_N,5,1,RF,A_tiempo,576,144,multi-step-direct,0.2328,0.78041,0.883408,0.585944,14.9721,0.1666,0.7618,2.602
213,F_N,5,1,SVR_rbf,A_tiempo,576,144,multi-step-direct,0.2504,0.762457,0.873188,0.531893,13.9577,23.3277,0.5899,12.087
213,F_N,5,1,MLP,A_tiempo,576,144,multi-step-direct,0.1913,0.822589,0.906967,0.627637,13.8166,0.0064,0.5449,3.869
213,F_N,5,1,ARIMA,A_tiempo,576,144,multi-step-direct,-1.8989,1.937996,1.392119,1.128065,26.1555,1.4526,0.9615,0.523
213,F_N,5,3,LinReg,A_tiempo,576,144,multi-step-direct,-3.2307,4.366973,2.08973,1.628071,29.8324,0.1289,1.0,0.912
213,F_N,5,3,DT,A_tiempo,576,144,multi-step-direct,-0.2902,1.331784,1.15403,0.780945,15.7349,0.0091,0.6289,23.123
213,F_N,5,3,RF,A_tiempo,576,144,multi-step-direct,0.1332,0.894689,0.94588,0.632778,17.7748,0.1693,0.6835,8.747
213,F_N,5,3,SVR_rbf,A_tiempo,576,144,multi-step-direct,0.1518,0.87553,0.935697,0.575924,16.2935,63.2759,0.5226,34.225
213,F_N,5,3,MLP,A_tiempo,576,144,multi-step-direct,0.1072,0.921532,0.959965,0.661639,16.0073,0.0126,0.4117,2.195
213,F_N,5,3,ARIMA,A_tiempo,576,144,multi-step-direct,-0.9553,2.545758,1.595543,1.237439,36.5356,0.5089,0.9615,0.55
213,F_N,5,5,LinReg,A_tiempo,575,144,multi-step-direct,-3.7161,4.899739,2.213535,1.728386,37.204,0.2144,1.0,1.65
213,F_N,5,5,DT,A_tiempo,575,144,multi-step-direct,-0.3484,1.400883,1.183589,0.805731,15.208,0.0097,0.5912,39.728
213,F_N,5,5,RF,A_tiempo,575,144,multi-step-direct,0.066,0.970376,0.985077,0.669343,17.8745,0.2589,0.6354,12.382
213,F_N,5,5,SVR_rbf,A_tiempo,575,144,multi-step-direct,0.0909,0.944482,0.971845,0.610476,16.3842,100.46,0.4826,56.643
213,F_N,5,5,MLP,A_tiempo,575,144,multi-step-direct,0.0432,0.994083,0.997037,0.695065,15.8297,0.0175,0.3603,1.856
213,F_N,5,5,ARIMA,A_tiempo,575,144,multi-step-direct,-1.4372,2.801156,1.673665,1.358985,35.1742,0.2998,0.9615,0.54
213,F_PB,5,1,LinReg,A_tiempo,576,144,multi-step-direct,-17.7346,17.66904,4.203456,3.256215,77.9313,0.2665,1.0,0.473
213,F_PB,5,1,DT,A_tiempo,576,144,multi-step-direct,-0.0505,0.990746,0.995362,0.555269,13.1869,0.0055,0.8095,9.231
213,F_PB,5,1,RF,A_tiempo,576,144,multi-step-direct,0.2962,0.663773,0.814723,0.486316,13.4126,0.1695,0.7947,2.599
213,F_PB,5,1,SVR_rbf,A_tiempo,576,144,multi-step-direct,0.1915,0.762551,0.873242,0.482579,13.9274,25.9021,0.5274,12.149
213,F_PB,5,1,MLP,A_tiempo,576,144,multi-step-direct,0.1063,0.842846,0.918067,0.585906,13.3573,0.0064,0.5362,1.251
213,F_PB,5,1,ARIMA,A_tiempo,576,144,multi-step-direct,-0.928,1.372129,1.171379,0.857654,22.2023,2.8329,0.9666,1.02
213,F_PB,5,3,LinReg,A_tiempo,576,144,multi-step-direct,-21.5635,21.898025,4.679533,3.663759,91.6446,0.128,1.0,0.894
213,F_PB,5,3,DT,A_tiempo,576,144,multi-step-direct,-0.2646,1.227276,1.107825,0.666863,13.8515,0.009,0.6738,23.881
213,F_PB,5,3,RF,A_tiempo,576,144,multi-step-direct,0.1543,0.820795,0.905977,0.558582,15.6955,0.1667,0.707,7.337
213,F_PB,5,3,SVR_rbf,A_tiempo,576,144,multi-step-direct,0.0821,0.890801,0.943823,0.528629,16.1109,66.3687,0.4484,33.675
213,F_PB,5,3,MLP,A_tiempo,576,144,multi-step-direct,0.0456,0.926243,0.962415,0.630444,15.3716,0.0114,0.3846,1.328
213,F_PB,5,3,ARIMA,A_tiempo,576,144,multi-step-direct,-0.5103,2.030954,1.425116,0.984653,32.8073,0.904,0.9666,0.976
213,F_PB,5,5,LinReg,A_tiempo,575,144,multi-step-direct,-23.2948,23.783651,4.876848,3.822272,95.9197,0.2344,1.0,1.891
213,F_PB,5,5,DT,A_tiempo,575,144,multi-step-direct,-0.3811,1.352039,1.162772,0.736487,13.8243,0.0089,0.6462,39.516
213,F_PB,5,5,RF,A_tiempo,575,144,multi-step-direct,0.0785,0.902078,0.949778,0.596467,16.009,0.2572,0.6661,13.279
213,F_PB,5,5,SVR_rbf,A_tiempo,575,144,multi-step-direct,0.0156,0.963727,0.981696,0.5612,16.153,100.6254,0.4031,55.564
213,F_PB,5,5,MLP,A_tiempo,575,144,multi-step-direct,0.011,0.96818,0.983961,0.647225,15.3495,0.0231,0.3468,3.068
213,F_PB,5,5,ARIMA,A_tiempo,575,144,multi-step-direct,-0.6235,1.836186,1.355059,0.955707,27.5601,1.561,0.9666,2.81
213,F_MED,5,1,LinReg,A_tiempo,576,144,multi-step-direct,-0.7413,1.840223,1.356548,0.961066,19.0541,0.2668,1.0,0.484
213,F_MED,5,1,DT,A_tiempo,576,144,multi-step-direct,-0.2515,1.322586,1.150037,0.775071,14.7171,0.005,0.834,6.591
213,F_MED,5,1,RF,A_tiempo,576,144,multi-step-direct,0.4035,0.630353,0.793948,0.551939,12.6505,0.1787,0.8168,2.402
213,F_MED,5,1,SVR_rbf,A_tiempo,576,144,multi-step-direct,0.4686,0.561617,0.749411,0.501883,11.9664,16.9553,0.7377,11.943
213,F_MED,5,1,MLP,A_tiempo,576,144,multi-step-direct,0.3818,0.653297,0.808268,0.573494,12.0645,0.0061,0.698,1.127
213,F_MED,5,1,ARIMA,A_tiempo,576,144,multi-step-direct,-4.0816,2.886905,1.69909,1.520839,30.5827,0.5396,0.9879,0.194
213,F_MED,5,3,LinReg,A_tiempo,576,144,multi-step-direct,-1.2921,2.481713,1.575345,1.135386,20.9894,0.1302,1.0,0.869
213,F_MED,5,3,DT,A_tiempo,576,144,multi-step-direct,-0.1454,1.240132,1.113612,0.767697,16.2537,0.0085,0.7555,19.889
213,F_MED,5,3,RF,A_tiempo,576,144,multi-step-direct,0.2738,0.786293,0.886732,0.608127,17.5821,0.1673,0.7565,7.404
213,F_MED,5,3,SVR_rbf,A_tiempo,576,144,multi-step-direct,0.3253,0.730563,0.85473,0.574012,16.6716,67.07,0.667,33.027
213,F_MED,5,3,MLP,A_tiempo,576,144,multi-step-direct,0.247,0.815319,0.90295,0.635087,16.8998,0.0257,0.5368,2.017
213,F_MED,5,3,ARIMA,A_tiempo,576,144,multi-step-direct,-1.395,3.720443,1.928845,1.622345,43.963,0.2052,0.9879,0.222
213,F_MED,5,5,LinReg,A_tiempo,575,144,multi-step-direct,-1.6057,2.863182,1.692094,1.215839,24.9512,0.2195,1.0,1.87
213,F_MED,5,5,DT,A_tiempo,575,144,multi-step-direct,-0.4017,1.540198,1.241047,0.870922,16.5234,0.0082,0.7048,32.542
213,F_MED,5,5,RF,A_tiempo,575,144,multi-step-direct,0.1948,0.88476,0.940617,0.654238,18.0324,0.2447,0.7175,12.601
213,F_MED,5,5,SVR_rbf,A_tiempo,575,144,multi-step-direct,0.2369,0.838521,0.915708,0.623459,16.6452,93.3207,0.6299,52.961
213,F_MED,5,5,MLP,A_tiempo,575,144,multi-step-direct,0.1584,0.924806,0.961668,0.676386,16.1029,0.0309,0.5019,5.606
213,F_MED,5,5,ARIMA,A_tiempo,575,144,multi-step-direct,-2.2926,4.1025,2.025463,1.780293,44.4447,0.1337,0.9879,0.241
213,F_N+PB,5,1,LinReg,A_tiempo,576,144,multi-step-direct,-22.0832,21.770222,4.665857,3.603409,85.9612,0.0792,1.0,0.459
213,F_N+PB,5,1,DT,A_tiempo,576,144,multi-step-direct,-0.1324,1.067981,1.033432,0.58239,12.7736,0.0062,0.8095,7.959
213,F_N+PB,5,1,RF,A_tiempo,576,144,multi-step-direct,0.2937,0.666157,0.816184,0.488234,13.3009,0.1674,0.7932,4.526
213,F_N+PB,5,1,SVR_rbf,A_tiempo,576,144,multi-step-direct,0.1914,0.762607,0.873274,0.482586,13.9291,16.8594,0.5275,9.847
213,F_N+PB,5,1,MLP,A_tiempo,576,144,multi-step-direct,0.1047,0.8444,0.918912,0.586078,13.4487,0.0064,0.5383,1.271
213,F_N+PB,5,1,ARIMA,A_tiempo,576,144,multi-step-direct,-0.9285,1.372515,1.171544,0.857833,22.2059,3.8056,0.9666,1.37
213,F_N+PB,5,3,LinReg,A_tiempo,576,144,multi-step-direct,-26.3988,26.591253,5.156671,4.030781,102.2896,0.2225,1.0,2.989
213,F_N+PB,5,3,DT,A_tiempo,576,144,multi-step-direct,-0.2506,1.213777,1.101715,0.662758,13.5603,0.007,0.6738,22.731
213,F_N+PB,5,3,RF,A_tiempo,576,144,multi-step-direct,0.1464,0.828441,0.910187,0.561592,15.8516,0.1669,0.708,9.448
213,F_N+PB,5,3,SVR_rbf,A_tiempo,576,144,multi-step-direct,0.0821,0.890808,0.943826,0.528673,16.1171,50.2227,0.4484,33.732
213,F_N+PB,5,3,MLP,A_tiempo,576,144,multi-step-direct,0.0498,0.922238,0.960332,0.628701,15.3248,0.169,0.396,2.604
213,F_N+PB,5,3,ARIMA,A_tiempo,576,144,multi-step-direct,-0.5106,2.031406,1.425274,0.984836,32.8113,3.0422,0.9666,3.286
213,F_N+PB,5,5,LinReg,A_tiempo,575,144,multi-step-direct,-29.1477,29.513511,5.432634,4.241857,107.4251,0.215,1.0,1.622
213,F_N+PB,5,5,DT,A_tiempo,575,144,multi-step-direct,-0.3712,1.342392,1.158616,0.729674,14.0718,0.0102,0.6462,38.407
213,F_N+PB,5,5,RF,A_tiempo,575,144,multi-step-direct,0.0755,0.905064,0.951348,0.596878,15.7862,0.1692,0.667,13.317
213,F_N+PB,5,5,SVR_rbf,A_tiempo,575,144,multi-step-direct,0.0156,0.963727,0.981696,0.561213,16.1527,99.7548,0.4031,57.155
213,F_N+PB,5,5,MLP,A_tiempo,575,144,multi-step-direct,0.0112,0.967964,0.983852,0.646828,15.369,0.0158,0.3469,1.857
213,F_N+PB,5,5,ARIMA,A_tiempo,575,144,multi-step-direct,-0.6225,1.835066,1.354646,0.955259,27.5505,0.6339,0.9666,1.141
213,F_N+MED,5,1,LinReg,A_tiempo,576,144,multi-step-direct,-0.7394,1.838156,1.355786,0.960703,19.1031,0.0873,1.0,0.439
213,F_N+MED,5,1,DT,A_tiempo,576,144,multi-step-direct,-0.2285,1.298238,1.139402,0.764421,14.66,0.0056,0.8464,9.28
213,F_N+MED,5,1,RF,A_tiempo,576,144,multi-step-direct,0.3988,0.635376,0.797105,0.548441,12.959,0.163,0.8177,2.648
213,F_N+MED,5,1,SVR_rbf,A_tiempo,576,144,multi-step-direct,0.4685,0.561636,0.749424,0.50188,11.9704,27.0505,0.7377,12.016
213,F_N+MED,5,1,MLP,A_tiempo,576,144,multi-step-direct,0.3812,0.653937,0.808664,0.574461,12.0563,0.0067,0.6954,2.762
213,F_N+MED,5,1,ARIMA,A_tiempo,576,144,multi-step-direct,-3.9549,2.811598,1.676782,1.496449,30.4343,0.4077,0.988,0.147
213,F_N+MED,5,3,LinReg,A_tiempo,576,144,multi-step-direct,-1.2933,2.482911,1.575725,1.13562,21.0168,0.1442,1.0,0.895
213,F_N+MED,5,3,DT,A_tiempo,576,144,multi-step-direct,-0.0935,1.183986,1.088111,0.75357,15.8815,0.0089,0.7537,22.936
213,F_N+MED,5,3,RF,A_tiempo,576,144,multi-step-direct,0.2693,0.791156,0.88947,0.608727,17.662,0.1709,0.76,8.971
213,F_N+MED,5,3,SVR_rbf,A_tiempo,576,144,multi-step-direct,0.3252,0.730568,0.854733,0.574023,16.6709,58.2244,0.667,33.638
213,F_N+MED,5,3,MLP,A_tiempo,576,144,multi-step-direct,0.2465,0.81585,0.903244,0.635289,16.9235,0.0105,0.5367,3.395
213,F_N+MED,5,3,ARIMA,A_tiempo,576,144,multi-step-direct,-1.3488,3.648245,1.910038,1.600728,43.6487,0.1539,0.988,0.166
213,F_N+MED,5,5,LinReg,A_tiempo,575,144,multi-step-direct,-1.608,2.865764,1.692857,1.216216,24.8384,0.2161,1.0,1.891
213,F_N+MED,5,5,DT,A_tiempo,575,144,multi-step-direct,-0.3862,1.523199,1.23418,0.860919,16.133,0.0103,0.7017,39.1
213,F_N+MED,5,5,RF,A_tiempo,575,144,multi-step-direct,0.1901,0.889909,0.94335,0.654849,18.0404,0.2602,0.7175,12.562
213,F_N+MED,5,5,SVR_rbf,A_tiempo,575,144,multi-step-direct,0.2369,0.838562,0.91573,0.62348,16.6459,100.4298,0.6299,55.403
213,F_N+MED,5,5,MLP,A_tiempo,575,144,multi-step-direct,0.1586,0.92453,0.961525,0.67624,16.1149,0.0158,0.5018,1.934
213,F_N+MED,5,5,ARIMA,A_tiempo,575,144,multi-step-direct,-2.2265,4.019758,2.004933,1.757505,44.0538,0.1049,0.9879,0.189
213,F_N+PB+MED,5,1,LinReg,A_tiempo,576,144,multi-step-direct,-1.0756,1.850495,1.360329,0.933683,19.6893,0.2726,1.0,0.458
213,F_N+PB+MED,5,1,DT,A_tiempo,576,144,multi-step-direct,0.0047,0.887313,0.941973,0.503868,13.6344,0.0058,0.8912,9.344
213,F_N+PB+MED,5,1,RF,A_tiempo,576,144,multi-step-direct,0.506,0.440425,0.663645,0.397471,10.0528,0.1627,0.8437,2.734
213,F_N+PB+MED,5,1,SVR_rbf,A_tiempo,576,144,multi-step-direct,0.4428,0.496774,0.704822,0.41191,10.157,30.2296,0.6756,11.959
213,F_N+PB+MED,5,1,MLP,A_tiempo,576,144,multi-step-direct,0.3316,0.595865,0.771923,0.500995,11.2725,0.0065,0.6095,1.277
213,F_N+PB+MED,5,1,ARIMA,A_tiempo,576,144,multi-step-direct,-3.5195,2.952682,1.718337,1.512939,29.8314,0.4413,0.9892,0.159
213,F_N+PB+MED,5,3,LinReg,A_tiempo,576,144,multi-step-direct,-1.7625,2.615193,1.617156,1.136191,24.4822,0.1292,1.0,0.905
213,F_N+PB+MED,5,3,DT,A_tiempo,576,144,multi-step-direct,-0.1753,1.112608,1.054802,0.616124,14.2056,0.0082,0.7878,23.045
213,F_N+PB+MED,5,3,RF,A_tiempo,576,144,multi-step-direct,0.3211,0.642729,0.801704,0.490081,16.1738,0.164,0.7695,9.235
213,F_N+PB+MED,5,3,SVR_rbf,A_tiempo,576,144,multi-step-direct,0.2653,0.695535,0.833987,0.500391,15.7472,64.1925,0.5964,32.9
213,F_N+PB+MED,5,3,MLP,A_tiempo,576,144,multi-step-direct,0.1921,0.764875,0.874571,0.562602,16.357,0.011,0.5487,1.965
213,F_N+PB+MED,5,3,ARIMA,A_tiempo,576,144,multi-step-direct,-1.2762,4.021099,2.005268,1.631195,45.3815,0.1893,0.9892,0.204
213,F_N+PB+MED,5,5,LinReg,A_tiempo,575,144,multi-step-direct,-2.0935,3.000764,1.732271,1.220242,25.0178,0.214,1.0,1.9
213,F_N+PB+MED,5,5,DT,A_tiempo,575,144,multi-step-direct,-0.1335,1.099519,1.04858,0.639941,15.062,0.0107,0.7484,39.622
213,F_N+PB+MED,5,5,RF,A_tiempo,575,144,multi-step-direct,0.2233,0.753433,0.868005,0.537654,16.2231,0.2482,0.7377,13.229
213,F_N+PB+MED,5,5,SVR_rbf,A_tiempo,575,144,multi-step-direct,0.1694,0.805717,0.897617,0.554101,15.9317,99.9181,0.5618,54.061
213,F_N+PB+MED,5,5,MLP,A_tiempo,575,144,multi-step-direct,0.0847,0.887834,0.942249,0.615996,16.2165,0.0159,0.4907,1.914
213,F_N+PB+MED,5,5,ARIMA,A_tiempo,575,144,multi-step-direct,-1.7268,3.523151,1.877006,1.571496,40.0596,0.13,0.9892,0.234
214,F_SIN,5,1,LinReg,A_tiempo,576,144,multi-step-direct,-3.3555,3.827597,1.956424,1.504895,30.3012,0.2091,1.0,0.441
214,F_SIN,5,1,DT,A_tiempo,576,144,multi-step-direct,-0.1868,1.042999,1.021273,0.582349,12.2781,0.0056,0.6101,7.471
214,F_SIN,5,1,RF,A_tiempo,576,144,multi-step-direct,0.1984,0.704484,0.839336,0.47757,15.8258,0.1663,0.6886,2.214
214,F_SIN,5,1,SVR_rbf,A_tiempo,576,144,multi-step-direct,0.1227,0.770989,0.87806,0.448441,17.7025,19.4885,0.4157,11.815
214,F_SIN,5,1,MLP,A_tiempo,576,144,multi-step-direct,0.0306,0.851906,0.922987,0.565001,15.9746,0.0069,0.266,3.909
214,F_SIN,5,1,ARIMA,A_tiempo,576,144,multi-step-direct,-0.0759,0.467518,0.683753,0.350616,12.904,2.1033,0.9742,0.757
214,F_SIN,5,3,LinReg,A_tiempo,576,144,multi-step-direct,-3.7807,4.55614,2.134512,1.654558,30.9209,0.1308,1.0,0.903
214,F_SIN,5,3,DT,A_tiempo,576,144,multi-step-direct,-0.3679,1.303613,1.141759,0.689522,14.121,0.0074,0.5104,17.605
214,F_SIN,5,3,RF,A_tiempo,576,144,multi-step-direct,0.0698,0.886526,0.941555,0.539294,19.47,0.1799,0.5342,6.842
214,F_SIN,5,3,SVR_rbf,A_tiempo,576,144,multi-step-direct,0.0222,0.931877,0.965338,0.50821,20.8271,55.3742,0.3566,34.975
214,F_SIN,5,3,MLP,A_tiempo,576,144,multi-step-direct,-0.0109,0.963461,0.98156,0.581162,19.661,0.0121,0.1045,1.026
214,F_SIN,5,3,ARIMA,A_tiempo,576,144,multi-step-direct,-0.0459,0.805094,0.89727,0.432287,20.2744,0.4859,0.9742,0.525
214,F_SIN,5,5,LinReg,A_tiempo,575,144,multi-step-direct,-3.7919,4.617588,2.148857,1.672555,32.3978,0.4448,1.0,2.537
214,F_SIN,5,5,DT,A_tiempo,575,144,multi-step-direct,-0.4091,1.357828,1.165259,0.709599,15.246,0.0102,0.5023,29.499
214,F_SIN,5,5,RF,A_tiempo,575,144,multi-step-direct,0.024,0.940475,0.969781,0.557559,20.3027,0.1739,0.4424,11.674
214,F_SIN,5,5,SVR_rbf,A_tiempo,575,144,multi-step-direct,0.0001,0.963482,0.981571,0.524892,21.398,99.9713,0.3388,56.653
214,F_SIN,5,5,MLP,A_tiempo,575,144,multi-step-direct,-0.0137,0.976805,0.988334,0.575545,20.8483,0.0159,0.0698,1.253
214,F_SIN,5,5,ARIMA,A_tiempo,575,144,multi-step-direct,-0.0471,0.800834,0.894894,0.422576,19.7162,0.2933,0.9742,0.528
214,F_N,5,1,LinReg,A_tiempo,576,144,multi-step-direct,-3.399,3.865684,1.966134,1.513933,30.8647,0.0965,1.0,0.434
214,F_N,5,1,DT,A_tiempo,576,144,multi-step-direct,-0.2299,1.080762,1.039597,0.583901,12.9998,0.0057,0.644,9.373
214,F_N,5,1,RF,A_tiempo,576,144,multi-step-direct,0.1974,0.705328,0.839838,0.479671,15.8828,0.1648,0.6823,2.739
214,F_N,5,1,SVR_rbf,A_tiempo,576,144,multi-step-direct,0.1228,0.770817,0.877962,0.447842,17.6993,19.5027,0.4154,11.761
214,F_N,5,1,MLP,A_tiempo,576,144,multi-step-direct,0.0349,0.84811,0.920929,0.564311,15.7131,0.0978,0.3074,4.326
214,F_N,5,1,ARIMA,A_tiempo,576,144,multi-step-direct,-0.0152,0.440764,0.663901,0.36379,12.3801,1.0797,0.9762,0.389
214,F_N,5,3,LinReg,A_tiempo,576,144,multi-step-direct,-3.7858,4.561049,2.135661,1.657685,30.5383,0.1274,1.0,0.864
214,F_N,5,3,DT,A_tiempo,576,144,multi-step-direct,-0.3582,1.294411,1.137722,0.678065,15.7431,0.007,0.5109,22.668
214,F_N,5,3,RF,A_tiempo,576,144,multi-step-direct,0.0635,0.89251,0.944728,0.541908,19.5556,0.1661,0.5467,10.249
214,F_N,5,3,SVR_rbf,A_tiempo,576,144,multi-step-direct,0.0223,0.931784,0.96529,0.50768,20.8298,55.6047,0.3563,33.408
214,F_N,5,3,MLP,A_tiempo,576,144,multi-step-direct,-0.0101,0.962648,0.981146,0.580731,19.6625,0.0192,0.1041,3.494
214,F_N,5,3,ARIMA,A_tiempo,576,144,multi-step-direct,-0.0099,0.777181,0.881579,0.443343,19.8634,0.3047,0.9762,0.329
214,F_N,5,5,LinReg,A_tiempo,575,144,multi-step-direct,-3.8412,4.665013,2.159864,1.68143,32.6408,0.2144,1.0,1.898
214,F_N,5,5,DT,A_tiempo,575,144,multi-step-direct,-0.4348,1.382589,1.175835,0.714793,16.4509,0.0097,0.4867,39.002
214,F_N,5,5,RF,A_tiempo,575,144,multi-step-direct,0.0268,0.937833,0.968418,0.556562,20.1717,0.2441,0.4477,14.076
214,F_N,5,5,SVR_rbf,A_tiempo,575,144,multi-step-direct,0.0002,0.96342,0.98154,0.524389,21.4203,99.7778,0.3386,56.2
214,F_N,5,5,MLP,A_tiempo,575,144,multi-step-direct,-0.014,0.977069,0.988468,0.570367,21.3674,0.0154,0.0425,1.095
214,F_N,5,5,ARIMA,A_tiempo,575,144,multi-step-direct,-0.0104,0.772641,0.879,0.426244,19.2851,0.2052,0.9762,0.369
214,F_PB,5,1,LinReg,A_tiempo,576,144,multi-step-direct,-23.2568,21.686428,4.656869,3.57826,88.854,0.2118,1.0,0.454
214,F_PB,5,1,DT,A_tiempo,576,144,multi-step-direct,-0.2558,1.122765,1.059606,0.562365,12.0215,0.0066,0.6918,9.355
214,F_PB,5,1,RF,A_tiempo,576,144,multi-step-direct,0.2345,0.684405,0.827287,0.456739,15.01,0.1675,0.7103,2.699
214,F_PB,5,1,SVR_rbf,A_tiempo,576,144,multi-step-direct,0.1134,0.792662,0.890315,0.436193,17.951,29.9817,0.3886,11.991
214,F_PB,5,1,MLP,A_tiempo,576,144,multi-step-direct,0.0577,0.84248,0.917867,0.537216,15.811,0.0066,0.2892,1.198
214,F_PB,5,1,ARIMA,A_tiempo,576,144,multi-step-direct,-0.274,0.553193,0.74377,0.593542,11.1046,2.7542,0.9838,0.992
214,F_PB,5,3,LinReg,A_tiempo,576,144,multi-step-direct,-24.8747,25.244047,5.024345,3.904615,87.2102,0.1288,1.0,0.857
214,F_PB,5,3,DT,A_tiempo,576,144,multi-step-direct,-0.3988,1.364687,1.168198,0.682581,15.8762,0.0089,0.562,23.502
214,F_PB,5,3,RF,A_tiempo,576,144,multi-step-direct,0.0731,0.904309,0.950952,0.532082,19.783,0.1654,0.568,8.574
214,F_PB,5,3,SVR_rbf,A_tiempo,576,144,multi-step-direct,0.0165,0.959514,0.979548,0.500986,21.5584,63.3628,0.3294,33.354
214,F_PB,5,3,MLP,A_tiempo,576,144,multi-step-direct,-0.002,0.977591,0.988732,0.566743,20.2136,0.0113,0.1243,1.718
214,F_PB,5,3,ARIMA,A_tiempo,576,144,multi-step-direct,-0.1766,0.930825,0.964792,0.729706,19.1918,0.9077,0.9838,0.98
214,F_PB,5,5,LinReg,A_tiempo,575,144,multi-step-direct,-25.2324,25.833897,5.082706,3.958518,95.3908,0.2161,1.0,1.562
214,F_PB,5,5,DT,A_tiempo,575,144,multi-step-direct,-0.3452,1.324775,1.150989,0.686296,15.8422,0.0107,0.484,40.103
214,F_PB,5,5,RF,A_tiempo,575,144,multi-step-direct,0.0391,0.946353,0.972807,0.544258,20.0688,0.2596,0.4587,14.254
214,F_PB,5,5,SVR_rbf,A_tiempo,575,144,multi-step-direct,-0.0022,0.986991,0.993474,0.515194,22.044,99.5138,0.31,55.323
214,F_PB,5,5,MLP,A_tiempo,575,144,multi-step-direct,-0.0069,0.991644,0.995813,0.545453,22.4995,0.0375,0.0137,0.907
214,F_PB,5,5,ARIMA,A_tiempo,575,144,multi-step-direct,-0.195,0.943496,0.971337,0.740637,18.7675,0.7053,0.9838,1.27
214,F_MED,5,1,LinReg,A_tiempo,576,144,multi-step-direct,-2.6595,2.834476,1.68359,1.290799,24.9409,0.4042,1.0,0.995
214,F_MED,5,1,DT,A_tiempo,576,144,multi-step-direct,-0.458,1.129329,1.062699,0.631632,14.0171,0.005,0.6799,6.752
214,F_MED,5,1,RF,A_tiempo,576,144,multi-step-direct,0.2744,0.561981,0.749654,0.503418,13.6924,0.165,0.7138,2.283
214,F_MED,5,1,SVR_rbf,A_tiempo,576,144,multi-step-direct,0.2051,0.61569,0.784659,0.495278,14.5577,23.4321,0.5197,11.833
214,F_MED,5,1,MLP,A_tiempo,576,144,multi-step-direct,0.0843,0.709274,0.842184,0.590966,13.7632,0.0329,0.3847,0.896
214,F_MED,5,1,ARIMA,A_tiempo,576,144,multi-step-direct,-0.3556,0.358509,0.598756,0.388094,11.3462,0.5473,0.9841,0.197
214,F_MED,5,3,LinReg,A_tiempo,576,144,multi-step-direct,-2.802,3.329935,1.824811,1.406739,25.3417,0.1296,1.0,0.936
214,F_MED,5,3,DT,A_tiempo,576,144,multi-step-direct,-0.3815,1.209972,1.099987,0.727178,15.144,0.0071,0.5131,17.398
214,F_MED,5,3,RF,A_tiempo,576,144,multi-step-direct,0.1034,0.785261,0.88615,0.582546,17.2514,0.2645,0.5824,8.118
214,F_MED,5,3,SVR_rbf,A_tiempo,576,144,multi-step-direct,0.0625,0.8211,0.906145,0.57493,17.4907,52.9375,0.456,32.849
214,F_MED,5,3,MLP,A_tiempo,576,144,multi-step-direct,-0.0142,0.888252,0.942471,0.636702,16.4786,0.0117,0.2102,1.159
214,F_MED,5,3,ARIMA,A_tiempo,576,144,multi-step-direct,-0.1328,0.443011,0.665591,0.462315,14.6409,0.1769,0.9841,0.191
214,F_MED,5,5,LinReg,A_tiempo,575,144,multi-step-direct,-2.8363,3.420077,1.849345,1.431769,25.1417,0.368,1.0,2.805
214,F_MED,5,5,DT,A_tiempo,575,144,multi-step-direct,-0.3675,1.219089,1.104124,0.747981,15.5584,0.0095,0.4896,28.808
214,F_MED,5,5,RF,A_tiempo,575,144,multi-step-direct,0.0511,0.845934,0.919747,0.601329,17.5252,0.2407,0.5118,11.901
214,F_MED,5,5,SVR_rbf,A_tiempo,575,144,multi-step-direct,0.0276,0.866892,0.93107,0.599506,18.0638,100.3461,0.4348,53.561
214,F_MED,5,5,MLP,A_tiempo,575,144,multi-step-direct,-0.0109,0.9012,0.949316,0.633759,17.1597,0.0163,0.1438,1.406
214,F_MED,5,5,ARIMA,A_tiempo,575,144,multi-step-direct,-0.1333,0.530414,0.728295,0.493604,15.8473,0.1133,0.9841,0.204
214,F_N+PB,5,1,LinReg,A_tiempo,576,144,multi-step-direct,-26.9308,24.971034,4.997103,3.858186,94.4335,0.0988,1.0,0.429
214,F_N+PB,5,1,DT,A_tiempo,576,144,multi-step-direct,-0.3568,1.213055,1.101388,0.598108,13.0415,0.0067,0.6942,8.533
214,F_N+PB,5,1,RF,A_tiempo,576,144,multi-step-direct,0.2381,0.681166,0.825328,0.45302,15.0402,0.1692,0.7133,3.979
214,F_N+PB,5,1,SVR_rbf,A_tiempo,576,144,multi-step-direct,0.1134,0.792653,0.890311,0.436194,17.9501,16.7353,0.3886,9.773
214,F_N+PB,5,1,MLP,A_tiempo,576,144,multi-step-direct,0.0389,0.859259,0.926962,0.52463,17.1011,0.0062,0.1561,0.689
214,F_N+PB,5,1,ARIMA,A_tiempo,576,144,multi-step-direct,-0.2827,0.556992,0.746319,0.597307,11.1099,3.8871,0.9838,1.399
214,F_N+PB,5,3,LinReg,A_tiempo,576,144,multi-step-direct,-29.3402,29.600415,5.440626,4.233529,95.7061,0.283,1.0,2.171
214,F_N+PB,5,3,DT,A_tiempo,576,144,multi-step-direct,-0.327,1.294656,1.137829,0.662479,15.9061,0.007,0.5644,22.893
214,F_N+PB,5,3,RF,A_tiempo,576,144,multi-step-direct,0.0766,0.900911,0.949163,0.530519,19.8697,0.1682,0.5578,9.82
214,F_N+PB,5,3,SVR_rbf,A_tiempo,576,144,multi-step-direct,0.0165,0.959499,0.97954,0.500983,21.5581,49.8024,0.3294,33.313
214,F_N+PB,5,3,MLP,A_tiempo,576,144,multi-step-direct,-0.0024,0.977937,0.988907,0.566984,20.2091,0.0211,0.1245,1.342
214,F_N+PB,5,3,ARIMA,A_tiempo,576,144,multi-step-direct,-0.1819,0.93501,0.966959,0.73377,19.2021,3.4688,0.9838,3.746
214,F_N+PB,5,5,LinReg,A_tiempo,575,144,multi-step-direct,-30.243,30.768364,5.546924,4.32139,107.7907,0.2192,1.0,1.517
214,F_N+PB,5,5,DT,A_tiempo,575,144,multi-step-direct,-0.3515,1.331015,1.153696,0.684041,14.6181,0.0108,0.4678,38.306
214,F_N+PB,5,5,RF,A_tiempo,575,144,multi-step-direct,0.0438,0.941659,0.970391,0.540998,20.1625,0.2021,0.459,14.822
214,F_N+PB,5,5,SVR_rbf,A_tiempo,575,144,multi-step-direct,-0.0022,0.986988,0.993473,0.515198,22.0443,99.539,0.31,56.974
214,F_N+PB,5,5,MLP,A_tiempo,575,144,multi-step-direct,-0.0069,0.991613,0.995798,0.545467,22.4991,0.0158,0.0137,0.935
214,F_N+PB,5,5,ARIMA,A_tiempo,575,144,multi-step-direct,-0.2106,0.955879,0.977691,0.752379,18.7729,0.7244,0.9838,1.304
214,F_N+MED,5,1,LinReg,A_tiempo,576,144,multi-step-direct,-2.5691,2.768553,1.663897,1.281909,23.5729,0.2665,1.0,0.434
214,F_N+MED,5,1,DT,A_tiempo,576,144,multi-step-direct,-0.3479,1.045545,1.022519,0.637786,13.6655,0.0059,0.7136,9.347
214,F_N+MED,5,1,RF,A_tiempo,576,144,multi-step-direct,0.2715,0.565075,0.751715,0.503286,13.8331,0.1657,0.7136,2.815
214,F_N+MED,5,1,SVR_rbf,A_tiempo,576,144,multi-step-direct,0.2034,0.617933,0.786087,0.495833,14.5773,27.3732,0.5196,11.791
214,F_N+MED,5,1,MLP,A_tiempo,576,144,multi-step-direct,0.0818,0.712248,0.843948,0.597153,13.5187,0.0067,0.3893,2.398
214,F_N+MED,5,1,ARIMA,A_tiempo,576,144,multi-step-direct,-0.4107,0.378049,0.614857,0.394389,11.6512,1.6229,0.985,0.584
214,F_N+MED,5,3,LinReg,A_tiempo,576,144,multi-step-direct,-2.7845,3.316945,1.821248,1.405148,26.3671,0.1301,1.0,0.901
214,F_N+MED,5,3,DT,A_tiempo,576,144,multi-step-direct,-0.3843,1.21326,1.101481,0.728714,15.4499,0.0092,0.5092,23.419
214,F_N+MED,5,3,RF,A_tiempo,576,144,multi-step-direct,0.093,0.794932,0.891589,0.584083,17.4667,0.1703,0.5792,9.156
214,F_N+MED,5,3,SVR_rbf,A_tiempo,576,144,multi-step-direct,0.0616,0.822439,0.906884,0.575258,17.4787,58.3873,0.4561,32.342
214,F_N+MED,5,3,MLP,A_tiempo,576,144,multi-step-direct,0.0,0.876415,0.93617,0.630996,16.697,0.0116,0.1999,3.229
214,F_N+MED,5,3,ARIMA,A_tiempo,576,144,multi-step-direct,-0.1617,0.452222,0.672474,0.468376,14.7793,0.5378,0.985,0.581
214,F_N+MED,5,5,LinReg,A_tiempo,575,144,multi-step-direct,-2.8667,3.449362,1.857246,1.438482,24.6151,0.2135,1.0,1.956
214,F_N+MED,5,5,DT,A_tiempo,575,144,multi-step-direct,-0.5111,1.348041,1.161052,0.789044,15.1099,0.0193,0.4961,39.069
214,F_N+MED,5,5,RF,A_tiempo,575,144,multi-step-direct,0.0522,0.845551,0.919538,0.59984,17.7348,0.2549,0.5083,14.581
214,F_N+MED,5,5,SVR_rbf,A_tiempo,575,144,multi-step-direct,0.0268,0.868124,0.931732,0.599947,18.0873,100.4465,0.435,54.073
214,F_N+MED,5,5,MLP,A_tiempo,575,144,multi-step-direct,-0.0156,0.905966,0.951823,0.636649,17.1563,0.0165,0.1444,1.481
214,F_N+MED,5,5,ARIMA,A_tiempo,575,144,multi-step-direct,-0.1605,0.537401,0.733077,0.501962,15.9942,0.2758,0.985,0.496
214,F_N+PB+MED,5,1,LinReg,A_tiempo,576,144,multi-step-direct,-2.8908,3.140509,1.772148,1.368528,26.474,0.0903,1.0,0.442
214,F_N+PB+MED,5,1,DT,A_tiempo,576,144,multi-step-direct,-0.3531,1.092136,1.045053,0.623615,14.1723,0.0053,0.6479,9.42
214,F_N+PB+MED,5,1,RF,A_tiempo,576,144,multi-step-direct,0.3036,0.562089,0.749726,0.483657,13.583,0.1671,0.7276,2.854
214,F_N+PB+MED,5,1,SVR_rbf,A_tiempo,576,144,multi-step-direct,0.1993,0.646286,0.803919,0.487237,15.0237,29.8759,0.4763,11.864
214,F_N+PB+MED,5,1,MLP,A_tiempo,576,144,multi-step-direct,0.1237,0.707273,0.840995,0.580657,13.2889,0.0063,0.3715,1.511
214,F_N+PB+MED,5,1,ARIMA,A_tiempo,576,144,multi-step-direct,-0.5032,0.405302,0.636633,0.413227,12.0641,0.446,0.9866,0.161
214,F_N+PB+MED,5,3,LinReg,A_tiempo,576,144,multi-step-direct,-3.1085,3.810053,1.951936,1.504389,27.9551,0.1293,1.0,0.913
214,F_N+PB+MED,5,3,DT,A_tiempo,576,144,multi-step-direct,-0.3892,1.288317,1.13504,0.719471,15.7809,0.0085,0.5241,23.359
214,F_N+PB+MED,5,3,RF,A_tiempo,576,144,multi-step-direct,0.1125,0.823049,0.907221,0.581884,17.749,0.1726,0.5764,9.323
214,F_N+PB+MED,5,3,SVR_rbf,A_tiempo,576,144,multi-step-direct,0.0573,0.874215,0.934994,0.576441,18.6005,63.458,0.4087,32.538
214,F_N+PB+MED,5,3,MLP,A_tiempo,576,144,multi-step-direct,0.0194,0.909328,0.953587,0.627425,17.8381,0.011,0.1522,1.853
214,F_N+PB+MED,5,3,ARIMA,A_tiempo,576,144,multi-step-direct,-0.179,0.475209,0.689354,0.491734,15.1133,0.1803,0.9866,0.195
214,F_N+PB+MED,5,5,LinReg,A_tiempo,575,144,multi-step-direct,-3.3416,4.084478,2.021009,1.563986,28.6534,0.2157,1.0,1.82
214,F_N+PB+MED,5,5,DT,A_tiempo,575,144,multi-step-direct,-0.4192,1.335154,1.155489,0.751141,14.714,0.01,0.4645,39.599
214,F_N+PB+MED,5,5,RF,A_tiempo,575,144,multi-step-direct,0.0529,0.890998,0.943927,0.604804,17.7709,0.258,0.4797,14.502
214,F_N+PB+MED,5,5,SVR_rbf,A_tiempo,575,144,multi-step-direct,0.0289,0.913621,0.955835,0.597675,18.9626,100.1297,0.3865,54.361
214,F_N+PB+MED,5,5,MLP,A_tiempo,575,144,multi-step-direct,0.011,0.930394,0.96457,0.621141,18.0715,0.0158,0.0895,1.264
214,F_N+PB+MED,5,5,ARIMA,A_tiempo,575,144,multi-step-direct,-0.1319,0.565821,0.752211,0.510474,16.3456,0.1208,0.9866,0.217
215,F_SIN,5,1,LinReg,A_tiempo,576,144,multi-step-direct,-3.2987,4.30687,2.0753,1.606269,29.3985,0.1619,1.0,1.046
215,F_SIN,5,1,DT,A_tiempo,576,144,multi-step-direct,-0.3434,1.345923,1.160139,0.712576,14.9163,0.0056,0.5923,6.844
215,F_SIN,5,1,RF,A_tiempo,576,144,multi-step-direct,0.1253,0.876321,0.93612,0.568381,17.7273,0.1673,0.611,2.243
215,F_SIN,5,1,SVR_rbf,A_tiempo,576,144,multi-step-direct,0.0716,0.930134,0.964434,0.577944,16.806,18.0139,0.4544,14.691
215,F_SIN,5,1,MLP,A_tiempo,576,144,multi-step-direct,0.0036,0.998312,0.999156,0.652208,18.3618,0.007,0.1069,1.045
215,F_SIN,5,1,ARIMA,A_tiempo,576,144,multi-step-direct,-0.3607,1.16022,1.077135,0.686236,18.0764,1.7978,0.9028,0.647
215,F_SIN,5,3,LinReg,A_tiempo,576,144,multi-step-direct,-3.2606,4.600191,2.144806,1.662151,31.4284,0.297,1.0,0.962
215,F_SIN,5,3,DT,A_tiempo,576,144,multi-step-direct,-0.3081,1.412377,1.188435,0.757051,16.919,0.0102,0.4399,18.718
215,F_SIN,5,3,RF,A_tiempo,576,144,multi-step-direct,0.0477,1.028182,1.013993,0.642606,21.099,0.1743,0.4104,6.678
215,F_SIN,5,3,SVR_rbf,A_tiempo,576,144,multi-step-direct,0.0133,1.065295,1.032131,0.635684,19.2692,68.7062,0.4312,32.8
215,F_SIN,5,3,MLP,A_tiempo,576,144,multi-step-direct,-0.0095,1.089972,1.044017,0.68689,22.7893,0.013,0.0137,0.937
215,F_SIN,5,3,ARIMA,A_tiempo,576,144,multi-step-direct,-0.1698,1.817247,1.348053,0.803081,30.1617,0.4271,0.9028,0.461
215,F_SIN,5,5,LinReg,A_tiempo,575,144,multi-step-direct,-3.2811,4.708823,2.169982,1.684375,30.7101,0.2203,1.0,1.523
215,F_SIN,5,5,DT,A_tiempo,575,144,multi-step-direct,-0.3409,1.47485,1.214434,0.795809,14.3878,0.0089,0.4293,30.159
215,F_SIN,5,5,RF,A_tiempo,575,144,multi-step-direct,0.028,1.069114,1.03398,0.659458,19.4364,0.2612,0.3147,13.024
215,F_SIN,5,5,SVR_rbf,A_tiempo,575,144,multi-step-direct,-0.0076,1.108322,1.052769,0.654232,17.5086,107.0823,0.4251,53.129
215,F_SIN,5,5,MLP,A_tiempo,575,144,multi-step-direct,-0.0068,1.107371,1.052317,0.688404,20.228,0.0459,0.0187,2.391
215,F_SIN,5,5,ARIMA,A_tiempo,575,144,multi-step-direct,-0.1439,1.440294,1.200123,0.706883,27.8092,0.3084,0.9028,0.555
215,F_N,5,1,LinReg,A_tiempo,576,144,multi-step-direct,-3.3579,4.366629,2.089648,1.613323,29.6546,0.2594,1.0,0.694
215,F_N,5,1,DT,A_tiempo,576,144,multi-step-direct,-0.3692,1.37196,1.171307,0.70181,15.5579,0.0073,0.5764,9.095
215,F_N,5,1,RF,A_tiempo,576,144,multi-step-direct,0.1305,0.871199,0.933381,0.566292,17.563,0.1749,0.615,4.459
215,F_N,5,1,SVR_rbf,A_tiempo,576,144,multi-step-direct,0.072,0.929836,0.96428,0.576846,16.8068,17.6431,0.4539,10.023
215,F_N,5,1,MLP,A_tiempo,576,144,multi-step-direct,-0.0084,1.010379,1.005176,0.662624,19.0432,0.0075,0.0536,0.811
215,F_N,5,1,ARIMA,A_tiempo,576,144,multi-step-direct,-0.3404,1.142449,1.068854,0.674311,18.1793,2.3897,0.9119,0.86
215,F_N,5,3,LinReg,A_tiempo,576,144,multi-step-direct,-3.3306,4.676942,2.162624,1.672899,30.7218,0.3736,1.0,3.063
215,F_N,5,3,DT,A_tiempo,576,144,multi-step-direct,-0.3177,1.423083,1.192931,0.754001,17.929,0.0081,0.4518,23.758
215,F_N,5,3,RF,A_tiempo,576,144,multi-step-direct,0.044,1.032464,1.016102,0.641428,21.258,0.1693,0.4267,10.435
215,F_N,5,3,SVR_rbf,A_tiempo,576,144,multi-step-direct,0.0134,1.065456,1.032209,0.634881,19.303,53.5606,0.4306,33.19
215,F_N,5,3,MLP,A_tiempo,576,144,multi-step-direct,-0.0056,1.085983,1.042105,0.677699,21.5338,0.0407,0.059,4.413
215,F_N,5,3,ARIMA,A_tiempo,576,144,multi-step-direct,-0.1595,1.801982,1.342379,0.794047,29.9785,0.8086,0.9119,0.873
215,F_N,5,5,LinReg,A_tiempo,575,144,multi-step-direct,-3.3613,4.798502,2.190548,1.698611,30.2051,0.2698,1.0,1.484
215,F_N,5,5,DT,A_tiempo,575,144,multi-step-direct,-0.2187,1.340822,1.157939,0.752175,15.1916,0.0088,0.3777,42.16
215,F_N,5,5,RF,A_tiempo,575,144,multi-step-direct,0.0284,1.068995,1.033922,0.658662,19.3757,0.3259,0.3155,16.371
215,F_N,5,5,SVR_rbf,A_tiempo,575,144,multi-step-direct,-0.0076,1.108542,1.052873,0.653552,17.5291,94.6996,0.4245,58.096
215,F_N,5,5,MLP,A_tiempo,575,144,multi-step-direct,-0.0067,1.107605,1.052428,0.688395,20.2511,0.0187,0.0181,3.016
215,F_N,5,5,ARIMA,A_tiempo,575,144,multi-step-direct,-0.1333,1.427592,1.194819,0.700769,27.5517,0.3322,0.9119,0.598
215,F_PB,5,1,LinReg,A_tiempo,576,144,multi-step-direct,-16.9588,18.118993,4.256641,3.316842,74.8374,0.2484,1.0,0.463
215,F_PB,5,1,DT,A_tiempo,576,144,multi-step-direct,-0.3802,1.392551,1.180064,0.651773,15.4574,0.0076,0.6306,8.294
215,F_PB,5,1,RF,A_tiempo,576,144,multi-step-direct,0.1546,0.85295,0.923553,0.53753,17.3392,0.2649,0.6517,4.613
215,F_PB,5,1,SVR_rbf,A_tiempo,576,144,multi-step-direct,0.0583,0.950104,0.974733,0.562953,16.9902,17.6437,0.4161,9.481
215,F_PB,5,1,MLP,A_tiempo,576,144,multi-step-direct,-0.0067,1.015669,1.007804,0.671332,18.9792,0.0068,0.0489,0.648
215,F_PB,5,1,ARIMA,A_tiempo,576,144,multi-step-direct,-0.1916,1.079067,1.038781,0.615532,18.9912,5.3763,0.9421,1.935
215,F_PB,5,3,LinReg,A_tiempo,576,144,multi-step-direct,-16.6988,19.317312,4.395146,3.448917,74.4923,0.3192,1.0,3.012
215,F_PB,5,3,DT,A_tiempo,576,144,multi-step-direct,-0.3104,1.430252,1.195931,0.727588,17.0471,0.0078,0.4281,23.629
215,F_PB,5,3,RF,A_tiempo,576,144,multi-step-direct,0.042,1.04566,1.022575,0.634709,20.5938,0.183,0.443,10.354
215,F_PB,5,3,SVR_rbf,A_tiempo,576,144,multi-step-direct,0.0029,1.088309,1.043221,0.619411,19.5938,50.862,0.3929,33.197
215,F_PB,5,3,MLP,A_tiempo,576,144,multi-step-direct,-0.0047,1.096625,1.047199,0.68269,21.5453,0.0509,0.0599,4.711
215,F_PB,5,3,ARIMA,A_tiempo,576,144,multi-step-direct,-0.1291,1.860551,1.36402,0.784022,30.8038,2.2454,0.9421,2.425
215,F_PB,5,5,LinReg,A_tiempo,575,144,multi-step-direct,-16.8452,19.865494,4.457072,3.498476,84.1994,0.2156,1.0,1.452
215,F_PB,5,5,DT,A_tiempo,575,144,multi-step-direct,-0.2801,1.42505,1.193755,0.753656,14.7633,0.0088,0.4191,40.964
215,F_PB,5,5,RF,A_tiempo,575,144,multi-step-direct,0.031,1.078706,1.038608,0.65325,19.221,0.2414,0.3321,16.026
215,F_PB,5,5,SVR_rbf,A_tiempo,575,144,multi-step-direct,-0.013,1.127734,1.061948,0.635912,17.6555,103.2155,0.3875,54.39
215,F_PB,5,5,MLP,A_tiempo,575,144,multi-step-direct,-0.0061,1.119986,1.058294,0.694677,19.9707,0.0175,0.024,1.102
215,F_PB,5,5,ARIMA,A_tiempo,575,144,multi-step-direct,-0.1542,1.529166,1.236595,0.714394,28.5156,2.2319,0.9421,4.017
215,F_MED,5,1,LinReg,A_tiempo,576,144,multi-step-direct,-2.0388,3.204897,1.790223,1.222863,27.6582,0.2458,1.0,1.129
215,F_MED,5,1,DT,A_tiempo,576,144,multi-step-direct,0.0097,1.044466,1.021991,0.61451,14.5486,0.0059,0.8224,5.298
215,F_MED,5,1,RF,A_tiempo,576,144,multi-step-direct,0.4296,0.601564,0.775606,0.501799,14.9439,0.1695,0.8017,1.949
215,F_MED,5,1,SVR_rbf,A_tiempo,576,144,multi-step-direct,0.3938,0.639353,0.799595,0.508137,14.6672,20.1489,0.6538,11.938
215,F_MED,5,1,MLP,A_tiempo,576,144,multi-step-direct,0.292,0.74666,0.864095,0.581632,14.8678,0.0071,0.5518,1.04
215,F_MED,5,1,ARIMA,A_tiempo,576,144,multi-step-direct,-0.0027,0.580053,0.761612,0.587538,14.4506,1.6039,0.9867,0.577
215,F_MED,5,3,LinReg,A_tiempo,576,144,multi-step-direct,-2.668,4.018472,2.004613,1.432526,31.024,0.1292,1.0,0.94
215,F_MED,5,3,DT,A_tiempo,576,144,multi-step-direct,-0.1943,1.30838,1.143845,0.759759,14.8275,0.0073,0.6637,15.972
215,F_MED,5,3,RF,A_tiempo,576,144,multi-step-direct,0.2469,0.825039,0.908317,0.627502,16.9561,0.2562,0.7109,6.783
215,F_MED,5,3,SVR_rbf,A_tiempo,576,144,multi-step-direct,0.2161,0.858814,0.926722,0.619841,16.0479,58.5781,0.5656,33.118
215,F_MED,5,3,MLP,A_tiempo,576,144,multi-step-direct,0.1718,0.907297,0.952521,0.678122,15.8067,0.0121,0.3958,1.505
215,F_MED,5,3,ARIMA,A_tiempo,576,144,multi-step-direct,-0.0002,2.348753,1.532564,0.936767,33.3544,0.4986,0.9867,0.538
215,F_MED,5,5,LinReg,A_tiempo,575,144,multi-step-direct,-2.7375,4.130848,2.032449,1.465017,27.6752,0.4396,1.0,2.619
215,F_MED,5,5,DT,A_tiempo,575,144,multi-step-direct,-0.2497,1.381176,1.175234,0.818949,16.0762,0.0088,0.6105,26.891
215,F_MED,5,5,RF,A_tiempo,575,144,multi-step-direct,0.1962,0.888415,0.942557,0.660316,16.105,0.3225,0.6586,11.11
215,F_MED,5,5,SVR_rbf,A_tiempo,575,144,multi-step-direct,0.1522,0.93697,0.967972,0.659072,15.1757,100.6037,0.5263,52.526
215,F_MED,5,5,MLP,A_tiempo,575,144,multi-step-direct,0.1117,0.981785,0.990851,0.711831,15.0167,0.0297,0.3378,4.406
215,F_MED,5,5,ARIMA,A_tiempo,575,144,multi-step-direct,-0.014,1.759028,1.326284,0.907359,31.3044,0.7059,0.9867,1.271
215,F_N+PB,5,1,LinReg,A_tiempo,576,144,multi-step-direct,-21.5238,22.724922,4.767066,3.706971,85.8531,0.0881,1.0,0.463
215,F_N+PB,5,1,DT,A_tiempo,576,144,multi-step-direct,-0.3984,1.410906,1.187815,0.66385,14.0188,0.0059,0.6229,7.953
215,F_N+PB,5,1,RF,A_tiempo,576,144,multi-step-direct,0.1515,0.856119,0.925267,0.53868,17.4307,0.1909,0.6519,4.051
215,F_N+PB,5,1,SVR_rbf,A_tiempo,576,144,multi-step-direct,0.0583,0.950096,0.974729,0.562961,16.9905,17.2489,0.4161,10.603
215,F_N+PB,5,1,MLP,A_tiempo,576,144,multi-step-direct,-0.0067,1.015719,1.007829,0.671547,18.9924,0.0243,0.0486,0.703
215,F_N+PB,5,1,ARIMA,A_tiempo,576,144,multi-step-direct,-0.1784,1.06707,1.032991,0.612088,18.9966,5.0882,0.9422,1.832
215,F_N+PB,5,3,LinReg,A_tiempo,576,144,multi-step-direct,-20.9448,23.952107,4.894089,3.825367,85.0917,0.237,1.0,1.733
215,F_N+PB,5,3,DT,A_tiempo,576,144,multi-step-direct,-0.2336,1.346394,1.160342,0.71381,17.777,0.0077,0.4298,24.849
215,F_N+PB,5,3,RF,A_tiempo,576,144,multi-step-direct,0.0471,1.040086,1.019846,0.632028,20.4915,0.1694,0.4464,10.427
215,F_N+PB,5,3,SVR_rbf,A_tiempo,576,144,multi-step-direct,0.0029,1.088326,1.043228,0.619429,19.5943,51.5548,0.3929,33.296
215,F_N+PB,5,3,MLP,A_tiempo,576,144,multi-step-direct,-0.0047,1.096624,1.047198,0.682729,21.5445,0.0141,0.0599,1.135
215,F_N+PB,5,3,ARIMA,A_tiempo,576,144,multi-step-direct,-0.121,1.847163,1.359104,0.779368,30.7751,4.3912,0.9422,4.742
215,F_N+PB,5,5,LinReg,A_tiempo,575,144,multi-step-direct,-21.1474,24.655186,4.965399,3.892686,94.2533,0.2124,1.0,1.511
215,F_N+PB,5,5,DT,A_tiempo,575,144,multi-step-direct,-0.2952,1.441894,1.200789,0.750627,14.6918,0.011,0.4385,40.262
215,F_N+PB,5,5,RF,A_tiempo,575,144,multi-step-direct,0.0279,1.082225,1.040301,0.655683,19.1918,0.2623,0.3329,15.336
215,F_N+PB,5,5,SVR_rbf,A_tiempo,575,144,multi-step-direct,-0.013,1.12775,1.061956,0.635928,17.6559,100.7877,0.3875,56.858
215,F_N+PB,5,5,MLP,A_tiempo,575,144,multi-step-direct,-0.0061,1.120009,1.058305,0.694726,19.9725,0.0159,0.024,1.095
215,F_N+PB,5,5,ARIMA,A_tiempo,575,144,multi-step-direct,-0.1441,1.515872,1.231208,0.709355,28.4727,1.0985,0.9422,1.977
215,F_N+MED,5,1,LinReg,A_tiempo,576,144,multi-step-direct,-1.7197,2.876633,1.696064,1.16547,27.3881,0.2429,1.0,3.497
215,F_N+MED,5,1,DT,A_tiempo,576,144,multi-step-direct,0.0238,1.032477,1.016109,0.612025,15.0107,0.0061,0.8048,8.166
215,F_N+MED,5,1,RF,A_tiempo,576,144,multi-step-direct,0.4294,0.603554,0.776887,0.500223,14.8096,0.1752,0.8064,2.633
215,F_N+MED,5,1,SVR_rbf,A_tiempo,576,144,multi-step-direct,0.3943,0.640592,0.80037,0.507674,14.7219,17.4214,0.6543,12.055
215,F_N+MED,5,1,MLP,A_tiempo,576,144,multi-step-direct,0.2948,0.745908,0.86366,0.576451,14.8667,0.0075,0.584,1.335
215,F_N+MED,5,1,ARIMA,A_tiempo,576,144,multi-step-direct,-0.0105,0.610466,0.781323,0.58387,14.8246,1.8601,0.9888,0.67
215,F_N+MED,5,3,LinReg,A_tiempo,576,144,multi-step-direct,-2.6182,3.967612,1.991887,1.408871,29.5923,0.1415,1.0,0.923
215,F_N+MED,5,3,DT,A_tiempo,576,144,multi-step-direct,-0.239,1.358618,1.165598,0.781446,14.7636,0.0076,0.6682,25.107
215,F_N+MED,5,3,RF,A_tiempo,576,144,multi-step-direct,0.2397,0.833716,0.913081,0.632232,17.0247,0.264,0.7113,8.119
215,F_N+MED,5,3,SVR_rbf,A_tiempo,576,144,multi-step-direct,0.2164,0.85933,0.927,0.620073,16.0832,61.9683,0.5663,32.936
215,F_N+MED,5,3,MLP,A_tiempo,576,144,multi-step-direct,0.1532,0.928555,0.963615,0.685441,16.0335,0.0133,0.4034,1.481
215,F_N+MED,5,3,ARIMA,A_tiempo,576,144,multi-step-direct,-0.0002,2.322067,1.523833,0.921226,33.3504,0.6106,0.9888,0.659
215,F_N+MED,5,5,LinReg,A_tiempo,575,144,multi-step-direct,-2.7316,4.126262,2.03132,1.455742,27.5099,0.3965,1.0,1.459
215,F_N+MED,5,5,DT,A_tiempo,575,144,multi-step-direct,-0.1665,1.28989,1.135733,0.785752,13.8838,0.0095,0.6331,40.773
215,F_N+MED,5,5,RF,A_tiempo,575,144,multi-step-direct,0.1805,0.906225,0.951959,0.667373,16.1409,0.3158,0.6635,14.629
215,F_N+MED,5,5,SVR_rbf,A_tiempo,575,144,multi-step-direct,0.1524,0.937247,0.968115,0.659451,15.1471,96.2266,0.527,53.117
215,F_N+MED,5,5,MLP,A_tiempo,575,144,multi-step-direct,0.105,0.989627,0.9948,0.718268,14.7817,0.0174,0.3233,4.241
215,F_N+MED,5,5,ARIMA,A_tiempo,575,144,multi-step-direct,-0.0083,1.733576,1.316653,0.8913,31.1416,0.3795,0.9888,0.683
215,F_N+PB+MED,5,1,LinReg,A_tiempo,576,144,multi-step-direct,-3.7507,5.127172,2.264326,1.524254,40.776,0.1677,1.0,0.485
215,F_N+PB+MED,5,1,DT,A_tiempo,576,144,multi-step-direct,-0.2472,1.346057,1.160197,0.588835,15.2202,0.0092,0.8229,8.975
215,F_N+PB+MED,5,1,RF,A_tiempo,576,144,multi-step-direct,0.4578,0.585126,0.764935,0.462515,14.1987,0.1807,0.8012,3.937
215,F_N+PB+MED,5,1,SVR_rbf,A_tiempo,576,144,multi-step-direct,0.3891,0.65933,0.811992,0.487557,14.2627,18.7648,0.6044,9.928
215,F_N+PB+MED,5,1,MLP,A_tiempo,576,144,multi-step-direct,0.3381,0.714342,0.845187,0.538952,14.0633,0.0079,0.5772,3.598
215,F_N+PB+MED,5,1,ARIMA,A_tiempo,576,144,multi-step-direct,-0.1327,0.836158,0.914417,0.57426,17.3498,4.5142,0.9924,1.625
215,F_N+PB+MED,5,3,LinReg,A_tiempo,576,144,multi-step-direct,-5.3102,7.070549,2.65905,1.845314,43.2321,0.1315,1.0,0.929
215,F_N+PB+MED,5,3,DT,A_tiempo,576,144,multi-step-direct,-0.1209,1.255914,1.120676,0.697069,14.0488,0.0096,0.6899,23.872
215,F_N+PB+MED,5,3,RF,A_tiempo,576,144,multi-step-direct,0.2531,0.836911,0.914829,0.612492,16.4105,0.1676,0.7252,9.503
215,F_N+PB+MED,5,3,SVR_rbf,A_tiempo,576,144,multi-step-direct,0.2078,0.887604,0.942128,0.590371,15.9737,60.2167,0.506,33.209
215,F_N+PB+MED,5,3,MLP,A_tiempo,576,144,multi-step-direct,0.1584,0.94296,0.971061,0.666541,16.3019,0.0118,0.3942,3.292
215,F_N+PB+MED,5,3,ARIMA,A_tiempo,576,144,multi-step-direct,-0.0608,2.775554,1.666,0.896145,37.3189,0.3833,0.9924,0.414
215,F_N+PB+MED,5,5,LinReg,A_tiempo,575,144,multi-step-direct,-5.5583,7.438969,2.727447,1.908041,42.0995,0.2222,1.0,1.471
215,F_N+PB+MED,5,5,DT,A_tiempo,575,144,multi-step-direct,-0.1669,1.323536,1.15045,0.736152,12.7112,0.01,0.6928,41.84
215,F_N+PB+MED,5,5,RF,A_tiempo,575,144,multi-step-direct,0.1915,0.917053,0.957629,0.655203,16.441,0.3305,0.6764,13.497
215,F_N+PB+MED,5,5,SVR_rbf,A_tiempo,575,144,multi-step-direct,0.1479,0.966552,0.983134,0.623268,15.7382,101.2726,0.4631,54.814
215,F_N+PB+MED,5,5,MLP,A_tiempo,575,144,multi-step-direct,0.123,0.994813,0.997403,0.697487,15.5336,0.0174,0.3292,1.922
215,F_N+PB+MED,5,5,ARIMA,A_tiempo,575,144,multi-step-direct,-0.083,2.080842,1.442513,0.786822,34.4535,0.5025,0.9924,0.905
217,F_SIN,5,1,LinReg,A_tiempo,576,144,multi-step-direct,-2.439,4.009915,2.002477,1.532976,28.3382,0.1542,1.0,1.647
217,F_SIN,5,1,DT,A_tiempo,576,144,multi-step-direct,0.1518,0.989007,0.994488,0.640039,14.8512,0.0061,0.7132,6.963
217,F_SIN,5,1,RF,A_tiempo,576,144,multi-step-direct,0.4391,0.654027,0.808719,0.522552,15.5807,0.1683,0.7077,2.363
217,F_SIN,5,1,SVR_rbf,A_tiempo,576,144,multi-step-direct,0.4245,0.671036,0.819168,0.516869,15.218,16.9135,0.6288,11.955
217,F_SIN,5,1,MLP,A_tiempo,576,144,multi-step-direct,0.2961,0.820753,0.905954,0.624009,15.1656,0.0277,0.5013,1.457
217,F_SIN,5,1,ARIMA,A_tiempo,576,144,multi-step-direct,-0.1629,2.544238,1.595067,1.270427,30.0979,1.599,0.9831,0.576
217,F_SIN,5,3,LinReg,A_tiempo,576,144,multi-step-direct,-3.2787,4.907559,2.215301,1.712807,30.4078,0.1295,1.0,0.9
217,F_SIN,5,3,DT,A_tiempo,576,144,multi-step-direct,0.0035,1.143025,1.069123,0.722624,17.4677,0.0092,0.4997,20.069
217,F_SIN,5,3,RF,A_tiempo,576,144,multi-step-direct,0.2692,0.838182,0.915523,0.616228,18.2412,0.1688,0.5785,7.987
217,F_SIN,5,3,SVR_rbf,A_tiempo,576,144,multi-step-direct,0.2962,0.807286,0.898491,0.584912,16.519,56.0648,0.565,33.053
217,F_SIN,5,3,MLP,A_tiempo,576,144,multi-step-direct,0.1886,0.930659,0.964707,0.669235,16.8457,0.0117,0.2785,4.324
217,F_SIN,5,3,ARIMA,A_tiempo,576,144,multi-step-direct,-0.0479,1.910015,1.382033,0.988207,31.4201,0.5867,0.9831,0.634
217,F_SIN,5,5,LinReg,A_tiempo,575,144,multi-step-direct,-3.3626,5.037245,2.244381,1.738422,30.5673,0.2388,1.0,1.461
217,F_SIN,5,5,DT,A_tiempo,575,144,multi-step-direct,-0.0472,1.209185,1.099629,0.757086,15.4719,0.0092,0.4744,34.317
217,F_SIN,5,5,RF,A_tiempo,575,144,multi-step-direct,0.2395,0.878086,0.937062,0.63206,17.7048,0.2461,0.5318,13.441
217,F_SIN,5,5,SVR_rbf,A_tiempo,575,144,multi-step-direct,0.2536,0.86184,0.928353,0.612148,16.5019,97.7549,0.5389,54.022
217,F_SIN,5,5,MLP,A_tiempo,575,144,multi-step-direct,0.1624,0.967141,0.983433,0.685406,16.9257,0.0193,0.2025,2.435
217,F_SIN,5,5,ARIMA,A_tiempo,575,144,multi-step-direct,-0.0084,1.731299,1.315788,0.942306,29.7522,0.3456,0.9831,0.622
217,F_N,5,1,LinReg,A_tiempo,576,144,multi-step-direct,-2.5537,4.143695,2.035607,1.560428,28.5014,0.1157,1.0,0.493
217,F_N,5,1,DT,A_tiempo,576,144,multi-step-direct,0.1415,1.001077,1.000538,0.641646,15.4009,0.0084,0.6987,8.522
217,F_N,5,1,RF,A_tiempo,576,144,multi-step-direct,0.4506,0.640641,0.800401,0.518177,15.5006,0.1697,0.7067,4.058
217,F_N,5,1,SVR_rbf,A_tiempo,576,144,multi-step-direct,0.4247,0.670798,0.819022,0.516682,15.2181,18.3156,0.6289,9.472
217,F_N,5,1,MLP,A_tiempo,576,144,multi-step-direct,0.1569,0.983076,0.991502,0.701542,17.3329,0.0085,0.1824,0.673
217,F_N,5,1,ARIMA,A_tiempo,576,144,multi-step-direct,-0.2381,2.70958,1.64608,1.318644,30.3528,1.7027,0.9841,0.613
217,F_N,5,3,LinReg,A_tiempo,576,144,multi-step-direct,-3.3765,5.019833,2.240498,1.731039,30.456,0.3005,1.0,2.333
217,F_N,5,3,DT,A_tiempo,576,144,multi-step-direct,0.0757,1.060192,1.029656,0.69663,17.2335,0.0079,0.467,24.387
217,F_N,5,3,RF,A_tiempo,576,144,multi-step-direct,0.2829,0.822547,0.906943,0.607295,18.0206,0.1726,0.5898,9.956
217,F_N,5,3,SVR_rbf,A_tiempo,576,144,multi-step-direct,0.2963,0.807138,0.898409,0.584804,16.5202,50.9717,0.5651,33.069
217,F_N,5,3,MLP,A_tiempo,576,144,multi-step-direct,0.1989,0.91889,0.958587,0.664231,16.4782,0.0406,0.3027,3.383
217,F_N,5,3,ARIMA,A_tiempo,576,144,multi-step-direct,-0.0969,1.999782,1.414136,1.023162,31.9678,1.4025,0.9841,1.515
217,F_N,5,5,LinReg,A_tiempo,575,144,multi-step-direct,-3.4862,5.179959,2.275952,1.762823,31.4358,0.2344,1.0,1.456
217,F_N,5,5,DT,A_tiempo,575,144,multi-step-direct,-0.0025,1.157481,1.075863,0.73116,15.7029,0.0088,0.4434,44.024
217,F_N,5,5,RF,A_tiempo,575,144,multi-step-direct,0.2323,0.886438,0.941508,0.636776,17.8686,0.5348,0.533,14.471
217,F_N,5,5,SVR_rbf,A_tiempo,575,144,multi-step-direct,0.2537,0.861696,0.928276,0.612049,16.5198,103.0275,0.539,56.899
217,F_N,5,5,MLP,A_tiempo,575,144,multi-step-direct,0.1625,0.96696,0.983341,0.685361,16.9414,0.0311,0.2024,5.034
217,F_N,5,5,ARIMA,A_tiempo,575,144,multi-step-direct,-0.0348,1.777177,1.333108,0.963849,30.1373,0.4244,0.9841,0.764
217,F_PB,5,1,LinReg,A_tiempo,576,144,multi-step-direct,-15.3694,20.733487,4.553404,3.350338,78.7604,0.2682,1.0,0.493
217,F_PB,5,1,DT,A_tiempo,576,144,multi-step-direct,0.2078,1.003373,1.001685,0.602536,14.9966,0.011,0.7753,8.473
217,F_PB,5,1,RF,A_tiempo,576,144,multi-step-direct,0.5111,0.619278,0.786942,0.496138,15.5258,0.1779,0.7481,4.638
217,F_PB,5,1,SVR_rbf,A_tiempo,576,144,multi-step-direct,0.449,0.6979,0.835404,0.512313,16.3015,16.941,0.6252,9.954
217,F_PB,5,1,MLP,A_tiempo,576,144,multi-step-direct,0.3586,0.812446,0.901358,0.61161,16.2974,0.0115,0.4993,1.297
217,F_PB,5,1,ARIMA,A_tiempo,576,144,multi-step-direct,-0.2968,3.017112,1.736984,1.394073,29.7098,4.3899,0.9911,1.58
217,F_PB,5,3,LinReg,A_tiempo,576,144,multi-step-direct,-20.3489,26.46613,5.144524,3.804614,92.4296,0.2342,1.0,2.509
217,F_PB,5,3,DT,A_tiempo,576,144,multi-step-direct,-0.0295,1.276301,1.129735,0.744128,16.9162,0.0077,0.608,23.831
217,F_PB,5,3,RF,A_tiempo,576,144,multi-step-direct,0.307,0.859117,0.926885,0.610194,18.346,0.2487,0.6348,9.959
217,F_PB,5,3,SVR_rbf,A_tiempo,576,144,multi-step-direct,0.3106,0.854678,0.924488,0.583855,17.1236,54.3095,0.5502,33.62
217,F_PB,5,3,MLP,A_tiempo,576,144,multi-step-direct,0.2258,0.959826,0.979707,0.674054,16.9984,0.012,0.3816,5.44
217,F_PB,5,3,ARIMA,A_tiempo,576,144,multi-step-direct,-0.3187,2.468528,1.571155,1.220137,32.5517,1.3358,0.9911,1.443
217,F_PB,5,5,LinReg,A_tiempo,575,144,multi-step-direct,-21.3474,27.95519,5.287267,3.975087,96.3717,0.2164,1.0,1.382
217,F_PB,5,5,DT,A_tiempo,575,144,multi-step-direct,-0.0247,1.281778,1.132156,0.749246,15.2736,0.0097,0.5473,42.64
217,F_PB,5,5,RF,A_tiempo,575,144,multi-step-direct,0.2642,0.920397,0.959373,0.637627,17.4402,0.3317,0.5905,14.716
217,F_PB,5,5,SVR_rbf,A_tiempo,575,144,multi-step-direct,0.2679,0.915752,0.956949,0.611986,16.6826,99.8747,0.5215,55.47
217,F_PB,5,5,MLP,A_tiempo,575,144,multi-step-direct,0.1946,1.007501,1.003744,0.68994,16.9122,0.0166,0.2353,3.396
217,F_PB,5,5,ARIMA,A_tiempo,575,144,multi-step-direct,-0.3978,2.43639,1.560894,1.220839,32.7786,1.746,0.9911,3.143
217,F_MED,5,1,LinReg,A_tiempo,576,144,multi-step-direct,-0.9992,2.337847,1.529002,1.159712,23.0597,0.0874,1.0,0.497
217,F_MED,5,1,DT,A_tiempo,576,144,multi-step-direct,0.3164,0.7994,0.894092,0.584677,14.1069,0.0064,0.7209,6.602
217,F_MED,5,1,RF,A_tiempo,576,144,multi-step-direct,0.555,0.520389,0.72138,0.480016,13.6004,0.175,0.7512,2.932
217,F_MED,5,1,SVR_rbf,A_tiempo,576,144,multi-step-direct,0.5249,0.555527,0.745337,0.478922,13.4247,17.3685,0.6718,11.287
217,F_MED,5,1,MLP,A_tiempo,576,144,multi-step-direct,0.3999,0.701691,0.83767,0.587057,14.7114,0.0071,0.5063,1.073
217,F_MED,5,1,ARIMA,A_tiempo,576,144,multi-step-direct,-0.2602,3.195133,1.787494,1.433177,33.446,0.8981,0.9929,0.323
217,F_MED,5,3,LinReg,A_tiempo,576,144,multi-step-direct,-1.422,2.767554,1.663597,1.271692,24.0237,0.1295,1.0,0.898
217,F_MED,5,3,DT,A_tiempo,576,144,multi-step-direct,-0.0073,1.151,1.072847,0.735323,16.0289,0.009,0.5938,20.319
217,F_MED,5,3,RF,A_tiempo,576,144,multi-step-direct,0.3926,0.694073,0.83311,0.577782,16.5504,0.2479,0.6354,7.032
217,F_MED,5,3,SVR_rbf,A_tiempo,576,144,multi-step-direct,0.3955,0.690772,0.831127,0.553227,15.6077,65.8647,0.5959,32.753
217,F_MED,5,3,MLP,A_tiempo,576,144,multi-step-direct,0.2997,0.800177,0.894526,0.641565,15.9592,0.0117,0.387,1.975
217,F_MED,5,3,ARIMA,A_tiempo,576,144,multi-step-direct,-0.1087,2.200795,1.483508,1.059388,33.8842,0.3309,0.9929,0.357
217,F_MED,5,5,LinReg,A_tiempo,575,144,multi-step-direct,-1.5797,2.949671,1.717461,1.315175,23.9231,0.223,1.0,1.406
217,F_MED,5,5,DT,A_tiempo,575,144,multi-step-direct,-0.0312,1.179069,1.08585,0.745927,16.4021,0.0086,0.5404,33.735
217,F_MED,5,5,RF,A_tiempo,575,144,multi-step-direct,0.3468,0.746937,0.864255,0.598662,16.8839,0.2495,0.5925,13.599
217,F_MED,5,5,SVR_rbf,A_tiempo,575,144,multi-step-direct,0.3508,0.742314,0.861577,0.580328,16.2386,104.1261,0.5641,55.349
217,F_MED,5,5,MLP,A_tiempo,575,144,multi-step-direct,0.2728,0.831473,0.911851,0.654281,16.0752,0.0177,0.2749,1.564
217,F_MED,5,5,ARIMA,A_tiempo,575,144,multi-step-direct,-0.0297,1.945963,1.394978,0.998237,31.3529,0.1783,0.9929,0.321
217,F_N+PB,5,1,LinReg,A_tiempo,576,144,multi-step-direct,-19.543,26.019812,5.100962,3.741089,91.6447,0.2445,1.0,0.488
217,F_N+PB,5,1,DT,A_tiempo,576,144,multi-step-direct,0.2006,1.012554,1.006257,0.601525,14.8087,0.0083,0.7753,9.211
217,F_N+PB,5,1,RF,A_tiempo,576,144,multi-step-direct,0.5073,0.624108,0.790005,0.496055,15.6058,0.1789,0.7486,3.372
217,F_N+PB,5,1,SVR_rbf,A_tiempo,576,144,multi-step-direct,0.449,0.697887,0.835396,0.512314,16.3019,17.1846,0.6252,11.123
217,F_N+PB,5,1,MLP,A_tiempo,576,144,multi-step-direct,0.3589,0.811997,0.901109,0.611673,16.3005,0.0111,0.5001,5.016
217,F_N+PB,5,1,ARIMA,A_tiempo,576,144,multi-step-direct,-0.3084,3.044366,1.744811,1.401681,29.7143,7.043,0.9911,2.535
217,F_N+PB,5,3,LinReg,A_tiempo,576,144,multi-step-direct,-25.639,33.024211,5.74667,4.235227,105.7542,0.1349,1.0,1.044
217,F_N+PB,5,3,DT,A_tiempo,576,144,multi-step-direct,0.0175,1.218032,1.103645,0.718336,16.5942,0.0175,0.6103,25.339
217,F_N+PB,5,3,RF,A_tiempo,576,144,multi-step-direct,0.3009,0.8667,0.930967,0.612051,18.4054,0.3898,0.6334,8.216
217,F_N+PB,5,3,SVR_rbf,A_tiempo,576,144,multi-step-direct,0.3106,0.854668,0.924483,0.583854,17.1231,69.9853,0.5502,35.11
217,F_N+PB,5,3,MLP,A_tiempo,576,144,multi-step-direct,0.2257,0.959942,0.979766,0.673838,17.0066,0.0126,0.3814,1.886
217,F_N+PB,5,3,ARIMA,A_tiempo,576,144,multi-step-direct,-0.3323,2.494102,1.579272,1.229697,32.5761,1.5934,0.9911,1.721
217,F_N+PB,5,5,LinReg,A_tiempo,575,144,multi-step-direct,-26.5163,34.421235,5.866961,4.39462,108.7226,0.218,1.0,1.448
217,F_N+PB,5,5,DT,A_tiempo,575,144,multi-step-direct,-0.001,1.252237,1.119034,0.739266,15.4401,0.0091,0.5484,42.034
217,F_N+PB,5,5,RF,A_tiempo,575,144,multi-step-direct,0.2619,0.923267,0.960868,0.639655,17.4704,0.2462,0.5902,14.593
217,F_N+PB,5,5,SVR_rbf,A_tiempo,575,144,multi-step-direct,0.268,0.915747,0.956947,0.61199,16.6835,102.5859,0.5215,57.069
217,F_N+PB,5,5,MLP,A_tiempo,575,144,multi-step-direct,0.1947,1.007407,1.003697,0.689944,16.9175,0.0176,0.2353,1.786
217,F_N+PB,5,5,ARIMA,A_tiempo,575,144,multi-step-direct,-0.4207,2.476292,1.573624,1.234341,32.8235,0.6569,0.9911,1.182
217,F_N+MED,5,1,LinReg,A_tiempo,576,144,multi-step-direct,-0.9952,2.330752,1.52668,1.146429,22.3746,0.1081,1.0,0.496
217,F_N+MED,5,1,DT,A_tiempo,576,144,multi-step-direct,0.3599,0.747722,0.864709,0.568764,14.2227,0.0087,0.7157,9.827
217,F_N+MED,5,1,RF,A_tiempo,576,144,multi-step-direct,0.5595,0.514551,0.717322,0.478504,13.7662,0.1753,0.7556,2.726
217,F_N+MED,5,1,SVR_rbf,A_tiempo,576,144,multi-step-direct,0.5261,0.553638,0.744069,0.477872,13.391,19.6605,0.6719,11.637
217,F_N+MED,5,1,MLP,A_tiempo,576,144,multi-step-direct,0.4059,0.69401,0.833072,0.590086,14.6715,0.0357,0.4872,4.13
217,F_N+MED,5,1,ARIMA,A_tiempo,576,144,multi-step-direct,-0.3572,3.436673,1.853826,1.48782,33.6145,1.1746,0.9935,0.423
217,F_N+MED,5,3,LinReg,A_tiempo,576,144,multi-step-direct,-1.4715,2.821476,1.679725,1.276314,23.0041,0.1368,1.0,1.0
217,F_N+MED,5,3,DT,A_tiempo,576,144,multi-step-direct,0.0599,1.073197,1.035952,0.715181,15.7803,0.0102,0.5995,25.098
217,F_N+MED,5,3,RF,A_tiempo,576,144,multi-step-direct,0.3905,0.695857,0.83418,0.576647,16.7046,0.2471,0.6314,9.42
217,F_N+MED,5,3,SVR_rbf,A_tiempo,576,144,multi-step-direct,0.3959,0.689613,0.830429,0.552566,15.5701,69.3645,0.5961,34.43
217,F_N+MED,5,3,MLP,A_tiempo,576,144,multi-step-direct,0.3028,0.795899,0.892131,0.640001,15.9263,0.0117,0.3998,1.507
217,F_N+MED,5,3,ARIMA,A_tiempo,576,144,multi-step-direct,-0.1837,2.343831,1.530957,1.108157,34.3815,0.2728,0.9935,0.295
217,F_N+MED,5,5,LinReg,A_tiempo,575,144,multi-step-direct,-1.6218,2.994938,1.730589,1.322287,23.2601,0.2815,1.0,1.447
217,F_N+MED,5,5,DT,A_tiempo,575,144,multi-step-direct,-0.078,1.231427,1.109697,0.749207,17.198,0.0087,0.523,42.878
217,F_N+MED,5,5,RF,A_tiempo,575,144,multi-step-direct,0.3368,0.757568,0.870384,0.605189,16.9508,0.2592,0.5876,15.199
217,F_N+MED,5,5,SVR_rbf,A_tiempo,575,144,multi-step-direct,0.3513,0.741041,0.860837,0.579705,16.2098,101.2042,0.5643,54.211
217,F_N+MED,5,5,MLP,A_tiempo,575,144,multi-step-direct,0.2754,0.827666,0.909761,0.652382,16.0364,0.0161,0.2822,5.311
217,F_N+MED,5,5,ARIMA,A_tiempo,575,144,multi-step-direct,-0.075,2.028433,1.424231,1.032727,31.7786,0.2732,0.9935,0.492
217,F_N+PB+MED,5,1,LinReg,A_tiempo,576,144,multi-step-direct,-0.7431,2.300839,1.516852,1.142408,22.2845,0.2067,1.0,0.455
217,F_N+PB+MED,5,1,DT,A_tiempo,576,144,multi-step-direct,0.4089,0.780223,0.883303,0.539398,14.7858,0.0079,0.7996,8.377
217,F_N+PB+MED,5,1,RF,A_tiempo,576,144,multi-step-direct,0.6158,0.507158,0.71215,0.46278,13.7021,0.1766,0.8008,4.497
217,F_N+PB+MED,5,1,SVR_rbf,A_tiempo,576,144,multi-step-direct,0.5664,0.572373,0.756553,0.472267,14.5625,17.1096,0.6825,9.684
217,F_N+PB+MED,5,1,MLP,A_tiempo,576,144,multi-step-direct,0.4782,0.688752,0.829911,0.588387,15.6483,0.0083,0.5356,0.951
217,F_N+PB+MED,5,1,ARIMA,A_tiempo,576,144,multi-step-direct,-0.1924,3.316078,1.82101,1.442991,33.4615,0.7471,0.9938,0.269
217,F_N+PB+MED,5,3,LinReg,A_tiempo,576,144,multi-step-direct,-1.3001,2.946841,1.716637,1.3023,23.2184,0.2807,1.0,2.154
217,F_N+PB+MED,5,3,DT,A_tiempo,576,144,multi-step-direct,0.1463,1.093775,1.045837,0.688507,16.0554,0.0097,0.6866,26.372
217,F_N+PB+MED,5,3,RF,A_tiempo,576,144,multi-step-direct,0.4379,0.720174,0.848631,0.577182,16.4821,0.1709,0.6876,9.846
217,F_N+PB+MED,5,3,SVR_rbf,A_tiempo,576,144,multi-step-direct,0.4219,0.740718,0.86065,0.553106,16.2323,55.8114,0.5941,34.266
217,F_N+PB+MED,5,3,MLP,A_tiempo,576,144,multi-step-direct,0.3546,0.826926,0.909355,0.643498,16.0733,0.0119,0.4432,5.363
217,F_N+PB+MED,5,3,ARIMA,A_tiempo,576,144,multi-step-direct,-0.214,2.559658,1.599893,1.175541,35.8635,0.2719,0.9938,0.294
217,F_N+PB+MED,5,5,LinReg,A_tiempo,575,144,multi-step-direct,-1.4717,3.180342,1.783351,1.363997,23.6393,0.3092,1.0,1.429
217,F_N+PB+MED,5,5,DT,A_tiempo,575,144,multi-step-direct,0.0727,1.193148,1.092313,0.737854,16.2192,0.0093,0.6481,42.902
217,F_N+PB+MED,5,5,RF,A_tiempo,575,144,multi-step-direct,0.3848,0.791603,0.889721,0.608739,16.9982,0.3343,0.6388,14.055
217,F_N+PB+MED,5,5,SVR_rbf,A_tiempo,575,144,multi-step-direct,0.3772,0.801327,0.895169,0.581506,16.6497,101.9112,0.5589,55.836
217,F_N+PB+MED,5,5,MLP,A_tiempo,575,144,multi-step-direct,0.3151,0.881263,0.938756,0.667484,16.6148,0.0158,0.3093,1.593
217,F_N+PB+MED,5,5,ARIMA,A_tiempo,575,144,multi-step-direct,-0.266,2.473044,1.572591,1.19732,35.0772,0.2111,0.9938,0.38
219,F_SIN,5,1,LinReg,A_tiempo,576,144,multi-step-direct,-3.6787,4.288299,2.070821,1.605115,29.6782,0.2897,1.0,1.813
219,F_SIN,5,1,DT,A_tiempo,576,144,multi-step-direct,-0.1587,1.062034,1.03055,0.643277,14.7773,0.0058,0.5601,6.839
219,F_SIN,5,1,RF,A_tiempo,576,144,multi-step-direct,0.192,0.740545,0.860549,0.501448,15.6606,0.1735,0.6585,2.419
219,F_SIN,5,1,SVR_rbf,A_tiempo,576,144,multi-step-direct,0.1631,0.767075,0.875828,0.49196,15.5984,17.1959,0.5048,12.306
219,F_SIN,5,1,MLP,A_tiempo,576,144,multi-step-direct,0.102,0.823083,0.907239,0.557045,14.7226,0.0072,0.3229,1.043
219,F_SIN,5,1,ARIMA,A_tiempo,576,144,multi-step-direct,-0.467,0.762995,0.873496,0.691702,14.0801,1.8737,0.9693,0.675
219,F_SIN,5,3,LinReg,A_tiempo,576,144,multi-step-direct,-4.6043,5.053229,2.247939,1.766308,31.5578,0.1493,1.0,1.044
219,F_SIN,5,3,DT,A_tiempo,576,144,multi-step-direct,-0.211,1.091964,1.044971,0.673967,15.0619,0.0093,0.465,19.647
219,F_SIN,5,3,RF,A_tiempo,576,144,multi-step-direct,0.0586,0.848874,0.921343,0.572402,17.4676,0.1748,0.5284,8.246
219,F_SIN,5,3,SVR_rbf,A_tiempo,576,144,multi-step-direct,0.0287,0.875816,0.935851,0.573605,16.9326,66.6803,0.4573,33.734
219,F_SIN,5,3,MLP,A_tiempo,576,144,multi-step-direct,0.0145,0.888638,0.942676,0.5997,16.7845,0.0117,0.1943,1.799
219,F_SIN,5,3,ARIMA,A_tiempo,576,144,multi-step-direct,-0.8179,1.318851,1.148412,1.008657,24.134,0.5782,0.9693,0.624
219,F_SIN,5,5,LinReg,A_tiempo,575,144,multi-step-direct,-5.1719,5.490533,2.343189,1.84354,34.7148,0.2327,1.0,1.504
219,F_SIN,5,5,DT,A_tiempo,575,144,multi-step-direct,-0.2318,1.095818,1.046813,0.675512,13.156,0.0087,0.4569,33.917
219,F_SIN,5,5,RF,A_tiempo,575,144,multi-step-direct,0.0332,0.860062,0.927395,0.583023,16.1155,0.2578,0.4812,13.69
219,F_SIN,5,5,SVR_rbf,A_tiempo,575,144,multi-step-direct,-0.0062,0.895085,0.946089,0.589083,15.2448,104.0301,0.4362,56.971
219,F_SIN,5,5,MLP,A_tiempo,575,144,multi-step-direct,-0.0089,0.897535,0.947383,0.60581,14.6476,0.0221,0.1833,1.664
219,F_SIN,5,5,ARIMA,A_tiempo,575,144,multi-step-direct,-0.8525,1.398559,1.182607,1.053017,25.2949,0.3677,0.9693,0.662
219,F_N,5,1,LinReg,A_tiempo,576,144,multi-step-direct,-3.7649,4.367283,2.089804,1.617564,30.3215,0.2436,1.0,0.495
219,F_N,5,1,DT,A_tiempo,576,144,multi-step-direct,-0.0477,0.960286,0.979942,0.595949,14.2558,0.0157,0.5619,9.989
219,F_N,5,1,RF,A_tiempo,576,144,multi-step-direct,0.2081,0.725827,0.851955,0.495048,15.8195,0.1893,0.6599,2.87
219,F_N,5,1,SVR_rbf,A_tiempo,576,144,multi-step-direct,0.1631,0.767054,0.875816,0.492028,15.5943,26.7654,0.5049,12.165
219,F_N,5,1,MLP,A_tiempo,576,144,multi-step-direct,0.1022,0.822852,0.907112,0.556752,14.713,0.0072,0.323,3.333
219,F_N,5,1,ARIMA,A_tiempo,576,144,multi-step-direct,-0.5054,0.782964,0.884852,0.709438,14.1068,2.0399,0.9695,0.734
219,F_N,5,3,LinReg,A_tiempo,576,144,multi-step-direct,-4.6908,5.131216,2.265219,1.780606,31.6154,0.1305,1.0,0.9
219,F_N,5,3,DT,A_tiempo,576,144,multi-step-direct,-0.2491,1.126305,1.061275,0.687597,14.7571,0.0093,0.4648,24.417
219,F_N,5,3,RF,A_tiempo,576,144,multi-step-direct,0.0681,0.84023,0.91664,0.567037,17.6486,0.2537,0.5273,8.83
219,F_N,5,3,SVR_rbf,A_tiempo,576,144,multi-step-direct,0.0287,0.875813,0.935849,0.573657,16.9347,68.803,0.4574,33.986
219,F_N,5,3,MLP,A_tiempo,576,144,multi-step-direct,0.0143,0.88877,0.942746,0.599768,16.7973,0.0117,0.194,1.057
219,F_N,5,3,ARIMA,A_tiempo,576,144,multi-step-direct,-0.8614,1.350404,1.162069,1.026439,24.2842,0.7455,0.9695,0.805
219,F_N,5,5,LinReg,A_tiempo,575,144,multi-step-direct,-5.2975,5.602266,2.366911,1.863864,34.5875,0.3416,1.0,1.453
219,F_N,5,5,DT,A_tiempo,575,144,multi-step-direct,-0.2861,1.144116,1.069634,0.699243,13.6753,0.0092,0.4495,42.474
219,F_N,5,5,RF,A_tiempo,575,144,multi-step-direct,0.0363,0.857289,0.925899,0.57981,16.0067,0.2419,0.4852,15.253
219,F_N,5,5,SVR_rbf,A_tiempo,575,144,multi-step-direct,-0.0062,0.895082,0.946088,0.589134,15.2509,105.5089,0.4363,55.05
219,F_N,5,5,MLP,A_tiempo,575,144,multi-step-direct,-0.0092,0.89775,0.947497,0.606004,14.6472,0.0183,0.1831,4.903
219,F_N,5,5,ARIMA,A_tiempo,575,144,multi-step-direct,-0.8962,1.431533,1.196467,1.07079,25.4706,0.5298,0.9695,0.954
219,F_PB,5,1,LinReg,A_tiempo,576,144,multi-step-direct,-25.2739,29.394919,5.421708,4.196566,104.344,0.0882,1.0,0.445
219,F_PB,5,1,DT,A_tiempo,576,144,multi-step-direct,-0.2284,1.374276,1.172295,0.630333,14.5024,0.0079,0.4197,9.699
219,F_PB,5,1,RF,A_tiempo,576,144,multi-step-direct,0.09,1.018106,1.009012,0.514491,19.0283,0.1758,0.5602,4.193
219,F_PB,5,1,SVR_rbf,A_tiempo,576,144,multi-step-direct,0.0178,1.098851,1.048261,0.501049,20.4993,19.4888,0.3331,10.802
219,F_PB,5,1,MLP,A_tiempo,576,144,multi-step-direct,-0.0224,1.143879,1.069523,0.552776,20.2392,0.1772,0.0245,0.873
219,F_PB,5,1,ARIMA,A_tiempo,576,144,multi-step-direct,0.0023,0.878421,0.937241,0.460035,17.0659,10.0067,0.9698,3.602
219,F_PB,5,3,LinReg,A_tiempo,576,144,multi-step-direct,-26.6872,30.870586,5.556131,4.31453,98.3129,0.1288,1.0,0.914
219,F_PB,5,3,DT,A_tiempo,576,144,multi-step-direct,-0.2868,1.434756,1.197813,0.663511,17.419,0.0107,0.3687,24.276
219,F_PB,5,3,RF,A_tiempo,576,144,multi-step-direct,0.017,1.096025,1.046912,0.542701,21.2338,0.2469,0.3729,10.585
219,F_PB,5,3,SVR_rbf,A_tiempo,576,144,multi-step-direct,-0.017,1.133898,1.064847,0.539132,21.8272,68.7669,0.3164,34.79
219,F_PB,5,3,MLP,A_tiempo,576,144,multi-step-direct,-0.0161,1.132976,1.064413,0.550355,21.7612,0.0123,0.031,0.972
219,F_PB,5,3,ARIMA,A_tiempo,576,144,multi-step-direct,-0.0096,1.135941,1.065805,0.502527,24.2429,1.0473,0.9698,1.131
219,F_PB,5,5,LinReg,A_tiempo,575,144,multi-step-direct,-25.7922,29.603439,5.440904,4.238566,100.619,0.2173,1.0,1.426
219,F_PB,5,5,DT,A_tiempo,575,144,multi-step-direct,-0.2972,1.433338,1.197221,0.677901,13.4701,0.0088,0.3329,42.729
219,F_PB,5,5,RF,A_tiempo,575,144,multi-step-direct,0.0067,1.097566,1.047648,0.538888,17.6841,0.4105,0.2706,17.074
219,F_PB,5,5,SVR_rbf,A_tiempo,575,144,multi-step-direct,-0.0242,1.131676,1.063802,0.543463,18.036,104.4366,0.3133,58.295
219,F_PB,5,5,MLP,A_tiempo,575,144,multi-step-direct,-0.0136,1.119902,1.058254,0.540244,18.275,0.0169,0.0119,1.121
219,F_PB,5,5,ARIMA,A_tiempo,575,144,multi-step-direct,-0.0111,1.1959,1.093572,0.51055,24.7282,0.8685,0.9698,1.563
219,F_MED,5,1,LinReg,A_tiempo,576,144,multi-step-direct,-1.6105,1.885095,1.372988,0.973132,21.5485,0.1945,1.0,0.52
219,F_MED,5,1,DT,A_tiempo,576,144,multi-step-direct,0.1105,0.64229,0.80143,0.5449,13.3386,0.0076,0.8131,7.265
219,F_MED,5,1,RF,A_tiempo,576,144,multi-step-direct,0.4584,0.39111,0.625388,0.43492,12.1657,0.1733,0.8239,4.126
219,F_MED,5,1,SVR_rbf,A_tiempo,576,144,multi-step-direct,0.4217,0.417615,0.646232,0.439239,12.2674,17.3209,0.672,10.093
219,F_MED,5,1,MLP,A_tiempo,576,144,multi-step-direct,0.2897,0.512898,0.716169,0.526998,12.7016,0.0078,0.5125,0.688
219,F_MED,5,1,ARIMA,A_tiempo,576,144,multi-step-direct,-0.3303,0.260393,0.510287,0.315682,9.6759,1.2483,0.9971,0.449
219,F_MED,5,3,LinReg,A_tiempo,576,144,multi-step-direct,-2.5247,2.502881,1.58205,1.162481,21.1457,0.2257,1.0,3.062
219,F_MED,5,3,DT,A_tiempo,576,144,multi-step-direct,-0.2829,0.910998,0.954462,0.693693,14.3898,0.0077,0.6661,18.554
219,F_MED,5,3,RF,A_tiempo,576,144,multi-step-direct,0.1535,0.601114,0.775316,0.568385,14.362,0.1787,0.6964,6.938
219,F_MED,5,3,SVR_rbf,A_tiempo,576,144,multi-step-direct,0.1444,0.607565,0.779465,0.560791,13.971,68.3764,0.5282,32.214
219,F_MED,5,3,MLP,A_tiempo,576,144,multi-step-direct,0.0859,0.649072,0.80565,0.596278,14.2074,0.0161,0.3813,1.103
219,F_MED,5,3,ARIMA,A_tiempo,576,144,multi-step-direct,-1.722,0.750513,0.866321,0.709525,19.1535,0.4557,0.9971,0.492
219,F_MED,5,5,LinReg,A_tiempo,575,144,multi-step-direct,-3.1584,2.894698,1.701381,1.269988,24.4044,0.2199,1.0,1.625
219,F_MED,5,5,DT,A_tiempo,575,144,multi-step-direct,-0.3964,0.972064,0.985933,0.716197,14.0338,0.0112,0.5648,35.616
219,F_MED,5,5,RF,A_tiempo,575,144,multi-step-direct,0.1137,0.616972,0.785476,0.576317,14.2693,0.3995,0.6234,11.557
219,F_MED,5,5,SVR_rbf,A_tiempo,575,144,multi-step-direct,0.075,0.643906,0.802437,0.586444,13.6627,104.7397,0.4606,61.465
219,F_MED,5,5,MLP,A_tiempo,575,144,multi-step-direct,0.0118,0.687911,0.829404,0.616813,13.0367,0.0173,0.3421,1.554
219,F_MED,5,5,ARIMA,A_tiempo,575,144,multi-step-direct,-2.2142,0.797017,0.892758,0.753272,20.0766,0.421,0.9971,0.758
219,F_N+PB,5,1,LinReg,A_tiempo,576,144,multi-step-direct,-33.0963,38.14654,6.176288,4.770401,117.4465,0.3004,1.0,0.848
219,F_N+PB,5,1,DT,A_tiempo,576,144,multi-step-direct,-0.2009,1.343551,1.159116,0.620936,14.5556,0.0063,0.4197,9.458
219,F_N+PB,5,1,RF,A_tiempo,576,144,multi-step-direct,0.0932,1.014473,1.007211,0.512589,18.7969,0.1746,0.5597,2.806
219,F_N+PB,5,1,SVR_rbf,A_tiempo,576,144,multi-step-direct,0.0178,1.098845,1.048258,0.501061,20.4995,18.831,0.3331,12.396
219,F_N+PB,5,1,MLP,A_tiempo,576,144,multi-step-direct,-0.0225,1.143956,1.069559,0.552851,20.2369,0.0068,0.0246,0.555
219,F_N+PB,5,1,ARIMA,A_tiempo,576,144,multi-step-direct,0.0026,0.878231,0.93714,0.459521,17.0691,3.5588,0.9698,1.281
219,F_N+PB,5,3,LinReg,A_tiempo,576,144,multi-step-direct,-36.3508,41.645451,6.453329,4.972093,117.121,0.1284,1.0,0.966
219,F_N+PB,5,3,DT,A_tiempo,576,144,multi-step-direct,-0.2598,1.404633,1.185172,0.656512,15.9521,0.0074,0.3687,25.764
219,F_N+PB,5,3,RF,A_tiempo,576,144,multi-step-direct,0.0167,1.096331,1.047058,0.542194,21.1671,0.2592,0.3726,8.37
219,F_N+PB,5,3,SVR_rbf,A_tiempo,576,144,multi-step-direct,-0.017,1.133902,1.064848,0.539148,21.8276,56.2429,0.3164,36.675
219,F_N+PB,5,3,MLP,A_tiempo,576,144,multi-step-direct,-0.0161,1.132904,1.06438,0.55029,21.77,0.0119,0.031,0.969
219,F_N+PB,5,3,ARIMA,A_tiempo,576,144,multi-step-direct,-0.0093,1.135518,1.065607,0.502188,24.2439,1.1755,0.9698,1.27
219,F_N+PB,5,5,LinReg,A_tiempo,575,144,multi-step-direct,-35.3341,40.146705,6.336143,4.905025,119.0012,0.4565,1.0,3.79
219,F_N+PB,5,5,DT,A_tiempo,575,144,multi-step-direct,-0.303,1.439683,1.199868,0.680029,13.4515,0.0112,0.3381,41.362
219,F_N+PB,5,5,RF,A_tiempo,575,144,multi-step-direct,0.0073,1.096854,1.047308,0.538567,17.7676,0.3864,0.2715,16.76
219,F_N+PB,5,5,SVR_rbf,A_tiempo,575,144,multi-step-direct,-0.0242,1.131679,1.063804,0.543478,18.0362,95.523,0.3133,63.028
219,F_N+PB,5,5,MLP,A_tiempo,575,144,multi-step-direct,-0.0135,1.119895,1.058251,0.540241,18.2759,0.0345,0.0119,3.647
219,F_N+PB,5,5,ARIMA,A_tiempo,575,144,multi-step-direct,-0.0116,1.196517,1.093854,0.511022,24.7234,0.7088,0.9698,1.276
219,F_N+MED,5,1,LinReg,A_tiempo,576,144,multi-step-direct,-1.6422,1.908607,1.381524,0.968171,22.4967,0.1043,1.0,0.483
219,F_N+MED,5,1,DT,A_tiempo,576,144,multi-step-direct,0.096,0.653022,0.808098,0.553457,13.0167,0.007,0.8213,8.546
219,F_N+MED,5,1,RF,A_tiempo,576,144,multi-step-direct,0.4645,0.386781,0.621917,0.434462,12.2561,0.17,0.825,4.493
219,F_N+MED,5,1,SVR_rbf,A_tiempo,576,144,multi-step-direct,0.4216,0.417808,0.646381,0.439543,12.27,17.3313,0.672,11.052
219,F_N+MED,5,1,MLP,A_tiempo,576,144,multi-step-direct,0.2895,0.513257,0.71642,0.526643,12.7412,0.0075,0.5139,0.642
219,F_N+MED,5,1,ARIMA,A_tiempo,576,144,multi-step-direct,-0.346,0.263808,0.513622,0.31831,9.6931,2.346,0.9971,0.845
219,F_N+MED,5,3,LinReg,A_tiempo,576,144,multi-step-direct,-2.6868,2.618651,1.618225,1.191266,22.169,0.2951,1.0,2.21
219,F_N+MED,5,3,DT,A_tiempo,576,144,multi-step-direct,-0.303,0.925495,0.962026,0.690664,14.4616,0.0078,0.6732,23.994
219,F_N+MED,5,3,RF,A_tiempo,576,144,multi-step-direct,0.1526,0.601881,0.77581,0.562779,14.7031,0.1728,0.6953,10.26
219,F_N+MED,5,3,SVR_rbf,A_tiempo,576,144,multi-step-direct,0.1444,0.607717,0.779562,0.560981,13.9645,51.6384,0.5283,31.907
219,F_N+MED,5,3,MLP,A_tiempo,576,144,multi-step-direct,0.0845,0.650246,0.806379,0.597626,14.1766,0.0116,0.3944,1.054
219,F_N+MED,5,3,ARIMA,A_tiempo,576,144,multi-step-direct,-1.7504,0.758848,0.871119,0.714243,19.2085,2.0344,0.9971,2.197
219,F_N+MED,5,5,LinReg,A_tiempo,575,144,multi-step-direct,-3.2495,2.958824,1.720123,1.285545,24.5054,0.2747,1.0,2.413
219,F_N+MED,5,5,DT,A_tiempo,575,144,multi-step-direct,-0.4624,1.018246,1.009082,0.721679,13.2627,0.0118,0.5921,44.445
219,F_N+MED,5,5,RF,A_tiempo,575,144,multi-step-direct,0.1233,0.610454,0.781315,0.572385,14.3399,0.3373,0.6233,15.677
219,F_N+MED,5,5,SVR_rbf,A_tiempo,575,144,multi-step-direct,0.0749,0.644099,0.802558,0.586614,13.6711,103.2428,0.4608,54.932
219,F_N+MED,5,5,MLP,A_tiempo,575,144,multi-step-direct,0.0146,0.686137,0.828334,0.616156,13.034,0.0163,0.3297,1.669
219,F_N+MED,5,5,ARIMA,A_tiempo,575,144,multi-step-direct,-2.2448,0.806315,0.897951,0.758454,20.1486,0.442,0.9971,0.796
219,F_N+PB+MED,5,1,LinReg,A_tiempo,576,144,multi-step-direct,-2.7075,3.825497,1.955888,1.404402,27.9826,0.3149,1.0,1.947
219,F_N+PB+MED,5,1,DT,A_tiempo,576,144,multi-step-direct,-0.2667,1.307036,1.143257,0.68025,15.472,0.0053,0.6536,8.686
219,F_N+PB+MED,5,1,RF,A_tiempo,576,144,multi-step-direct,0.2772,0.745818,0.863607,0.584222,16.505,0.1912,0.7074,2.866
219,F_N+PB+MED,5,1,SVR_rbf,A_tiempo,576,144,multi-step-direct,0.1119,0.916361,0.957267,0.635061,18.117,18.3057,0.4573,12.11
219,F_N+PB+MED,5,1,MLP,A_tiempo,576,144,multi-step-direct,0.0161,1.015223,1.007583,0.724768,18.2435,0.0084,0.1123,0.648
219,F_N+PB+MED,5,1,ARIMA,A_tiempo,576,144,multi-step-direct,-0.5458,1.441974,1.200822,0.752694,22.784,1.0264,0.9922,0.369
219,F_N+PB+MED,5,3,LinReg,A_tiempo,576,144,multi-step-direct,-2.6761,4.122171,2.030313,1.504763,28.5662,0.1316,1.0,0.933
219,F_N+PB+MED,5,3,DT,A_tiempo,576,144,multi-step-direct,-0.4475,1.623132,1.274022,0.800802,17.3105,0.0074,0.4277,26.935
219,F_N+PB+MED,5,3,RF,A_tiempo,576,144,multi-step-direct,0.0682,1.044886,1.022197,0.708379,20.0973,0.2501,0.5248,10.991
219,F_N+PB+MED,5,3,SVR_rbf,A_tiempo,576,144,multi-step-direct,-0.035,1.160556,1.077291,0.711982,21.1618,54.8318,0.3864,34.86
219,F_N+PB+MED,5,3,MLP,A_tiempo,576,144,multi-step-direct,-0.0231,1.147219,1.071083,0.755369,20.2896,0.0333,0.1633,2.473
219,F_N+PB+MED,5,3,ARIMA,A_tiempo,576,144,multi-step-direct,-0.8011,1.304017,1.141936,0.78008,24.8916,1.0835,0.9922,1.17
219,F_N+PB+MED,5,5,LinReg,A_tiempo,575,144,multi-step-direct,-2.8818,4.287818,2.070705,1.548152,28.6801,0.2209,1.0,2.41
219,F_N+PB+MED,5,5,DT,A_tiempo,575,144,multi-step-direct,-0.1884,1.312715,1.145738,0.774467,17.3821,0.0087,0.2941,46.091
219,F_N+PB+MED,5,5,RF,A_tiempo,575,144,multi-step-direct,0.0223,1.079919,1.039191,0.733855,17.5758,0.2511,0.4565,17.126
219,F_N+PB+MED,5,5,SVR_rbf,A_tiempo,575,144,multi-step-direct,-0.0639,1.175207,1.08407,0.721391,17.4483,105.232,0.3567,54.09
219,F_N+PB+MED,5,5,MLP,A_tiempo,575,144,multi-step-direct,-0.0213,1.128107,1.062124,0.757551,18.1246,0.1183,0.0805,2.033
219,F_N+PB+MED,5,5,ARIMA,A_tiempo,575,144,multi-step-direct,-0.8325,1.284821,1.133499,0.794246,25.8864,0.4365,0.9922,0.786
220,F_SIN,5,1,LinReg,A_tiempo,576,144,multi-step-direct,-4.2344,5.823285,2.413148,1.807259,38.2547,0.1173,1.0,0.845
220,F_SIN,5,1,DT,A_tiempo,576,144,multi-step-direct,-0.3009,1.447301,1.203038,0.583083,15.3753,0.0061,0.4302,5.176
220,F_SIN,5,1,RF,A_tiempo,576,144,multi-step-direct,0.0356,1.072921,1.035819,0.497436,18.4314,0.1748,0.3877,2.099
220,F_SIN,5,1,SVR_rbf,A_tiempo,576,144,multi-step-direct,0.0002,1.112238,1.054627,0.506335,18.4166,21.21,0.2551,13.266
220,F_SIN,5,1,MLP,A_tiempo,576,144,multi-step-direct,-0.0272,1.142814,1.069025,0.548083,19.3148,0.0069,0.0404,0.517
220,F_SIN,5,1,ARIMA,A_tiempo,576,144,multi-step-direct,-0.3557,2.000514,1.414395,0.779817,24.1358,1.4472,0.9069,0.521
220,F_SIN,5,3,LinReg,A_tiempo,576,144,multi-step-direct,-4.4806,6.087032,2.467191,1.875103,37.6921,0.1774,1.0,1.158
220,F_SIN,5,3,DT,A_tiempo,576,144,multi-step-direct,-0.2049,1.338249,1.156827,0.593653,18.3752,0.0076,0.2339,14.74
220,F_SIN,5,3,RF,A_tiempo,576,144,multi-step-direct,0.0027,1.107608,1.052429,0.525893,22.9458,0.3467,0.231,6.58
220,F_SIN,5,3,SVR_rbf,A_tiempo,576,144,multi-step-direct,-0.0258,1.139369,1.067412,0.529084,22.1586,52.1698,0.2468,37.691
220,F_SIN,5,3,MLP,A_tiempo,576,144,multi-step-direct,-0.0208,1.133793,1.064797,0.543994,23.3036,0.0201,0.0257,1.093
220,F_SIN,5,3,ARIMA,A_tiempo,576,144,multi-step-direct,-0.0587,1.307885,1.143628,0.586786,24.8088,0.6288,0.9069,0.679
220,F_SIN,5,5,LinReg,A_tiempo,575,144,multi-step-direct,-4.5822,6.237786,2.497556,1.906752,35.741,0.2184,1.0,3.851
220,F_SIN,5,5,DT,A_tiempo,575,144,multi-step-direct,-0.2316,1.376235,1.173131,0.617431,19.0828,0.0116,0.2476,25.389
220,F_SIN,5,5,RF,A_tiempo,575,144,multi-step-direct,-0.0063,1.124467,1.060409,0.534716,24.3765,0.3303,0.1626,13.334
220,F_SIN,5,5,SVR_rbf,A_tiempo,575,144,multi-step-direct,-0.0382,1.160089,1.077074,0.54316,23.2346,102.6608,0.2419,62.362
220,F_SIN,5,5,MLP,A_tiempo,575,144,multi-step-direct,-0.0161,1.13541,1.065556,0.542077,24.6151,0.0183,0.0086,0.992
220,F_SIN,5,5,ARIMA,A_tiempo,575,144,multi-step-direct,-0.0058,1.169464,1.081417,0.585989,23.7528,0.3072,0.9069,0.553
220,F_N,5,1,LinReg,A_tiempo,576,144,multi-step-direct,-4.3413,5.942616,2.437748,1.826184,39.0891,0.2597,1.0,0.541
220,F_N,5,1,DT,A_tiempo,576,144,multi-step-direct,-0.2696,1.412466,1.188472,0.572639,13.6105,0.0062,0.4328,9.644
220,F_N,5,1,RF,A_tiempo,576,144,multi-step-direct,0.0312,1.077863,1.038202,0.501824,18.4169,0.1783,0.3941,3.07
220,F_N,5,1,SVR_rbf,A_tiempo,576,144,multi-step-direct,0.0003,1.112204,1.054611,0.506363,18.418,21.8767,0.2551,12.837
220,F_N,5,1,MLP,A_tiempo,576,144,multi-step-direct,-0.0285,1.144326,1.069732,0.549545,19.1517,0.0074,0.0507,0.623
220,F_N,5,1,ARIMA,A_tiempo,576,144,multi-step-direct,-0.3147,1.940574,1.393045,0.739727,24.0884,1.4872,0.9076,0.535
220,F_N,5,3,LinReg,A_tiempo,576,144,multi-step-direct,-4.5747,6.191984,2.48837,1.892449,37.9731,0.1341,1.0,1.013
220,F_N,5,3,DT,A_tiempo,576,144,multi-step-direct,-0.2672,1.407464,1.186366,0.595502,17.9117,0.0121,0.2479,25.464
220,F_N,5,3,RF,A_tiempo,576,144,multi-step-direct,0.0037,1.10662,1.05196,0.524544,23.0227,0.254,0.2367,8.782
220,F_N,5,3,SVR_rbf,A_tiempo,576,144,multi-step-direct,-0.0258,1.139389,1.067422,0.529142,22.1868,63.4386,0.2468,38.043
220,F_N,5,3,MLP,A_tiempo,576,144,multi-step-direct,-0.0208,1.133786,1.064794,0.543956,23.3262,0.013,0.0257,0.949
220,F_N,5,3,ARIMA,A_tiempo,576,144,multi-step-direct,-0.0413,1.286552,1.134263,0.581428,24.741,0.5002,0.9076,0.54
220,F_N,5,5,LinReg,A_tiempo,575,144,multi-step-direct,-4.6891,6.357642,2.521436,1.926398,36.3421,0.4202,1.0,1.742
220,F_N,5,5,DT,A_tiempo,575,144,multi-step-direct,-0.2449,1.39117,1.179479,0.59624,19.1186,0.0085,0.2395,43.0
220,F_N,5,5,RF,A_tiempo,575,144,multi-step-direct,-0.0047,1.122753,1.0596,0.534182,24.432,0.3304,0.1616,17.243
220,F_N,5,5,SVR_rbf,A_tiempo,575,144,multi-step-direct,-0.0381,1.160122,1.07709,0.543207,23.2319,102.7293,0.2419,60.911
220,F_N,5,5,MLP,A_tiempo,575,144,multi-step-direct,-0.0161,1.135474,1.065586,0.542119,24.6155,0.016,0.0086,0.945
220,F_N,5,5,ARIMA,A_tiempo,575,144,multi-step-direct,-0.0012,1.164142,1.078954,0.594018,23.7299,0.3215,0.9076,0.579
220,F_PB,5,1,LinReg,A_tiempo,576,144,multi-step-direct,-22.2556,25.778491,5.077252,3.882669,92.8535,0.2491,1.0,1.722
220,F_PB,5,1,DT,A_tiempo,576,144,multi-step-direct,-0.3175,1.460474,1.208501,0.551891,14.3364,0.0082,0.5308,9.005
220,F_PB,5,1,RF,A_tiempo,576,144,multi-step-direct,0.0637,1.037841,1.018745,0.490053,17.7293,0.17,0.5109,3.085
220,F_PB,5,1,SVR_rbf,A_tiempo,576,144,multi-step-direct,0.0054,1.102504,1.050002,0.478618,18.5285,17.2201,0.2295,12.957
220,F_PB,5,1,MLP,A_tiempo,576,144,multi-step-direct,-0.0119,1.12163,1.05907,0.543762,19.3659,0.0069,0.007,0.505
220,F_PB,5,1,ARIMA,A_tiempo,576,144,multi-step-direct,-1.2685,3.481974,1.866005,1.421385,25.8517,4.575,0.9094,1.647
220,F_PB,5,3,LinReg,A_tiempo,576,144,multi-step-direct,-24.3277,28.0249,5.293855,4.057529,99.3408,0.1348,1.0,0.985
220,F_PB,5,3,DT,A_tiempo,576,144,multi-step-direct,-0.3857,1.533295,1.238263,0.60187,16.6483,0.0078,0.3747,26.212
220,F_PB,5,3,RF,A_tiempo,576,144,multi-step-direct,0.0017,1.104661,1.051029,0.529412,22.1196,0.2553,0.2583,10.644
220,F_PB,5,3,SVR_rbf,A_tiempo,576,144,multi-step-direct,-0.0237,1.13271,1.064289,0.502423,22.704,55.9493,0.2201,36.966
220,F_PB,5,3,MLP,A_tiempo,576,144,multi-step-direct,-0.0076,1.114884,1.055881,0.541988,23.5823,0.0267,0.0083,3.347
220,F_PB,5,3,ARIMA,A_tiempo,576,144,multi-step-direct,-1.6717,3.125639,1.767948,1.441386,31.6107,2.1122,0.9094,2.281
220,F_PB,5,5,LinReg,A_tiempo,575,144,multi-step-direct,-25.2065,28.990848,5.384315,4.151652,98.826,0.2163,1.0,1.591
220,F_PB,5,5,DT,A_tiempo,575,144,multi-step-direct,-0.3807,1.52737,1.235868,0.631413,16.9167,0.0093,0.3286,43.4
220,F_PB,5,5,RF,A_tiempo,575,144,multi-step-direct,-0.0024,1.108942,1.053063,0.535646,24.547,0.2549,0.1367,18.005
220,F_PB,5,5,SVR_rbf,A_tiempo,575,144,multi-step-direct,-0.0324,1.142133,1.068706,0.510802,23.9392,103.3109,0.2153,65.008
220,F_PB,5,5,MLP,A_tiempo,575,144,multi-step-direct,-0.0075,1.114506,1.055702,0.541305,24.808,0.0165,0.0084,0.934
220,F_PB,5,5,ARIMA,A_tiempo,575,144,multi-step-direct,-1.7733,2.996761,1.731115,1.422836,33.2444,1.0777,0.9094,1.94
220,F_MED,5,1,LinReg,A_tiempo,576,144,multi-step-direct,0.1046,1.536288,1.239471,0.961546,19.6303,0.2369,1.0,1.427
220,F_MED,5,1,DT,A_tiempo,576,144,multi-step-direct,0.2057,1.36282,1.167399,0.804917,18.6629,0.0068,0.8548,6.101
220,F_MED,5,1,RF,A_tiempo,576,144,multi-step-direct,0.4031,1.024173,1.012014,0.702511,18.4937,0.1767,0.851,2.185
220,F_MED,5,1,SVR_rbf,A_tiempo,576,144,multi-step-direct,0.4068,1.017756,1.008839,0.723259,17.8947,32.9468,0.7958,12.768
220,F_MED,5,1,MLP,A_tiempo,576,144,multi-step-direct,0.3955,1.037123,1.018392,0.769027,17.9917,0.0067,0.8196,1.996
220,F_MED,5,1,ARIMA,A_tiempo,576,144,multi-step-direct,-0.0454,1.280602,1.131637,0.81279,21.4666,1.7621,0.9979,0.634
220,F_MED,5,3,LinReg,A_tiempo,576,144,multi-step-direct,-0.6255,2.795072,1.671847,1.291152,21.6377,0.1275,1.0,0.939
220,F_MED,5,3,DT,A_tiempo,576,144,multi-step-direct,-0.1644,2.002187,1.414987,1.021595,21.206,0.0079,0.7342,15.367
220,F_MED,5,3,RF,A_tiempo,576,144,multi-step-direct,0.2198,1.341653,1.158297,0.828117,21.1589,0.2473,0.7686,4.999
220,F_MED,5,3,SVR_rbf,A_tiempo,576,144,multi-step-direct,0.1953,1.38369,1.176304,0.85201,20.9885,57.7062,0.7048,34.867
220,F_MED,5,3,MLP,A_tiempo,576,144,multi-step-direct,0.1003,1.547022,1.243794,0.938156,18.6872,0.0143,0.6497,2.692
220,F_MED,5,3,ARIMA,A_tiempo,576,144,multi-step-direct,-0.4399,2.864329,1.692433,1.415133,37.7529,0.6405,0.9979,0.692
220,F_MED,5,5,LinReg,A_tiempo,575,144,multi-step-direct,-0.9248,3.4654,1.861558,1.435121,24.0152,0.2272,1.0,3.559
220,F_MED,5,5,DT,A_tiempo,575,144,multi-step-direct,-0.513,2.723943,1.650437,1.153768,24.5636,0.0102,0.6198,25.367
220,F_MED,5,5,RF,A_tiempo,575,144,multi-step-direct,0.0892,1.639746,1.280525,0.911084,22.5468,0.2533,0.7196,11.369
220,F_MED,5,5,SVR_rbf,A_tiempo,575,144,multi-step-direct,0.0759,1.663703,1.289846,0.928251,22.5684,96.7497,0.6447,53.589
220,F_MED,5,5,MLP,A_tiempo,575,144,multi-step-direct,-0.0581,1.905017,1.380224,1.025841,20.0794,0.0177,0.5006,4.19
220,F_MED,5,5,ARIMA,A_tiempo,575,144,multi-step-direct,-1.0353,4.405079,2.098828,1.829178,46.3947,0.5402,0.9979,0.972
220,F_N+PB,5,1,LinReg,A_tiempo,576,144,multi-step-direct,-27.3706,31.448753,5.607919,4.286737,105.7669,0.0876,1.0,0.496
220,F_N+PB,5,1,DT,A_tiempo,576,144,multi-step-direct,-0.3347,1.479565,1.216374,0.548876,13.6823,0.0077,0.5232,9.008
220,F_N+PB,5,1,RF,A_tiempo,576,144,multi-step-direct,0.0722,1.028422,1.014111,0.488712,17.5554,0.2472,0.5141,3.973
220,F_N+PB,5,1,SVR_rbf,A_tiempo,576,144,multi-step-direct,0.0054,1.102516,1.050008,0.478644,18.5273,17.253,0.2295,12.178
220,F_N+PB,5,1,MLP,A_tiempo,576,144,multi-step-direct,-0.0116,1.121388,1.058956,0.543405,19.3265,0.0071,0.0072,0.982
220,F_N+PB,5,1,ARIMA,A_tiempo,576,144,multi-step-direct,-1.2625,3.472735,1.863527,1.418195,25.8355,14.3992,0.9094,5.184
220,F_N+PB,5,3,LinReg,A_tiempo,576,144,multi-step-direct,-29.9764,34.275571,5.854534,4.478391,110.3349,0.1299,1.0,1.003
220,F_N+PB,5,3,DT,A_tiempo,576,144,multi-step-direct,-0.3152,1.45524,1.206333,0.586173,17.7358,0.0091,0.3692,25.204
220,F_N+PB,5,3,RF,A_tiempo,576,144,multi-step-direct,0.0035,1.102654,1.050073,0.529821,22.2521,0.2478,0.2529,9.734
220,F_N+PB,5,3,SVR_rbf,A_tiempo,576,144,multi-step-direct,-0.0237,1.132724,1.064295,0.502449,22.7041,69.541,0.2202,36.892
220,F_N+PB,5,3,MLP,A_tiempo,576,144,multi-step-direct,-0.0076,1.114872,1.055875,0.542022,23.5832,0.012,0.0083,0.786
220,F_N+PB,5,3,ARIMA,A_tiempo,576,144,multi-step-direct,-1.6637,3.116281,1.765299,1.438175,31.5938,2.0027,0.9094,2.163
220,F_N+PB,5,5,LinReg,A_tiempo,575,144,multi-step-direct,-30.8428,35.22647,5.935189,4.570314,108.1208,0.2157,1.0,1.545
220,F_N+PB,5,5,DT,A_tiempo,575,144,multi-step-direct,-0.3764,1.522663,1.233962,0.626345,17.0448,0.0091,0.3286,42.78
220,F_N+PB,5,5,RF,A_tiempo,575,144,multi-step-direct,-0.0028,1.109326,1.053245,0.536065,24.5373,0.2558,0.1363,17.906
220,F_N+PB,5,5,SVR_rbf,A_tiempo,575,144,multi-step-direct,-0.0324,1.142152,1.068715,0.510833,23.9387,101.6451,0.2153,61.827
220,F_N+PB,5,5,MLP,A_tiempo,575,144,multi-step-direct,-0.0075,1.114519,1.055708,0.541349,24.8082,0.0183,0.0084,0.964
220,F_N+PB,5,5,ARIMA,A_tiempo,575,144,multi-step-direct,-1.7649,2.98775,1.728511,1.41969,33.2103,1.7328,0.9094,3.119
220,F_N+MED,5,1,LinReg,A_tiempo,576,144,multi-step-direct,0.1164,1.517137,1.231721,0.956894,18.6704,0.1476,1.0,1.437
220,F_N+MED,5,1,DT,A_tiempo,576,144,multi-step-direct,0.2468,1.293131,1.137159,0.798376,19.0464,0.0058,0.836,8.331
220,F_N+MED,5,1,RF,A_tiempo,576,144,multi-step-direct,0.4039,1.023455,1.01166,0.703927,18.5556,0.1906,0.8529,2.68
220,F_N+MED,5,1,SVR_rbf,A_tiempo,576,144,multi-step-direct,0.4077,1.016896,1.008412,0.722788,17.9006,17.207,0.7959,11.925
220,F_N+MED,5,1,MLP,A_tiempo,576,144,multi-step-direct,0.3875,1.051523,1.025438,0.771463,17.7577,0.0068,0.8346,2.0
220,F_N+MED,5,1,ARIMA,A_tiempo,576,144,multi-step-direct,-0.0476,1.280355,1.131528,0.81159,21.4673,1.5833,0.9981,0.57
220,F_N+MED,5,3,LinReg,A_tiempo,576,144,multi-step-direct,-0.6375,2.817579,1.678565,1.295834,21.5723,0.1316,1.0,0.965
220,F_N+MED,5,3,DT,A_tiempo,576,144,multi-step-direct,-0.2656,2.177569,1.475659,1.039057,21.3729,0.0079,0.7463,26.034
220,F_N+MED,5,3,RF,A_tiempo,576,144,multi-step-direct,0.2124,1.355215,1.164137,0.833077,21.1853,0.2541,0.77,9.972
220,F_N+MED,5,3,SVR_rbf,A_tiempo,576,144,multi-step-direct,0.1958,1.383738,1.176324,0.852046,20.9576,54.8045,0.705,33.045
220,F_N+MED,5,3,MLP,A_tiempo,576,144,multi-step-direct,0.0955,1.55623,1.24749,0.943199,19.0085,0.013,0.6123,2.081
220,F_N+MED,5,3,ARIMA,A_tiempo,576,144,multi-step-direct,-0.4363,2.857622,1.69045,1.413099,37.7135,1.1478,0.9981,1.24
220,F_N+MED,5,5,LinReg,A_tiempo,575,144,multi-step-direct,-0.9897,3.584592,1.893302,1.456501,24.1819,0.2241,1.0,3.224
220,F_N+MED,5,5,DT,A_tiempo,575,144,multi-step-direct,-0.3945,2.512316,1.585029,1.111854,21.9948,0.0105,0.6447,42.389
220,F_N+MED,5,5,RF,A_tiempo,575,144,multi-step-direct,0.0935,1.633021,1.277897,0.907606,22.7349,0.4126,0.7243,12.945
220,F_N+MED,5,5,SVR_rbf,A_tiempo,575,144,multi-step-direct,0.0761,1.66451,1.290159,0.928454,22.5637,103.4039,0.6449,55.954
220,F_N+MED,5,5,MLP,A_tiempo,575,144,multi-step-direct,-0.0463,1.885005,1.372955,1.020233,19.7082,0.0163,0.5593,2.765
220,F_N+MED,5,5,ARIMA,A_tiempo,575,144,multi-step-direct,-1.029,4.408177,2.099566,1.829034,46.4038,0.3218,0.9981,0.579
220,F_N+PB+MED,5,1,LinReg,A_tiempo,576,144,multi-step-direct,0.0888,1.704374,1.305517,1.008507,21.0967,0.0883,1.0,0.483
220,F_N+PB+MED,5,1,DT,A_tiempo,576,144,multi-step-direct,0.2634,1.377875,1.173829,0.790941,16.4181,0.0065,0.905,9.664
220,F_N+PB+MED,5,1,RF,A_tiempo,576,144,multi-step-direct,0.5353,0.869155,0.932285,0.671905,17.7716,0.1799,0.8831,2.952
220,F_N+PB+MED,5,1,SVR_rbf,A_tiempo,576,144,multi-step-direct,0.497,0.940896,0.969998,0.674268,17.5381,26.4453,0.8128,13.069
220,F_N+PB+MED,5,1,MLP,A_tiempo,576,144,multi-step-direct,0.5,0.935186,0.96705,0.705846,16.5502,0.0079,0.8174,2.597
220,F_N+PB+MED,5,1,ARIMA,A_tiempo,576,144,multi-step-direct,-0.0284,1.209889,1.099949,0.697186,20.87,1.8442,0.9929,0.664
220,F_N+PB+MED,5,3,LinReg,A_tiempo,576,144,multi-step-direct,-0.6819,3.17009,1.780475,1.362382,24.1158,0.1324,1.0,1.254
220,F_N+PB+MED,5,3,DT,A_tiempo,576,144,multi-step-direct,-0.1394,2.147619,1.465476,1.071675,19.3197,0.008,0.7986,25.982
220,F_N+PB+MED,5,3,RF,A_tiempo,576,144,multi-step-direct,0.3109,1.298887,1.139687,0.830973,20.4774,0.2479,0.8042,7.611
220,F_N+PB+MED,5,3,SVR_rbf,A_tiempo,576,144,multi-step-direct,0.2609,1.393071,1.180284,0.828615,20.5312,68.3858,0.6995,32.267
220,F_N+PB+MED,5,3,MLP,A_tiempo,576,144,multi-step-direct,0.2004,1.507169,1.227668,0.899716,17.6636,0.0138,0.6152,2.385
220,F_N+PB+MED,5,3,ARIMA,A_tiempo,576,144,multi-step-direct,-0.1633,1.739243,1.318804,0.869485,29.1409,0.6342,0.9929,0.685
220,F_N+PB+MED,5,5,LinReg,A_tiempo,575,144,multi-step-direct,-1.0546,3.871402,1.967588,1.510852,25.2362,0.4473,1.0,3.879
220,F_N+PB+MED,5,5,DT,A_tiempo,575,144,multi-step-direct,-0.1858,2.234407,1.494793,1.075297,19.6088,0.0088,0.7385,41.64
220,F_N+PB+MED,5,5,RF,A_tiempo,575,144,multi-step-direct,0.165,1.573248,1.254292,0.918339,22.4413,0.2592,0.7536,14.486
220,F_N+PB+MED,5,5,SVR_rbf,A_tiempo,575,144,multi-step-direct,0.1231,1.652258,1.285402,0.901548,22.3381,108.153,0.6171,53.96
220,F_N+PB+MED,5,5,MLP,A_tiempo,575,144,multi-step-direct,0.0506,1.78893,1.337509,0.993011,19.5316,0.0194,0.5618,3.118
220,F_N+PB+MED,5,5,ARIMA,A_tiempo,575,144,multi-step-direct,-0.1459,1.812642,1.346344,0.849286,29.9687,0.4956,0.9929,0.892
221,F_SIN,5,1,LinReg,A_tiempo,576,144,multi-step-direct,-4.2057,3.793913,1.947797,1.508113,28.4758,0.2465,1.0,0.487
221,F_SIN,5,1,DT,A_tiempo,576,144,multi-step-direct,-0.1781,0.858626,0.926621,0.491767,14.3696,0.0069,0.3094,6.115
221,F_SIN,5,1,RF,A_tiempo,576,144,multi-step-direct,0.0385,0.700776,0.837124,0.434027,17.2505,0.176,0.3507,3.26
221,F_SIN,5,1,SVR_rbf,A_tiempo,576,144,multi-step-direct,-0.0133,0.738507,0.859364,0.396398,17.5812,17.2369,0.3364,10.307
221,F_SIN,5,1,MLP,A_tiempo,576,144,multi-step-direct,-0.0167,0.740938,0.860778,0.464459,18.3095,0.0074,0.0121,0.551
221,F_SIN,5,1,ARIMA,A_tiempo,576,144,multi-step-direct,-0.0043,0.642122,0.801325,0.4038,15.1241,1.4546,0.9413,0.524
221,F_SIN,5,3,LinReg,A_tiempo,576,144,multi-step-direct,-4.2515,3.883026,1.97054,1.530673,31.5455,0.3259,1.0,2.191
221,F_SIN,5,3,DT,A_tiempo,576,144,multi-step-direct,-0.2496,0.923961,0.961229,0.51079,11.4437,0.0091,0.274,15.848
221,F_SIN,5,3,RF,A_tiempo,576,144,multi-step-direct,0.02,0.724595,0.851231,0.442966,15.113,0.3261,0.2267,6.178
221,F_SIN,5,3,SVR_rbf,A_tiempo,576,144,multi-step-direct,-0.0206,0.754635,0.868698,0.415735,14.5587,67.7285,0.3319,34.182
221,F_SIN,5,3,MLP,A_tiempo,576,144,multi-step-direct,-0.0103,0.747045,0.864318,0.465916,15.5724,0.0115,0.0047,0.778
221,F_SIN,5,3,ARIMA,A_tiempo,576,144,multi-step-direct,-0.0251,0.627053,0.791867,0.421687,17.1603,0.5296,0.9413,0.572
221,F_SIN,5,5,LinReg,A_tiempo,575,144,multi-step-direct,-4.394,3.953946,1.988453,1.546264,31.2542,0.2163,1.0,1.44
221,F_SIN,5,5,DT,A_tiempo,575,144,multi-step-direct,-0.2379,0.907441,0.952597,0.516228,13.1385,0.0083,0.2678,27.993
221,F_SIN,5,5,RF,A_tiempo,575,144,multi-step-direct,0.012,0.724219,0.851011,0.446444,16.4641,0.2544,0.1596,10.964
221,F_SIN,5,5,SVR_rbf,A_tiempo,575,144,multi-step-direct,-0.0319,0.756434,0.869732,0.42578,15.8096,102.7509,0.3316,57.004
221,F_SIN,5,5,MLP,A_tiempo,575,144,multi-step-direct,-0.0087,0.739415,0.859893,0.463167,16.7822,0.0178,0.0077,1.092
221,F_SIN,5,5,ARIMA,A_tiempo,575,144,multi-step-direct,-0.0014,0.620382,0.787644,0.372738,18.576,0.3693,0.9413,0.665
221,F_N,5,1,LinReg,A_tiempo,576,144,multi-step-direct,-4.2238,3.805543,1.95078,1.506898,28.8596,0.1895,1.0,1.812
221,F_N,5,1,DT,A_tiempo,576,144,multi-step-direct,-0.3016,0.948251,0.973782,0.513454,14.0652,0.0054,0.3271,8.572
221,F_N,5,1,RF,A_tiempo,576,144,multi-step-direct,0.0403,0.699172,0.836165,0.434405,17.6242,0.2773,0.3637,4.103
221,F_N,5,1,SVR_rbf,A_tiempo,576,144,multi-step-direct,-0.0131,0.738054,0.859101,0.395004,17.5973,17.0449,0.3358,12.957
221,F_N,5,1,MLP,A_tiempo,576,144,multi-step-direct,-0.0167,0.740651,0.860611,0.463714,18.2979,0.007,0.0119,0.526
221,F_N,5,1,ARIMA,A_tiempo,576,144,multi-step-direct,-0.0215,0.65269,0.807893,0.440491,14.9827,1.4655,0.9454,0.528
221,F_N,5,3,LinReg,A_tiempo,576,144,multi-step-direct,-4.2846,3.906113,1.976389,1.534298,31.1452,0.1301,1.0,0.941
221,F_N,5,3,DT,A_tiempo,576,144,multi-step-direct,-0.2117,0.895619,0.946371,0.506048,11.6201,0.0077,0.263,25.728
221,F_N,5,3,RF,A_tiempo,576,144,multi-step-direct,0.0192,0.724921,0.851423,0.444175,15.2062,0.253,0.2397,11.96
221,F_N,5,3,SVR_rbf,A_tiempo,576,144,multi-step-direct,-0.0205,0.754294,0.868501,0.414559,14.5967,53.2435,0.3312,35.224
221,F_N,5,3,MLP,A_tiempo,576,144,multi-step-direct,-0.0104,0.746799,0.864175,0.465249,15.6085,0.0262,0.0047,3.359
221,F_N,5,3,ARIMA,A_tiempo,576,144,multi-step-direct,-0.0601,0.647892,0.804917,0.471217,17.2288,0.9892,0.9454,1.068
221,F_N,5,5,LinReg,A_tiempo,575,144,multi-step-direct,-4.4039,3.959778,1.989919,1.546612,31.1669,0.232,1.0,1.532
221,F_N,5,5,DT,A_tiempo,575,144,multi-step-direct,-0.2723,0.932296,0.965555,0.530448,12.9634,0.0128,0.2774,43.858
221,F_N,5,5,RF,A_tiempo,575,144,multi-step-direct,0.0125,0.723612,0.850654,0.445601,16.4435,0.2499,0.1596,18.042
221,F_N,5,5,SVR_rbf,A_tiempo,575,144,multi-step-direct,-0.0318,0.756093,0.869536,0.424667,15.7848,114.0585,0.331,60.094
221,F_N,5,5,MLP,A_tiempo,575,144,multi-step-direct,-0.0084,0.738922,0.859606,0.461734,16.7292,0.0165,0.0098,1.055
221,F_N,5,5,ARIMA,A_tiempo,575,144,multi-step-direct,-0.0153,0.628523,0.792794,0.412189,18.5633,0.322,0.9454,0.58
221,F_PB,5,1,LinReg,A_tiempo,576,144,multi-step-direct,-28.1756,21.087576,4.592121,3.546028,93.3506,0.2431,1.0,0.476
221,F_PB,5,1,DT,A_tiempo,576,144,multi-step-direct,-0.3975,1.01005,1.005013,0.489771,11.839,0.0056,0.2963,9.973
221,F_PB,5,1,RF,A_tiempo,576,144,multi-step-direct,0.0247,0.704904,0.839586,0.400914,17.8401,0.172,0.3587,3.118
221,F_PB,5,1,SVR_rbf,A_tiempo,576,144,multi-step-direct,-0.0439,0.754488,0.868613,0.367154,18.7555,29.8611,0.2969,12.371
221,F_PB,5,1,MLP,A_tiempo,576,144,multi-step-direct,-0.0203,0.737418,0.85873,0.409939,18.8656,0.0072,0.0067,1.182
221,F_PB,5,1,ARIMA,A_tiempo,576,144,multi-step-direct,-1.0322,1.362593,1.167302,1.040254,16.1651,6.024,0.9624,2.169
221,F_PB,5,3,LinReg,A_tiempo,576,144,multi-step-direct,-28.3043,21.379581,4.623806,3.592083,87.7109,0.1323,1.0,0.913
221,F_PB,5,3,DT,A_tiempo,576,144,multi-step-direct,-0.2165,0.887523,0.942084,0.461972,12.3653,0.0075,0.1928,26.531
221,F_PB,5,3,RF,A_tiempo,576,144,multi-step-direct,0.0009,0.728881,0.853745,0.404511,15.6165,0.2016,0.1462,9.625
221,F_PB,5,3,SVR_rbf,A_tiempo,576,144,multi-step-direct,-0.0547,0.769488,0.877205,0.377146,15.5695,56.0636,0.2878,36.535
221,F_PB,5,3,MLP,A_tiempo,576,144,multi-step-direct,-0.0103,0.737118,0.858556,0.407462,15.8332,0.0116,0.0062,0.742
221,F_PB,5,3,ARIMA,A_tiempo,576,144,multi-step-direct,-1.014,1.255569,1.120522,1.003568,19.6648,2.0151,0.9624,2.176
221,F_PB,5,5,LinReg,A_tiempo,575,144,multi-step-direct,-29.2098,21.817259,4.670895,3.63751,88.0968,0.2198,1.0,4.718
221,F_PB,5,5,DT,A_tiempo,575,144,multi-step-direct,-0.242,0.896987,0.947094,0.461788,11.768,0.0112,0.1821,44.983
221,F_PB,5,5,RF,A_tiempo,575,144,multi-step-direct,-0.0024,0.723922,0.850836,0.400123,16.7687,0.3479,0.0856,19.249
221,F_PB,5,5,SVR_rbf,A_tiempo,575,144,multi-step-direct,-0.0556,0.762329,0.873114,0.376742,16.5901,94.4971,0.2878,56.609
221,F_PB,5,5,MLP,A_tiempo,575,144,multi-step-direct,-0.0101,0.729464,0.854087,0.403221,16.676,0.016,0.0059,3.309
221,F_PB,5,5,ARIMA,A_tiempo,575,144,multi-step-direct,-1.0427,1.291056,1.136246,1.019737,21.0764,0.6565,0.9624,1.182
221,F_MED,5,1,LinReg,A_tiempo,576,144,multi-step-direct,-1.9412,1.314247,1.146406,0.839948,16.9664,0.0746,1.0,0.45
221,F_MED,5,1,DT,A_tiempo,576,144,multi-step-direct,-0.5433,0.689603,0.830423,0.48997,12.124,0.0131,0.468,4.723
221,F_MED,5,1,RF,A_tiempo,576,144,multi-step-direct,0.2309,0.343651,0.586217,0.381013,11.1185,0.1759,0.5305,2.228
221,F_MED,5,1,SVR_rbf,A_tiempo,576,144,multi-step-direct,0.1981,0.358334,0.59861,0.380965,10.6828,17.436,0.3574,11.694
221,F_MED,5,1,MLP,A_tiempo,576,144,multi-step-direct,0.0301,0.433393,0.658326,0.440458,12.0713,0.007,0.0296,0.553
221,F_MED,5,1,ARIMA,A_tiempo,576,144,multi-step-direct,-0.1126,0.196922,0.443759,0.38139,8.2138,1.1058,0.9884,0.398
221,F_MED,5,3,LinReg,A_tiempo,576,144,multi-step-direct,-1.6191,1.276159,1.129672,0.823463,16.0649,0.1285,1.0,0.963
221,F_MED,5,3,DT,A_tiempo,576,144,multi-step-direct,-0.1679,0.569072,0.754369,0.481372,10.5868,0.0077,0.3551,14.693
221,F_MED,5,3,RF,A_tiempo,576,144,multi-step-direct,0.1296,0.424107,0.651235,0.414705,11.8504,0.1853,0.4091,7.802
221,F_MED,5,3,SVR_rbf,A_tiempo,576,144,multi-step-direct,0.1044,0.436362,0.660577,0.420311,11.104,52.6624,0.3715,33.447
221,F_MED,5,3,MLP,A_tiempo,576,144,multi-step-direct,0.0933,0.44181,0.664688,0.425157,11.798,0.0116,0.0899,1.188
221,F_MED,5,3,ARIMA,A_tiempo,576,144,multi-step-direct,-0.0134,0.127418,0.356957,0.281066,7.9913,0.4098,0.9884,0.443
221,F_MED,5,5,LinReg,A_tiempo,575,144,multi-step-direct,-1.7162,1.311276,1.14511,0.839562,14.4525,0.4775,1.0,4.083
221,F_MED,5,5,DT,A_tiempo,575,144,multi-step-direct,-0.3708,0.661748,0.813479,0.513112,10.5865,0.0115,0.3497,25.532
221,F_MED,5,5,RF,A_tiempo,575,144,multi-step-direct,0.1088,0.430247,0.655932,0.422852,12.9047,0.2522,0.3213,12.301
221,F_MED,5,5,SVR_rbf,A_tiempo,575,144,multi-step-direct,0.0621,0.452802,0.672906,0.437206,11.5939,105.5819,0.3656,59.334
221,F_MED,5,5,MLP,A_tiempo,575,144,multi-step-direct,0.0269,0.46979,0.685412,0.455024,13.5728,0.0217,0.0263,1.111
221,F_MED,5,5,ARIMA,A_tiempo,575,144,multi-step-direct,-0.2567,0.194983,0.441568,0.353733,9.9875,0.2714,0.9884,0.488
221,F_N+PB,5,1,LinReg,A_tiempo,576,144,multi-step-direct,-32.127,23.942947,4.893153,3.786438,100.7494,0.0896,1.0,0.5
221,F_N+PB,5,1,DT,A_tiempo,576,144,multi-step-direct,-0.3835,0.999974,0.999987,0.488408,10.7648,0.0073,0.2991,10.521
221,F_N+PB,5,1,RF,A_tiempo,576,144,multi-step-direct,0.0324,0.69936,0.836277,0.399442,17.4357,0.1671,0.3604,3.208
221,F_N+PB,5,1,SVR_rbf,A_tiempo,576,144,multi-step-direct,-0.0439,0.754469,0.868602,0.367159,18.7562,26.9961,0.297,12.387
221,F_N+PB,5,1,MLP,A_tiempo,576,144,multi-step-direct,-0.0202,0.737369,0.858702,0.4099,18.8698,0.0072,0.0067,0.537
221,F_N+PB,5,1,ARIMA,A_tiempo,576,144,multi-step-direct,-1.0635,1.383465,1.176208,1.051574,16.2216,4.6283,0.9624,1.666
221,F_N+PB,5,3,LinReg,A_tiempo,576,144,multi-step-direct,-32.8122,24.66819,4.966708,3.860994,95.4531,0.1414,1.0,0.978
221,F_N+PB,5,3,DT,A_tiempo,576,144,multi-step-direct,-0.1985,0.874378,0.935082,0.453844,14.1709,0.0075,0.1916,26.767
221,F_N+PB,5,3,RF,A_tiempo,576,144,multi-step-direct,0.0003,0.72931,0.853996,0.404851,15.5661,0.1818,0.1478,10.238
221,F_N+PB,5,3,SVR_rbf,A_tiempo,576,144,multi-step-direct,-0.0547,0.769488,0.877205,0.377167,15.5694,51.2663,0.2878,36.451
221,F_N+PB,5,3,MLP,A_tiempo,576,144,multi-step-direct,-0.0103,0.737099,0.858545,0.407477,15.8337,0.0116,0.0062,0.786
221,F_N+PB,5,3,ARIMA,A_tiempo,576,144,multi-step-direct,-1.047,1.276079,1.129637,1.015267,19.753,1.76,0.9624,1.901
221,F_N+PB,5,5,LinReg,A_tiempo,575,144,multi-step-direct,-34.6723,25.761648,5.075593,3.947675,96.24,0.2201,1.0,3.631
221,F_N+PB,5,5,DT,A_tiempo,575,144,multi-step-direct,-0.2321,0.889804,0.943294,0.459848,12.7946,0.0086,0.1817,45.252
221,F_N+PB,5,5,RF,A_tiempo,575,144,multi-step-direct,-0.0029,0.724287,0.851051,0.400242,16.7891,0.2429,0.0859,18.258
221,F_N+PB,5,5,SVR_rbf,A_tiempo,575,144,multi-step-direct,-0.0556,0.762313,0.873105,0.376751,16.59,97.9455,0.2878,59.705
221,F_N+PB,5,5,MLP,A_tiempo,575,144,multi-step-direct,-0.0101,0.729468,0.854089,0.403238,16.6745,0.0175,0.0059,2.316
221,F_N+PB,5,5,ARIMA,A_tiempo,575,144,multi-step-direct,-1.1887,1.38325,1.176116,1.070209,21.3356,0.503,0.9625,0.905
221,F_N+MED,5,1,LinReg,A_tiempo,576,144,multi-step-direct,-2.0023,1.345194,1.159825,0.862366,17.3167,0.2672,1.0,0.468
221,F_N+MED,5,1,DT,A_tiempo,576,144,multi-step-direct,-0.5182,0.680239,0.824766,0.495749,12.4056,0.0102,0.5184,8.71
221,F_N+MED,5,1,RF,A_tiempo,576,144,multi-step-direct,0.2402,0.340436,0.583469,0.381057,11.1955,0.1743,0.5311,4.52
221,F_N+MED,5,1,SVR_rbf,A_tiempo,576,144,multi-step-direct,0.1987,0.35901,0.599175,0.381573,10.7582,17.4251,0.358,9.976
221,F_N+MED,5,1,MLP,A_tiempo,576,144,multi-step-direct,-0.025,0.459249,0.677679,0.463002,12.658,0.0068,0.0033,0.492
221,F_N+MED,5,1,ARIMA,A_tiempo,576,144,multi-step-direct,-0.2226,0.22351,0.472769,0.401887,8.4688,1.6079,0.9894,0.579
221,F_N+MED,5,3,LinReg,A_tiempo,576,144,multi-step-direct,-1.6845,1.311412,1.145169,0.844293,16.0012,0.3014,1.0,2.941
221,F_N+MED,5,3,DT,A_tiempo,576,144,multi-step-direct,-0.2538,0.612506,0.782627,0.491917,9.9366,0.01,0.3864,23.977
221,F_N+MED,5,3,RF,A_tiempo,576,144,multi-step-direct,0.1269,0.426524,0.653088,0.41711,11.9173,0.2436,0.4232,10.88
221,F_N+MED,5,3,SVR_rbf,A_tiempo,576,144,multi-step-direct,0.1045,0.437458,0.661406,0.420703,11.1299,57.5212,0.3718,33.431
221,F_N+MED,5,3,MLP,A_tiempo,576,144,multi-step-direct,0.0833,0.447823,0.669196,0.428694,11.5541,0.0118,0.1035,3.884
221,F_N+MED,5,3,ARIMA,A_tiempo,576,144,multi-step-direct,-0.078,0.135734,0.368421,0.288118,8.1724,0.5904,0.9894,0.638
221,F_N+MED,5,5,LinReg,A_tiempo,575,144,multi-step-direct,-1.7708,1.340777,1.157919,0.853015,13.9145,0.2196,1.0,1.494
221,F_N+MED,5,5,DT,A_tiempo,575,144,multi-step-direct,-0.2241,0.592355,0.769646,0.492549,10.344,0.0096,0.3027,42.411
221,F_N+MED,5,5,RF,A_tiempo,575,144,multi-step-direct,0.0997,0.435666,0.66005,0.427318,12.7969,0.2547,0.328,16.599
221,F_N+MED,5,5,SVR_rbf,A_tiempo,575,144,multi-step-direct,0.0624,0.453698,0.673571,0.437506,11.601,98.3169,0.3659,56.526
221,F_N+MED,5,5,MLP,A_tiempo,575,144,multi-step-direct,0.0253,0.471674,0.686786,0.456766,13.4406,0.0419,0.0263,4.321
221,F_N+MED,5,5,ARIMA,A_tiempo,575,144,multi-step-direct,-0.4272,0.225473,0.47484,0.380114,10.5957,0.6614,0.9894,1.19
221,F_N+PB+MED,5,1,LinReg,A_tiempo,576,144,multi-step-direct,-3.4755,1.574261,1.254695,0.926589,20.61,0.247,1.0,0.479
221,F_N+PB+MED,5,1,DT,A_tiempo,576,144,multi-step-direct,-0.4825,0.521463,0.722124,0.386149,10.4429,0.0066,0.6752,8.124
221,F_N+PB+MED,5,1,RF,A_tiempo,576,144,multi-step-direct,0.1612,0.295052,0.543187,0.340393,10.0323,0.1769,0.6228,5.14
221,F_N+PB+MED,5,1,SVR_rbf,A_tiempo,576,144,multi-step-direct,0.0288,0.341629,0.58449,0.344517,11.3224,17.6701,0.2664,9.916
221,F_N+PB+MED,5,1,MLP,A_tiempo,576,144,multi-step-direct,-0.0303,0.362417,0.602011,0.345465,12.112,0.0077,0.0061,0.524
221,F_N+PB+MED,5,1,ARIMA,A_tiempo,576,144,multi-step-direct,-0.3913,0.292191,0.540547,0.442263,8.569,0.8353,0.9902,0.301
221,F_N+PB+MED,5,3,LinReg,A_tiempo,576,144,multi-step-direct,-2.6221,1.443383,1.201409,0.871441,15.5429,0.131,1.0,0.946
221,F_N+PB+MED,5,3,DT,A_tiempo,576,144,multi-step-direct,-0.4409,0.574195,0.757756,0.425617,8.982,0.0071,0.3989,27.464
221,F_N+PB+MED,5,3,RF,A_tiempo,576,144,multi-step-direct,0.0105,0.394297,0.62793,0.362935,10.8102,0.1742,0.4263,11.021
221,F_N+PB+MED,5,3,SVR_rbf,A_tiempo,576,144,multi-step-direct,-0.0373,0.413374,0.642941,0.368325,11.5804,56.1578,0.2709,34.817
221,F_N+PB+MED,5,3,MLP,A_tiempo,576,144,multi-step-direct,-0.0181,0.405708,0.636952,0.351204,12.5521,0.0326,0.0046,3.479
221,F_N+PB+MED,5,3,ARIMA,A_tiempo,576,144,multi-step-direct,-1.3157,0.303748,0.551133,0.474096,11.0354,0.7167,0.9902,0.774
221,F_N+PB+MED,5,5,LinReg,A_tiempo,575,144,multi-step-direct,-2.6381,1.421551,1.192288,0.871301,16.7195,0.2211,1.0,1.557
221,F_N+PB+MED,5,5,DT,A_tiempo,575,144,multi-step-direct,-0.8206,0.711367,0.843426,0.467929,9.3049,0.0088,0.3657,44.832
221,F_N+PB+MED,5,5,RF,A_tiempo,575,144,multi-step-direct,0.0108,0.386511,0.6217,0.351989,12.144,0.3205,0.2851,17.455
221,F_N+PB+MED,5,5,SVR_rbf,A_tiempo,575,144,multi-step-direct,-0.0458,0.40862,0.639234,0.36621,12.5076,109.3814,0.2702,55.502
221,F_N+PB+MED,5,5,MLP,A_tiempo,575,144,multi-step-direct,-0.0157,0.396857,0.629966,0.348988,13.3019,0.0167,0.0054,1.088
221,F_N+PB+MED,5,5,ARIMA,A_tiempo,575,144,multi-step-direct,-1.176,0.293462,0.541722,0.455602,11.5884,0.1933,0.9902,0.348
222,F_SIN,5,1,LinReg,A_tiempo,576,144,multi-step-direct,-3.4603,4.662536,2.159291,1.653311,29.7572,0.1233,1.0,0.509
222,F_SIN,5,1,DT,A_tiempo,576,144,multi-step-direct,-0.1691,1.222105,1.105488,0.757393,15.8252,0.0075,0.6039,6.186
222,F_SIN,5,1,RF,A_tiempo,576,144,multi-step-direct,0.2035,0.832583,0.91246,0.593708,17.8173,0.1913,0.6197,4.51
222,F_SIN,5,1,SVR_rbf,A_tiempo,576,144,multi-step-direct,0.1608,0.877217,0.936598,0.620007,17.1465,19.6057,0.5496,10.966
222,F_SIN,5,1,MLP,A_tiempo,576,144,multi-step-direct,0.1297,0.909799,0.953834,0.646166,16.598,0.0074,0.3573,1.157
222,F_SIN,5,1,ARIMA,A_tiempo,576,144,multi-step-direct,-0.232,0.949756,0.974554,0.698073,17.2709,2.1019,0.8297,0.757
222,F_SIN,5,3,LinReg,A_tiempo,576,144,multi-step-direct,-4.3061,5.618708,2.370381,1.840901,35.072,0.2962,1.0,3.039
222,F_SIN,5,3,DT,A_tiempo,576,144,multi-step-direct,-0.3256,1.403696,1.184777,0.826673,18.827,0.0077,0.5364,17.269
222,F_SIN,5,3,RF,A_tiempo,576,144,multi-step-direct,0.1476,0.902569,0.950036,0.648342,22.2354,0.2486,0.5497,6.098
222,F_SIN,5,3,SVR_rbf,A_tiempo,576,144,multi-step-direct,0.1031,0.949748,0.97455,0.669438,21.0439,82.7596,0.5114,32.754
222,F_SIN,5,3,MLP,A_tiempo,576,144,multi-step-direct,0.0828,0.971184,0.985487,0.683437,21.2885,0.0193,0.1693,1.808
222,F_SIN,5,3,ARIMA,A_tiempo,576,144,multi-step-direct,-0.0238,0.922353,0.960392,0.628154,20.0951,0.6378,0.8297,0.689
222,F_SIN,5,5,LinReg,A_tiempo,575,144,multi-step-direct,-4.5119,5.889811,2.426893,1.885152,36.1615,0.5009,1.0,4.495
222,F_SIN,5,5,DT,A_tiempo,575,144,multi-step-direct,-0.353,1.445749,1.202393,0.850607,15.407,0.0116,0.4998,38.272
222,F_SIN,5,5,RF,A_tiempo,575,144,multi-step-direct,0.0743,0.989163,0.994567,0.689697,16.2366,0.5072,0.4798,12.614
222,F_SIN,5,5,SVR_rbf,A_tiempo,575,144,multi-step-direct,0.0369,1.02919,1.01449,0.707419,14.5355,102.9085,0.4874,56.256
222,F_SIN,5,5,MLP,A_tiempo,575,144,multi-step-direct,0.0381,1.027834,1.013821,0.709395,15.7312,0.0172,0.086,1.72
222,F_SIN,5,5,ARIMA,A_tiempo,575,144,multi-step-direct,-0.0197,0.782097,0.884363,0.546665,21.1254,0.3531,0.8297,0.636
222,F_N,5,1,LinReg,A_tiempo,576,144,multi-step-direct,-3.5806,4.788505,2.188265,1.675527,30.0066,0.2754,1.0,0.49
222,F_N,5,1,DT,A_tiempo,576,144,multi-step-direct,-0.2401,1.296381,1.138587,0.776735,15.689,0.0095,0.5895,8.655
222,F_N,5,1,RF,A_tiempo,576,144,multi-step-direct,0.2038,0.832309,0.91231,0.596788,17.5438,0.172,0.6278,4.306
222,F_N,5,1,SVR_rbf,A_tiempo,576,144,multi-step-direct,0.1607,0.877352,0.936671,0.619638,17.1664,17.7861,0.5496,9.741
222,F_N,5,1,MLP,A_tiempo,576,144,multi-step-direct,0.1235,0.916267,0.957219,0.651936,16.6851,0.0091,0.3665,1.119
222,F_N,5,1,ARIMA,A_tiempo,576,144,multi-step-direct,-0.0895,0.837825,0.915328,0.559511,16.8319,1.7587,0.8458,0.633
222,F_N,5,3,LinReg,A_tiempo,576,144,multi-step-direct,-4.412,5.731224,2.393997,1.856572,35.8671,0.2645,1.0,3.108
222,F_N,5,3,DT,A_tiempo,576,144,multi-step-direct,-0.2442,1.317618,1.147875,0.802593,19.8583,0.0074,0.5471,24.598
222,F_N,5,3,RF,A_tiempo,576,144,multi-step-direct,0.1375,0.913363,0.9557,0.652586,22.1452,0.2683,0.551,10.338
222,F_N,5,3,SVR_rbf,A_tiempo,576,144,multi-step-direct,0.1032,0.949702,0.974527,0.669271,21.0526,74.3718,0.5112,33.982
222,F_N,5,3,MLP,A_tiempo,576,144,multi-step-direct,0.076,0.978538,0.989211,0.685705,21.0803,0.0114,0.1862,0.976
222,F_N,5,3,ARIMA,A_tiempo,576,144,multi-step-direct,-0.1062,0.995844,0.99792,0.650823,20.9503,0.4901,0.8458,0.529
222,F_N,5,5,LinReg,A_tiempo,575,144,multi-step-direct,-4.6106,5.995679,2.448607,1.899744,36.2304,0.2224,1.0,1.569
222,F_N,5,5,DT,A_tiempo,575,144,multi-step-direct,-0.2861,1.37439,1.172344,0.827526,14.5855,0.0095,0.449,43.55
222,F_N,5,5,RF,A_tiempo,575,144,multi-step-direct,0.082,0.981042,0.990475,0.683552,15.9429,0.2491,0.4713,15.607
222,F_N,5,5,SVR_rbf,A_tiempo,575,144,multi-step-direct,0.0366,1.02954,1.014662,0.707563,14.5284,103.1768,0.4871,52.578
222,F_N,5,5,MLP,A_tiempo,575,144,multi-step-direct,0.0279,1.038798,1.019214,0.713736,16.3261,0.0439,0.0655,1.307
222,F_N,5,5,ARIMA,A_tiempo,575,144,multi-step-direct,-0.1061,0.847651,0.92068,0.565557,22.0783,0.7557,0.8458,1.36
222,F_PB,5,1,LinReg,A_tiempo,576,144,multi-step-direct,-22.1163,27.308638,5.225767,4.00195,92.5954,0.1924,1.0,1.145
222,F_PB,5,1,DT,A_tiempo,576,144,multi-step-direct,-0.2918,1.526081,1.235346,0.757217,17.4333,0.0054,0.2741,8.204
222,F_PB,5,1,RF,A_tiempo,576,144,multi-step-direct,0.0051,1.175339,1.084131,0.658431,21.4259,0.1739,0.3229,4.308
222,F_PB,5,1,SVR_rbf,A_tiempo,576,144,multi-step-direct,-0.0144,1.19837,1.094701,0.655888,20.5844,17.2435,0.3917,11.113
222,F_PB,5,1,MLP,A_tiempo,576,144,multi-step-direct,-0.0223,1.207739,1.098972,0.674423,20.7035,0.0069,0.0785,0.77
222,F_PB,5,1,ARIMA,A_tiempo,576,144,multi-step-direct,-0.0175,1.539346,1.240704,0.608619,23.0436,4.2886,0.9085,1.544
222,F_PB,5,3,LinReg,A_tiempo,576,144,multi-step-direct,-23.8859,29.131284,5.39734,4.156737,91.6268,0.2948,1.0,2.046
222,F_PB,5,3,DT,A_tiempo,576,144,multi-step-direct,-0.3399,1.568519,1.252405,0.77224,22.1072,0.0074,0.263,24.988
222,F_PB,5,3,RF,A_tiempo,576,144,multi-step-direct,-0.0028,1.17391,1.083471,0.664777,27.363,0.1736,0.1664,11.64
222,F_PB,5,3,SVR_rbf,A_tiempo,576,144,multi-step-direct,-0.0311,1.207041,1.098654,0.66947,26.1868,51.5884,0.3823,34.24
222,F_PB,5,3,MLP,A_tiempo,576,144,multi-step-direct,-0.017,1.190503,1.091102,0.6724,26.9174,0.0331,0.0313,4.201
222,F_PB,5,3,ARIMA,A_tiempo,576,144,multi-step-direct,-0.0272,1.453205,1.20549,0.606451,24.766,1.9573,0.9085,2.114
222,F_PB,5,5,LinReg,A_tiempo,575,144,multi-step-direct,-24.8303,30.670534,5.538098,4.263414,106.9364,0.2147,1.0,1.47
222,F_PB,5,5,DT,A_tiempo,575,144,multi-step-direct,-0.2795,1.519244,1.232576,0.757774,14.3821,0.0125,0.2143,43.119
222,F_PB,5,5,RF,A_tiempo,575,144,multi-step-direct,-0.0056,1.193985,1.092696,0.666796,17.6778,0.2399,0.1166,18.051
222,F_PB,5,5,SVR_rbf,A_tiempo,575,144,multi-step-direct,-0.039,1.233752,1.110744,0.675604,16.0251,101.2464,0.3766,55.794
222,F_PB,5,5,MLP,A_tiempo,575,144,multi-step-direct,-0.0108,1.200246,1.095557,0.669576,17.1912,0.0169,0.012,1.627
222,F_PB,5,5,ARIMA,A_tiempo,575,144,multi-step-direct,-0.0117,1.258608,1.121877,0.557471,26.3366,0.9938,0.9085,1.789
222,F_MED,5,1,LinReg,A_tiempo,576,144,multi-step-direct,-1.9038,2.752846,1.65917,1.228997,22.5465,0.091,1.0,0.461
222,F_MED,5,1,DT,A_tiempo,576,144,multi-step-direct,0.0663,0.885137,0.940817,0.698737,15.4154,0.0091,0.7598,4.997
222,F_MED,5,1,RF,A_tiempo,576,144,multi-step-direct,0.4122,0.557229,0.746478,0.560517,14.7011,0.1791,0.7925,3.243
222,F_MED,5,1,SVR_rbf,A_tiempo,576,144,multi-step-direct,0.3729,0.594465,0.771015,0.573755,14.5222,18.0001,0.6668,11.456
222,F_MED,5,1,MLP,A_tiempo,576,144,multi-step-direct,0.2964,0.667062,0.816739,0.623011,14.7958,0.0069,0.6369,0.963
222,F_MED,5,1,ARIMA,A_tiempo,576,144,multi-step-direct,-0.2126,0.130861,0.361747,0.235745,6.8528,2.1097,0.9955,0.76
222,F_MED,5,3,LinReg,A_tiempo,576,144,multi-step-direct,-2.7484,3.709867,1.926102,1.468069,25.697,0.3299,1.0,1.941
222,F_MED,5,3,DT,A_tiempo,576,144,multi-step-direct,-0.152,1.140148,1.067777,0.803919,14.8214,0.0097,0.6453,17.379
222,F_MED,5,3,RF,A_tiempo,576,144,multi-step-direct,0.2684,0.724033,0.850901,0.647474,15.9052,0.168,0.6854,6.236
222,F_MED,5,3,SVR_rbf,A_tiempo,576,144,multi-step-direct,0.2338,0.758278,0.870791,0.661712,15.3692,70.1452,0.569,33.375
222,F_MED,5,3,MLP,A_tiempo,576,144,multi-step-direct,0.1732,0.81833,0.904616,0.697479,16.7117,0.012,0.178,0.822
222,F_MED,5,3,ARIMA,A_tiempo,576,144,multi-step-direct,-0.6986,0.798272,0.89346,0.726082,19.6588,0.6968,0.9955,0.752
222,F_MED,5,5,LinReg,A_tiempo,575,144,multi-step-direct,-3.107,4.066913,2.016659,1.545881,28.9439,0.2213,1.0,1.479
222,F_MED,5,5,DT,A_tiempo,575,144,multi-step-direct,-0.1201,1.109137,1.053156,0.797531,14.8762,0.0102,0.5564,28.243
222,F_MED,5,5,RF,A_tiempo,575,144,multi-step-direct,0.1618,0.830018,0.911053,0.69992,15.8143,0.2612,0.5979,11.008
222,F_MED,5,5,SVR_rbf,A_tiempo,575,144,multi-step-direct,0.1233,0.868121,0.93173,0.716275,14.4078,103.2561,0.5153,53.427
222,F_MED,5,5,MLP,A_tiempo,575,144,multi-step-direct,0.1304,0.861123,0.927967,0.716959,14.5401,0.0165,0.2421,1.427
222,F_MED,5,5,ARIMA,A_tiempo,575,144,multi-step-direct,-0.8741,0.695021,0.833679,0.664274,18.5129,0.6009,0.9955,1.082
222,F_N+PB,5,1,LinReg,A_tiempo,576,144,multi-step-direct,-27.0836,33.177175,5.759963,4.397656,105.9065,0.2463,1.0,0.494
222,F_N+PB,5,1,DT,A_tiempo,576,144,multi-step-direct,-0.3008,1.536688,1.239632,0.749069,17.4246,0.006,0.27,11.196
222,F_N+PB,5,1,RF,A_tiempo,576,144,multi-step-direct,0.0094,1.170301,1.081805,0.656237,21.2545,0.2714,0.3185,3.731
222,F_N+PB,5,1,SVR_rbf,A_tiempo,576,144,multi-step-direct,-0.0144,1.198361,1.094697,0.655923,20.5837,19.1915,0.3918,12.879
222,F_N+PB,5,1,MLP,A_tiempo,576,144,multi-step-direct,-0.0225,1.207984,1.099083,0.674477,20.7068,0.0071,0.0786,0.826
222,F_N+PB,5,1,ARIMA,A_tiempo,576,144,multi-step-direct,-0.0222,1.546295,1.243501,0.612475,23.0311,4.2683,0.9086,1.537
222,F_N+PB,5,3,LinReg,A_tiempo,576,144,multi-step-direct,-28.9464,35.052634,5.920527,4.552198,103.4413,0.2124,1.0,1.379
222,F_N+PB,5,3,DT,A_tiempo,576,144,multi-step-direct,-0.4088,1.648972,1.284123,0.78845,20.7149,0.0074,0.2632,27.327
222,F_N+PB,5,3,RF,A_tiempo,576,144,multi-step-direct,-0.0052,1.176582,1.084704,0.66578,27.3631,0.1955,0.1659,13.313
222,F_N+PB,5,3,SVR_rbf,A_tiempo,576,144,multi-step-direct,-0.0311,1.206956,1.098616,0.669481,26.1865,57.3219,0.3824,34.344
222,F_N+PB,5,3,MLP,A_tiempo,576,144,multi-step-direct,-0.0171,1.190513,1.091106,0.67246,26.9097,0.0259,0.0313,3.218
222,F_N+PB,5,3,ARIMA,A_tiempo,576,144,multi-step-direct,-0.0332,1.461732,1.209021,0.610245,24.7915,1.5776,0.9086,1.704
222,F_N+PB,5,5,LinReg,A_tiempo,575,144,multi-step-direct,-30.0012,36.810336,6.067152,4.657948,119.0752,0.2263,1.0,1.552
222,F_N+PB,5,5,DT,A_tiempo,575,144,multi-step-direct,-0.3332,1.583031,1.258185,0.772478,14.2898,0.012,0.2113,45.946
222,F_N+PB,5,5,RF,A_tiempo,575,144,multi-step-direct,-0.0052,1.193547,1.092496,0.666482,17.6706,0.3213,0.1173,18.875
222,F_N+PB,5,5,SVR_rbf,A_tiempo,575,144,multi-step-direct,-0.0391,1.233757,1.110746,0.675646,16.0312,103.9128,0.3766,58.916
222,F_N+PB,5,5,MLP,A_tiempo,575,144,multi-step-direct,-0.0108,1.200264,1.095565,0.669636,17.1975,0.0162,0.012,1.0
222,F_N+PB,5,5,ARIMA,A_tiempo,575,144,multi-step-direct,-0.016,1.263915,1.12424,0.557027,26.3594,1.2028,0.9086,2.165
222,F_N+MED,5,1,LinReg,A_tiempo,576,144,multi-step-direct,-1.677,2.538377,1.593228,1.222045,21.238,0.1107,1.0,0.479
222,F_N+MED,5,1,DT,A_tiempo,576,144,multi-step-direct,-0.1395,1.080512,1.039477,0.758879,15.1808,0.0059,0.8188,9.656
222,F_N+MED,5,1,RF,A_tiempo,576,144,multi-step-direct,0.4141,0.555536,0.745343,0.563887,14.8678,0.1781,0.7841,2.76
222,F_N+MED,5,1,SVR_rbf,A_tiempo,576,144,multi-step-direct,0.3717,0.595751,0.771849,0.574285,14.5272,30.4089,0.6664,11.753
222,F_N+MED,5,1,MLP,A_tiempo,576,144,multi-step-direct,0.308,0.656116,0.81001,0.619645,14.5122,0.0067,0.6323,1.869
222,F_N+MED,5,1,ARIMA,A_tiempo,576,144,multi-step-direct,-0.2532,0.135681,0.368349,0.231263,6.9797,0.62,0.9965,0.223
222,F_N+MED,5,3,LinReg,A_tiempo,576,144,multi-step-direct,-2.5303,3.496612,1.869923,1.43898,27.1746,0.1593,1.0,0.999
222,F_N+MED,5,3,DT,A_tiempo,576,144,multi-step-direct,-0.3561,1.343187,1.15896,0.865552,15.6425,0.0092,0.6641,25.821
222,F_N+MED,5,3,RF,A_tiempo,576,144,multi-step-direct,0.2728,0.720299,0.848704,0.649369,16.2818,0.1763,0.6854,8.07
222,F_N+MED,5,3,SVR_rbf,A_tiempo,576,144,multi-step-direct,0.2329,0.759769,0.871647,0.662454,15.3257,65.1287,0.5687,31.737
222,F_N+MED,5,3,MLP,A_tiempo,576,144,multi-step-direct,0.1858,0.80643,0.898015,0.692231,16.295,0.0117,0.1955,2.2
222,F_N+MED,5,3,ARIMA,A_tiempo,576,144,multi-step-direct,-0.6722,0.786734,0.88698,0.716773,19.7199,0.2229,0.9965,0.241
222,F_N+MED,5,5,LinReg,A_tiempo,575,144,multi-step-direct,-2.9883,3.951988,1.987961,1.535166,29.3326,0.2197,1.0,1.467
222,F_N+MED,5,5,DT,A_tiempo,575,144,multi-step-direct,-0.2625,1.250983,1.118473,0.858144,15.3741,0.0086,0.5646,42.847
222,F_N+MED,5,5,RF,A_tiempo,575,144,multi-step-direct,0.1608,0.831598,0.91192,0.702333,15.7975,0.2546,0.5952,15.407
222,F_N+MED,5,5,SVR_rbf,A_tiempo,575,144,multi-step-direct,0.1221,0.869867,0.932666,0.717256,14.4071,104.0622,0.515,50.417
222,F_N+MED,5,5,MLP,A_tiempo,575,144,multi-step-direct,0.0815,0.91014,0.954013,0.742554,16.2394,0.0188,0.1119,1.076
222,F_N+MED,5,5,ARIMA,A_tiempo,575,144,multi-step-direct,-0.8098,0.672816,0.820254,0.648507,18.4445,0.4608,0.9965,0.829
222,F_N+PB+MED,5,1,LinReg,A_tiempo,576,144,multi-step-direct,-3.4935,4.793376,2.189378,1.661501,29.2248,0.0881,1.0,0.522
222,F_N+PB+MED,5,1,DT,A_tiempo,576,144,multi-step-direct,-0.5187,1.620033,1.272805,0.974325,15.8244,0.0059,0.5988,9.824
222,F_N+PB+MED,5,1,RF,A_tiempo,576,144,multi-step-direct,0.0744,0.987344,0.993652,0.778098,17.6942,0.1763,0.5857,3.146
222,F_N+PB+MED,5,1,SVR_rbf,A_tiempo,576,144,multi-step-direct,0.0528,1.01039,1.005182,0.785077,16.6749,17.7939,0.6556,12.213
222,F_N+PB+MED,5,1,MLP,A_tiempo,576,144,multi-step-direct,-0.0213,1.089427,1.043756,0.82406,17.058,0.0073,0.1191,0.663
222,F_N+PB+MED,5,1,ARIMA,A_tiempo,576,144,multi-step-direct,-0.2662,0.785287,0.886164,0.6111,16.8082,0.733,0.9878,0.264
222,F_N+PB+MED,5,3,LinReg,A_tiempo,576,144,multi-step-direct,-4.1198,5.753193,2.398581,1.850544,33.0017,0.1367,1.0,0.983
222,F_N+PB+MED,5,3,DT,A_tiempo,576,144,multi-step-direct,-0.4294,1.606232,1.267372,0.973161,16.0683,0.0133,0.4718,26.221
222,F_N+PB+MED,5,3,RF,A_tiempo,576,144,multi-step-direct,0.0196,1.101689,1.049614,0.819435,20.1633,0.2534,0.4221,9.475
222,F_N+PB+MED,5,3,SVR_rbf,A_tiempo,576,144,multi-step-direct,-0.0219,1.148337,1.071605,0.838249,18.7153,67.4715,0.6055,32.07
222,F_N+PB+MED,5,3,MLP,A_tiempo,576,144,multi-step-direct,-0.0251,1.151955,1.073292,0.838694,19.8418,0.0117,0.0707,0.997
222,F_N+PB+MED,5,3,ARIMA,A_tiempo,576,144,multi-step-direct,-0.1577,0.899901,0.948631,0.676152,20.967,0.2951,0.9878,0.319
222,F_N+PB+MED,5,5,LinReg,A_tiempo,575,144,multi-step-direct,-4.4701,6.161202,2.482177,1.913881,35.5752,0.2248,1.0,1.463
222,F_N+PB+MED,5,5,DT,A_tiempo,575,144,multi-step-direct,-0.3543,1.525415,1.235077,0.946421,16.773,0.0089,0.3892,45.149
222,F_N+PB+MED,5,5,RF,A_tiempo,575,144,multi-step-direct,0.0048,1.120934,1.058742,0.824249,20.8639,0.3162,0.3083,18.94
222,F_N+PB+MED,5,5,SVR_rbf,A_tiempo,575,144,multi-step-direct,-0.0444,1.176379,1.08461,0.846432,18.6763,114.1887,0.5846,53.947
222,F_N+PB+MED,5,5,MLP,A_tiempo,575,144,multi-step-direct,-0.0145,1.142637,1.068942,0.831715,21.1181,0.0164,0.0179,1.197
222,F_N+PB+MED,5,5,ARIMA,A_tiempo,575,144,multi-step-direct,-0.263,0.927468,0.963051,0.740758,21.0211,0.1949,0.9878,0.351
223,F_SIN,5,1,LinReg,A_tiempo,576,144,multi-step-direct,-3.8861,5.691312,2.385647,1.837147,37.952,0.2835,1.0,0.478
223,F_SIN,5,1,DT,A_tiempo,576,144,multi-step-direct,-0.1105,1.293547,1.137342,0.615704,12.619,0.0064,0.5845,8.135
223,F_SIN,5,1,RF,A_tiempo,576,144,multi-step-direct,0.1887,0.945031,0.972127,0.533252,16.3636,0.1646,0.6558,2.308
223,F_SIN,5,1,SVR_rbf,A_tiempo,576,144,multi-step-direct,0.1394,1.002447,1.001223,0.502997,17.3082,23.3581,0.4399,12.541
223,F_SIN,5,1,MLP,A_tiempo,576,144,multi-step-direct,0.0764,1.07578,1.037198,0.620369,15.6986,0.007,0.28,4.369
223,F_SIN,5,1,ARIMA,A_tiempo,576,144,multi-step-direct,-0.0044,0.880682,0.938446,0.479192,17.7631,1.0837,0.9768,0.39
223,F_SIN,5,3,LinReg,A_tiempo,576,144,multi-step-direct,-4.2964,6.147566,2.479428,1.918554,37.9764,0.1309,1.0,0.996
223,F_SIN,5,3,DT,A_tiempo,576,144,multi-step-direct,-0.3217,1.534148,1.238607,0.706373,14.7202,0.0093,0.559,18.414
223,F_SIN,5,3,RF,A_tiempo,576,144,multi-step-direct,0.1176,1.024256,1.012055,0.562489,17.9517,0.2591,0.5332,9.035
223,F_SIN,5,3,SVR_rbf,A_tiempo,576,144,multi-step-direct,0.0873,1.059354,1.029249,0.522277,18.7665,51.953,0.3922,36.002
223,F_SIN,5,3,MLP,A_tiempo,576,144,multi-step-direct,0.0738,1.075013,1.036828,0.620304,16.6209,0.0325,0.2715,6.034
223,F_SIN,5,3,ARIMA,A_tiempo,576,144,multi-step-direct,-0.1133,0.732323,0.855759,0.507439,18.9979,0.4355,0.9768,0.47
223,F_SIN,5,5,LinReg,A_tiempo,575,144,multi-step-direct,-4.6684,6.558744,2.561005,1.985493,43.208,0.2277,1.0,1.45
223,F_SIN,5,5,DT,A_tiempo,575,144,multi-step-direct,-0.3045,1.509404,1.228578,0.707301,12.6004,0.0089,0.4606,32.819
223,F_SIN,5,5,RF,A_tiempo,575,144,multi-step-direct,0.0726,1.073042,1.035877,0.577448,17.9172,0.248,0.4304,12.971
223,F_SIN,5,5,SVR_rbf,A_tiempo,575,144,multi-step-direct,0.0501,1.099103,1.048381,0.539259,18.1058,102.2108,0.364,65.565
223,F_SIN,5,5,MLP,A_tiempo,575,144,multi-step-direct,0.024,1.129317,1.062693,0.605686,17.9372,0.0207,0.0847,1.319
223,F_SIN,5,5,ARIMA,A_tiempo,575,144,multi-step-direct,-0.1144,0.815389,0.902989,0.539221,21.6939,0.2301,0.9768,0.414
223,F_N,5,1,LinReg,A_tiempo,576,144,multi-step-direct,-3.9885,5.810517,2.410501,1.855607,38.4269,0.0905,1.0,0.577
223,F_N,5,1,DT,A_tiempo,576,144,multi-step-direct,-0.1187,1.302982,1.141482,0.621589,13.1509,0.0054,0.5547,9.687
223,F_N,5,1,RF,A_tiempo,576,144,multi-step-direct,0.1773,0.95829,0.978923,0.538146,16.3936,0.1734,0.6553,2.808
223,F_N,5,1,SVR_rbf,A_tiempo,576,144,multi-step-direct,0.1394,1.002443,1.001221,0.503014,17.3073,30.0316,0.4399,12.723
223,F_N,5,1,MLP,A_tiempo,576,144,multi-step-direct,0.0751,1.077282,1.037922,0.619612,15.8075,0.0068,0.2672,2.142
223,F_N,5,1,ARIMA,A_tiempo,576,144,multi-step-direct,-0.0023,0.878768,0.937426,0.48004,17.7852,0.9464,0.9769,0.341
223,F_N,5,3,LinReg,A_tiempo,576,144,multi-step-direct,-4.391,6.257304,2.50146,1.936147,38.3281,0.1312,1.0,0.922
223,F_N,5,3,DT,A_tiempo,576,144,multi-step-direct,-0.2187,1.414566,1.189355,0.675341,14.8885,0.0097,0.5287,24.857
223,F_N,5,3,RF,A_tiempo,576,144,multi-step-direct,0.115,1.027218,1.013518,0.563355,18.1493,0.247,0.5344,9.468
223,F_N,5,3,SVR_rbf,A_tiempo,576,144,multi-step-direct,0.0873,1.059336,1.02924,0.522294,18.7636,68.7621,0.3923,35.107
223,F_N,5,3,MLP,A_tiempo,576,144,multi-step-direct,0.0737,1.075161,1.0369,0.620297,16.6111,0.0144,0.2712,1.788
223,F_N,5,3,ARIMA,A_tiempo,576,144,multi-step-direct,-0.0991,0.723002,0.850295,0.500384,18.9348,0.3253,0.9769,0.351
223,F_N,5,5,LinReg,A_tiempo,575,144,multi-step-direct,-4.7676,6.673537,2.583319,2.004006,43.7764,0.2127,1.0,1.415
223,F_N,5,5,DT,A_tiempo,575,144,multi-step-direct,-0.2651,1.463801,1.209877,0.702558,13.7432,0.0086,0.4151,43.611
223,F_N,5,5,RF,A_tiempo,575,144,multi-step-direct,0.0756,1.069644,1.034236,0.577269,17.465,0.2506,0.4379,16.497
223,F_N,5,5,SVR_rbf,A_tiempo,575,144,multi-step-direct,0.0501,1.09909,1.048375,0.539277,18.102,101.7378,0.364,59.819
223,F_N,5,5,MLP,A_tiempo,575,144,multi-step-direct,0.024,1.129293,1.062682,0.605668,17.9358,0.0176,0.0847,1.413
223,F_N,5,5,ARIMA,A_tiempo,575,144,multi-step-direct,-0.1009,0.8055,0.897497,0.532363,21.6224,0.2011,0.9769,0.362
223,F_PB,5,1,LinReg,A_tiempo,576,144,multi-step-direct,-23.8224,30.133193,5.489371,4.219548,101.006,0.088,1.0,0.505
223,F_PB,5,1,DT,A_tiempo,576,144,multi-step-direct,-0.0958,1.330242,1.153361,0.57243,14.1311,0.0057,0.7253,9.441
223,F_PB,5,1,RF,A_tiempo,576,144,multi-step-direct,0.2367,0.926604,0.962603,0.497428,14.254,0.2503,0.7245,2.706
223,F_PB,5,1,SVR_rbf,A_tiempo,576,144,multi-step-direct,0.14,1.044052,1.021789,0.472551,17.2437,31.1516,0.4038,12.976
223,F_PB,5,1,MLP,A_tiempo,576,144,multi-step-direct,0.1186,1.069973,1.034395,0.595795,15.0506,0.0073,0.2563,0.961
223,F_PB,5,1,ARIMA,A_tiempo,576,144,multi-step-direct,-0.0834,1.088266,1.0432,0.550307,18.6434,2.8398,0.9825,1.022
223,F_PB,5,3,LinReg,A_tiempo,576,144,multi-step-direct,-27.4238,34.83812,5.902383,4.577731,111.1286,0.1295,1.0,0.927
223,F_PB,5,3,DT,A_tiempo,576,144,multi-step-direct,-0.228,1.505156,1.226848,0.636749,14.9098,0.0105,0.6478,25.267
223,F_PB,5,3,RF,A_tiempo,576,144,multi-step-direct,0.1436,1.04963,1.024515,0.543265,17.3736,0.2506,0.6066,7.604
223,F_PB,5,3,SVR_rbf,A_tiempo,576,144,multi-step-direct,0.0848,1.121785,1.059143,0.500656,19.3731,63.3832,0.3485,40.294
223,F_PB,5,3,MLP,A_tiempo,576,144,multi-step-direct,0.0808,1.126616,1.061422,0.609428,17.3196,0.0121,0.2353,1.631
223,F_PB,5,3,ARIMA,A_tiempo,576,144,multi-step-direct,-0.1868,0.853882,0.924057,0.559514,18.9099,0.9301,0.9825,1.005
223,F_PB,5,5,LinReg,A_tiempo,575,144,multi-step-direct,-28.7044,36.34564,6.028735,4.699745,115.3686,0.3485,1.0,4.086
223,F_PB,5,5,DT,A_tiempo,575,144,multi-step-direct,-0.3045,1.596097,1.263367,0.677859,13.4979,0.0108,0.5951,43.092
223,F_PB,5,5,RF,A_tiempo,575,144,multi-step-direct,0.0936,1.109077,1.053127,0.56502,17.5694,0.3483,0.5342,13.809
223,F_PB,5,5,SVR_rbf,A_tiempo,575,144,multi-step-direct,0.0452,1.168308,1.080883,0.517875,18.8792,99.663,0.3175,61.901
223,F_PB,5,5,MLP,A_tiempo,575,144,multi-step-direct,0.0414,1.172965,1.083035,0.610484,17.2557,0.1582,0.1321,3.596
223,F_PB,5,5,ARIMA,A_tiempo,575,144,multi-step-direct,-0.1357,0.91241,0.955201,0.568359,21.8825,1.439,0.9824,2.59
223,F_MED,5,1,LinReg,A_tiempo,576,144,multi-step-direct,-1.4627,2.415023,1.554035,1.166077,20.5,0.2475,1.0,0.497
223,F_MED,5,1,DT,A_tiempo,576,144,multi-step-direct,-0.0414,1.02124,1.010564,0.665346,15.447,0.0067,0.6093,5.63
223,F_MED,5,1,RF,A_tiempo,576,144,multi-step-direct,0.2517,0.73376,0.856598,0.574385,16.8271,0.2412,0.6732,2.378
223,F_MED,5,1,SVR_rbf,A_tiempo,576,144,multi-step-direct,0.275,0.71095,0.843178,0.542027,15.7707,17.9055,0.6441,12.328
223,F_MED,5,1,MLP,A_tiempo,576,144,multi-step-direct,-0.012,0.992362,0.996174,0.70993,19.1804,0.0073,0.0367,0.542
223,F_MED,5,1,ARIMA,A_tiempo,576,144,multi-step-direct,-0.1036,0.435642,0.660032,0.469369,12.3613,1.2765,0.9847,0.46
223,F_MED,5,3,LinReg,A_tiempo,576,144,multi-step-direct,-1.8857,2.686969,1.639198,1.250893,21.455,0.143,1.0,0.977
223,F_MED,5,3,DT,A_tiempo,576,144,multi-step-direct,-0.2184,1.134451,1.065106,0.729938,15.9294,0.0074,0.4605,15.998
223,F_MED,5,3,RF,A_tiempo,576,144,multi-step-direct,0.1562,0.785671,0.886381,0.619157,17.5244,0.2394,0.5438,9.004
223,F_MED,5,3,SVR_rbf,A_tiempo,576,144,multi-step-direct,0.204,0.741135,0.860892,0.574265,16.4045,51.7813,0.5811,33.205
223,F_MED,5,3,MLP,A_tiempo,576,144,multi-step-direct,0.0465,0.887832,0.942248,0.666467,15.5439,0.0116,0.4461,1.686
223,F_MED,5,3,ARIMA,A_tiempo,576,144,multi-step-direct,-0.11,0.694442,0.833332,0.631492,19.3279,0.8243,0.9847,0.89
223,F_MED,5,5,LinReg,A_tiempo,575,144,multi-step-direct,-2.1062,2.857886,1.690528,1.302916,22.0819,0.2453,1.0,3.245
223,F_MED,5,5,DT,A_tiempo,575,144,multi-step-direct,-0.0364,0.953519,0.976483,0.691366,14.7297,0.0097,0.3049,25.566
223,F_MED,5,5,RF,A_tiempo,575,144,multi-step-direct,0.1068,0.82175,0.906504,0.639953,15.6909,0.2537,0.4325,12.657
223,F_MED,5,5,SVR_rbf,A_tiempo,575,144,multi-step-direct,0.1453,0.786406,0.886796,0.602682,13.3337,111.7508,0.5406,60.794
223,F_MED,5,5,MLP,A_tiempo,575,144,multi-step-direct,-0.008,0.927393,0.963013,0.692588,16.4614,0.0351,0.0184,1.06
223,F_MED,5,5,ARIMA,A_tiempo,575,144,multi-step-direct,-0.1068,0.770378,0.877712,0.680033,19.5238,0.3024,0.9847,0.544
223,F_N+PB,5,1,LinReg,A_tiempo,576,144,multi-step-direct,-31.2983,39.208445,6.261665,4.81622,115.9988,0.1137,1.0,0.617
223,F_N+PB,5,1,DT,A_tiempo,576,144,multi-step-direct,-0.0974,1.332207,1.154213,0.572306,13.8295,0.0063,0.7253,10.79
223,F_N+PB,5,1,RF,A_tiempo,576,144,multi-step-direct,0.2387,0.92416,0.961333,0.498029,14.1239,0.2492,0.7255,2.827
223,F_N+PB,5,1,SVR_rbf,A_tiempo,576,144,multi-step-direct,0.14,1.044032,1.021779,0.472558,17.2435,22.997,0.4038,16.157
223,F_N+PB,5,1,MLP,A_tiempo,576,144,multi-step-direct,0.1174,1.071373,1.035072,0.595932,15.0547,0.019,0.2555,1.411
223,F_N+PB,5,1,ARIMA,A_tiempo,576,144,multi-step-direct,-0.0792,1.084042,1.041173,0.547914,18.6521,5.873,0.9824,2.114
223,F_N+PB,5,3,LinReg,A_tiempo,576,144,multi-step-direct,-36.6412,46.13545,6.792308,5.24924,129.2578,0.5285,1.0,3.736
223,F_N+PB,5,3,DT,A_tiempo,576,144,multi-step-direct,-0.2026,1.474024,1.214094,0.625143,15.0871,0.0143,0.6478,31.903
223,F_N+PB,5,3,RF,A_tiempo,576,144,multi-step-direct,0.1459,1.04678,1.023122,0.541986,17.37,0.2574,0.6091,8.894
223,F_N+PB,5,3,SVR_rbf,A_tiempo,576,144,multi-step-direct,0.0848,1.121773,1.059138,0.500668,19.3729,55.8982,0.3486,42.775
223,F_N+PB,5,3,MLP,A_tiempo,576,144,multi-step-direct,0.0806,1.126828,1.061521,0.609625,17.3385,0.0124,0.2355,1.591
223,F_N+PB,5,3,ARIMA,A_tiempo,576,144,multi-step-direct,-0.1784,0.847857,0.920791,0.554972,18.9092,3.3782,0.9824,3.648
223,F_N+PB,5,5,LinReg,A_tiempo,575,144,multi-step-direct,-38.2295,48.000133,6.928213,5.390236,133.9397,0.2309,1.0,1.9
223,F_N+PB,5,5,DT,A_tiempo,575,144,multi-step-direct,-0.3106,1.603613,1.266338,0.685729,13.3323,0.0102,0.5951,41.831
223,F_N+PB,5,5,RF,A_tiempo,575,144,multi-step-direct,0.0934,1.109343,1.053254,0.564275,17.501,0.3579,0.5312,13.803
223,F_N+PB,5,5,SVR_rbf,A_tiempo,575,144,multi-step-direct,0.0452,1.168293,1.080876,0.517883,18.8793,100.2206,0.3175,58.707
223,F_N+PB,5,5,MLP,A_tiempo,575,144,multi-step-direct,0.0414,1.172964,1.083035,0.610474,17.2528,0.0164,0.1321,1.512
223,F_N+PB,5,5,ARIMA,A_tiempo,575,144,multi-step-direct,-0.1482,0.922474,0.960455,0.575204,21.881,0.5253,0.9825,0.946
223,F_N+MED,5,1,LinReg,A_tiempo,576,144,multi-step-direct,-1.4675,2.420025,1.555643,1.167114,20.4182,0.1867,1.0,1.831
223,F_N+MED,5,1,DT,A_tiempo,576,144,multi-step-direct,-0.0335,1.013619,1.006786,0.664051,15.2097,0.0053,0.6143,8.495
223,F_N+MED,5,1,RF,A_tiempo,576,144,multi-step-direct,0.2627,0.723096,0.850351,0.572842,16.4429,0.1646,0.6719,3.015
223,F_N+MED,5,1,SVR_rbf,A_tiempo,576,144,multi-step-direct,0.2753,0.710779,0.843077,0.541986,15.7644,16.9678,0.6441,11.832
223,F_N+MED,5,1,MLP,A_tiempo,576,144,multi-step-direct,-0.009,0.989555,0.994764,0.709508,19.1353,0.0075,0.0452,0.459
223,F_N+MED,5,1,ARIMA,A_tiempo,576,144,multi-step-direct,-0.0866,0.429839,0.655621,0.469356,12.3277,1.2162,0.9848,0.438
223,F_N+MED,5,3,LinReg,A_tiempo,576,144,multi-step-direct,-1.8966,2.696962,1.642243,1.252879,21.5026,0.1517,1.0,0.958
223,F_N+MED,5,3,DT,A_tiempo,576,144,multi-step-direct,-0.0846,1.009875,1.004925,0.692434,15.8273,0.0073,0.5055,25.489
223,F_N+MED,5,3,RF,A_tiempo,576,144,multi-step-direct,0.1681,0.774583,0.880104,0.613734,17.5809,0.1801,0.5457,8.824
223,F_N+MED,5,3,SVR_rbf,A_tiempo,576,144,multi-step-direct,0.2042,0.74093,0.860773,0.57416,16.4022,62.2868,0.5811,35.484
223,F_N+MED,5,3,MLP,A_tiempo,576,144,multi-step-direct,0.0218,0.910829,0.954374,0.676275,14.9474,0.016,0.5471,2.387
223,F_N+MED,5,3,ARIMA,A_tiempo,576,144,multi-step-direct,-0.1244,0.70338,0.838677,0.637947,19.4552,0.4841,0.9848,0.523
223,F_N+MED,5,5,LinReg,A_tiempo,575,144,multi-step-direct,-2.1236,2.873823,1.695235,1.306246,22.2284,0.4265,1.0,2.928
223,F_N+MED,5,5,DT,A_tiempo,575,144,multi-step-direct,-0.0816,0.995147,0.997571,0.702634,14.3284,0.01,0.3216,45.665
223,F_N+MED,5,5,RF,A_tiempo,575,144,multi-step-direct,0.1117,0.817302,0.904047,0.637058,15.4378,0.331,0.4374,17.824
223,F_N+MED,5,5,SVR_rbf,A_tiempo,575,144,multi-step-direct,0.1454,0.786279,0.886724,0.602618,13.3271,108.2063,0.5406,52.928
223,F_N+MED,5,5,MLP,A_tiempo,575,144,multi-step-direct,-0.008,0.927373,0.963002,0.692588,16.4621,0.0168,0.0184,0.899
223,F_N+MED,5,5,ARIMA,A_tiempo,575,144,multi-step-direct,-0.1199,0.779184,0.882714,0.68597,19.6417,0.3129,0.9848,0.563
223,F_N+PB+MED,5,1,LinReg,A_tiempo,576,144,multi-step-direct,-1.2029,2.461444,1.568899,1.176883,20.9918,0.215,1.0,0.643
223,F_N+PB+MED,5,1,DT,A_tiempo,576,144,multi-step-direct,-0.1112,1.241578,1.114261,0.667612,15.5245,0.0061,0.8001,9.44
223,F_N+PB+MED,5,1,RF,A_tiempo,576,144,multi-step-direct,0.3227,0.756796,0.86994,0.544229,15.478,0.2386,0.7615,2.913
223,F_N+PB+MED,5,1,SVR_rbf,A_tiempo,576,144,multi-step-direct,0.2824,0.801791,0.895428,0.540993,15.786,22.2186,0.6317,12.279
223,F_N+PB+MED,5,1,MLP,A_tiempo,576,144,multi-step-direct,0.0808,1.027014,1.013417,0.692477,15.5881,0.0077,0.5538,1.612
223,F_N+PB+MED,5,1,ARIMA,A_tiempo,576,144,multi-step-direct,-0.0694,0.787749,0.887552,0.634366,16.8232,1.4938,0.984,0.538
223,F_N+PB+MED,5,3,LinReg,A_tiempo,576,144,multi-step-direct,-1.5061,2.790083,1.670354,1.277863,22.3133,0.1371,1.0,0.974
223,F_N+PB+MED,5,3,DT,A_tiempo,576,144,multi-step-direct,-0.1896,1.324378,1.150816,0.740354,16.6094,0.0074,0.6459,28.022
223,F_N+PB+MED,5,3,RF,A_tiempo,576,144,multi-step-direct,0.2357,0.850953,0.922471,0.605309,16.1022,0.1799,0.6498,8.912
223,F_N+PB+MED,5,3,SVR_rbf,A_tiempo,576,144,multi-step-direct,0.2178,0.870826,0.93318,0.588848,16.1303,58.5202,0.5735,34.546
223,F_N+PB+MED,5,3,MLP,A_tiempo,576,144,multi-step-direct,0.0865,1.017054,1.008491,0.70024,15.3434,0.0115,0.4971,2.023
223,F_N+PB+MED,5,3,ARIMA,A_tiempo,576,144,multi-step-direct,-0.0001,0.863337,0.929159,0.633748,21.011,0.4431,0.984,0.479
223,F_N+PB+MED,5,5,LinReg,A_tiempo,575,144,multi-step-direct,-1.7709,3.066077,1.751022,1.339614,21.6935,0.2302,1.0,3.779
223,F_N+PB+MED,5,5,DT,A_tiempo,575,144,multi-step-direct,-0.2728,1.408341,1.186736,0.783246,14.521,0.0102,0.5749,40.815
223,F_N+PB+MED,5,5,RF,A_tiempo,575,144,multi-step-direct,0.1615,0.92783,0.963239,0.64497,15.3353,0.4893,0.5797,16.165
223,F_N+PB+MED,5,5,SVR_rbf,A_tiempo,575,144,multi-step-direct,0.1617,0.927587,0.963113,0.620019,14.6466,101.4718,0.5342,56.663
223,F_N+PB+MED,5,5,MLP,A_tiempo,575,144,multi-step-direct,0.0419,1.060217,1.029668,0.72199,14.593,0.016,0.4144,2.399
223,F_N+PB+MED,5,5,ARIMA,A_tiempo,575,144,multi-step-direct,-0.0098,0.992339,0.996162,0.700521,22.1669,0.2743,0.984,0.494
228,F_SIN,5,1,LinReg,A_tiempo,576,144,multi-step-direct,-5.1928,4.836997,2.199317,1.626768,34.243,0.1652,1.0,0.448
228,F_SIN,5,1,DT,A_tiempo,576,144,multi-step-direct,-0.1809,0.922386,0.960409,0.568118,15.4046,0.0073,0.4865,6.49
228,F_SIN,5,1,RF,A_tiempo,576,144,multi-step-direct,0.0353,0.753499,0.868043,0.511941,21.2954,0.1724,0.5277,2.361
228,F_SIN,5,1,SVR_rbf,A_tiempo,576,144,multi-step-direct,0.0248,0.761713,0.872761,0.501869,20.5452,22.3744,0.4712,11.686
228,F_SIN,5,1,MLP,A_tiempo,576,144,multi-step-direct,-0.0496,0.8198,0.905428,0.565209,19.6164,0.0105,0.319,3.635
228,F_SIN,5,1,ARIMA,A_tiempo,576,144,multi-step-direct,-0.2313,3.254782,1.804101,0.963699,34.1812,1.6947,0.988,0.61
228,F_SIN,5,3,LinReg,A_tiempo,576,144,multi-step-direct,-6.9405,6.053435,2.460373,1.831703,41.9688,0.1281,1.0,0.899
228,F_SIN,5,3,DT,A_tiempo,576,144,multi-step-direct,-0.3841,1.055172,1.027216,0.605007,15.1664,0.0073,0.2993,14.334
228,F_SIN,5,3,RF,A_tiempo,576,144,multi-step-direct,0.0172,0.749213,0.865571,0.527032,17.1015,0.1806,0.3434,5.97
228,F_SIN,5,3,SVR_rbf,A_tiempo,576,144,multi-step-direct,-0.0114,0.771027,0.878082,0.53076,15.9781,68.7242,0.4335,31.914
228,F_SIN,5,3,MLP,A_tiempo,576,144,multi-step-direct,-0.0815,0.824472,0.908004,0.579261,14.9293,0.0112,0.3736,1.548
228,F_SIN,5,3,ARIMA,A_tiempo,576,144,multi-step-direct,-0.0608,2.170746,1.473345,0.796242,33.6328,0.552,0.988,0.596
228,F_SIN,5,5,LinReg,A_tiempo,575,144,multi-step-direct,-7.4819,6.392392,2.528318,1.891171,41.6947,0.2162,1.0,1.445
228,F_SIN,5,5,DT,A_tiempo,575,144,multi-step-direct,-0.0196,0.768417,0.876594,0.546048,18.6814,0.0083,0.2017,24.953
228,F_SIN,5,5,RF,A_tiempo,575,144,multi-step-direct,-0.0004,0.753992,0.868327,0.536814,18.9994,0.2579,0.2559,11.029
228,F_SIN,5,5,SVR_rbf,A_tiempo,575,144,multi-step-direct,-0.0283,0.774977,0.880328,0.54226,17.8835,101.4642,0.4148,52.014
228,F_SIN,5,5,MLP,A_tiempo,575,144,multi-step-direct,-0.0449,0.787481,0.887401,0.556913,18.5549,0.0162,0.1092,1.189
228,F_SIN,5,5,ARIMA,A_tiempo,575,144,multi-step-direct,-0.0521,1.964745,1.401694,0.747457,29.5083,0.3801,0.988,0.684
228,F_N,5,1,LinReg,A_tiempo,576,144,multi-step-direct,-5.3011,4.919706,2.218041,1.630174,33.8795,0.2492,1.0,0.441
228,F_N,5,1,DT,A_tiempo,576,144,multi-step-direct,-0.151,0.898686,0.947991,0.556728,15.5285,0.0065,0.4969,9.41
228,F_N,5,1,RF,A_tiempo,576,144,multi-step-direct,0.0482,0.743116,0.862042,0.508775,21.3126,0.1698,0.5373,3.47
228,F_N,5,1,SVR_rbf,A_tiempo,576,144,multi-step-direct,0.025,0.761244,0.872493,0.501322,20.5789,17.0844,0.4711,10.517
228,F_N,5,1,MLP,A_tiempo,576,144,multi-step-direct,-0.0526,0.821866,0.906568,0.566701,18.9625,0.007,0.343,1.488
228,F_N,5,1,ARIMA,A_tiempo,576,144,multi-step-direct,-0.3283,3.512369,1.874132,1.050565,35.5219,4.0185,0.989,1.447
228,F_N,5,3,LinReg,A_tiempo,576,144,multi-step-direct,-7.0645,6.145262,2.478964,1.83982,42.8213,0.1292,1.0,1.508
228,F_N,5,3,DT,A_tiempo,576,144,multi-step-direct,-0.1675,0.889665,0.943221,0.569561,14.1982,0.0085,0.2994,25.14
228,F_N,5,3,RF,A_tiempo,576,144,multi-step-direct,0.0184,0.747965,0.86485,0.527251,17.0554,0.1706,0.346,11.074
228,F_N,5,3,SVR_rbf,A_tiempo,576,144,multi-step-direct,-0.0112,0.770553,0.877811,0.530317,16.0155,59.139,0.4334,31.298
228,F_N,5,3,MLP,A_tiempo,576,144,multi-step-direct,-0.0834,0.825534,0.908589,0.579756,14.9294,0.0121,0.3788,4.764
228,F_N,5,3,ARIMA,A_tiempo,576,144,multi-step-direct,-0.1231,2.298927,1.516221,0.853386,34.6438,0.5656,0.989,0.611
228,F_N,5,5,LinReg,A_tiempo,575,144,multi-step-direct,-7.6405,6.509053,2.551285,1.902913,42.8285,0.2287,1.0,1.393
228,F_N,5,5,DT,A_tiempo,575,144,multi-step-direct,-0.2392,0.933522,0.966189,0.585558,18.59,0.0085,0.1917,46.295
228,F_N,5,5,RF,A_tiempo,575,144,multi-step-direct,0.0002,0.753178,0.867858,0.536219,18.9518,0.2507,0.2607,17.579
228,F_N,5,5,SVR_rbf,A_tiempo,575,144,multi-step-direct,-0.0283,0.774597,0.880112,0.541895,17.8582,97.3271,0.4147,53.391
228,F_N,5,5,MLP,A_tiempo,575,144,multi-step-direct,-0.045,0.78719,0.887237,0.556666,18.5246,0.017,0.1093,2.042
228,F_N,5,5,ARIMA,A_tiempo,575,144,multi-step-direct,-0.1138,2.080446,1.442375,0.809754,30.4876,0.407,0.989,0.733
228,F_PB,5,1,LinReg,A_tiempo,576,144,multi-step-direct,-33.0088,36.289284,6.024059,4.363157,108.6342,0.0934,1.0,0.483
228,F_PB,5,1,DT,A_tiempo,576,144,multi-step-direct,-0.2889,1.375329,1.172744,0.60864,17.9076,0.007,0.395,8.883
228,F_PB,5,1,RF,A_tiempo,576,144,multi-step-direct,0.025,1.040398,1.019999,0.542887,24.7284,0.1718,0.4518,4.794
228,F_PB,5,1,SVR_rbf,A_tiempo,576,144,multi-step-direct,0.0,1.06705,1.032981,0.53264,25.3375,17.3461,0.3861,9.427
228,F_PB,5,1,MLP,A_tiempo,576,144,multi-step-direct,-0.0181,1.086409,1.04231,0.583508,26.4691,0.0072,0.0425,0.593
228,F_PB,5,1,ARIMA,A_tiempo,576,144,multi-step-direct,-0.0174,4.202709,2.050051,0.992521,38.3054,3.0504,0.9917,1.098
228,F_PB,5,3,LinReg,A_tiempo,576,144,multi-step-direct,-41.451,44.024306,6.635081,4.8126,132.1487,0.2317,1.0,2.087
228,F_PB,5,3,DT,A_tiempo,576,144,multi-step-direct,-0.3091,1.357608,1.165164,0.626657,17.6738,0.0074,0.4037,24.038
228,F_PB,5,3,RF,A_tiempo,576,144,multi-step-direct,0.0241,1.012036,1.006,0.5572,19.7244,0.1826,0.3064,11.395
228,F_PB,5,3,SVR_rbf,A_tiempo,576,144,multi-step-direct,-0.0106,1.0481,1.023767,0.560566,19.2084,58.5987,0.364,32.491
228,F_PB,5,3,MLP,A_tiempo,576,144,multi-step-direct,-0.0089,1.046335,1.022905,0.586891,20.2779,0.0323,0.0147,3.157
228,F_PB,5,3,ARIMA,A_tiempo,576,144,multi-step-direct,0.003,3.146148,1.773738,0.954863,38.7999,1.5275,0.9917,1.65
228,F_PB,5,5,LinReg,A_tiempo,575,144,multi-step-direct,-44.5623,46.640633,6.829395,4.997012,138.1129,0.239,1.0,1.443
228,F_PB,5,5,DT,A_tiempo,575,144,multi-step-direct,-0.319,1.350189,1.161977,0.646248,18.5743,0.0089,0.2837,43.032
228,F_PB,5,5,RF,A_tiempo,575,144,multi-step-direct,0.0095,1.01399,1.006971,0.567008,22.1554,0.251,0.2161,17.399
228,F_PB,5,5,SVR_rbf,A_tiempo,575,144,multi-step-direct,-0.0204,1.044555,1.022035,0.57022,21.5832,100.3515,0.3507,51.513
228,F_PB,5,5,MLP,A_tiempo,575,144,multi-step-direct,-0.0113,1.035188,1.017442,0.58605,22.9016,0.016,0.0215,1.108
228,F_PB,5,5,ARIMA,A_tiempo,575,144,multi-step-direct,0.0007,2.873788,1.695225,0.901895,34.2492,0.7933,0.9917,1.428
228,F_MED,5,1,LinReg,A_tiempo,576,144,multi-step-direct,-3.8188,3.063135,1.750181,1.234007,27.051,0.1444,1.0,1.931
228,F_MED,5,1,DT,A_tiempo,576,144,multi-step-direct,-0.033,0.656657,0.810344,0.526268,16.6091,0.0057,0.5841,5.47
228,F_MED,5,1,RF,A_tiempo,576,144,multi-step-direct,0.0978,0.573474,0.757281,0.472358,16.983,0.168,0.6357,2.25
228,F_MED,5,1,SVR_rbf,A_tiempo,576,144,multi-step-direct,0.0914,0.577572,0.759982,0.465196,16.1458,30.0153,0.5095,11.602
228,F_MED,5,1,MLP,A_tiempo,576,144,multi-step-direct,-0.0459,0.664855,0.815386,0.540624,15.3131,0.0087,0.4643,1.376
228,F_MED,5,1,ARIMA,A_tiempo,576,144,multi-step-direct,-0.6249,3.706973,1.92535,1.254541,36.5309,0.7897,0.9907,0.284
228,F_MED,5,3,LinReg,A_tiempo,576,144,multi-step-direct,-6.377,4.553684,2.133936,1.513181,36.4215,0.1305,1.0,0.938
228,F_MED,5,3,DT,A_tiempo,576,144,multi-step-direct,0.024,0.602441,0.776171,0.511753,14.8905,0.0074,0.3477,13.205
228,F_MED,5,3,RF,A_tiempo,576,144,multi-step-direct,0.0416,0.591629,0.769174,0.501957,14.7239,0.1727,0.4242,5.795
228,F_MED,5,3,SVR_rbf,A_tiempo,576,144,multi-step-direct,0.0327,0.597085,0.772712,0.500418,13.8355,64.2323,0.4611,31.188
228,F_MED,5,3,MLP,A_tiempo,576,144,multi-step-direct,-0.0209,0.630158,0.793825,0.536179,13.8194,0.0115,0.2803,1.799
228,F_MED,5,3,ARIMA,A_tiempo,576,144,multi-step-direct,-0.3221,2.231447,1.493803,1.00508,34.387,0.2713,0.9907,0.293
228,F_MED,5,5,LinReg,A_tiempo,575,144,multi-step-direct,-6.8109,4.769312,2.183876,1.567329,34.0185,0.214,1.0,1.321
228,F_MED,5,5,DT,A_tiempo,575,144,multi-step-direct,-0.0092,0.616239,0.785009,0.523872,15.9644,0.0102,0.2735,23.579
228,F_MED,5,5,RF,A_tiempo,575,144,multi-step-direct,0.0139,0.602088,0.775943,0.513167,15.7921,0.2447,0.3221,10.506
228,F_MED,5,5,SVR_rbf,A_tiempo,575,144,multi-step-direct,0.0032,0.608634,0.78015,0.515845,14.5022,105.8319,0.4375,50.204
228,F_MED,5,5,MLP,A_tiempo,575,144,multi-step-direct,-0.046,0.638713,0.799195,0.539536,14.3032,0.016,0.2487,3.88
228,F_MED,5,5,ARIMA,A_tiempo,575,144,multi-step-direct,-0.3118,2.067309,1.437814,0.97425,31.532,0.2326,0.9907,0.419
228,F_N+PB,5,1,LinReg,A_tiempo,576,144,multi-step-direct,-42.5275,46.445523,6.815095,4.89816,124.7776,0.0845,1.0,0.493
228,F_N+PB,5,1,DT,A_tiempo,576,144,multi-step-direct,-0.254,1.338078,1.156753,0.609923,19.7431,0.0068,0.3815,9.269
228,F_N+PB,5,1,RF,A_tiempo,576,144,multi-step-direct,0.0265,1.038771,1.019201,0.541761,24.8239,0.1738,0.4506,5.155
228,F_N+PB,5,1,SVR_rbf,A_tiempo,576,144,multi-step-direct,0.0,1.067034,1.032973,0.532636,25.3383,23.0023,0.3861,10.11
228,F_N+PB,5,1,MLP,A_tiempo,576,144,multi-step-direct,-0.0182,1.086454,1.042331,0.583549,26.4693,0.0076,0.0425,4.232
228,F_N+PB,5,1,ARIMA,A_tiempo,576,144,multi-step-direct,-0.032,4.262921,2.064684,0.989111,38.6615,6.5511,0.9917,2.358
228,F_N+PB,5,3,LinReg,A_tiempo,576,144,multi-step-direct,-51.334,54.27293,7.367016,5.301935,150.8173,0.1561,1.0,1.127
228,F_N+PB,5,3,DT,A_tiempo,576,144,multi-step-direct,-0.3016,1.349831,1.161822,0.623273,17.7433,0.0099,0.4037,26.735
228,F_N+PB,5,3,RF,A_tiempo,576,144,multi-step-direct,0.0238,1.012326,1.006144,0.557895,19.7529,0.2422,0.3066,11.077
228,F_N+PB,5,3,SVR_rbf,A_tiempo,576,144,multi-step-direct,-0.0106,1.048086,1.023761,0.560566,19.2094,62.7428,0.364,39.933
228,F_N+PB,5,3,MLP,A_tiempo,576,144,multi-step-direct,-0.0089,1.046327,1.022901,0.586901,20.2779,0.0259,0.0147,3.532
228,F_N+PB,5,3,ARIMA,A_tiempo,576,144,multi-step-direct,0.0039,3.143528,1.773,0.936023,39.0395,2.0973,0.9917,2.265
228,F_N+PB,5,5,LinReg,A_tiempo,575,144,multi-step-direct,-55.6564,57.996319,7.615531,5.534219,156.565,0.2301,1.0,1.767
228,F_N+PB,5,5,DT,A_tiempo,575,144,multi-step-direct,-0.2287,1.257785,1.12151,0.627248,18.7807,0.0103,0.2864,46.586
228,F_N+PB,5,5,RF,A_tiempo,575,144,multi-step-direct,0.01,1.013379,1.006667,0.566832,22.2612,0.4797,0.2172,19.508
228,F_N+PB,5,5,SVR_rbf,A_tiempo,575,144,multi-step-direct,-0.0204,1.044537,1.022026,0.570218,21.5817,102.3334,0.3507,56.467
228,F_N+PB,5,5,MLP,A_tiempo,575,144,multi-step-direct,-0.0113,1.035184,1.01744,0.58606,22.8989,0.0159,0.0215,1.069
228,F_N+PB,5,5,ARIMA,A_tiempo,575,144,multi-step-direct,0.0022,2.869681,1.694013,0.888066,34.3904,0.7062,0.9917,1.271
228,F_N+MED,5,1,LinReg,A_tiempo,576,144,multi-step-direct,-4.6059,3.562512,1.887462,1.328488,28.0966,0.097,1.0,0.439
228,F_N+MED,5,1,DT,A_tiempo,576,144,multi-step-direct,-0.1452,0.727781,0.853101,0.534908,15.3744,0.0057,0.5803,9.734
228,F_N+MED,5,1,RF,A_tiempo,576,144,multi-step-direct,0.1003,0.571747,0.75614,0.472539,17.2775,0.2505,0.6404,3.215
228,F_N+MED,5,1,SVR_rbf,A_tiempo,576,144,multi-step-direct,0.0909,0.577699,0.760065,0.465063,16.1442,21.192,0.5096,11.389
228,F_N+MED,5,1,MLP,A_tiempo,576,144,multi-step-direct,-0.0485,0.666312,0.816279,0.540696,15.4167,0.0348,0.4532,3.746
228,F_N+MED,5,1,ARIMA,A_tiempo,576,144,multi-step-direct,-0.6085,3.666416,1.914789,1.239893,36.3306,1.4815,0.991,0.533
228,F_N+MED,5,3,LinReg,A_tiempo,576,144,multi-step-direct,-6.9335,4.897384,2.213003,1.581713,34.9291,0.1344,1.0,0.912
228,F_N+MED,5,3,DT,A_tiempo,576,144,multi-step-direct,-0.0064,0.621266,0.788204,0.519573,14.3361,0.0086,0.3694,27.032
228,F_N+MED,5,3,RF,A_tiempo,576,144,multi-step-direct,0.0392,0.593102,0.770131,0.500691,14.5648,0.1728,0.4278,9.407
228,F_N+MED,5,3,SVR_rbf,A_tiempo,576,144,multi-step-direct,0.0329,0.597021,0.772672,0.500157,13.8487,67.497,0.4613,32.152
228,F_N+MED,5,3,MLP,A_tiempo,576,144,multi-step-direct,-0.0277,0.634433,0.796513,0.538058,13.6808,0.0113,0.2842,1.159
228,F_N+MED,5,3,ARIMA,A_tiempo,576,144,multi-step-direct,-0.3098,2.201866,1.483869,0.995302,34.1592,0.2544,0.991,0.275
228,F_N+MED,5,5,LinReg,A_tiempo,575,144,multi-step-direct,-7.0808,4.932867,2.221006,1.602734,36.9929,0.2368,1.0,1.423
228,F_N+MED,5,5,DT,A_tiempo,575,144,multi-step-direct,0.0028,0.608746,0.780221,0.520331,16.0334,0.0095,0.2832,46.077
228,F_N+MED,5,5,RF,A_tiempo,575,144,multi-step-direct,0.0161,0.600614,0.774993,0.512285,15.7185,0.254,0.3202,17.836
228,F_N+MED,5,5,SVR_rbf,A_tiempo,575,144,multi-step-direct,0.0033,0.608437,0.780024,0.515646,14.5087,95.7078,0.4376,51.485
228,F_N+MED,5,5,MLP,A_tiempo,575,144,multi-step-direct,-0.046,0.638554,0.799096,0.539305,14.4003,0.0161,0.2509,2.699
228,F_N+MED,5,5,ARIMA,A_tiempo,575,144,multi-step-direct,-0.2995,2.042411,1.429129,0.964804,31.3306,0.285,0.991,0.513
228,F_N+PB+MED,5,1,LinReg,A_tiempo,576,144,multi-step-direct,-3.5789,4.412751,2.100655,1.477992,30.4089,0.0896,1.0,0.481
228,F_N+PB+MED,5,1,DT,A_tiempo,576,144,multi-step-direct,-0.4462,1.393713,1.180556,0.635159,18.1041,0.0081,0.5388,8.538
228,F_N+PB+MED,5,1,RF,A_tiempo,576,144,multi-step-direct,0.0937,0.873374,0.934545,0.513118,21.583,0.1728,0.5789,4.734
228,F_N+PB+MED,5,1,SVR_rbf,A_tiempo,576,144,multi-step-direct,0.0478,0.917652,0.957941,0.520812,21.0916,17.0756,0.4566,8.992
228,F_N+PB+MED,5,1,MLP,A_tiempo,576,144,multi-step-direct,-0.0177,0.980791,0.990349,0.592844,21.9522,0.0067,0.0481,0.524
228,F_N+PB+MED,5,1,ARIMA,A_tiempo,576,144,multi-step-direct,-0.3514,5.825686,2.413646,1.368029,45.7957,0.8565,0.9903,0.308
228,F_N+PB+MED,5,3,LinReg,A_tiempo,576,144,multi-step-direct,-5.0111,5.600196,2.366473,1.691192,37.3635,0.4015,1.0,1.385
228,F_N+PB+MED,5,3,DT,A_tiempo,576,144,multi-step-direct,-0.3716,1.277792,1.130395,0.643023,13.329,0.0074,0.4629,24.986
228,F_N+PB+MED,5,3,RF,A_tiempo,576,144,multi-step-direct,0.0768,0.860048,0.927388,0.541187,17.3405,0.1769,0.4373,10.845
228,F_N+PB+MED,5,3,SVR_rbf,A_tiempo,576,144,multi-step-direct,0.0231,0.910126,0.954005,0.553754,17.3799,55.9056,0.4195,32.29
228,F_N+PB+MED,5,3,MLP,A_tiempo,576,144,multi-step-direct,-0.0004,0.93203,0.965417,0.586814,17.8362,0.0188,0.071,1.314
228,F_N+PB+MED,5,3,ARIMA,A_tiempo,576,144,multi-step-direct,-0.1706,3.637119,1.907123,1.216444,43.9952,0.3858,0.9903,0.417
228,F_N+PB+MED,5,5,LinReg,A_tiempo,575,144,multi-step-direct,-5.4681,5.946011,2.438444,1.74824,36.6369,0.3446,1.0,3.403
228,F_N+PB+MED,5,5,DT,A_tiempo,575,144,multi-step-direct,-0.3044,1.199142,1.095054,0.638806,15.6265,0.0106,0.3473,45.184
228,F_N+PB+MED,5,5,RF,A_tiempo,575,144,multi-step-direct,0.0517,0.871714,0.933656,0.555003,18.9525,0.2443,0.3347,17.282
228,F_N+PB+MED,5,5,SVR_rbf,A_tiempo,575,144,multi-step-direct,0.0029,0.916597,0.957391,0.569454,17.9981,114.1784,0.3979,51.023
228,F_N+PB+MED,5,5,MLP,A_tiempo,575,144,multi-step-direct,-0.0145,0.932657,0.965742,0.593823,19.4244,0.0207,0.05,1.479
228,F_N+PB+MED,5,5,ARIMA,A_tiempo,575,144,multi-step-direct,-0.1811,3.44877,1.857086,1.187903,40.4988,0.2293,0.9903,0.413
230,F_SIN,5,1,LinReg,A_tiempo,576,144,multi-step-direct,-3.1892,5.969737,2.443305,1.890664,35.0954,0.2053,1.0,1.423
230,F_SIN,5,1,DT,A_tiempo,576,144,multi-step-direct,-0.3442,1.915477,1.384007,0.82719,16.4664,0.0061,0.3677,6.456
230,F_SIN,5,1,RF,A_tiempo,576,144,multi-step-direct,0.0449,1.361096,1.16666,0.67091,21.4808,0.4439,0.4004,3.109
230,F_SIN,5,1,SVR_rbf,A_tiempo,576,144,multi-step-direct,0.0234,1.391671,1.179691,0.672805,20.8045,18.2671,0.3981,14.293
230,F_SIN,5,1,MLP,A_tiempo,576,144,multi-step-direct,-0.0165,1.448622,1.203587,0.71541,21.2867,0.0099,0.0566,0.883
230,F_SIN,5,1,ARIMA,A_tiempo,576,144,multi-step-direct,-0.0021,1.20883,1.099468,0.540634,20.643,2.2816,0.9577,0.821
230,F_SIN,5,3,LinReg,A_tiempo,576,144,multi-step-direct,-3.6282,6.503616,2.550219,1.97861,33.404,0.2246,1.0,1.072
230,F_SIN,5,3,DT,A_tiempo,576,144,multi-step-direct,-0.2726,1.788293,1.337271,0.816535,19.5478,0.0072,0.1987,15.821
230,F_SIN,5,3,RF,A_tiempo,576,144,multi-step-direct,0.01,1.391119,1.179457,0.69598,26.5807,0.179,0.2058,8.605
230,F_SIN,5,3,SVR_rbf,A_tiempo,576,144,multi-step-direct,-0.0066,1.41444,1.189302,0.69247,25.5683,66.8679,0.3711,34.616
230,F_SIN,5,3,MLP,A_tiempo,576,144,multi-step-direct,-0.011,1.420656,1.191913,0.719477,26.5504,0.0147,0.0227,1.706
230,F_SIN,5,3,ARIMA,A_tiempo,576,144,multi-step-direct,-0.0006,1.402425,1.18424,0.566923,28.0485,0.7211,0.9577,0.779
230,F_SIN,5,5,LinReg,A_tiempo,575,144,multi-step-direct,-3.7254,6.660044,2.580706,2.004188,37.24,0.2161,1.0,1.582
230,F_SIN,5,5,DT,A_tiempo,575,144,multi-step-direct,-0.188,1.674402,1.293987,0.785872,17.1802,0.0109,0.1175,25.673
230,F_SIN,5,5,RF,A_tiempo,575,144,multi-step-direct,0.0003,1.408991,1.187009,0.706491,21.7712,0.2448,0.1299,9.785
230,F_SIN,5,5,SVR_rbf,A_tiempo,575,144,multi-step-direct,-0.0219,1.440254,1.200106,0.701882,20.3756,103.4788,0.361,60.38
230,F_SIN,5,5,MLP,A_tiempo,575,144,multi-step-direct,-0.0084,1.421316,1.19219,0.718149,21.8156,0.167,0.014,1.385
230,F_SIN,5,5,ARIMA,A_tiempo,575,144,multi-step-direct,-0.0157,1.292636,1.136942,0.515352,25.7765,0.9474,0.9577,1.705
230,F_N,5,1,LinReg,A_tiempo,576,144,multi-step-direct,-3.2413,6.044143,2.458484,1.899438,35.7746,0.3758,1.0,1.175
230,F_N,5,1,DT,A_tiempo,576,144,multi-step-direct,-0.2307,1.753783,1.324305,0.799456,15.5239,0.0059,0.379,8.368
230,F_N,5,1,RF,A_tiempo,576,144,multi-step-direct,0.0491,1.35515,1.164109,0.665462,21.0249,0.1719,0.408,4.408
230,F_N,5,1,SVR_rbf,A_tiempo,576,144,multi-step-direct,0.0234,1.391677,1.179694,0.672794,20.8004,20.9152,0.3981,12.918
230,F_N,5,1,MLP,A_tiempo,576,144,multi-step-direct,-0.0164,1.44846,1.20352,0.715322,21.3052,0.0074,0.0566,0.796
230,F_N,5,1,ARIMA,A_tiempo,576,144,multi-step-direct,-0.0034,1.210379,1.100172,0.548386,20.6302,1.5224,0.9578,0.548
230,F_N,5,3,LinReg,A_tiempo,576,144,multi-step-direct,-3.6855,6.58418,2.565966,1.989629,33.4439,0.3701,1.0,2.797
230,F_N,5,3,DT,A_tiempo,576,144,multi-step-direct,-0.2603,1.770956,1.330773,0.809863,20.2564,0.0071,0.2073,26.36
230,F_N,5,3,RF,A_tiempo,576,144,multi-step-direct,0.0119,1.388581,1.178381,0.697424,26.5407,0.1766,0.2069,11.637
230,F_N,5,3,SVR_rbf,A_tiempo,576,144,multi-step-direct,-0.0066,1.414458,1.18931,0.692457,25.558,68.339,0.3711,34.03
230,F_N,5,3,MLP,A_tiempo,576,144,multi-step-direct,-0.011,1.420676,1.191921,0.719476,26.547,0.0156,0.0227,1.235
230,F_N,5,3,ARIMA,A_tiempo,576,144,multi-step-direct,-0.0001,1.40176,1.18396,0.574323,28.0205,0.501,0.9578,0.541
230,F_N,5,5,LinReg,A_tiempo,575,144,multi-step-direct,-3.7808,6.738148,2.595794,2.016002,37.3048,0.2301,1.0,1.605
230,F_N,5,5,DT,A_tiempo,575,144,multi-step-direct,-0.1474,1.617194,1.271689,0.772018,17.6022,0.0083,0.1096,47.271
230,F_N,5,5,RF,A_tiempo,575,144,multi-step-direct,0.0038,1.404099,1.184947,0.703527,21.7408,0.4091,0.1378,20.675
230,F_N,5,5,SVR_rbf,A_tiempo,575,144,multi-step-direct,-0.0219,1.440276,1.200115,0.70187,20.3861,103.5959,0.361,64.679
230,F_N,5,5,MLP,A_tiempo,575,144,multi-step-direct,-0.0084,1.421334,1.192197,0.71814,21.8233,0.0329,0.014,3.945
230,F_N,5,5,ARIMA,A_tiempo,575,144,multi-step-direct,-0.0129,1.289095,1.135383,0.517661,25.7375,0.7488,0.9578,1.348
230,F_PB,5,1,LinReg,A_tiempo,576,144,multi-step-direct,-22.9009,33.788316,5.812772,4.490052,111.5211,0.0833,1.0,0.696
230,F_PB,5,1,DT,A_tiempo,576,144,multi-step-direct,-0.3125,1.855424,1.36214,0.758712,14.4484,0.0081,0.4376,10.507
230,F_PB,5,1,RF,A_tiempo,576,144,multi-step-direct,0.0214,1.383481,1.176215,0.638245,21.4279,0.4839,0.4961,5.551
230,F_PB,5,1,SVR_rbf,A_tiempo,576,144,multi-step-direct,-0.0131,1.432262,1.196772,0.640499,21.2401,18.7897,0.3591,12.726
230,F_PB,5,1,MLP,A_tiempo,576,144,multi-step-direct,-0.0155,1.435641,1.198182,0.660048,22.3621,0.044,0.0058,3.46
230,F_PB,5,1,ARIMA,A_tiempo,576,144,multi-step-direct,-0.036,1.385778,1.177191,0.457063,22.2908,6.196,0.9588,2.231
230,F_PB,5,3,LinReg,A_tiempo,576,144,multi-step-direct,-25.8769,36.955772,6.079126,4.720568,109.661,0.1289,1.0,1.019
230,F_PB,5,3,DT,A_tiempo,576,144,multi-step-direct,-0.337,1.838419,1.355883,0.761461,20.0418,0.0093,0.3539,24.664
230,F_PB,5,3,RF,A_tiempo,576,144,multi-step-direct,-0.0058,1.382977,1.176,0.643955,26.5012,0.1708,0.2748,9.461
230,F_PB,5,3,SVR_rbf,A_tiempo,576,144,multi-step-direct,-0.0263,1.411119,1.187905,0.627529,26.7222,69.7535,0.3377,33.773
230,F_PB,5,3,MLP,A_tiempo,576,144,multi-step-direct,-0.0103,1.389151,1.178622,0.647234,27.1089,0.0113,0.0048,0.713
230,F_PB,5,3,ARIMA,A_tiempo,576,144,multi-step-direct,-0.047,1.639793,1.280544,0.510873,30.4317,1.427,0.9588,1.541
230,F_PB,5,5,LinReg,A_tiempo,575,144,multi-step-direct,-26.3359,37.614723,6.133084,4.778043,114.961,0.2269,1.0,1.416
230,F_PB,5,5,DT,A_tiempo,575,144,multi-step-direct,-0.3387,1.842117,1.357246,0.773581,18.0682,0.0102,0.2789,42.175
230,F_PB,5,5,RF,A_tiempo,575,144,multi-step-direct,-0.0035,1.380891,1.175113,0.641509,23.0124,0.2549,0.1573,17.876
230,F_PB,5,5,SVR_rbf,A_tiempo,575,144,multi-step-direct,-0.0309,1.418574,1.191039,0.624474,22.1755,102.1266,0.3275,60.003
230,F_PB,5,5,MLP,A_tiempo,575,144,multi-step-direct,-0.0097,1.389389,1.178724,0.644712,23.113,0.0214,0.0083,0.968
230,F_PB,5,5,ARIMA,A_tiempo,575,144,multi-step-direct,-0.0475,1.459297,1.208014,0.464507,27.3928,0.7488,0.9588,1.348
230,F_MED,5,1,LinReg,A_tiempo,576,144,multi-step-direct,-2.8538,5.346198,2.312185,1.765884,36.0594,0.262,1.0,0.45
230,F_MED,5,1,DT,A_tiempo,576,144,multi-step-direct,-0.2657,1.755807,1.325069,0.960968,17.2788,0.0075,0.6821,5.914
230,F_MED,5,1,RF,A_tiempo,576,144,multi-step-direct,0.2075,1.099435,1.048539,0.751521,19.1061,0.1729,0.721,3.53
230,F_MED,5,1,SVR_rbf,A_tiempo,576,144,multi-step-direct,0.1327,1.203215,1.096912,0.778687,19.9684,19.2714,0.5877,9.622
230,F_MED,5,1,MLP,A_tiempo,576,144,multi-step-direct,0.0669,1.294367,1.137702,0.830241,18.1494,0.0088,0.5033,1.507
230,F_MED,5,1,ARIMA,A_tiempo,576,144,multi-step-direct,-0.0119,0.741725,0.861235,0.554443,16.3408,1.9855,0.9672,0.715
230,F_MED,5,3,LinReg,A_tiempo,576,144,multi-step-direct,-4.9838,8.23952,2.870456,2.158554,39.4977,0.211,1.0,2.312
230,F_MED,5,3,DT,A_tiempo,576,144,multi-step-direct,-0.2214,1.68189,1.296877,0.946528,17.4053,0.0072,0.4496,15.999
230,F_MED,5,3,RF,A_tiempo,576,144,multi-step-direct,0.0787,1.268631,1.126335,0.830608,19.8232,0.3302,0.5488,6.422
230,F_MED,5,3,SVR_rbf,A_tiempo,576,144,multi-step-direct,0.0415,1.319791,1.148822,0.834438,19.348,74.4749,0.4829,35.424
230,F_MED,5,3,MLP,A_tiempo,576,144,multi-step-direct,0.0033,1.372487,1.171532,0.866804,17.8569,0.0121,0.2372,1.364
230,F_MED,5,3,ARIMA,A_tiempo,576,144,multi-step-direct,-0.0018,0.772181,0.878738,0.516395,19.4923,0.5304,0.9672,0.573
230,F_MED,5,5,LinReg,A_tiempo,575,144,multi-step-direct,-5.6187,9.171045,3.028373,2.289685,42.9114,0.2193,1.0,1.631
230,F_MED,5,5,DT,A_tiempo,575,144,multi-step-direct,-0.1791,1.633862,1.278226,0.939989,18.0991,0.0107,0.3205,27.26
230,F_MED,5,5,RF,A_tiempo,575,144,multi-step-direct,0.0479,1.319201,1.148565,0.849502,19.6294,0.2483,0.4664,12.43
230,F_MED,5,5,SVR_rbf,A_tiempo,575,144,multi-step-direct,-0.0003,1.386018,1.177293,0.857035,19.6103,99.626,0.4415,55.69
230,F_MED,5,5,MLP,A_tiempo,575,144,multi-step-direct,-0.0302,1.427533,1.194794,0.893895,20.4817,0.0455,0.0449,2.619
230,F_MED,5,5,ARIMA,A_tiempo,575,144,multi-step-direct,-0.0859,0.870963,0.933254,0.560203,21.1156,0.3825,0.9672,0.688
230,F_N+PB,5,1,LinReg,A_tiempo,576,144,multi-step-direct,-30.6909,44.80157,6.693397,5.146814,131.9548,0.2187,1.0,0.514
230,F_N+PB,5,1,DT,A_tiempo,576,144,multi-step-direct,-0.2922,1.826746,1.351572,0.756396,15.6117,0.0069,0.4376,8.484
230,F_N+PB,5,1,RF,A_tiempo,576,144,multi-step-direct,0.0198,1.385697,1.177156,0.638104,21.5071,0.1727,0.4909,4.85
230,F_N+PB,5,1,SVR_rbf,A_tiempo,576,144,multi-step-direct,-0.0131,1.432293,1.196784,0.640525,21.24,16.9068,0.3591,9.52
230,F_N+PB,5,1,MLP,A_tiempo,576,144,multi-step-direct,-0.0155,1.435627,1.198176,0.66003,22.3651,0.0069,0.0058,0.454
230,F_N+PB,5,1,ARIMA,A_tiempo,576,144,multi-step-direct,-0.0359,1.38559,1.177111,0.45708,22.2889,4.3033,0.9588,1.549
230,F_N+PB,5,3,LinReg,A_tiempo,576,144,multi-step-direct,-35.0704,49.597654,7.04256,5.456424,130.6501,0.2203,1.0,4.001
230,F_N+PB,5,3,DT,A_tiempo,576,144,multi-step-direct,-0.3281,1.826182,1.351363,0.762192,19.2833,0.0074,0.353,24.18
230,F_N+PB,5,3,RF,A_tiempo,576,144,multi-step-direct,-0.0054,1.382426,1.175766,0.643861,26.57,0.2522,0.2762,11.463
230,F_N+PB,5,3,SVR_rbf,A_tiempo,576,144,multi-step-direct,-0.0263,1.411148,1.187917,0.627554,26.7218,61.4925,0.3377,35.102
230,F_N+PB,5,3,MLP,A_tiempo,576,144,multi-step-direct,-0.0103,1.389183,1.178636,0.64727,27.1159,0.0237,0.0048,2.098
230,F_N+PB,5,3,ARIMA,A_tiempo,576,144,multi-step-direct,-0.0468,1.639556,1.280452,0.51089,30.4291,1.7172,0.9588,1.855
230,F_N+PB,5,5,LinReg,A_tiempo,575,144,multi-step-direct,-36.0745,51.01587,7.142539,5.552591,138.1971,0.2277,1.0,1.453
230,F_N+PB,5,5,DT,A_tiempo,575,144,multi-step-direct,-0.3358,1.838114,1.355771,0.774592,18.1497,0.009,0.2789,43.225
230,F_N+PB,5,5,RF,A_tiempo,575,144,multi-step-direct,-0.0028,1.379844,1.174668,0.641089,23.0961,0.2559,0.1593,17.207
230,F_N+PB,5,5,SVR_rbf,A_tiempo,575,144,multi-step-direct,-0.0309,1.418599,1.191049,0.624496,22.1761,92.4221,0.3275,56.698
230,F_N+PB,5,5,MLP,A_tiempo,575,144,multi-step-direct,-0.0097,1.389422,1.178737,0.644743,23.1141,0.0202,0.0083,3.001
230,F_N+PB,5,5,ARIMA,A_tiempo,575,144,multi-step-direct,-0.0473,1.459041,1.207908,0.4645,27.3903,0.6647,0.9588,1.196
230,F_N+MED,5,1,LinReg,A_tiempo,576,144,multi-step-direct,-2.9485,5.474939,2.339859,1.786535,36.0752,0.2492,1.0,0.499
230,F_N+MED,5,1,DT,A_tiempo,576,144,multi-step-direct,-0.2975,1.799059,1.34129,0.964442,18.1255,0.0067,0.6812,8.572
230,F_N+MED,5,1,RF,A_tiempo,576,144,multi-step-direct,0.2014,1.107315,1.052291,0.752978,19.1619,0.1734,0.727,4.431
230,F_N+MED,5,1,SVR_rbf,A_tiempo,576,144,multi-step-direct,0.1326,1.202758,1.096703,0.778677,19.9605,16.8832,0.588,9.362
230,F_N+MED,5,1,MLP,A_tiempo,576,144,multi-step-direct,0.0651,1.296282,1.138544,0.826782,18.3519,0.0071,0.5124,1.017
230,F_N+MED,5,1,ARIMA,A_tiempo,576,144,multi-step-direct,-0.0111,0.737249,0.858632,0.551187,16.2914,1.2023,0.9673,0.433
230,F_N+MED,5,3,LinReg,A_tiempo,576,144,multi-step-direct,-5.1748,8.498734,2.915259,2.18844,39.8859,0.233,1.0,2.932
230,F_N+MED,5,3,DT,A_tiempo,576,144,multi-step-direct,-0.3246,1.823188,1.350255,0.965843,17.6097,0.0072,0.4744,25.05
230,F_N+MED,5,3,RF,A_tiempo,576,144,multi-step-direct,0.0757,1.272125,1.127885,0.830909,19.6955,0.1734,0.551,10.863
230,F_N+MED,5,3,SVR_rbf,A_tiempo,576,144,multi-step-direct,0.0415,1.319198,1.148563,0.834374,19.3523,55.547,0.4831,32.423
230,F_N+MED,5,3,MLP,A_tiempo,576,144,multi-step-direct,-0.0451,1.438386,1.199327,0.890041,17.0705,0.0123,0.3623,5.712
230,F_N+MED,5,3,ARIMA,A_tiempo,576,144,multi-step-direct,-0.0023,0.76815,0.876442,0.513807,19.4363,0.4321,0.9673,0.467
230,F_N+MED,5,5,LinReg,A_tiempo,575,144,multi-step-direct,-5.863,9.504841,3.082992,2.329666,45.2379,0.2163,1.0,1.504
230,F_N+MED,5,5,DT,A_tiempo,575,144,multi-step-direct,-0.1383,1.576413,1.255553,0.923257,17.8372,0.0101,0.3188,45.34
230,F_N+MED,5,5,RF,A_tiempo,575,144,multi-step-direct,0.0447,1.322968,1.150203,0.850744,19.6622,0.3292,0.4692,18.275
230,F_N+MED,5,5,SVR_rbf,A_tiempo,575,144,multi-step-direct,-0.0003,1.385311,1.176992,0.856968,19.5964,106.2297,0.4417,56.664
230,F_N+MED,5,5,MLP,A_tiempo,575,144,multi-step-direct,-0.0306,1.427333,1.194711,0.893862,20.4991,0.0167,0.0448,0.893
230,F_N+MED,5,5,ARIMA,A_tiempo,575,144,multi-step-direct,-0.0887,0.869754,0.932606,0.559602,21.102,0.2633,0.9673,0.474
230,F_N+PB+MED,5,1,LinReg,A_tiempo,576,144,multi-step-direct,-5.0162,7.752491,2.78433,2.092198,46.2263,0.2486,1.0,0.469
230,F_N+PB+MED,5,1,DT,A_tiempo,576,144,multi-step-direct,-0.3541,1.744911,1.320951,0.915944,16.3563,0.0062,0.7732,9.502
230,F_N+PB+MED,5,1,RF,A_tiempo,576,144,multi-step-direct,0.0951,1.166034,1.079831,0.75397,19.2892,0.176,0.7852,2.603
230,F_N+PB+MED,5,1,SVR_rbf,A_tiempo,576,144,multi-step-direct,0.0815,1.183638,1.087951,0.74423,19.7616,22.1704,0.5907,12.187
230,F_N+PB+MED,5,1,MLP,A_tiempo,576,144,multi-step-direct,0.0089,1.277166,1.130118,0.822158,18.6586,0.0092,0.4376,3.785
230,F_N+PB+MED,5,1,ARIMA,A_tiempo,576,144,multi-step-direct,-0.1315,1.167626,1.080568,0.587388,20.5023,1.9638,0.9324,0.707
230,F_N+PB+MED,5,3,LinReg,A_tiempo,576,144,multi-step-direct,-8.1443,10.991757,3.315382,2.5075,57.8037,0.1271,1.0,0.895
230,F_N+PB+MED,5,3,DT,A_tiempo,576,144,multi-step-direct,-0.4122,1.697542,1.302898,0.928175,14.7839,0.0113,0.6394,24.734
230,F_N+PB+MED,5,3,RF,A_tiempo,576,144,multi-step-direct,0.0073,1.193208,1.092341,0.783254,19.2218,0.1735,0.6503,8.364
230,F_N+PB+MED,5,3,SVR_rbf,A_tiempo,576,144,multi-step-direct,-0.0135,1.218318,1.103775,0.755045,18.7505,65.6371,0.4556,33.181
230,F_N+PB+MED,5,3,MLP,A_tiempo,576,144,multi-step-direct,-0.0763,1.293751,1.137432,0.834548,17.1117,0.012,0.2796,1.825
230,F_N+PB+MED,5,3,ARIMA,A_tiempo,576,144,multi-step-direct,-0.1746,1.335273,1.15554,0.619656,25.724,0.6491,0.9324,0.701
230,F_N+PB+MED,5,5,LinReg,A_tiempo,575,144,multi-step-direct,-9.3961,12.487679,3.533791,2.676685,53.2701,0.2161,1.0,1.399
230,F_N+PB+MED,5,5,DT,A_tiempo,575,144,multi-step-direct,-0.4446,1.735221,1.317278,0.940234,15.922,0.0093,0.5733,41.546
230,F_N+PB+MED,5,5,RF,A_tiempo,575,144,multi-step-direct,-0.0148,1.218919,1.104047,0.791403,20.7658,0.2827,0.573,14.288
230,F_N+PB+MED,5,5,SVR_rbf,A_tiempo,575,144,multi-step-direct,-0.047,1.257686,1.121466,0.760491,20.851,101.1078,0.3977,55.348
230,F_N+PB+MED,5,5,MLP,A_tiempo,575,144,multi-step-direct,-0.0729,1.288698,1.135208,0.821501,19.7807,0.0307,0.1438,4.926
230,F_N+PB+MED,5,5,ARIMA,A_tiempo,575,144,multi-step-direct,-0.1886,1.24424,1.115455,0.582045,25.3765,0.7753,0.9324,1.396
231,F_SIN,5,1,LinReg,A_tiempo,576,144,multi-step-direct,-3.5852,5.221832,2.285133,1.762389,33.1163,0.2421,1.0,0.481
231,F_SIN,5,1,DT,A_tiempo,576,144,multi-step-direct,-0.2195,1.388843,1.178492,0.695148,16.4683,0.0066,0.5579,5.809
231,F_SIN,5,1,RF,A_tiempo,576,144,multi-step-direct,0.1631,0.953042,0.976239,0.531222,18.1285,0.1697,0.6454,2.365
231,F_SIN,5,1,SVR_rbf,A_tiempo,576,144,multi-step-direct,0.1731,0.941674,0.970399,0.516873,16.8755,17.8968,0.4641,12.8
231,F_SIN,5,1,MLP,A_tiempo,576,144,multi-step-direct,0.1605,0.956104,0.977806,0.550303,16.3013,0.007,0.3121,1.195
231,F_SIN,5,1,ARIMA,A_tiempo,576,144,multi-step-direct,-0.1247,1.022463,1.011169,0.590377,18.1941,1.7926,0.907,0.645
231,F_SIN,5,3,LinReg,A_tiempo,576,144,multi-step-direct,-3.8902,5.658424,2.378744,1.8491,37.048,0.1341,1.0,0.977
231,F_SIN,5,3,DT,A_tiempo,576,144,multi-step-direct,-0.2301,1.423315,1.193028,0.730114,14.8252,0.0091,0.5518,19.463
231,F_SIN,5,3,RF,A_tiempo,576,144,multi-step-direct,0.1218,1.016206,1.00807,0.574121,16.7123,0.2667,0.5729,6.87
231,F_SIN,5,3,SVR_rbf,A_tiempo,576,144,multi-step-direct,0.1152,1.023843,1.011852,0.571458,15.6379,79.8567,0.4462,40.08
231,F_SIN,5,3,MLP,A_tiempo,576,144,multi-step-direct,0.1009,1.040397,1.019999,0.602881,15.0379,0.0252,0.2376,2.293
231,F_SIN,5,3,ARIMA,A_tiempo,576,144,multi-step-direct,-0.0744,1.092168,1.045068,0.605446,25.4652,1.7871,0.907,1.93
231,F_SIN,5,5,LinReg,A_tiempo,575,144,multi-step-direct,-4.1778,5.985073,2.446441,1.905677,35.205,0.2164,1.0,3.671
231,F_SIN,5,5,DT,A_tiempo,575,144,multi-step-direct,-0.1246,1.299896,1.14013,0.715465,16.6876,0.016,0.4552,33.467
231,F_SIN,5,5,RF,A_tiempo,575,144,multi-step-direct,0.0851,1.057592,1.028393,0.599238,18.7061,0.5974,0.5292,13.38
231,F_SIN,5,5,SVR_rbf,A_tiempo,575,144,multi-step-direct,0.0759,1.068128,1.033503,0.602505,17.3343,122.8288,0.4291,61.392
231,F_SIN,5,5,MLP,A_tiempo,575,144,multi-step-direct,0.0544,1.093006,1.045469,0.639131,17.0578,0.0256,0.2015,2.127
231,F_SIN,5,5,ARIMA,A_tiempo,575,144,multi-step-direct,-0.0536,1.109233,1.053201,0.61459,25.2859,0.4094,0.907,0.737
231,F_N,5,1,LinReg,A_tiempo,576,144,multi-step-direct,-3.6857,5.336205,2.310023,1.784056,34.2045,0.2477,1.0,0.561
231,F_N,5,1,DT,A_tiempo,576,144,multi-step-direct,-0.2208,1.390234,1.179082,0.684045,15.8681,0.0078,0.6167,10.874
231,F_N,5,1,RF,A_tiempo,576,144,multi-step-direct,0.159,0.957772,0.978659,0.532829,18.3329,0.1827,0.6448,3.168
231,F_N,5,1,SVR_rbf,A_tiempo,576,144,multi-step-direct,0.1732,0.941619,0.97037,0.516929,16.8736,26.6153,0.4642,16.578
231,F_N,5,1,MLP,A_tiempo,576,144,multi-step-direct,0.1603,0.95623,0.97787,0.550185,16.2939,0.0075,0.3118,1.401
231,F_N,5,1,ARIMA,A_tiempo,576,144,multi-step-direct,-0.1207,1.01881,1.009361,0.58758,18.1928,2.6988,0.9074,0.972
231,F_N,5,3,LinReg,A_tiempo,576,144,multi-step-direct,-3.9792,5.761385,2.400288,1.867811,37.4907,0.144,1.0,1.38
231,F_N,5,3,DT,A_tiempo,576,144,multi-step-direct,-0.3043,1.509184,1.228488,0.770601,14.8568,0.0119,0.5539,29.393
231,F_N,5,3,RF,A_tiempo,576,144,multi-step-direct,0.1263,1.010978,1.005474,0.57242,16.5713,0.3333,0.5803,11.413
231,F_N,5,3,SVR_rbf,A_tiempo,576,144,multi-step-direct,0.1152,1.023802,1.011831,0.571531,15.6587,75.5203,0.4463,42.712
231,F_N,5,3,MLP,A_tiempo,576,144,multi-step-direct,0.1007,1.040621,1.020108,0.602988,15.0702,0.0228,0.2376,2.01
231,F_N,5,3,ARIMA,A_tiempo,576,144,multi-step-direct,-0.0715,1.08917,1.043633,0.604095,25.464,0.7444,0.9074,0.804
231,F_N,5,5,LinReg,A_tiempo,575,144,multi-step-direct,-4.2763,6.098882,2.469591,1.924646,35.8918,0.444,1.0,1.687
231,F_N,5,5,DT,A_tiempo,575,144,multi-step-direct,-0.1777,1.361346,1.166767,0.734308,16.0125,0.0101,0.4736,45.11
231,F_N,5,5,RF,A_tiempo,575,144,multi-step-direct,0.0868,1.05558,1.027414,0.600121,18.636,0.4214,0.5344,15.51
231,F_N,5,5,SVR_rbf,A_tiempo,575,144,multi-step-direct,0.076,1.068104,1.033491,0.602575,17.3386,103.0184,0.4292,60.567
231,F_N,5,5,MLP,A_tiempo,575,144,multi-step-direct,0.0543,1.093157,1.045541,0.639618,17.0294,0.0161,0.2067,1.939
231,F_N,5,5,ARIMA,A_tiempo,575,144,multi-step-direct,-0.0512,1.106649,1.051974,0.613673,25.2805,0.3928,0.9074,0.707
231,F_PB,5,1,LinReg,A_tiempo,576,144,multi-step-direct,-21.3861,26.579742,5.155555,3.983862,95.1051,0.1431,1.0,1.928
231,F_PB,5,1,DT,A_tiempo,576,144,multi-step-direct,-0.2373,1.469061,1.212048,0.644816,16.4487,0.0062,0.6217,8.725
231,F_PB,5,1,RF,A_tiempo,576,144,multi-step-direct,0.1849,0.967827,0.983782,0.506099,17.7194,0.1657,0.6578,2.786
231,F_PB,5,1,SVR_rbf,A_tiempo,576,144,multi-step-direct,0.1499,1.00941,1.004694,0.521677,17.2422,16.9326,0.4063,12.334
231,F_PB,5,1,MLP,A_tiempo,576,144,multi-step-direct,0.1097,1.057078,1.028143,0.579997,17.9924,0.0071,0.2341,0.942
231,F_PB,5,1,ARIMA,A_tiempo,576,144,multi-step-direct,-0.0065,1.056801,1.028008,0.625562,18.8806,6.0608,0.9365,2.182
231,F_PB,5,3,LinReg,A_tiempo,576,144,multi-step-direct,-20.8746,26.416259,5.139675,4.006841,100.1164,0.1288,1.0,1.033
231,F_PB,5,3,DT,A_tiempo,576,144,multi-step-direct,-0.2293,1.484533,1.218414,0.711762,14.0885,0.0077,0.5308,26.685
231,F_PB,5,3,RF,A_tiempo,576,144,multi-step-direct,0.1356,1.043917,1.021723,0.558149,16.3099,0.2644,0.5789,8.797
231,F_PB,5,3,SVR_rbf,A_tiempo,576,144,multi-step-direct,0.105,1.080796,1.039614,0.565885,15.9591,54.8109,0.3869,36.069
231,F_PB,5,3,MLP,A_tiempo,576,144,multi-step-direct,0.0673,1.126318,1.061281,0.617171,16.1226,0.0125,0.205,1.851
231,F_PB,5,3,ARIMA,A_tiempo,576,144,multi-step-direct,-0.0041,1.164847,1.079281,0.666256,26.5281,4.7075,0.9365,5.084
231,F_PB,5,5,LinReg,A_tiempo,575,144,multi-step-direct,-22.0582,27.843965,5.276738,4.10711,95.1463,0.2406,1.0,1.642
231,F_PB,5,5,DT,A_tiempo,575,144,multi-step-direct,-0.2292,1.484378,1.21835,0.72379,16.6105,0.0086,0.4393,44.413
231,F_PB,5,5,RF,A_tiempo,575,144,multi-step-direct,0.0913,1.097326,1.047533,0.595696,18.9738,0.3236,0.5294,14.785
231,F_PB,5,5,SVR_rbf,A_tiempo,575,144,multi-step-direct,0.0682,1.12517,1.06074,0.596282,18.0379,99.6014,0.3689,59.741
231,F_PB,5,5,MLP,A_tiempo,575,144,multi-step-direct,0.0352,1.165012,1.079357,0.645497,18.5593,0.0163,0.1464,2.486
231,F_PB,5,5,ARIMA,A_tiempo,575,144,multi-step-direct,-0.0043,1.19415,1.092772,0.677526,26.1941,1.01,0.9365,1.818
231,F_MED,5,1,LinReg,A_tiempo,576,144,multi-step-direct,0.0055,1.108982,1.053082,0.823548,18.0953,0.2543,1.0,0.498
231,F_MED,5,1,DT,A_tiempo,576,144,multi-step-direct,0.3215,0.756561,0.869805,0.608093,13.9298,0.009,0.8533,6.334
231,F_MED,5,1,RF,A_tiempo,576,144,multi-step-direct,0.5974,0.448986,0.670064,0.4595,14.0391,0.1679,0.8748,3.727
231,F_MED,5,1,SVR_rbf,A_tiempo,576,144,multi-step-direct,0.6399,0.401591,0.633712,0.442929,13.2688,17.7119,0.8237,12.409
231,F_MED,5,1,MLP,A_tiempo,576,144,multi-step-direct,0.6613,0.377643,0.614527,0.460443,12.3811,0.0142,0.8429,6.445
231,F_MED,5,1,ARIMA,A_tiempo,576,144,multi-step-direct,-0.0066,0.604732,0.777645,0.588011,14.7508,3.0476,0.992,1.097
231,F_MED,5,3,LinReg,A_tiempo,576,144,multi-step-direct,-0.4463,1.637331,1.279582,1.002311,19.3123,0.1327,1.0,0.96
231,F_MED,5,3,DT,A_tiempo,576,144,multi-step-direct,0.1272,0.988068,0.994016,0.719398,15.4093,0.0093,0.7588,16.769
231,F_MED,5,3,RF,A_tiempo,576,144,multi-step-direct,0.4593,0.612167,0.782411,0.54688,15.2505,0.2529,0.8211,5.166
231,F_MED,5,3,SVR_rbf,A_tiempo,576,144,multi-step-direct,0.4606,0.610603,0.781411,0.553022,14.7315,53.4393,0.7374,40.756
231,F_MED,5,3,MLP,A_tiempo,576,144,multi-step-direct,0.5013,0.564594,0.751395,0.563988,13.3685,0.1649,0.7088,6.266
231,F_MED,5,3,ARIMA,A_tiempo,576,144,multi-step-direct,-0.0406,0.780565,0.883496,0.697509,20.5952,0.8624,0.992,0.931
231,F_MED,5,5,LinReg,A_tiempo,575,144,multi-step-direct,-0.7981,2.029575,1.424632,1.115509,20.3811,0.2184,1.0,1.66
231,F_MED,5,5,DT,A_tiempo,575,144,multi-step-direct,-0.0013,1.130155,1.063087,0.771067,15.4347,0.0089,0.7195,28.853
231,F_MED,5,5,RF,A_tiempo,575,144,multi-step-direct,0.3511,0.732466,0.855842,0.60395,16.272,0.3496,0.7761,9.084
231,F_MED,5,5,SVR_rbf,A_tiempo,575,144,multi-step-direct,0.3287,0.757766,0.870497,0.618188,15.6695,107.6451,0.6528,55.751
231,F_MED,5,5,MLP,A_tiempo,575,144,multi-step-direct,0.3746,0.705893,0.840174,0.625268,14.7102,0.016,0.5619,2.517
231,F_MED,5,5,ARIMA,A_tiempo,575,144,multi-step-direct,-0.0647,0.871417,0.933497,0.748991,20.6918,0.45,0.992,0.81
231,F_N+PB,5,1,LinReg,A_tiempo,576,144,multi-step-direct,-27.2781,33.575726,5.794456,4.473215,111.6353,0.1363,1.0,2.668
231,F_N+PB,5,1,DT,A_tiempo,576,144,multi-step-direct,-0.2203,1.448863,1.203687,0.629531,15.9118,0.006,0.6217,8.448
231,F_N+PB,5,1,RF,A_tiempo,576,144,multi-step-direct,0.1845,0.968307,0.984026,0.506821,17.8389,0.1753,0.6569,3.034
231,F_N+PB,5,1,SVR_rbf,A_tiempo,576,144,multi-step-direct,0.1499,1.009381,1.004679,0.521701,17.2418,17.5457,0.4064,12.614
231,F_N+PB,5,1,MLP,A_tiempo,576,144,multi-step-direct,0.1082,1.058924,1.02904,0.580935,18.0466,0.007,0.2305,0.869
231,F_N+PB,5,1,ARIMA,A_tiempo,576,144,multi-step-direct,-0.0066,1.056885,1.028049,0.625724,18.8793,5.6715,0.9365,2.042
231,F_N+PB,5,3,LinReg,A_tiempo,576,144,multi-step-direct,-26.1879,32.832902,5.73,4.465289,111.844,0.1321,1.0,0.984
231,F_N+PB,5,3,DT,A_tiempo,576,144,multi-step-direct,-0.2625,1.524633,1.23476,0.712677,13.9809,0.0145,0.5308,25.943
231,F_N+PB,5,3,RF,A_tiempo,576,144,multi-step-direct,0.1315,1.048872,1.024145,0.559844,16.4186,0.262,0.5781,9.879
231,F_N+PB,5,3,SVR_rbf,A_tiempo,576,144,multi-step-direct,0.105,1.080776,1.039604,0.565913,15.9599,52.0965,0.387,34.471
231,F_N+PB,5,3,MLP,A_tiempo,576,144,multi-step-direct,0.0673,1.126322,1.061283,0.617186,16.1311,0.0401,0.2051,1.849
231,F_N+PB,5,3,ARIMA,A_tiempo,576,144,multi-step-direct,-0.0042,1.164918,1.079314,0.666425,26.5277,4.7666,0.9365,5.148
231,F_N+PB,5,5,LinReg,A_tiempo,575,144,multi-step-direct,-27.6021,34.538686,5.876962,4.571431,107.8729,0.2565,1.0,1.51
231,F_N+PB,5,5,DT,A_tiempo,575,144,multi-step-direct,-0.2192,1.472291,1.21338,0.714357,16.4288,0.0109,0.4393,53.679
231,F_N+PB,5,5,RF,A_tiempo,575,144,multi-step-direct,0.0921,1.096337,1.047061,0.593864,18.9365,0.3162,0.5297,15.998
231,F_N+PB,5,5,SVR_rbf,A_tiempo,575,144,multi-step-direct,0.0682,1.125155,1.060733,0.596312,18.0383,125.971,0.369,59.305
231,F_N+PB,5,5,MLP,A_tiempo,575,144,multi-step-direct,0.0351,1.165136,1.079415,0.6456,18.5519,0.0299,0.1465,1.741
231,F_N+PB,5,5,ARIMA,A_tiempo,575,144,multi-step-direct,-0.0044,1.194262,1.092823,0.677768,26.1934,0.9643,0.9365,1.736
231,F_N+MED,5,1,LinReg,A_tiempo,576,144,multi-step-direct,-0.0489,1.170474,1.081885,0.848967,18.28,0.1688,1.0,2.584
231,F_N+MED,5,1,DT,A_tiempo,576,144,multi-step-direct,0.344,0.732044,0.855595,0.591337,14.1805,0.006,0.8945,8.334
231,F_N+MED,5,1,RF,A_tiempo,576,144,multi-step-direct,0.6014,0.444743,0.666891,0.459539,14.1117,0.1736,0.8749,2.795
231,F_N+MED,5,1,SVR_rbf,A_tiempo,576,144,multi-step-direct,0.64,0.401738,0.633828,0.442951,13.2677,17.2672,0.8238,12.504
231,F_N+MED,5,1,MLP,A_tiempo,576,144,multi-step-direct,0.661,0.378321,0.615078,0.461264,12.2981,0.009,0.8375,1.674
231,F_N+MED,5,1,ARIMA,A_tiempo,576,144,multi-step-direct,-0.0048,0.605095,0.777879,0.587197,14.7482,1.638,0.9923,0.59
231,F_N+MED,5,3,LinReg,A_tiempo,576,144,multi-step-direct,-0.5146,1.715441,1.309748,1.028851,19.4669,0.1327,1.0,0.958
231,F_N+MED,5,3,DT,A_tiempo,576,144,multi-step-direct,0.1499,0.962826,0.981237,0.719949,14.9964,0.0147,0.779,29.579
231,F_N+MED,5,3,RF,A_tiempo,576,144,multi-step-direct,0.4574,0.614528,0.783918,0.544925,15.4047,0.3636,0.8236,11.039
231,F_N+MED,5,3,SVR_rbf,A_tiempo,576,144,multi-step-direct,0.4607,0.610791,0.781531,0.553103,14.7289,88.6917,0.7374,41.604
231,F_N+MED,5,3,MLP,A_tiempo,576,144,multi-step-direct,0.4865,0.581611,0.762634,0.574209,13.4919,0.0287,0.7093,3.489
231,F_N+MED,5,3,ARIMA,A_tiempo,576,144,multi-step-direct,-0.0362,0.77692,0.881431,0.694821,20.5434,0.7691,0.9923,0.831
231,F_N+MED,5,5,LinReg,A_tiempo,575,144,multi-step-direct,-0.8803,2.12333,1.457165,1.144045,20.3174,0.3796,1.0,5.504
231,F_N+MED,5,5,DT,A_tiempo,575,144,multi-step-direct,-0.0211,1.153069,1.073811,0.780612,15.0925,0.0088,0.7073,48.038
231,F_N+MED,5,5,RF,A_tiempo,575,144,multi-step-direct,0.3531,0.730527,0.854709,0.601867,16.1086,0.3199,0.7766,13.353
231,F_N+MED,5,5,SVR_rbf,A_tiempo,575,144,multi-step-direct,0.3287,0.758097,0.870688,0.618327,15.6791,103.5323,0.6529,58.444
231,F_N+MED,5,5,MLP,A_tiempo,575,144,multi-step-direct,0.3822,0.697608,0.83523,0.620806,14.8361,0.0168,0.5668,2.099
231,F_N+MED,5,5,ARIMA,A_tiempo,575,144,multi-step-direct,-0.0594,0.866734,0.930985,0.745644,20.625,0.7278,0.9923,1.31
231,F_N+PB+MED,5,1,LinReg,A_tiempo,576,144,multi-step-direct,-0.442,1.813904,1.346813,1.050465,21.8191,0.174,1.0,1.539
231,F_N+PB+MED,5,1,DT,A_tiempo,576,144,multi-step-direct,0.4671,0.670283,0.818708,0.523626,13.8535,0.0055,0.9078,8.14
231,F_N+PB+MED,5,1,RF,A_tiempo,576,144,multi-step-direct,0.7219,0.349815,0.591452,0.411293,12.0168,0.2741,0.9041,2.673
231,F_N+PB+MED,5,1,SVR_rbf,A_tiempo,576,144,multi-step-direct,0.6827,0.399154,0.631787,0.428728,12.799,16.9019,0.7965,11.907
231,F_N+PB+MED,5,1,MLP,A_tiempo,576,144,multi-step-direct,0.6989,0.378798,0.615465,0.461849,12.8132,0.0069,0.7961,1.274
231,F_N+PB+MED,5,1,ARIMA,A_tiempo,576,144,multi-step-direct,-0.0179,0.92619,0.962388,0.700858,18.2334,2.3882,0.9907,0.86
231,F_N+PB+MED,5,3,LinReg,A_tiempo,576,144,multi-step-direct,-0.9385,2.474493,1.573052,1.236139,23.1532,0.127,1.0,0.913
231,F_N+PB+MED,5,3,DT,A_tiempo,576,144,multi-step-direct,0.3071,0.88453,0.940495,0.650684,15.0692,0.0078,0.8453,24.971
231,F_N+PB+MED,5,3,RF,A_tiempo,576,144,multi-step-direct,0.559,0.562939,0.750293,0.524752,14.4639,0.1889,0.8559,7.303
231,F_N+PB+MED,5,3,SVR_rbf,A_tiempo,576,144,multi-step-direct,0.5132,0.621372,0.788272,0.531739,14.5523,58.6893,0.6977,35.671
231,F_N+PB+MED,5,3,MLP,A_tiempo,576,144,multi-step-direct,0.5093,0.626374,0.791438,0.584646,14.2804,0.0128,0.6887,2.096
231,F_N+PB+MED,5,3,ARIMA,A_tiempo,576,144,multi-step-direct,-0.0237,1.061935,1.030502,0.752394,23.744,0.848,0.9907,0.916
231,F_N+PB+MED,5,5,LinReg,A_tiempo,575,144,multi-step-direct,-1.3325,2.970775,1.723594,1.353304,24.0365,0.2381,1.0,4.47
231,F_N+PB+MED,5,5,DT,A_tiempo,575,144,multi-step-direct,0.1829,1.040645,1.02012,0.712649,15.6711,0.0103,0.801,40.417
231,F_N+PB+MED,5,5,RF,A_tiempo,575,144,multi-step-direct,0.4375,0.716474,0.846448,0.590364,16.3438,0.3303,0.8057,14.184
231,F_N+PB+MED,5,5,SVR_rbf,A_tiempo,575,144,multi-step-direct,0.3673,0.805862,0.897698,0.604826,16.7994,106.8742,0.5963,56.247
231,F_N+PB+MED,5,5,MLP,A_tiempo,575,144,multi-step-direct,0.3697,0.802791,0.895986,0.653741,16.3201,0.0162,0.5227,2.079
231,F_N+PB+MED,5,5,ARIMA,A_tiempo,575,144,multi-step-direct,-0.0217,1.133767,1.064785,0.767987,23.503,0.3696,0.9907,0.665
232,F_SIN,5,1,LinReg,A_tiempo,576,144,multi-step-direct,-1.9934,3.147937,1.774243,1.364055,26.3167,0.0777,1.0,0.469
232,F_SIN,5,1,DT,A_tiempo,576,144,multi-step-direct,0.0835,0.963853,0.98176,0.608593,13.6393,0.013,0.6885,6.798
232,F_SIN,5,1,RF,A_tiempo,576,144,multi-step-direct,0.3393,0.694768,0.833527,0.495544,13.0199,0.1676,0.6668,2.625
232,F_SIN,5,1,SVR_rbf,A_tiempo,576,144,multi-step-direct,0.3121,0.723454,0.850561,0.51835,12.6226,18.8347,0.5697,11.274
232,F_SIN,5,1,MLP,A_tiempo,576,144,multi-step-direct,0.2652,0.772746,0.87906,0.566306,13.4459,0.0191,0.3848,5.513
232,F_SIN,5,1,ARIMA,A_tiempo,576,144,multi-step-direct,-0.056,1.103847,1.050641,0.577483,19.6175,3.873,0.899,1.394
232,F_SIN,5,3,LinReg,A_tiempo,576,144,multi-step-direct,-2.5093,3.786903,1.945997,1.509708,26.3578,0.1715,1.0,1.029
232,F_SIN,5,3,DT,A_tiempo,576,144,multi-step-direct,-0.0508,1.133943,1.064867,0.694918,14.9942,0.0076,0.5677,17.834
232,F_SIN,5,3,RF,A_tiempo,576,144,multi-step-direct,0.2445,0.815267,0.902921,0.565051,15.5323,0.2643,0.5704,7.389
232,F_SIN,5,3,SVR_rbf,A_tiempo,576,144,multi-step-direct,0.2276,0.833474,0.912948,0.577105,14.7813,54.8525,0.515,38.207
232,F_SIN,5,3,MLP,A_tiempo,576,144,multi-step-direct,0.2052,0.857634,0.926085,0.602293,15.0489,0.0374,0.2707,4.669
232,F_SIN,5,3,ARIMA,A_tiempo,576,144,multi-step-direct,-0.0172,1.273161,1.128344,0.69591,24.391,1.1777,0.899,1.272
232,F_SIN,5,5,LinReg,A_tiempo,575,144,multi-step-direct,-2.7431,4.045105,2.011245,1.559647,28.0024,0.2283,1.0,1.587
232,F_SIN,5,5,DT,A_tiempo,575,144,multi-step-direct,-0.0518,1.136602,1.066115,0.710068,16.6019,0.0089,0.5201,33.103
232,F_SIN,5,5,RF,A_tiempo,575,144,multi-step-direct,0.2056,0.858524,0.926566,0.59228,17.8477,0.2487,0.528,12.34
232,F_SIN,5,5,SVR_rbf,A_tiempo,575,144,multi-step-direct,0.1913,0.873892,0.934822,0.599692,17.1376,129.6142,0.4831,63.583
232,F_SIN,5,5,MLP,A_tiempo,575,144,multi-step-direct,0.1799,0.886296,0.941433,0.618891,17.2591,0.0166,0.2081,1.448
232,F_SIN,5,5,ARIMA,A_tiempo,575,144,multi-step-direct,-0.0091,1.097892,1.047804,0.65361,24.4111,0.3615,0.899,0.651
232,F_N,5,1,LinReg,A_tiempo,576,144,multi-step-direct,-1.9986,3.153451,1.775796,1.366429,26.3987,0.2443,1.0,0.468
232,F_N,5,1,DT,A_tiempo,576,144,multi-step-direct,-0.0242,1.077055,1.037812,0.645692,14.4027,0.0082,0.6867,9.683
232,F_N,5,1,RF,A_tiempo,576,144,multi-step-direct,0.3374,0.696859,0.834781,0.493411,13.1805,0.2764,0.6679,2.997
232,F_N,5,1,SVR_rbf,A_tiempo,576,144,multi-step-direct,0.3121,0.723368,0.85051,0.518342,12.6177,28.5876,0.5698,14.036
232,F_N,5,1,MLP,A_tiempo,576,144,multi-step-direct,0.2695,0.768216,0.876479,0.563721,13.4305,0.0072,0.417,1.247
232,F_N,5,1,ARIMA,A_tiempo,576,144,multi-step-direct,-0.0457,1.093093,1.045511,0.575131,19.5942,2.0295,0.8998,0.731
232,F_N,5,3,LinReg,A_tiempo,576,144,multi-step-direct,-2.5501,3.831043,1.957305,1.519125,26.4994,0.1544,1.0,0.976
232,F_N,5,3,DT,A_tiempo,576,144,multi-step-direct,-0.0163,1.096753,1.04726,0.676644,15.1462,0.01,0.5781,28.978
232,F_N,5,3,RF,A_tiempo,576,144,multi-step-direct,0.2467,0.812942,0.901633,0.567391,15.6379,0.2513,0.5753,9.389
232,F_N,5,3,SVR_rbf,A_tiempo,576,144,multi-step-direct,0.2277,0.833413,0.912915,0.577101,14.7728,60.6491,0.5151,38.312
232,F_N,5,3,MLP,A_tiempo,576,144,multi-step-direct,0.205,0.857925,0.926243,0.602435,15.0382,0.0194,0.2708,4.982
232,F_N,5,3,ARIMA,A_tiempo,576,144,multi-step-direct,-0.0122,1.266806,1.125525,0.70056,24.3568,1.4392,0.8998,1.554
232,F_N,5,5,LinReg,A_tiempo,575,144,multi-step-direct,-2.7788,4.083704,2.020818,1.567947,28.2292,0.2352,1.0,1.666
232,F_N,5,5,DT,A_tiempo,575,144,multi-step-direct,-0.1295,1.220628,1.10482,0.740085,16.3275,0.0123,0.4958,43.76
232,F_N,5,5,RF,A_tiempo,575,144,multi-step-direct,0.2113,0.852305,0.923204,0.58918,17.4438,0.3249,0.5356,19.079
232,F_N,5,5,SVR_rbf,A_tiempo,575,144,multi-step-direct,0.1914,0.873835,0.934791,0.59969,17.1313,106.5332,0.4831,55.546
232,F_N,5,5,MLP,A_tiempo,575,144,multi-step-direct,0.18,0.886138,0.941349,0.618762,17.2564,0.0162,0.2082,1.882
232,F_N,5,5,ARIMA,A_tiempo,575,144,multi-step-direct,-0.0053,1.093731,1.045816,0.658756,24.3685,0.4189,0.8998,0.754
232,F_PB,5,1,LinReg,A_tiempo,576,144,multi-step-direct,-20.0259,22.263634,4.718436,3.624212,89.1394,0.1632,1.0,0.502
232,F_PB,5,1,DT,A_tiempo,576,144,multi-step-direct,-0.0463,1.107845,1.052542,0.558657,13.024,0.0075,0.512,9.005
232,F_PB,5,1,RF,A_tiempo,576,144,multi-step-direct,0.2401,0.804628,0.897011,0.471115,13.0891,0.1697,0.5554,4.232
232,F_PB,5,1,SVR_rbf,A_tiempo,576,144,multi-step-direct,0.1453,0.905001,0.951316,0.522836,13.7446,18.0798,0.4337,10.721
232,F_PB,5,1,MLP,A_tiempo,576,144,multi-step-direct,0.1245,0.926998,0.962807,0.560009,13.7456,0.162,0.2561,1.445
232,F_PB,5,1,ARIMA,A_tiempo,576,144,multi-step-direct,-0.1655,1.772179,1.331232,0.766727,23.6842,13.5111,0.945,4.864
232,F_PB,5,3,LinReg,A_tiempo,576,144,multi-step-direct,-23.7481,27.008822,5.197001,4.021598,99.3763,0.1359,1.0,0.989
232,F_PB,5,3,DT,A_tiempo,576,144,multi-step-direct,-0.2029,1.312782,1.145767,0.656489,14.7912,0.0097,0.3914,29.42
232,F_PB,5,3,RF,A_tiempo,576,144,multi-step-direct,0.0995,0.982785,0.991355,0.563123,16.5585,0.2422,0.4122,8.128
232,F_PB,5,3,SVR_rbf,A_tiempo,576,144,multi-step-direct,0.0489,1.037957,1.018802,0.579767,16.2709,59.3105,0.3652,40.836
232,F_PB,5,3,MLP,A_tiempo,576,144,multi-step-direct,0.03,1.058579,1.028873,0.613919,16.4446,0.013,0.1136,1.291
232,F_PB,5,3,ARIMA,A_tiempo,576,144,multi-step-direct,-0.121,2.024589,1.422881,0.839093,29.6959,1.6155,0.945,1.745
232,F_PB,5,5,LinReg,A_tiempo,575,144,multi-step-direct,-24.7571,28.279482,5.317846,4.121127,96.0582,0.221,1.0,3.641
232,F_PB,5,5,DT,A_tiempo,575,144,multi-step-direct,-0.1831,1.29893,1.139706,0.676242,17.0107,0.009,0.323,46.695
232,F_PB,5,5,RF,A_tiempo,575,144,multi-step-direct,0.0493,1.043791,1.021661,0.593114,21.5064,0.2595,0.3328,16.549
232,F_PB,5,5,SVR_rbf,A_tiempo,575,144,multi-step-direct,0.0151,1.08134,1.039875,0.597175,21.6046,97.5651,0.3347,57.306
232,F_PB,5,5,MLP,A_tiempo,575,144,multi-step-direct,0.0052,1.092238,1.045102,0.630772,21.613,0.0253,0.0936,3.205
232,F_PB,5,5,ARIMA,A_tiempo,575,144,multi-step-direct,-0.1425,1.790144,1.337962,0.814066,29.904,0.876,0.945,1.577
232,F_MED,5,1,LinReg,A_tiempo,576,144,multi-step-direct,0.1239,0.886475,0.941528,0.734487,16.2147,0.176,1.0,0.457
232,F_MED,5,1,DT,A_tiempo,576,144,multi-step-direct,0.4584,0.548028,0.740289,0.523411,12.558,0.006,0.8138,5.072
232,F_MED,5,1,RF,A_tiempo,576,144,multi-step-direct,0.6338,0.370603,0.608772,0.431493,11.4666,0.1683,0.8366,2.72
232,F_MED,5,1,SVR_rbf,A_tiempo,576,144,multi-step-direct,0.5965,0.408323,0.639001,0.458873,11.631,17.9124,0.7634,11.114
232,F_MED,5,1,MLP,A_tiempo,576,144,multi-step-direct,0.5246,0.481095,0.69361,0.522215,11.7934,0.011,0.7357,1.313
232,F_MED,5,1,ARIMA,A_tiempo,576,144,multi-step-direct,-0.0119,0.670671,0.818945,0.518872,15.538,2.1639,0.982,0.779
232,F_MED,5,3,LinReg,A_tiempo,576,144,multi-step-direct,-0.4057,1.460466,1.208497,0.945038,16.857,0.1345,1.0,0.958
232,F_MED,5,3,DT,A_tiempo,576,144,multi-step-direct,0.302,0.725229,0.851604,0.626386,14.1578,0.0089,0.6763,16.106
232,F_MED,5,3,RF,A_tiempo,576,144,multi-step-direct,0.4678,0.552956,0.74361,0.536731,13.7884,0.2528,0.74,7.372
232,F_MED,5,3,SVR_rbf,A_tiempo,576,144,multi-step-direct,0.4641,0.556802,0.746191,0.542005,13.4027,55.0907,0.658,34.623
232,F_MED,5,3,MLP,A_tiempo,576,144,multi-step-direct,0.4325,0.589607,0.767859,0.570778,14.1594,0.0415,0.5029,4.442
232,F_MED,5,3,ARIMA,A_tiempo,576,144,multi-step-direct,-0.0024,0.882763,0.939555,0.676962,20.6622,0.7804,0.982,0.843
232,F_MED,5,5,LinReg,A_tiempo,575,144,multi-step-direct,-0.6872,1.750726,1.32315,1.036103,18.4383,0.2155,1.0,1.582
232,F_MED,5,5,DT,A_tiempo,575,144,multi-step-direct,0.0973,0.936656,0.96781,0.718889,14.2007,0.0092,0.644,26.703
232,F_MED,5,5,RF,A_tiempo,575,144,multi-step-direct,0.401,0.621545,0.788381,0.572578,13.6623,0.3169,0.688,8.543
232,F_MED,5,5,SVR_rbf,A_tiempo,575,144,multi-step-direct,0.3988,0.623832,0.789831,0.577202,13.5597,103.4554,0.6012,55.559
232,F_MED,5,5,MLP,A_tiempo,575,144,multi-step-direct,0.3737,0.649912,0.806171,0.597299,13.381,0.0164,0.4169,1.785
232,F_MED,5,5,ARIMA,A_tiempo,575,144,multi-step-direct,-0.0138,0.735494,0.857609,0.63387,19.5624,0.4197,0.982,0.755
232,F_N+PB,5,1,LinReg,A_tiempo,576,144,multi-step-direct,-25.1042,27.640786,5.257451,4.031162,96.3776,0.2463,1.0,0.466
232,F_N+PB,5,1,DT,A_tiempo,576,144,multi-step-direct,-0.0346,1.095473,1.046648,0.546487,13.0208,0.0064,0.5118,9.621
232,F_N+PB,5,1,RF,A_tiempo,576,144,multi-step-direct,0.2427,0.801871,0.895472,0.471603,12.9449,0.1771,0.5538,2.928
232,F_N+PB,5,1,SVR_rbf,A_tiempo,576,144,multi-step-direct,0.1453,0.904971,0.9513,0.522847,13.7435,22.6007,0.4338,12.362
232,F_N+PB,5,1,MLP,A_tiempo,576,144,multi-step-direct,0.1228,0.928792,0.963739,0.560931,13.7731,0.0075,0.2478,4.035
232,F_N+PB,5,1,ARIMA,A_tiempo,576,144,multi-step-direct,-0.1638,1.769665,1.330288,0.765233,23.6837,4.6258,0.945,1.665
232,F_N+PB,5,3,LinReg,A_tiempo,576,144,multi-step-direct,-29.6923,33.496042,5.787577,4.480096,114.2118,0.1291,1.0,0.906
232,F_N+PB,5,3,DT,A_tiempo,576,144,multi-step-direct,-0.1905,1.299204,1.139827,0.656753,14.1796,0.0099,0.3914,25.602
232,F_N+PB,5,3,RF,A_tiempo,576,144,multi-step-direct,0.1,0.982212,0.991066,0.562684,16.4711,0.2486,0.4123,8.235
232,F_N+PB,5,3,SVR_rbf,A_tiempo,576,144,multi-step-direct,0.0489,1.037944,1.018795,0.579785,16.2707,67.1549,0.3653,36.314
232,F_N+PB,5,3,MLP,A_tiempo,576,144,multi-step-direct,0.03,1.058592,1.028879,0.614042,16.4627,0.0118,0.1138,1.154
232,F_N+PB,5,3,ARIMA,A_tiempo,576,144,multi-step-direct,-0.1197,2.02218,1.422034,0.838309,29.6919,1.5908,0.945,1.718
232,F_N+PB,5,5,LinReg,A_tiempo,575,144,multi-step-direct,-30.7025,34.807089,5.899753,4.575206,107.8295,0.4636,1.0,2.297
232,F_N+PB,5,5,DT,A_tiempo,575,144,multi-step-direct,-0.1831,1.298944,1.139712,0.674944,17.154,0.0108,0.323,43.943
232,F_N+PB,5,5,RF,A_tiempo,575,144,multi-step-direct,0.0484,1.044835,1.022172,0.593719,21.5267,0.2665,0.3328,17.444
232,F_N+PB,5,5,SVR_rbf,A_tiempo,575,144,multi-step-direct,0.0151,1.081332,1.039871,0.597193,21.6052,104.9972,0.3347,59.226
232,F_N+PB,5,5,MLP,A_tiempo,575,144,multi-step-direct,0.0071,1.090091,1.044074,0.62954,21.5672,0.0167,0.0984,1.875
232,F_N+PB,5,5,ARIMA,A_tiempo,575,144,multi-step-direct,-0.1501,1.801956,1.34237,0.819105,29.9088,2.2703,0.9452,4.087
232,F_N+MED,5,1,LinReg,A_tiempo,576,144,multi-step-direct,0.1173,0.892948,0.944959,0.735721,16.1969,0.119,1.0,0.559
232,F_N+MED,5,1,DT,A_tiempo,576,144,multi-step-direct,0.325,0.682826,0.826333,0.580241,13.8395,0.006,0.8288,8.331
232,F_N+MED,5,1,RF,A_tiempo,576,144,multi-step-direct,0.6166,0.387915,0.622828,0.439059,11.6092,0.1809,0.8405,4.473
232,F_N+MED,5,1,SVR_rbf,A_tiempo,576,144,multi-step-direct,0.5965,0.40822,0.638921,0.458928,11.6125,18.3655,0.7634,11.322
232,F_N+MED,5,1,MLP,A_tiempo,576,144,multi-step-direct,0.5186,0.486966,0.69783,0.524956,11.538,0.0074,0.7506,2.112
232,F_N+MED,5,1,ARIMA,A_tiempo,576,144,multi-step-direct,-0.0113,0.666666,0.816496,0.518321,15.4911,2.8679,0.9826,1.032
232,F_N+MED,5,3,LinReg,A_tiempo,576,144,multi-step-direct,-0.4204,1.475483,1.214695,0.948723,17.0897,0.3023,1.0,2.39
232,F_N+MED,5,3,DT,A_tiempo,576,144,multi-step-direct,0.1294,0.90433,0.950963,0.692784,14.6378,0.0131,0.68,24.125
232,F_N+MED,5,3,RF,A_tiempo,576,144,multi-step-direct,0.4719,0.548606,0.74068,0.532371,13.7938,0.266,0.743,9.866
232,F_N+MED,5,3,SVR_rbf,A_tiempo,576,144,multi-step-direct,0.4642,0.556532,0.746011,0.54195,13.4089,53.1715,0.658,33.201
232,F_N+MED,5,3,MLP,A_tiempo,576,144,multi-step-direct,0.4319,0.590088,0.768172,0.572025,14.0883,0.0297,0.5042,5.069
232,F_N+MED,5,3,ARIMA,A_tiempo,576,144,multi-step-direct,-0.0027,0.880751,0.938483,0.677221,20.6475,1.1862,0.9826,1.281
232,F_N+MED,5,5,LinReg,A_tiempo,575,144,multi-step-direct,-0.712,1.77621,1.332745,1.042256,18.4481,0.2201,1.0,1.628
232,F_N+MED,5,5,DT,A_tiempo,575,144,multi-step-direct,0.096,0.937923,0.968464,0.717487,14.6419,0.0129,0.6489,43.109
232,F_N+MED,5,5,RF,A_tiempo,575,144,multi-step-direct,0.3971,0.625551,0.790918,0.575932,13.8476,0.4172,0.6887,13.888
232,F_N+MED,5,5,SVR_rbf,A_tiempo,575,144,multi-step-direct,0.3988,0.623701,0.789747,0.577211,13.5546,111.6027,0.6012,54.048
232,F_N+MED,5,5,MLP,A_tiempo,575,144,multi-step-direct,0.3771,0.646222,0.803879,0.594932,13.1363,0.03,0.417,2.237
232,F_N+MED,5,5,ARIMA,A_tiempo,575,144,multi-step-direct,-0.0143,0.736117,0.857972,0.635136,19.5671,0.8695,0.9826,1.565
232,F_N+PB+MED,5,1,LinReg,A_tiempo,576,144,multi-step-direct,-0.3481,1.331098,1.153732,0.894411,18.1368,0.1859,1.0,1.786
232,F_N+PB+MED,5,1,DT,A_tiempo,576,144,multi-step-direct,0.2871,0.703854,0.83896,0.516862,13.027,0.0068,0.6882,9.768
232,F_N+PB+MED,5,1,RF,A_tiempo,576,144,multi-step-direct,0.58,0.414645,0.643929,0.43044,11.9983,0.1708,0.743,4.58
232,F_N+PB+MED,5,1,SVR_rbf,A_tiempo,576,144,multi-step-direct,0.4126,0.579933,0.761534,0.512312,13.703,17.5003,0.6451,12.013
232,F_N+PB+MED,5,1,MLP,A_tiempo,576,144,multi-step-direct,0.3829,0.609286,0.780568,0.568714,13.5568,0.011,0.576,1.019
232,F_N+PB+MED,5,1,ARIMA,A_tiempo,576,144,multi-step-direct,-0.0449,1.426519,1.19437,0.729881,22.6616,0.8586,0.9784,0.309
232,F_N+PB+MED,5,3,LinReg,A_tiempo,576,144,multi-step-direct,-1.0165,2.056367,1.434004,1.112183,19.8966,0.2845,1.0,2.187
232,F_N+PB+MED,5,3,DT,A_tiempo,576,144,multi-step-direct,0.0566,0.962055,0.980844,0.650332,13.8766,0.0078,0.5043,26.815
232,F_N+PB+MED,5,3,RF,A_tiempo,576,144,multi-step-direct,0.2697,0.744742,0.862984,0.579156,15.3782,0.2531,0.5843,10.372
232,F_N+PB+MED,5,3,SVR_rbf,A_tiempo,576,144,multi-step-direct,0.1963,0.819607,0.905322,0.594281,16.3881,60.1974,0.477,34.249
232,F_N+PB+MED,5,3,MLP,A_tiempo,576,144,multi-step-direct,0.1841,0.832051,0.912168,0.64061,15.3093,0.0116,0.3272,3.622
232,F_N+PB+MED,5,3,ARIMA,A_tiempo,576,144,multi-step-direct,-0.0175,1.84228,1.357306,0.891809,29.8264,0.2877,0.9784,0.311
232,F_N+PB+MED,5,5,LinReg,A_tiempo,575,144,multi-step-direct,-1.3,2.358197,1.535642,1.192085,20.1836,0.2141,1.0,1.433
232,F_N+PB+MED,5,5,DT,A_tiempo,575,144,multi-step-direct,-0.1853,1.215304,1.102408,0.736262,14.6198,0.0094,0.4317,43.122
232,F_N+PB+MED,5,5,RF,A_tiempo,575,144,multi-step-direct,0.1568,0.864521,0.929796,0.61845,16.417,0.4509,0.5009,16.671
232,F_N+PB+MED,5,5,SVR_rbf,A_tiempo,575,144,multi-step-direct,0.1091,0.913485,0.955764,0.625354,17.0868,96.911,0.4111,56.131
232,F_N+PB+MED,5,5,MLP,A_tiempo,575,144,multi-step-direct,0.0824,0.940786,0.969941,0.675695,15.79,0.0161,0.2094,4.987
232,F_N+PB+MED,5,5,ARIMA,A_tiempo,575,144,multi-step-direct,-0.0265,1.532191,1.237817,0.821224,27.9851,0.2149,0.9784,0.387
233,F_SIN,5,1,LinReg,A_tiempo,576,144,multi-step-direct,-2.0597,2.996875,1.731148,1.347182,25.3493,0.2489,1.0,0.447
233,F_SIN,5,1,DT,A_tiempo,576,144,multi-step-direct,-0.1169,1.094003,1.045946,0.664565,16.5982,0.0078,0.6828,6.558
233,F_SIN,5,1,RF,A_tiempo,576,144,multi-step-direct,0.27,0.714995,0.845574,0.532608,18.6179,0.1771,0.6957,3.414
233,F_SIN,5,1,SVR_rbf,A_tiempo,576,144,multi-step-direct,0.2358,0.748534,0.865179,0.510056,18.0969,17.6519,0.5665,10.877
233,F_SIN,5,1,MLP,A_tiempo,576,144,multi-step-direct,0.1559,0.826755,0.90926,0.607362,17.8647,0.0072,0.2952,0.995
233,F_SIN,5,1,ARIMA,A_tiempo,576,144,multi-step-direct,0.0027,0.81102,0.900567,0.592459,16.2236,1.8375,0.979,0.661
233,F_SIN,5,3,LinReg,A_tiempo,576,144,multi-step-direct,-2.5399,3.530837,1.879052,1.467828,27.7339,0.1288,1.0,0.901
233,F_SIN,5,3,DT,A_tiempo,576,144,multi-step-direct,-0.1635,1.16053,1.077279,0.723238,15.1284,0.0094,0.5828,21.14
233,F_SIN,5,3,RF,A_tiempo,576,144,multi-step-direct,0.1898,0.808135,0.898963,0.581765,17.406,0.2603,0.5965,6.366
233,F_SIN,5,3,SVR_rbf,A_tiempo,576,144,multi-step-direct,0.1569,0.84097,0.917044,0.567398,16.8401,68.0814,0.5221,33.518
233,F_SIN,5,3,MLP,A_tiempo,576,144,multi-step-direct,0.1352,0.86259,0.928757,0.622191,16.4532,0.0124,0.2035,1.212
233,F_SIN,5,3,ARIMA,A_tiempo,576,144,multi-step-direct,-0.012,0.941703,0.970414,0.635175,21.4537,0.5941,0.979,0.642
233,F_SIN,5,5,LinReg,A_tiempo,575,144,multi-step-direct,-2.7532,3.756724,1.938227,1.5141,27.2609,0.2159,1.0,1.409
233,F_SIN,5,5,DT,A_tiempo,575,144,multi-step-direct,-0.2573,1.258516,1.121836,0.771367,15.4369,0.0089,0.5181,33.274
233,F_SIN,5,5,RF,A_tiempo,575,144,multi-step-direct,0.153,0.847817,0.92077,0.599793,18.0212,0.2472,0.531,13.276
233,F_SIN,5,5,SVR_rbf,A_tiempo,575,144,multi-step-direct,0.1086,0.892272,0.944601,0.593761,17.3986,102.7553,0.4913,56.049
233,F_SIN,5,5,MLP,A_tiempo,575,144,multi-step-direct,0.1206,0.880234,0.938208,0.629092,17.0629,0.0161,0.1935,1.484
233,F_SIN,5,5,ARIMA,A_tiempo,575,144,multi-step-direct,-0.0145,1.043071,1.021309,0.680672,24.3198,0.3836,0.979,0.691
233,F_N,5,1,LinReg,A_tiempo,576,144,multi-step-direct,-2.0948,3.031295,1.741062,1.356754,25.1744,0.0822,1.0,0.466
233,F_N,5,1,DT,A_tiempo,576,144,multi-step-direct,-0.1129,1.090045,1.044052,0.667518,16.6369,0.0072,0.6838,8.831
233,F_N,5,1,RF,A_tiempo,576,144,multi-step-direct,0.2678,0.717202,0.846878,0.528892,18.3053,0.1843,0.6987,3.549
233,F_N,5,1,SVR_rbf,A_tiempo,576,144,multi-step-direct,0.2358,0.748496,0.865157,0.510047,18.0949,17.5058,0.5665,10.229
233,F_N,5,1,MLP,A_tiempo,576,144,multi-step-direct,0.1571,0.825603,0.908627,0.607265,17.8124,0.0094,0.3008,0.975
233,F_N,5,1,ARIMA,A_tiempo,576,144,multi-step-direct,0.0041,0.809896,0.899942,0.587608,16.2027,2.1176,0.979,0.762
233,F_N,5,3,LinReg,A_tiempo,576,144,multi-step-direct,-2.5767,3.567504,1.888784,1.476688,28.0285,0.2135,1.0,2.418
233,F_N,5,3,DT,A_tiempo,576,144,multi-step-direct,-0.169,1.166027,1.079827,0.726884,14.4366,0.0084,0.5737,24.859
233,F_N,5,3,RF,A_tiempo,576,144,multi-step-direct,0.1874,0.810526,0.900292,0.582569,17.3841,0.3499,0.6,11.711
233,F_N,5,3,SVR_rbf,A_tiempo,576,144,multi-step-direct,0.1569,0.84095,0.917033,0.567396,16.8444,69.2138,0.5221,37.504
233,F_N,5,3,MLP,A_tiempo,576,144,multi-step-direct,0.1353,0.862457,0.928686,0.622133,16.4505,0.0116,0.2035,1.247
233,F_N,5,3,ARIMA,A_tiempo,576,144,multi-step-direct,-0.0097,0.939554,0.969306,0.631159,21.4158,0.3549,0.979,0.383
233,F_N,5,5,LinReg,A_tiempo,575,144,multi-step-direct,-2.7891,3.792659,1.947475,1.521972,27.6176,0.2161,1.0,1.409
233,F_N,5,5,DT,A_tiempo,575,144,multi-step-direct,-0.2435,1.244678,1.115651,0.760532,15.329,0.0088,0.5035,41.369
233,F_N,5,5,RF,A_tiempo,575,144,multi-step-direct,0.15,0.85079,0.922383,0.601636,18.0093,0.2551,0.5354,14.555
233,F_N,5,5,SVR_rbf,A_tiempo,575,144,multi-step-direct,0.1086,0.892256,0.944593,0.593762,17.3953,100.3771,0.4913,53.706
233,F_N,5,5,MLP,A_tiempo,575,144,multi-step-direct,0.1188,0.88199,0.939143,0.628986,17.1679,0.1626,0.1861,2.689
233,F_N,5,5,ARIMA,A_tiempo,575,144,multi-step-direct,-0.0122,1.040664,1.020129,0.676715,24.3069,0.4214,0.979,0.759
233,F_PB,5,1,LinReg,A_tiempo,576,144,multi-step-direct,-15.325,16.548447,4.067978,3.12873,67.0305,0.1695,1.0,1.014
233,F_PB,5,1,DT,A_tiempo,576,144,multi-step-direct,-0.0605,1.07506,1.036851,0.613868,16.1759,0.0061,0.7162,8.025
233,F_PB,5,1,RF,A_tiempo,576,144,multi-step-direct,0.3484,0.660549,0.812742,0.480582,18.4442,0.1666,0.7393,3.092
233,F_PB,5,1,SVR_rbf,A_tiempo,576,144,multi-step-direct,0.2237,0.78688,0.887062,0.487087,19.3574,17.1402,0.5135,11.618
233,F_PB,5,1,MLP,A_tiempo,576,144,multi-step-direct,0.178,0.83329,0.912847,0.587747,18.347,0.0071,0.3326,1.007
233,F_PB,5,1,ARIMA,A_tiempo,576,144,multi-step-direct,-0.6839,1.528693,1.236403,0.810291,16.4997,5.353,0.9812,1.927
233,F_PB,5,3,LinReg,A_tiempo,576,144,multi-step-direct,-17.8479,19.327649,4.396322,3.404508,81.4871,0.2789,1.0,0.991
233,F_PB,5,3,DT,A_tiempo,576,144,multi-step-direct,-0.146,1.17514,1.084039,0.671411,14.6894,0.0081,0.5996,24.494
233,F_PB,5,3,RF,A_tiempo,576,144,multi-step-direct,0.2562,0.76275,0.873356,0.529836,17.24,0.2432,0.6317,8.547
233,F_PB,5,3,SVR_rbf,A_tiempo,576,144,multi-step-direct,0.1581,0.86338,0.929182,0.531726,17.5403,50.8792,0.4741,35.29
233,F_PB,5,3,MLP,A_tiempo,576,144,multi-step-direct,0.1737,0.84729,0.920484,0.589292,16.5918,0.0141,0.2655,1.31
233,F_PB,5,3,ARIMA,A_tiempo,576,144,multi-step-direct,-0.7653,1.841796,1.357128,1.02289,21.5905,4.48,0.9812,4.838
233,F_PB,5,5,LinReg,A_tiempo,575,144,multi-step-direct,-18.9251,20.466755,4.52402,3.510847,78.7294,0.2176,1.0,1.445
233,F_PB,5,5,DT,A_tiempo,575,144,multi-step-direct,-0.1268,1.1574,1.075825,0.66282,16.3561,0.0101,0.5072,40.026
233,F_PB,5,5,RF,A_tiempo,575,144,multi-step-direct,0.2029,0.818782,0.904866,0.554095,18.2761,0.2619,0.5663,13.043
233,F_PB,5,5,SVR_rbf,A_tiempo,575,144,multi-step-direct,0.1145,0.909614,0.953737,0.553838,18.5252,101.0774,0.4447,57.917
233,F_PB,5,5,MLP,A_tiempo,575,144,multi-step-direct,0.1326,0.890974,0.943914,0.600058,17.82,0.0168,0.1955,1.585
233,F_PB,5,5,ARIMA,A_tiempo,575,144,multi-step-direct,-0.9343,2.241709,1.497234,1.177092,25.6143,0.6946,0.9812,1.25
233,F_MED,5,1,LinReg,A_tiempo,576,144,multi-step-direct,-1.4707,2.519241,1.587212,1.209809,21.4919,0.2496,1.0,0.469
233,F_MED,5,1,DT,A_tiempo,576,144,multi-step-direct,-0.0434,1.063941,1.031475,0.70093,15.673,0.0067,0.6743,7.666
233,F_MED,5,1,RF,A_tiempo,576,144,multi-step-direct,0.3329,0.680221,0.824755,0.54826,16.8229,0.1808,0.7133,2.436
233,F_MED,5,1,SVR_rbf,A_tiempo,576,144,multi-step-direct,0.318,0.695441,0.833931,0.528416,16.2921,33.9285,0.606,11.859
233,F_MED,5,1,MLP,A_tiempo,576,144,multi-step-direct,0.1491,0.86764,0.931472,0.651098,16.3825,0.0141,0.3178,2.612
233,F_MED,5,1,ARIMA,A_tiempo,576,144,multi-step-direct,-1.3203,0.921296,0.959841,0.816329,18.2117,0.7967,0.9797,0.287
233,F_MED,5,3,LinReg,A_tiempo,576,144,multi-step-direct,-2.1807,3.325919,1.82371,1.420992,26.8492,0.2873,1.0,1.489
233,F_MED,5,3,DT,A_tiempo,576,144,multi-step-direct,-0.1249,1.176194,1.084525,0.745416,14.1146,0.0093,0.5648,30.407
233,F_MED,5,3,RF,A_tiempo,576,144,multi-step-direct,0.2383,0.796423,0.892425,0.610044,15.5683,0.287,0.6101,8.355
233,F_MED,5,3,SVR_rbf,A_tiempo,576,144,multi-step-direct,0.2211,0.81445,0.902469,0.601367,14.7307,66.6542,0.5446,34.616
233,F_MED,5,3,MLP,A_tiempo,576,144,multi-step-direct,0.1529,0.885814,0.941177,0.659009,14.9075,0.0117,0.241,1.218
233,F_MED,5,3,ARIMA,A_tiempo,576,144,multi-step-direct,-0.6206,1.367275,1.169305,0.914995,26.166,0.1701,0.9797,0.184
233,F_MED,5,5,LinReg,A_tiempo,575,144,multi-step-direct,-2.4678,3.636016,1.906834,1.491312,26.2803,0.2122,1.0,1.448
233,F_MED,5,5,DT,A_tiempo,575,144,multi-step-direct,-0.1405,1.195778,1.093516,0.7614,15.8659,0.0136,0.4782,32.576
233,F_MED,5,5,RF,A_tiempo,575,144,multi-step-direct,0.1675,0.872927,0.934306,0.646325,18.2956,0.2531,0.5423,12.428
233,F_MED,5,5,SVR_rbf,A_tiempo,575,144,multi-step-direct,0.1586,0.882243,0.939278,0.636185,16.9095,101.2343,0.5137,55.009
233,F_MED,5,5,MLP,A_tiempo,575,144,multi-step-direct,0.0813,0.963209,0.981432,0.691408,17.7055,0.0161,0.15,1.352
233,F_MED,5,5,ARIMA,A_tiempo,575,144,multi-step-direct,-0.5646,1.547846,1.244124,0.973132,27.8416,0.1259,0.9797,0.227
233,F_N+PB,5,1,LinReg,A_tiempo,576,144,multi-step-direct,-18.7053,19.975095,4.469351,3.416987,73.8349,0.1243,1.0,0.434
233,F_N+PB,5,1,DT,A_tiempo,576,144,multi-step-direct,-0.0527,1.067117,1.033014,0.606923,15.8564,0.0069,0.7162,8.413
233,F_N+PB,5,1,RF,A_tiempo,576,144,multi-step-direct,0.348,0.660906,0.812961,0.480134,18.4318,0.1674,0.7383,3.88
233,F_N+PB,5,1,SVR_rbf,A_tiempo,576,144,multi-step-direct,0.2238,0.786872,0.887058,0.487087,19.3576,16.6547,0.5135,9.965
233,F_N+PB,5,1,MLP,A_tiempo,576,144,multi-step-direct,0.1772,0.83409,0.913285,0.588399,18.3388,0.0067,0.3331,0.993
233,F_N+PB,5,1,ARIMA,A_tiempo,576,144,multi-step-direct,-0.7221,1.563351,1.25034,0.828667,16.5327,6.7088,0.9812,2.415
233,F_N+PB,5,3,LinReg,A_tiempo,576,144,multi-step-direct,-21.6219,23.19785,4.816415,3.724093,89.2262,0.2498,1.0,1.583
233,F_N+PB,5,3,DT,A_tiempo,576,144,multi-step-direct,-0.1494,1.178647,1.085655,0.67227,15.4151,0.0077,0.6044,22.895
233,F_N+PB,5,3,RF,A_tiempo,576,144,multi-step-direct,0.2608,0.75807,0.870672,0.527861,17.1325,0.1837,0.6302,9.485
233,F_N+PB,5,3,SVR_rbf,A_tiempo,576,144,multi-step-direct,0.1581,0.863374,0.929179,0.531727,17.5402,50.3239,0.4741,33.181
233,F_N+PB,5,3,MLP,A_tiempo,576,144,multi-step-direct,0.1734,0.847652,0.92068,0.589565,16.6094,0.0117,0.2655,1.425
233,F_N+PB,5,3,ARIMA,A_tiempo,576,144,multi-step-direct,-0.8087,1.887032,1.373693,1.043653,21.6098,2.7112,0.9812,2.928
233,F_N+PB,5,5,LinReg,A_tiempo,575,144,multi-step-direct,-22.9486,24.599774,4.959816,3.84756,90.1952,0.2137,1.0,2.159
233,F_N+PB,5,5,DT,A_tiempo,575,144,multi-step-direct,-0.128,1.158717,1.076437,0.666768,15.9977,0.0084,0.5072,38.939
233,F_N+PB,5,5,RF,A_tiempo,575,144,multi-step-direct,0.2025,0.819204,0.905099,0.554604,18.2893,0.2443,0.5661,14.28
233,F_N+PB,5,5,SVR_rbf,A_tiempo,575,144,multi-step-direct,0.1145,0.90961,0.953735,0.553841,18.5248,118.009,0.4447,58.17
233,F_N+PB,5,5,MLP,A_tiempo,575,144,multi-step-direct,0.1327,0.890931,0.943891,0.600075,17.8222,0.0167,0.1955,1.794
233,F_N+PB,5,5,ARIMA,A_tiempo,575,144,multi-step-direct,-0.8364,2.128252,1.458853,1.128999,25.5854,0.6516,0.9812,1.173
233,F_N+MED,5,1,LinReg,A_tiempo,576,144,multi-step-direct,-1.4501,2.49797,1.580497,1.204633,21.3659,0.1962,1.0,2.056
233,F_N+MED,5,1,DT,A_tiempo,576,144,multi-step-direct,0.012,1.007336,1.003661,0.673344,15.88,0.0057,0.6668,8.769
233,F_N+MED,5,1,RF,A_tiempo,576,144,multi-step-direct,0.3365,0.676483,0.822486,0.551418,16.8931,0.1763,0.7204,3.687
233,F_N+MED,5,1,SVR_rbf,A_tiempo,576,144,multi-step-direct,0.3179,0.695396,0.833904,0.528462,16.2971,17.4228,0.6062,11.992
233,F_N+MED,5,1,MLP,A_tiempo,576,144,multi-step-direct,0.1561,0.860413,0.927584,0.650309,16.1768,0.0072,0.33,0.892
233,F_N+MED,5,1,ARIMA,A_tiempo,576,144,multi-step-direct,-1.3327,0.926021,0.9623,0.819103,18.2584,0.9887,0.9797,0.356
233,F_N+MED,5,3,LinReg,A_tiempo,576,144,multi-step-direct,-2.1735,3.317908,1.821513,1.419424,26.7607,0.1305,1.0,1.017
233,F_N+MED,5,3,DT,A_tiempo,576,144,multi-step-direct,-0.204,1.258767,1.121948,0.762687,14.6857,0.0076,0.549,24.974
233,F_N+MED,5,3,RF,A_tiempo,576,144,multi-step-direct,0.2352,0.799645,0.894229,0.611194,15.6964,0.1929,0.614,9.415
233,F_N+MED,5,3,SVR_rbf,A_tiempo,576,144,multi-step-direct,0.221,0.814456,0.902472,0.601439,14.7359,56.1217,0.5447,34.671
233,F_N+MED,5,3,MLP,A_tiempo,576,144,multi-step-direct,0.159,0.879247,0.937682,0.655565,14.8285,0.0123,0.2468,1.464
233,F_N+MED,5,3,ARIMA,A_tiempo,576,144,multi-step-direct,-0.6275,1.37253,1.17155,0.918202,26.2202,0.4262,0.9797,0.46
233,F_N+MED,5,5,LinReg,A_tiempo,575,144,multi-step-direct,-2.4695,3.637187,1.907141,1.491821,26.2503,0.2231,1.0,4.091
233,F_N+MED,5,5,DT,A_tiempo,575,144,multi-step-direct,-0.2118,1.270373,1.127108,0.792619,15.665,0.0125,0.482,43.218
233,F_N+MED,5,5,RF,A_tiempo,575,144,multi-step-direct,0.1659,0.874432,0.935111,0.647666,18.1146,0.3365,0.5403,17.073
233,F_N+MED,5,5,SVR_rbf,A_tiempo,575,144,multi-step-direct,0.1585,0.882221,0.939266,0.636238,16.9082,108.5349,0.5138,54.307
233,F_N+MED,5,5,MLP,A_tiempo,575,144,multi-step-direct,0.0816,0.962744,0.981195,0.691338,17.7233,0.0211,0.1499,1.595
233,F_N+MED,5,5,ARIMA,A_tiempo,575,144,multi-step-direct,-0.5702,1.553016,1.246201,0.976018,27.8914,0.4598,0.9797,0.828
233,F_N+PB+MED,5,1,LinReg,A_tiempo,576,144,multi-step-direct,-1.5987,2.902662,1.70372,1.303999,23.4472,0.3092,1.0,0.943
233,F_N+PB+MED,5,1,DT,A_tiempo,576,144,multi-step-direct,0.0251,1.088942,1.043524,0.635638,17.5918,0.0063,0.6952,9.424
233,F_N+PB+MED,5,1,RF,A_tiempo,576,144,multi-step-direct,0.4133,0.655287,0.809498,0.504332,17.8677,0.2703,0.7365,2.994
233,F_N+PB+MED,5,1,SVR_rbf,A_tiempo,576,144,multi-step-direct,0.3106,0.77003,0.877514,0.513485,18.1597,17.6144,0.5476,12.548
233,F_N+PB+MED,5,1,MLP,A_tiempo,576,144,multi-step-direct,0.2463,0.841868,0.917534,0.615754,17.3207,0.007,0.3775,0.942
233,F_N+PB+MED,5,1,ARIMA,A_tiempo,576,144,multi-step-direct,-1.0267,1.053753,1.026525,0.869765,19.4769,4.428,0.9762,1.594
233,F_N+PB+MED,5,3,LinReg,A_tiempo,576,144,multi-step-direct,-1.9895,3.380476,1.838607,1.43312,27.681,0.13,1.0,0.954
233,F_N+PB+MED,5,3,DT,A_tiempo,576,144,multi-step-direct,-0.0593,1.197833,1.094455,0.701907,14.7684,0.0082,0.6047,26.112
233,F_N+PB+MED,5,3,RF,A_tiempo,576,144,multi-step-direct,0.3169,0.772473,0.878904,0.564066,15.7801,0.2549,0.6547,8.029
233,F_N+PB+MED,5,3,SVR_rbf,A_tiempo,576,144,multi-step-direct,0.232,0.86843,0.931896,0.571135,15.3784,56.7845,0.5007,38.055
233,F_N+PB+MED,5,3,MLP,A_tiempo,576,144,multi-step-direct,0.2323,0.868132,0.931736,0.619131,15.3206,0.0612,0.3162,2.852
233,F_N+PB+MED,5,3,ARIMA,A_tiempo,576,144,multi-step-direct,-0.3736,1.522654,1.233959,0.932755,27.5142,4.1047,0.9762,4.433
233,F_N+PB+MED,5,5,LinReg,A_tiempo,575,144,multi-step-direct,-2.2649,3.680618,1.918494,1.491501,25.9502,0.2464,1.0,1.496
233,F_N+PB+MED,5,5,DT,A_tiempo,575,144,multi-step-direct,-0.1625,1.310498,1.14477,0.76221,16.6439,0.0133,0.5351,44.573
233,F_N+PB+MED,5,5,RF,A_tiempo,575,144,multi-step-direct,0.2444,0.851847,0.922956,0.593391,18.5265,0.3288,0.5844,15.281
233,F_N+PB+MED,5,5,SVR_rbf,A_tiempo,575,144,multi-step-direct,0.1701,0.935538,0.967232,0.604238,18.072,111.1299,0.4708,56.085
233,F_N+PB+MED,5,5,MLP,A_tiempo,575,144,multi-step-direct,0.1716,0.933915,0.966393,0.6447,18.1555,0.0213,0.2493,3.305
233,F_N+PB+MED,5,5,ARIMA,A_tiempo,575,144,multi-step-direct,-0.2702,1.643057,1.281818,0.949127,28.9336,0.4517,0.9762,0.813
234,F_SIN,5,1,LinReg,A_tiempo,576,144,multi-step-direct,-1.5817,2.491887,1.578571,1.163551,22.7655,0.2473,1.0,0.474
234,F_SIN,5,1,DT,A_tiempo,576,144,multi-step-direct,-0.0204,0.984865,0.992404,0.487713,13.6648,0.0085,0.6199,5.389
234,F_SIN,5,1,RF,A_tiempo,576,144,multi-step-direct,0.2475,0.72627,0.852215,0.409054,14.5464,0.1695,0.6854,4.011
234,F_SIN,5,1,SVR_rbf,A_tiempo,576,144,multi-step-direct,0.1282,0.841426,0.917293,0.419064,16.2183,22.4623,0.4265,12.404
234,F_SIN,5,1,MLP,A_tiempo,576,144,multi-step-direct,0.0983,0.870334,0.932917,0.511035,13.8902,0.0077,0.546,6.902
234,F_SIN,5,1,ARIMA,A_tiempo,576,144,multi-step-direct,-0.7904,1.198543,1.09478,0.928889,17.5875,2.8984,0.9609,1.043
234,F_SIN,5,3,LinReg,A_tiempo,576,144,multi-step-direct,-2.502,3.506818,1.87265,1.398873,29.945,0.1731,1.0,1.072
234,F_SIN,5,3,DT,A_tiempo,576,144,multi-step-direct,-0.0708,1.072264,1.035502,0.574006,16.6244,0.0083,0.4264,17.59
234,F_SIN,5,3,RF,A_tiempo,576,144,multi-step-direct,0.1381,0.863056,0.929008,0.470575,18.4707,0.3237,0.5378,7.873
234,F_SIN,5,3,SVR_rbf,A_tiempo,576,144,multi-step-direct,0.064,0.937294,0.968139,0.463761,19.7305,57.087,0.3529,39.304
234,F_SIN,5,3,MLP,A_tiempo,576,144,multi-step-direct,0.0521,0.949193,0.974265,0.545152,17.6254,0.0134,0.3446,5.268
234,F_SIN,5,3,ARIMA,A_tiempo,576,144,multi-step-direct,-0.3618,1.238449,1.112856,0.886881,23.6793,0.6316,0.9609,0.682
234,F_SIN,5,5,LinReg,A_tiempo,575,144,multi-step-direct,-2.8888,3.962247,1.990539,1.497961,29.0884,0.2284,1.0,1.483
234,F_SIN,5,5,DT,A_tiempo,575,144,multi-step-direct,-0.3176,1.342518,1.158671,0.623945,13.8588,0.0118,0.2821,25.89
234,F_SIN,5,5,RF,A_tiempo,575,144,multi-step-direct,0.0877,0.929531,0.964122,0.502162,15.7067,0.3431,0.4229,10.318
234,F_SIN,5,5,SVR_rbf,A_tiempo,575,144,multi-step-direct,0.0184,1.000122,1.000061,0.496937,16.2325,112.2512,0.3185,61.487
234,F_SIN,5,5,MLP,A_tiempo,575,144,multi-step-direct,0.0071,1.0116,1.005783,0.554717,15.9523,0.0371,0.0887,3.053
234,F_SIN,5,5,ARIMA,A_tiempo,575,144,multi-step-direct,-0.2366,1.109982,1.053557,0.790125,22.9635,0.9502,0.9609,1.71
234,F_N,5,1,LinReg,A_tiempo,576,144,multi-step-direct,-1.5919,2.501612,1.581649,1.165756,22.8899,0.2646,1.0,0.488
234,F_N,5,1,DT,A_tiempo,576,144,multi-step-direct,-0.0584,1.021493,1.01069,0.509034,13.0277,0.0117,0.6411,9.297
234,F_N,5,1,RF,A_tiempo,576,144,multi-step-direct,0.2414,0.73219,0.855681,0.411739,14.8196,0.1746,0.6865,5.392
234,F_N,5,1,SVR_rbf,A_tiempo,576,144,multi-step-direct,0.1283,0.841378,0.917267,0.418979,16.2173,18.2107,0.4264,11.29
234,F_N,5,1,MLP,A_tiempo,576,144,multi-step-direct,0.1092,0.859738,0.927221,0.501515,14.6363,0.0279,0.452,1.464
234,F_N,5,1,ARIMA,A_tiempo,576,144,multi-step-direct,-0.8623,1.246597,1.116511,0.95776,17.6027,5.0595,0.9611,1.821
234,F_N,5,3,LinReg,A_tiempo,576,144,multi-step-direct,-2.5275,3.532337,1.879451,1.405466,29.4532,0.1415,1.0,1.802
234,F_N,5,3,DT,A_tiempo,576,144,multi-step-direct,-0.1235,1.125001,1.060661,0.575501,14.6456,0.0094,0.427,27.087
234,F_N,5,3,RF,A_tiempo,576,144,multi-step-direct,0.1358,0.865347,0.93024,0.47256,18.4796,0.2682,0.5365,10.76
234,F_N,5,3,SVR_rbf,A_tiempo,576,144,multi-step-direct,0.064,0.937255,0.968119,0.463693,19.7296,65.94,0.3529,40.473
234,F_N,5,3,MLP,A_tiempo,576,144,multi-step-direct,0.0592,0.942107,0.970622,0.540854,17.1939,0.0116,0.3515,1.66
234,F_N,5,3,ARIMA,A_tiempo,576,144,multi-step-direct,-0.404,1.276818,1.129964,0.915635,23.8727,0.6551,0.9611,0.707
234,F_N,5,5,LinReg,A_tiempo,575,144,multi-step-direct,-2.9203,3.994231,1.998557,1.506459,28.5944,0.2145,1.0,1.403
234,F_N,5,5,DT,A_tiempo,575,144,multi-step-direct,-0.1392,1.160685,1.077351,0.588847,14.1992,0.0086,0.2794,53.494
234,F_N,5,5,RF,A_tiempo,575,144,multi-step-direct,0.0777,0.939666,0.969364,0.502561,15.5728,0.3421,0.4298,19.522
234,F_N,5,5,SVR_rbf,A_tiempo,575,144,multi-step-direct,0.0184,1.000082,1.000041,0.496893,16.2376,109.6293,0.3185,69.608
234,F_N,5,5,MLP,A_tiempo,575,144,multi-step-direct,0.0072,1.011539,1.005753,0.554673,15.961,0.0317,0.0887,4.744
234,F_N,5,5,ARIMA,A_tiempo,575,144,multi-step-direct,-0.2714,1.14115,1.068246,0.818207,23.1748,0.5896,0.9611,1.061
234,F_PB,5,1,LinReg,A_tiempo,576,144,multi-step-direct,-11.8296,14.190554,3.767035,2.899979,68.1586,0.2588,1.0,0.527
234,F_PB,5,1,DT,A_tiempo,576,144,multi-step-direct,-0.0208,1.129083,1.062583,0.417494,11.4508,0.008,0.7699,8.677
234,F_PB,5,1,RF,A_tiempo,576,144,multi-step-direct,0.3154,0.75719,0.870167,0.364866,13.7947,0.1838,0.7913,4.512
234,F_PB,5,1,SVR_rbf,A_tiempo,576,144,multi-step-direct,0.094,1.002064,1.001031,0.353581,17.266,19.0159,0.3371,12.901
234,F_PB,5,1,MLP,A_tiempo,576,144,multi-step-direct,0.1491,0.941215,0.970162,0.487805,14.4663,0.0084,0.4165,5.709
234,F_PB,5,1,ARIMA,A_tiempo,576,144,multi-step-direct,-2.5606,3.106988,1.762665,1.664548,18.72,4.9514,0.9451,1.783
234,F_PB,5,3,LinReg,A_tiempo,576,144,multi-step-direct,-15.5384,18.269277,4.274258,3.307988,81.8116,0.1362,1.0,0.991
234,F_PB,5,3,DT,A_tiempo,576,144,multi-step-direct,-0.3495,1.490765,1.220969,0.518057,13.6882,0.0105,0.7223,24.836
234,F_PB,5,3,RF,A_tiempo,576,144,multi-step-direct,0.1538,0.934758,0.966829,0.417842,18.268,0.5254,0.6999,7.929
234,F_PB,5,3,SVR_rbf,A_tiempo,576,144,multi-step-direct,0.02,1.08262,1.04049,0.372196,20.8253,52.7735,0.2443,46.619
234,F_PB,5,3,MLP,A_tiempo,576,144,multi-step-direct,0.0661,1.031604,1.015679,0.493821,18.6374,0.0357,0.2522,2.568
234,F_PB,5,3,ARIMA,A_tiempo,576,144,multi-step-direct,-1.617,3.240676,1.800188,1.705614,27.482,3.6118,0.9451,3.901
234,F_PB,5,5,LinReg,A_tiempo,575,144,multi-step-direct,-16.7393,19.688594,4.437183,3.443197,83.8728,0.2727,1.0,1.779
234,F_PB,5,5,DT,A_tiempo,575,144,multi-step-direct,-0.2952,1.43754,1.198975,0.518809,9.9675,0.0093,0.6568,44.717
234,F_PB,5,5,RF,A_tiempo,575,144,multi-step-direct,0.1006,0.998201,0.9991,0.438743,15.4951,0.4924,0.6427,15.37
234,F_PB,5,5,SVR_rbf,A_tiempo,575,144,multi-step-direct,-0.0154,1.126922,1.061566,0.387647,17.3283,111.4876,0.2001,66.878
234,F_PB,5,5,MLP,A_tiempo,575,144,multi-step-direct,0.0427,1.0625,1.030776,0.499613,15.6238,0.0204,0.1987,2.408
234,F_PB,5,5,ARIMA,A_tiempo,575,144,multi-step-direct,-1.6649,3.21761,1.79377,1.707754,29.4492,2.4147,0.9451,4.346
234,F_MED,5,1,LinReg,A_tiempo,576,144,multi-step-direct,0.4073,0.391663,0.62583,0.436778,12.4795,0.2534,1.0,1.103
234,F_MED,5,1,DT,A_tiempo,576,144,multi-step-direct,0.5955,0.267318,0.517028,0.353654,11.1173,0.006,0.8996,4.788
234,F_MED,5,1,RF,A_tiempo,576,144,multi-step-direct,0.5593,0.291251,0.539677,0.291727,10.8493,0.2666,0.8707,2.18
234,F_MED,5,1,SVR_rbf,A_tiempo,576,144,multi-step-direct,0.4948,0.333893,0.577834,0.291094,11.921,20.9165,0.572,12.506
234,F_MED,5,1,MLP,A_tiempo,576,144,multi-step-direct,0.6036,0.261961,0.511821,0.315071,10.6198,0.0172,0.9102,1.687
234,F_MED,5,1,ARIMA,A_tiempo,576,144,multi-step-direct,-3.2791,1.386366,1.17744,1.031153,22.3403,0.6828,0.9987,0.246
234,F_MED,5,3,LinReg,A_tiempo,576,144,multi-step-direct,-0.6466,1.265227,1.124823,0.790343,17.3838,0.1309,1.0,0.96
234,F_MED,5,3,DT,A_tiempo,576,144,multi-step-direct,-0.6083,1.235796,1.111663,0.526605,19.0766,0.0074,0.7396,14.642
234,F_MED,5,3,RF,A_tiempo,576,144,multi-step-direct,0.3596,0.492094,0.701494,0.394532,12.4368,0.1837,0.7235,7.58
234,F_MED,5,3,SVR_rbf,A_tiempo,576,144,multi-step-direct,0.3093,0.5307,0.728492,0.404435,13.5087,62.5561,0.4448,31.869
234,F_MED,5,3,MLP,A_tiempo,576,144,multi-step-direct,0.2997,0.538138,0.733579,0.448415,12.2016,0.0118,0.4963,1.036
234,F_MED,5,3,ARIMA,A_tiempo,576,144,multi-step-direct,-3.2537,0.961394,0.980507,0.861051,21.6056,0.2196,0.9987,0.237
234,F_MED,5,5,LinReg,A_tiempo,575,144,multi-step-direct,-1.1913,1.765445,1.328701,0.939115,19.6653,0.2228,1.0,1.454
234,F_MED,5,5,DT,A_tiempo,575,144,multi-step-direct,0.0385,0.774681,0.880159,0.548031,15.9755,0.0089,0.6514,24.463
234,F_MED,5,5,RF,A_tiempo,575,144,multi-step-direct,0.2433,0.609623,0.780784,0.465301,16.7828,0.338,0.6351,12.028
234,F_MED,5,5,SVR_rbf,A_tiempo,575,144,multi-step-direct,0.2055,0.640092,0.800058,0.461878,17.3432,102.8618,0.3798,50.975
234,F_MED,5,5,MLP,A_tiempo,575,144,multi-step-direct,0.2278,0.622113,0.788741,0.491807,16.0434,0.0164,0.472,1.55
234,F_MED,5,5,ARIMA,A_tiempo,575,144,multi-step-direct,-1.8909,0.680338,0.824826,0.685048,18.7849,0.1499,0.9987,0.27
234,F_N+PB,5,1,LinReg,A_tiempo,576,144,multi-step-direct,-15.2884,18.016221,4.244552,3.270658,76.6835,0.0874,1.0,0.52
234,F_N+PB,5,1,DT,A_tiempo,576,144,multi-step-direct,-0.022,1.130465,1.063233,0.414923,11.2058,0.0054,0.7699,9.403
234,F_N+PB,5,1,RF,A_tiempo,576,144,multi-step-direct,0.3091,0.76417,0.874168,0.366587,14.0369,0.1693,0.7914,2.626
234,F_N+PB,5,1,SVR_rbf,A_tiempo,576,144,multi-step-direct,0.0941,1.002025,1.001012,0.353585,17.2659,28.8954,0.3371,13.285
234,F_N+PB,5,1,MLP,A_tiempo,576,144,multi-step-direct,0.149,0.941259,0.970185,0.488551,14.5006,0.0074,0.4165,2.305
234,F_N+PB,5,1,ARIMA,A_tiempo,576,144,multi-step-direct,-2.7336,3.258044,1.805005,1.709287,18.9078,3.3195,0.9452,1.195
234,F_N+PB,5,3,LinReg,A_tiempo,576,144,multi-step-direct,-20.1746,23.390635,4.836387,3.74666,94.7433,0.1253,1.0,0.876
234,F_N+PB,5,3,DT,A_tiempo,576,144,multi-step-direct,-0.3121,1.449429,1.203922,0.505049,12.535,0.0095,0.706,24.001
234,F_N+PB,5,3,RF,A_tiempo,576,144,multi-step-direct,0.151,0.937862,0.968433,0.419379,18.7741,0.1662,0.6984,7.654
234,F_N+PB,5,3,SVR_rbf,A_tiempo,576,144,multi-step-direct,0.02,1.082594,1.040478,0.3722,20.8241,69.6152,0.2443,37.642
234,F_N+PB,5,3,MLP,A_tiempo,576,144,multi-step-direct,0.066,1.031797,1.015774,0.493812,18.6559,0.0145,0.2522,1.526
234,F_N+PB,5,3,ARIMA,A_tiempo,576,144,multi-step-direct,-1.7383,3.390864,1.84143,1.752092,27.6217,1.2379,0.9452,1.337
234,F_N+PB,5,5,LinReg,A_tiempo,575,144,multi-step-direct,-21.2933,24.742848,4.974218,3.864381,95.5074,0.2752,1.0,1.459
234,F_N+PB,5,5,DT,A_tiempo,575,144,multi-step-direct,-0.3197,1.464718,1.210255,0.526955,10.3034,0.009,0.6568,40.894
234,F_N+PB,5,5,RF,A_tiempo,575,144,multi-step-direct,0.1042,0.994185,0.997088,0.436847,15.654,0.257,0.6437,14.481
234,F_N+PB,5,5,SVR_rbf,A_tiempo,575,144,multi-step-direct,-0.0153,1.126905,1.061558,0.387657,17.329,117.2991,0.2001,64.449
234,F_N+PB,5,5,MLP,A_tiempo,575,144,multi-step-direct,0.0426,1.062562,1.030807,0.499638,15.6156,0.1699,0.1986,2.531
234,F_N+PB,5,5,ARIMA,A_tiempo,575,144,multi-step-direct,-1.6678,3.22117,1.794762,1.708886,29.4615,3.1088,0.9451,5.596
234,F_N+MED,5,1,LinReg,A_tiempo,576,144,multi-step-direct,0.4,0.39672,0.629857,0.436419,12.3347,0.2812,1.0,0.652
234,F_N+MED,5,1,DT,A_tiempo,576,144,multi-step-direct,0.5215,0.316352,0.562451,0.357135,10.9603,0.0079,0.9029,10.218
234,F_N+MED,5,1,RF,A_tiempo,576,144,multi-step-direct,0.5945,0.268119,0.517802,0.28839,10.7376,0.3539,0.8735,5.451
234,F_N+MED,5,1,SVR_rbf,A_tiempo,576,144,multi-step-direct,0.495,0.333927,0.577864,0.291158,11.9463,21.6524,0.5719,14.64
234,F_N+MED,5,1,MLP,A_tiempo,576,144,multi-step-direct,0.6293,0.245101,0.495076,0.3222,10.2491,0.0091,0.8588,4.786
234,F_N+MED,5,1,ARIMA,A_tiempo,576,144,multi-step-direct,-3.5546,1.468119,1.211659,1.070508,22.9896,1.8169,0.9988,0.654
234,F_N+MED,5,3,LinReg,A_tiempo,576,144,multi-step-direct,-0.6736,1.286318,1.134159,0.794687,18.0152,0.1399,1.0,1.071
234,F_N+MED,5,3,DT,A_tiempo,576,144,multi-step-direct,0.1199,0.676457,0.82247,0.498661,12.9879,0.0161,0.7674,31.975
234,F_N+MED,5,3,RF,A_tiempo,576,144,multi-step-direct,0.3547,0.495961,0.704245,0.398023,12.4952,0.2482,0.7233,13.231
234,F_N+MED,5,3,SVR_rbf,A_tiempo,576,144,multi-step-direct,0.3093,0.530858,0.7286,0.404616,13.5207,54.0537,0.4448,32.646
234,F_N+MED,5,3,MLP,A_tiempo,576,144,multi-step-direct,0.2872,0.547854,0.740172,0.447598,12.1063,0.0117,0.5024,1.176
234,F_N+MED,5,3,ARIMA,A_tiempo,576,144,multi-step-direct,-3.5878,1.032558,1.016149,0.90035,22.4024,0.5686,0.9988,0.614
234,F_N+MED,5,5,LinReg,A_tiempo,575,144,multi-step-direct,-1.3146,1.865143,1.365703,0.958159,21.0221,0.3542,1.0,4.725
234,F_N+MED,5,5,DT,A_tiempo,575,144,multi-step-direct,-0.5077,1.214888,1.10222,0.565395,16.2246,0.0146,0.6285,50.247
234,F_N+MED,5,5,RF,A_tiempo,575,144,multi-step-direct,0.2703,0.587974,0.766795,0.455604,16.6189,0.3453,0.6352,20.659
234,F_N+MED,5,5,SVR_rbf,A_tiempo,575,144,multi-step-direct,0.2054,0.640252,0.800158,0.462006,17.3561,92.9523,0.3798,50.43
234,F_N+MED,5,5,MLP,A_tiempo,575,144,multi-step-direct,0.2367,0.615057,0.784256,0.486824,16.0994,0.0304,0.509,5.201
234,F_N+MED,5,5,ARIMA,A_tiempo,575,144,multi-step-direct,-2.1306,0.736056,0.857937,0.721695,19.5495,0.3203,0.9988,0.577
100,F_SIN,5,1,Persistencia,A_tiempo,576,144,multi-step-direct,-0.6232,1.913392,1.383254,0.687624,13.1249,0.0956,-0.8836,0.0
100,F_SIN,5,3,Persistencia,A_tiempo,576,144,multi-step-direct,-0.77,2.097108,1.448139,0.758543,12.0883,0.1524,-0.9113,0.0
100,F_SIN,5,5,Persistencia,A_tiempo,575,144,multi-step-direct,-0.7834,2.137797,1.462121,0.77456,15.1754,0.272,-0.9017,0.0
100,F_N,5,1,Persistencia,A_tiempo,576,144,multi-step-direct,-0.6242,1.915178,1.3839,0.687587,13.1223,0.1027,-0.8868,0.0
100,F_N,5,3,Persistencia,A_tiempo,576,144,multi-step-direct,-0.7702,2.09782,1.448385,0.758298,12.2344,0.1579,-0.9146,0.0
100,F_N,5,5,Persistencia,A_tiempo,575,144,multi-step-direct,-0.7828,2.13754,1.462033,0.7741,15.1804,0.266,-0.9049,0.0
100,F_PB,5,1,Persistencia,A_tiempo,576,144,multi-step-direct,-0.6997,1.944659,1.39451,0.669619,11.9973,0.1012,-1.0133,0.0
100,F_PB,5,3,Persistencia,A_tiempo,576,144,multi-step-direct,-0.6977,1.966094,1.402175,0.683981,11.0066,0.3044,-1.0288,0.0
100,F_PB,5,5,Persistencia,A_tiempo,575,144,multi-step-direct,-0.7013,1.991274,1.411125,0.68694,13.3766,0.3234,-1.021,0.0
100,F_MED,5,1,Persistencia,A_tiempo,576,144,multi-step-direct,-0.0608,1.330256,1.153367,0.914497,16.6882,0.0788,-0.2552,0.0
100,F_MED,5,3,Persistencia,A_tiempo,576,144,multi-step-direct,-0.5503,2.030322,1.424894,1.119524,17.4017,0.1556,-0.6708,0.0
100,F_MED,5,5,Persistencia,A_tiempo,575,144,multi-step-direct,-0.6316,2.168198,1.47248,1.14419,17.261,0.2896,-0.7009,0.0
100,F_N+PB,5,1,Persistencia,A_tiempo,576,144,multi-step-direct,-0.6997,1.944714,1.39453,0.66966,11.9992,0.0629,-1.0134,0.0
100,F_N+PB,5,3,Persistencia,A_tiempo,576,144,multi-step-direct,-0.6978,1.966019,1.402148,0.683973,11.0067,0.0827,-1.0289,0.0
100,F_N+PB,5,5,Persistencia,A_tiempo,575,144,multi-step-direct,-0.7013,1.991276,1.411126,0.686965,13.3756,0.2574,-1.0211,0.0
100,F_N+MED,5,1,Persistencia,A_tiempo,576,144,multi-step-direct,-0.0715,1.341975,1.158437,0.919118,16.6097,0.1471,-0.2604,0.0
100,F_N+MED,5,3,Persistencia,A_tiempo,576,144,multi-step-direct,-0.5528,2.031359,1.425258,1.119461,17.4159,0.1638,-0.6738,0.0
100,F_N+MED,5,5,Persistencia,A_tiempo,575,144,multi-step-direct,-0.6378,2.173477,1.474272,1.144953,17.2194,0.3293,-0.7027,0.0
100,F_N+PB+MED,5,1,Persistencia,A_tiempo,576,144,multi-step-direct,-0.8674,1.697275,1.302795,1.02352,13.6826,0.0347,-0.846,0.0
100,F_N+PB+MED,5,3,Persistencia,A_tiempo,576,144,multi-step-direct,-0.8118,1.975169,1.405407,1.087319,13.7532,0.2272,-1.0179,0.0
100,F_N+PB+MED,5,5,Persistencia,A_tiempo,575,144,multi-step-direct,-0.7663,1.934556,1.390883,1.067444,13.6726,0.2748,-0.9605,0.0
101,F_SIN,5,1,Persistencia,A_tiempo,576,144,multi-step-direct,-1.3142,1.713393,1.308966,0.633052,12.066,0.0887,-0.5236,0.0
101,F_SIN,5,3,Persistencia,A_tiempo,576,144,multi-step-direct,-1.3266,1.73678,1.31787,0.66704,10.4131,0.1612,-0.7085,0.0
101,F_SIN,5,5,Persistencia,A_tiempo,575,144,multi-step-direct,-1.3823,1.780249,1.33426,0.677979,12.8071,0.1418,-0.7719,0.0
101,F_N,5,1,Persistencia,A_tiempo,576,144,multi-step-direct,-1.3135,1.712369,1.308575,0.63279,11.9759,0.0705,-0.5258,0.0
101,F_N,5,3,Persistencia,A_tiempo,576,144,multi-step-direct,-1.3256,1.735592,1.317419,0.666905,10.3386,0.1659,-0.71,0.0
101,F_N,5,5,Persistencia,A_tiempo,575,144,multi-step-direct,-1.3815,1.779204,1.333868,0.678016,12.8232,0.264,-0.7736,0.0
101,F_PB,5,1,Persistencia,A_tiempo,576,144,multi-step-direct,-1.445,2.22795,1.492632,0.707737,12.0329,0.064,-0.9278,0.0
101,F_PB,5,3,Persistencia,A_tiempo,576,144,multi-step-direct,-1.4263,2.229068,1.493006,0.707476,10.6148,0.194,-0.8935,0.0
101,F_PB,5,5,Persistencia,A_tiempo,575,144,multi-step-direct,-1.4276,2.231961,1.493975,0.708279,12.9374,0.1425,-0.8965,0.0
101,F_MED,5,1,Persistencia,A_tiempo,576,144,multi-step-direct,-0.3517,0.496981,0.704969,0.537573,8.9982,0.0586,-0.1026,0.0
101,F_MED,5,3,Persistencia,A_tiempo,576,144,multi-step-direct,-0.6277,0.597479,0.772968,0.601417,8.9256,0.1377,-0.6574,0.0
101,F_MED,5,5,Persistencia,A_tiempo,575,144,multi-step-direct,-0.6861,0.628194,0.792587,0.620503,8.9502,0.2964,-0.8599,0.0
101,F_N+PB,5,1,Persistencia,A_tiempo,576,144,multi-step-direct,-1.4449,2.227816,1.492587,0.707766,12.0319,0.0904,-0.9279,0.0
101,F_N+PB,5,3,Persistencia,A_tiempo,576,144,multi-step-direct,-1.4261,2.228924,1.492958,0.707501,10.6139,0.1076,-0.8935,0.0
101,F_N+PB,5,5,Persistencia,A_tiempo,575,144,multi-step-direct,-1.4275,2.231832,1.493932,0.708316,12.935,0.2892,-0.8966,0.0
101,F_N+MED,5,1,Persistencia,A_tiempo,576,144,multi-step-direct,-0.3347,0.488054,0.698609,0.533078,8.9193,0.0707,-0.1002,0.0
101,F_N+MED,5,3,Persistencia,A_tiempo,576,144,multi-step-direct,-0.6125,0.589744,0.767948,0.598036,8.8747,0.1704,-0.6577,0.0
101,F_N+MED,5,5,Persistencia,A_tiempo,575,144,multi-step-direct,-0.6706,0.620417,0.787666,0.617032,8.9129,0.1421,-0.8619,0.0
101,F_N+PB+MED,5,1,Persistencia,A_tiempo,576,144,multi-step-direct,-1.1299,1.408921,1.18698,0.896447,11.3246,0.0764,-1.5781,0.0
101,F_N+PB+MED,5,3,Persistencia,A_tiempo,576,144,multi-step-direct,-1.0942,1.389922,1.178949,0.895525,11.62,0.0938,-1.4942,0.0
101,F_N+PB+MED,5,5,Persistencia,A_tiempo,575,144,multi-step-direct,-1.0979,1.394564,1.180917,0.89778,11.6159,0.2543,-1.5553,0.0
102,F_SIN,5,1,Persistencia,A_tiempo,576,144,multi-step-direct,-0.8732,1.816821,1.347895,0.845501,13.6119,0.0811,-0.9386,0.0
102,F_SIN,5,3,Persistencia,A_tiempo,576,144,multi-step-direct,-0.9078,1.872662,1.368452,0.883558,14.7581,0.278,-0.9781,0.0
102,F_SIN,5,5,Persistencia,A_tiempo,575,144,multi-step-direct,-0.942,1.894368,1.37636,0.896185,14.8075,0.3755,-0.997,0.0
102,F_N,5,1,Persistencia,A_tiempo,576,144,multi-step-direct,-0.8525,1.796185,1.340218,0.84353,13.5845,0.1111,-0.9347,0.0
102,F_N,5,3,Persistencia,A_tiempo,576,144,multi-step-direct,-0.8886,1.853213,1.361328,0.882279,14.5808,0.1634,-0.974,0.0
102,F_N,5,5,Persistencia,A_tiempo,575,144,multi-step-direct,-0.9239,1.875925,1.369644,0.894972,14.7541,0.2955,-0.9929,0.0
102,F_PB,5,1,Persistencia,A_tiempo,576,144,multi-step-direct,-0.867,1.838432,1.355888,0.860112,12.9394,0.0613,-1.0289,0.0
102,F_PB,5,3,Persistencia,A_tiempo,576,144,multi-step-direct,-0.8685,1.84953,1.359974,0.8836,13.3173,0.1726,-1.0292,0.0
102,F_PB,5,5,Persistencia,A_tiempo,575,144,multi-step-direct,-0.8743,1.841325,1.356954,0.880555,13.1883,0.1298,-1.0314,0.0
102,F_MED,5,1,Persistencia,A_tiempo,576,144,multi-step-direct,-0.788,1.618015,1.272012,0.851125,13.1147,0.1122,-0.8104,0.0
102,F_MED,5,3,Persistencia,A_tiempo,576,144,multi-step-direct,-0.8329,1.692177,1.300837,0.900151,12.9288,0.5086,-0.8674,0.0
102,F_MED,5,5,Persistencia,A_tiempo,575,144,multi-step-direct,-0.8837,1.732701,1.316321,0.918786,13.4469,0.5562,-0.9034,0.0
102,F_N+PB,5,1,Persistencia,A_tiempo,576,144,multi-step-direct,-0.8665,1.837968,1.355717,0.860082,12.9386,0.0791,-1.0288,0.0
102,F_N+PB,5,3,Persistencia,A_tiempo,576,144,multi-step-direct,-0.8681,1.849063,1.359802,0.88357,13.3114,0.2249,-1.0292,0.0
102,F_N+PB,5,5,Persistencia,A_tiempo,575,144,multi-step-direct,-0.8738,1.840851,1.35678,0.880521,13.1899,0.1333,-1.0313,0.0
102,F_N+MED,5,1,Persistencia,A_tiempo,576,144,multi-step-direct,-0.7825,1.615199,1.270905,0.850034,13.0876,0.0824,-0.8097,0.0
102,F_N+MED,5,3,Persistencia,A_tiempo,576,144,multi-step-direct,-0.8266,1.688758,1.299522,0.898653,12.936,0.1512,-0.8661,0.0
102,F_N+MED,5,5,Persistencia,A_tiempo,575,144,multi-step-direct,-0.8767,1.728967,1.314902,0.916737,13.3729,0.3221,-0.9016,0.0
102,F_N+PB+MED,5,1,Persistencia,A_tiempo,576,144,multi-step-direct,-0.9228,1.776228,1.332752,0.875637,11.9211,0.1121,-1.0221,0.0
102,F_N+PB+MED,5,3,Persistencia,A_tiempo,576,144,multi-step-direct,-0.9176,1.7864,1.336563,0.904342,12.2449,0.1821,-1.0167,0.0
102,F_N+PB+MED,5,5,Persistencia,A_tiempo,575,144,multi-step-direct,-0.9221,1.780004,1.334168,0.902246,12.1566,0.2582,-1.0184,0.0
103,F_SIN,5,1,Persistencia,A_tiempo,576,144,multi-step-direct,-0.6055,1.135514,1.065605,0.578889,10.6956,0.0661,-0.4707,0.0
103,F_SIN,5,3,Persistencia,A_tiempo,576,144,multi-step-direct,-0.6322,1.175241,1.084086,0.605794,13.3998,0.1421,-0.5291,0.0
103,F_SIN,5,5,Persistencia,A_tiempo,575,144,multi-step-direct,-0.6338,1.178785,1.085719,0.610871,9.5732,0.2621,-0.5668,0.0
103,F_N,5,1,Persistencia,A_tiempo,576,144,multi-step-direct,-0.6048,1.134588,1.06517,0.578444,10.6999,0.0929,-0.4705,0.0
103,F_N,5,3,Persistencia,A_tiempo,576,144,multi-step-direct,-0.6319,1.174576,1.083779,0.605689,13.3819,0.2685,-0.529,0.0
103,F_N,5,5,Persistencia,A_tiempo,575,144,multi-step-direct,-0.6337,1.17833,1.085509,0.610998,9.4968,0.2654,-0.5668,0.0
103,F_PB,5,1,Persistencia,A_tiempo,576,144,multi-step-direct,-0.6238,1.298341,1.139448,0.618718,10.4159,0.077,-0.6737,0.0
103,F_PB,5,3,Persistencia,A_tiempo,576,144,multi-step-direct,-0.6271,1.329211,1.152914,0.637544,13.732,0.1487,-0.6697,0.0
103,F_PB,5,5,Persistencia,A_tiempo,575,144,multi-step-direct,-0.6233,1.329681,1.153118,0.641911,9.5985,0.2888,-0.6742,0.0
103,F_MED,5,1,Persistencia,A_tiempo,576,144,multi-step-direct,-0.686,0.862478,0.928697,0.669973,10.4358,0.1062,-0.0612,0.0
103,F_MED,5,3,Persistencia,A_tiempo,576,144,multi-step-direct,-0.9053,0.959072,0.979322,0.719102,10.798,0.138,-0.3225,0.0
103,F_MED,5,5,Persistencia,A_tiempo,575,144,multi-step-direct,-0.9412,0.973357,0.986589,0.730339,10.3817,0.1611,-0.4749,0.0
103,F_N+PB,5,1,Persistencia,A_tiempo,576,144,multi-step-direct,-0.6239,1.298345,1.139449,0.618756,10.4152,0.0601,-0.6738,0.0
103,F_N+PB,5,3,Persistencia,A_tiempo,576,144,multi-step-direct,-0.6272,1.329218,1.152917,0.637582,13.7311,0.1928,-0.6698,0.0
103,F_N+PB,5,5,Persistencia,A_tiempo,575,144,multi-step-direct,-0.6233,1.329688,1.153121,0.641953,9.5969,0.2622,-0.6743,0.0
103,F_N+MED,5,1,Persistencia,A_tiempo,576,144,multi-step-direct,-0.6724,0.856146,0.925281,0.668571,10.4297,0.0509,-0.0606,0.0
103,F_N+MED,5,3,Persistencia,A_tiempo,576,144,multi-step-direct,-0.8896,0.951071,0.975229,0.717222,10.7522,0.2667,-0.3215,0.0
103,F_N+MED,5,5,Persistencia,A_tiempo,575,144,multi-step-direct,-0.9263,0.965896,0.9828,0.728666,10.2919,0.3469,-0.4736,0.0
103,F_N+PB+MED,5,1,Persistencia,A_tiempo,576,144,multi-step-direct,-0.9516,1.800667,1.341889,0.959111,13.2012,0.073,-0.885,0.0
103,F_N+PB+MED,5,3,Persistencia,A_tiempo,576,144,multi-step-direct,-1.0611,1.911008,1.382392,1.002218,14.044,0.083,-0.9513,0.0
103,F_N+PB+MED,5,5,Persistencia,A_tiempo,575,144,multi-step-direct,-1.0807,1.937281,1.391862,1.018151,12.9697,0.3545,-0.9651,0.0
104,F_SIN,5,1,Persistencia,A_tiempo,576,144,multi-step-direct,-0.4763,1.251854,1.118863,0.720099,15.8784,0.1453,-0.9101,0.0
104,F_SIN,5,3,Persistencia,A_tiempo,576,144,multi-step-direct,-0.5101,1.272565,1.12808,0.766023,13.9731,0.2378,-1.0484,0.0
104,F_SIN,5,5,Persistencia,A_tiempo,575,144,multi-step-direct,-0.5372,1.282958,1.132677,0.775649,14.5212,0.4754,-1.1038,0.0
104,F_N,5,1,Persistencia,A_tiempo,576,144,multi-step-direct,-0.4774,1.253078,1.11941,0.723518,15.9429,0.1187,-0.9117,0.0
104,F_N,5,3,Persistencia,A_tiempo,576,144,multi-step-direct,-0.5126,1.274897,1.129114,0.769449,14.0482,0.1825,-1.0514,0.0
104,F_N,5,5,Persistencia,A_tiempo,575,144,multi-step-direct,-0.5401,1.285527,1.133811,0.779135,14.5079,0.4343,-1.1079,0.0
104,F_PB,5,1,Persistencia,A_tiempo,576,144,multi-step-direct,-0.5471,1.378628,1.17415,0.765119,16.3354,0.0728,-1.1056,0.0
104,F_PB,5,3,Persistencia,A_tiempo,576,144,multi-step-direct,-0.5708,1.375593,1.172857,0.799266,14.0001,0.2429,-1.1186,0.0
104,F_PB,5,5,Persistencia,A_tiempo,575,144,multi-step-direct,-0.5798,1.368548,1.169849,0.801111,14.7139,0.2765,-1.1209,0.0
104,F_MED,5,1,Persistencia,A_tiempo,576,144,multi-step-direct,-0.5626,1.25612,1.120768,0.805114,14.3967,0.1022,-0.5753,0.0
104,F_MED,5,3,Persistencia,A_tiempo,576,144,multi-step-direct,-0.6668,1.371902,1.171282,0.875015,14.7449,0.2482,-0.8829,0.0
104,F_MED,5,5,Persistencia,A_tiempo,575,144,multi-step-direct,-0.7078,1.394824,1.181027,0.889146,14.4286,0.4892,-0.9667,0.0
104,F_N+PB,5,1,Persistencia,A_tiempo,576,144,multi-step-direct,-0.5472,1.378688,1.174176,0.765201,16.3351,0.1566,-1.1056,0.0
104,F_N+PB,5,3,Persistencia,A_tiempo,576,144,multi-step-direct,-0.5708,1.375657,1.172884,0.799341,14.0014,0.1739,-1.1187,0.0
104,F_N+PB,5,5,Persistencia,A_tiempo,575,144,multi-step-direct,-0.5798,1.368608,1.169875,0.80118,14.7155,0.3117,-1.121,0.0
104,F_N+MED,5,1,Persistencia,A_tiempo,576,144,multi-step-direct,-0.5779,1.268535,1.126293,0.809711,14.4834,0.0565,-0.5775,0.0
104,F_N+MED,5,3,Persistencia,A_tiempo,576,144,multi-step-direct,-0.6809,1.38371,1.176312,0.879012,14.8298,0.18,-0.8824,0.0
104,F_N+MED,5,5,Persistencia,A_tiempo,575,144,multi-step-direct,-0.7214,1.406995,1.186168,0.893321,14.4845,0.2706,-0.9667,0.0
104,F_N+PB+MED,5,1,Persistencia,A_tiempo,576,144,multi-step-direct,-0.7909,1.569246,1.252696,0.891345,15.8677,0.0664,-0.9415,0.0
104,F_N+PB+MED,5,3,Persistencia,A_tiempo,576,144,multi-step-direct,-0.852,1.638163,1.279907,0.944186,15.5256,0.2601,-1.0137,0.0
104,F_N+PB+MED,5,5,Persistencia,A_tiempo,575,144,multi-step-direct,-0.8654,1.630555,1.276932,0.946185,14.5543,0.3943,-1.0039,0.0
105,F_SIN,5,1,Persistencia,A_tiempo,576,144,multi-step-direct,-0.5669,1.47341,1.213841,0.77058,15.3788,0.0661,-0.7702,0.0
105,F_SIN,5,3,Persistencia,A_tiempo,576,144,multi-step-direct,-0.9487,1.820363,1.349208,0.840419,15.1412,0.0947,-0.9253,0.0
105,F_SIN,5,5,Persistencia,A_tiempo,575,144,multi-step-direct,-1.0425,1.88777,1.373962,0.865625,15.5262,0.2145,-0.9564,0.0
105,F_N,5,1,Persistencia,A_tiempo,576,144,multi-step-direct,-0.5621,1.468828,1.211952,0.7703,15.2848,0.1063,-0.7688,0.0
105,F_N,5,3,Persistencia,A_tiempo,576,144,multi-step-direct,-0.9403,1.812312,1.346221,0.840089,15.0217,0.1574,-0.9241,0.0
105,F_N,5,5,Persistencia,A_tiempo,575,144,multi-step-direct,-1.0347,1.880316,1.371246,0.865285,15.4642,0.1944,-0.9552,0.0
105,F_PB,5,1,Persistencia,A_tiempo,576,144,multi-step-direct,-0.8244,1.681046,1.296552,0.813245,13.0192,0.0856,-0.977,0.0
105,F_PB,5,3,Persistencia,A_tiempo,576,144,multi-step-direct,-0.8225,1.665298,1.290464,0.81419,13.6213,0.1495,-0.964,0.0
105,F_PB,5,5,Persistencia,A_tiempo,575,144,multi-step-direct,-0.8185,1.671623,1.292913,0.817469,12.9323,0.2836,-0.9708,0.0
105,F_MED,5,1,Persistencia,A_tiempo,576,144,multi-step-direct,-0.2691,1.098535,1.04811,0.656102,15.1542,0.0648,-0.4932,0.0
105,F_MED,5,3,Persistencia,A_tiempo,576,144,multi-step-direct,-0.908,1.686227,1.298548,0.757387,15.7483,0.2039,-0.8135,0.0
105,F_MED,5,5,Persistencia,A_tiempo,575,144,multi-step-direct,-1.0662,1.800095,1.341676,0.795888,16.6429,0.3901,-0.8591,0.0
105,F_N+PB,5,1,Persistencia,A_tiempo,576,144,multi-step-direct,-0.8244,1.681002,1.296535,0.81326,13.0196,0.0898,-0.977,0.0
105,F_N+PB,5,3,Persistencia,A_tiempo,576,144,multi-step-direct,-0.8224,1.665299,1.290465,0.814216,13.6208,0.149,-0.964,0.0
105,F_N+PB,5,5,Persistencia,A_tiempo,575,144,multi-step-direct,-0.8185,1.671599,1.292903,0.817486,12.932,0.2779,-0.9708,0.0
105,F_N+MED,5,1,Persistencia,A_tiempo,576,144,multi-step-direct,-0.2692,1.100713,1.049149,0.657469,15.2668,0.0933,-0.4928,0.0
105,F_N+MED,5,3,Persistencia,A_tiempo,576,144,multi-step-direct,-0.9125,1.694092,1.301573,0.759254,15.7732,0.1094,-0.8135,0.0
105,F_N+MED,5,5,Persistencia,A_tiempo,575,144,multi-step-direct,-1.0716,1.809316,1.345108,0.797965,16.7382,0.2654,-0.8587,0.0
105,F_N+PB+MED,5,1,Persistencia,A_tiempo,576,144,multi-step-direct,-0.6352,1.362904,1.167435,0.742296,14.3681,0.0664,-0.825,0.0
105,F_N+PB+MED,5,3,Persistencia,A_tiempo,576,144,multi-step-direct,-0.5913,1.336942,1.156262,0.752593,13.9269,0.1821,-0.8328,0.0
105,F_N+PB+MED,5,5,Persistencia,A_tiempo,575,144,multi-step-direct,-0.5828,1.350618,1.162161,0.760613,14.1117,0.273,-0.8317,0.0
106,F_SIN,5,1,Persistencia,A_tiempo,576,144,multi-step-direct,-0.8307,2.106696,1.451446,0.958064,16.8864,0.0889,-0.8063,0.0
106,F_SIN,5,3,Persistencia,A_tiempo,576,144,multi-step-direct,-0.8676,2.149859,1.46624,0.984797,17.0622,0.2701,-0.8334,0.0
106,F_SIN,5,5,Persistencia,A_tiempo,575,144,multi-step-direct,-0.8641,2.149164,1.466003,0.991533,15.1985,0.2907,-0.8503,0.0
106,F_N,5,1,Persistencia,A_tiempo,576,144,multi-step-direct,-0.8301,2.10674,1.451461,0.959512,16.8659,0.06,-0.8032,0.0
106,F_N,5,3,Persistencia,A_tiempo,576,144,multi-step-direct,-0.8683,2.151425,1.466774,0.986439,17.0496,0.1833,-0.83,0.0
106,F_N,5,5,Persistencia,A_tiempo,575,144,multi-step-direct,-0.8644,2.150289,1.466386,0.992612,15.2841,0.2641,-0.8471,0.0
106,F_PB,5,1,Persistencia,A_tiempo,576,144,multi-step-direct,-0.9669,2.228429,1.492792,0.962897,17.2412,0.0876,-0.8912,0.0
106,F_PB,5,3,Persistencia,A_tiempo,576,144,multi-step-direct,-0.9862,2.242702,1.497565,0.982015,17.4568,0.1515,-0.872,0.0
106,F_PB,5,5,Persistencia,A_tiempo,575,144,multi-step-direct,-0.9796,2.240659,1.496883,0.980135,16.5182,0.2718,-0.8712,0.0
106,F_MED,5,1,Persistencia,A_tiempo,576,144,multi-step-direct,-0.8299,3.024512,1.739113,1.213308,19.4583,0.0314,-0.8702,0.0
106,F_MED,5,3,Persistencia,A_tiempo,576,144,multi-step-direct,-0.8649,3.054034,1.74758,1.257286,18.4881,0.1452,-0.9493,0.0
106,F_MED,5,5,Persistencia,A_tiempo,575,144,multi-step-direct,-0.8776,3.077099,1.754166,1.267773,19.1266,0.2868,-0.9802,0.0
106,F_N+PB,5,1,Persistencia,A_tiempo,576,144,multi-step-direct,-0.9669,2.228565,1.492838,0.962998,17.2425,0.1113,-0.8911,0.0
106,F_N+PB,5,3,Persistencia,A_tiempo,576,144,multi-step-direct,-0.9862,2.242851,1.497615,0.982103,17.4574,0.2331,-0.872,0.0
106,F_N+PB,5,5,Persistencia,A_tiempo,575,144,multi-step-direct,-0.9796,2.240801,1.496931,0.980214,16.5202,0.3366,-0.8711,0.0
106,F_N+MED,5,1,Persistencia,A_tiempo,576,144,multi-step-direct,-0.8336,3.02528,1.739333,1.214291,19.4374,0.0829,-0.8692,0.0
106,F_N+MED,5,3,Persistencia,A_tiempo,576,144,multi-step-direct,-0.8665,3.055561,1.748016,1.257771,18.4244,0.1609,-0.948,0.0
106,F_N+MED,5,5,Persistencia,A_tiempo,575,144,multi-step-direct,-0.8795,3.080118,1.755026,1.268549,19.1091,0.253,-0.9787,0.0
106,F_N+PB+MED,5,1,Persistencia,A_tiempo,576,144,multi-step-direct,-1.0021,3.478734,1.865137,1.276847,20.784,0.0655,-1.15,0.0
106,F_N+PB+MED,5,3,Persistencia,A_tiempo,576,144,multi-step-direct,-1.0124,3.425649,1.850851,1.310236,19.6952,0.1066,-1.1129,0.0
106,F_N+PB+MED,5,5,Persistencia,A_tiempo,575,144,multi-step-direct,-1.012,3.433027,1.852843,1.306646,19.814,0.2705,-1.1129,0.0
107,F_SIN,5,1,Persistencia,A_tiempo,576,144,multi-step-direct,-0.8236,2.1928,1.480811,1.102285,17.7267,0.0582,-0.7587,0.0
107,F_SIN,5,3,Persistencia,A_tiempo,576,144,multi-step-direct,-0.9944,2.34554,1.531516,1.178595,18.2902,0.0896,-0.8447,0.0
107,F_SIN,5,5,Persistencia,A_tiempo,575,144,multi-step-direct,-1.071,2.452283,1.565977,1.20958,16.5824,0.2673,-0.9032,0.0
107,F_N,5,1,Persistencia,A_tiempo,576,144,multi-step-direct,-0.8217,2.190603,1.480069,1.101814,17.7164,0.1088,-0.7589,0.0
107,F_N,5,3,Persistencia,A_tiempo,576,144,multi-step-direct,-0.9925,2.343447,1.530832,1.178184,18.2862,0.1204,-0.8448,0.0
107,F_N,5,5,Persistencia,A_tiempo,575,144,multi-step-direct,-1.0692,2.450266,1.565333,1.209196,16.5758,0.2795,-0.9034,0.0
107,F_PB,5,1,Persistencia,A_tiempo,576,144,multi-step-direct,-0.9658,2.290223,1.513348,1.117368,17.0648,0.1477,-0.8614,0.0
107,F_PB,5,3,Persistencia,A_tiempo,576,144,multi-step-direct,-1.0272,2.29868,1.51614,1.148897,17.0702,0.2172,-0.877,0.0
107,F_PB,5,5,Persistencia,A_tiempo,575,144,multi-step-direct,-1.0262,2.315762,1.521763,1.155692,15.6641,0.1689,-0.8911,0.0
107,F_MED,5,1,Persistencia,A_tiempo,576,144,multi-step-direct,-0.6618,1.9291,1.38892,1.071189,16.5254,0.0765,-0.6909,0.0
107,F_MED,5,3,Persistencia,A_tiempo,576,144,multi-step-direct,-0.9153,2.17309,1.47414,1.164945,16.9746,0.1734,-0.8294,0.0
107,F_MED,5,5,Persistencia,A_tiempo,575,144,multi-step-direct,-1.013,2.293288,1.514361,1.200565,15.8488,0.2571,-0.8998,0.0
107,F_N+PB,5,1,Persistencia,A_tiempo,576,144,multi-step-direct,-0.9658,2.290122,1.513315,1.117351,17.0639,0.0477,-0.8614,0.0
107,F_N+PB,5,3,Persistencia,A_tiempo,576,144,multi-step-direct,-1.0271,2.298573,1.516105,1.148877,17.0695,0.1779,-0.877,0.0
107,F_N+PB,5,5,Persistencia,A_tiempo,575,144,multi-step-direct,-1.0261,2.315659,1.521729,1.155673,15.6629,0.4998,-0.8911,0.0
107,F_N+MED,5,1,Persistencia,A_tiempo,576,144,multi-step-direct,-0.6621,1.929716,1.389142,1.071538,16.5159,0.1036,-0.6921,0.0
107,F_N+MED,5,3,Persistencia,A_tiempo,576,144,multi-step-direct,-0.9155,2.172833,1.474053,1.164938,16.958,0.2985,-0.8301,0.0
107,F_N+MED,5,5,Persistencia,A_tiempo,575,144,multi-step-direct,-1.0132,2.292873,1.514224,1.200509,15.8681,0.3482,-0.9004,0.0
107,F_N+PB+MED,5,1,Persistencia,A_tiempo,576,144,multi-step-direct,-0.9196,2.102455,1.449984,1.107871,16.2562,0.1184,-0.8471,0.0
107,F_N+PB+MED,5,3,Persistencia,A_tiempo,576,144,multi-step-direct,-1.015,2.145773,1.464846,1.146402,15.8405,0.1597,-0.8878,0.0
107,F_N+PB+MED,5,5,Persistencia,A_tiempo,575,144,multi-step-direct,-1.0176,2.160253,1.46978,1.152724,14.4505,0.2589,-0.9018,0.0
108,F_SIN,5,1,Persistencia,A_tiempo,576,144,multi-step-direct,0.3397,1.187513,1.089731,0.758881,18.0111,0.0738,0.0199,0.0
108,F_SIN,5,3,Persistencia,A_tiempo,576,144,multi-step-direct,-0.2319,2.383718,1.54393,1.031462,22.0137,0.1483,-0.6739,0.0
108,F_SIN,5,5,Persistencia,A_tiempo,575,144,multi-step-direct,-0.4643,2.901804,1.703468,1.138991,21.4316,0.14,-0.9285,0.0
108,F_N,5,1,Persistencia,A_tiempo,576,144,multi-step-direct,0.3381,1.190876,1.091273,0.759694,18.0695,0.0671,0.02,0.0
108,F_N,5,3,Persistencia,A_tiempo,576,144,multi-step-direct,-0.235,2.390703,1.54619,1.033695,22.02,0.2355,-0.6748,0.0
108,F_N,5,5,Persistencia,A_tiempo,575,144,multi-step-direct,-0.4676,2.90959,1.705752,1.141095,21.4843,0.1339,-0.9302,0.0
108,F_PB,5,1,Persistencia,A_tiempo,576,144,multi-step-direct,-1.2214,1.817601,1.348184,0.938488,16.5324,0.0868,-0.9952,0.0
108,F_PB,5,3,Persistencia,A_tiempo,576,144,multi-step-direct,-1.1603,1.818462,1.348504,0.945802,16.0419,0.2289,-0.9572,0.0
108,F_PB,5,5,Persistencia,A_tiempo,575,144,multi-step-direct,-1.1509,1.818549,1.348536,0.94537,15.4566,0.3715,-0.953,0.0
108,F_MED,5,1,Persistencia,A_tiempo,576,144,multi-step-direct,0.5216,1.003169,1.001583,0.682314,17.7726,0.1129,0.2955,0.0
108,F_MED,5,3,Persistencia,A_tiempo,576,144,multi-step-direct,-0.1467,2.615723,1.61732,1.0174,22.9723,0.1585,-0.5816,0.0
108,F_MED,5,5,Persistencia,A_tiempo,575,144,multi-step-direct,-0.4299,3.348742,1.829957,1.15127,23.5938,0.2729,-0.9172,0.0
108,F_N+PB,5,1,Persistencia,A_tiempo,576,144,multi-step-direct,-1.2219,1.817976,1.348323,0.938576,16.535,0.0734,-0.9953,0.0
108,F_N+PB,5,3,Persistencia,A_tiempo,576,144,multi-step-direct,-1.1607,1.818879,1.348658,0.945922,16.0444,0.1792,-0.9573,0.0
108,F_N+PB,5,5,Persistencia,A_tiempo,575,144,multi-step-direct,-1.1514,1.818933,1.348678,0.945465,15.4582,0.2636,-0.9531,0.0
108,F_N+MED,5,1,Persistencia,A_tiempo,576,144,multi-step-direct,0.5209,1.004004,1.002,0.682951,17.7993,0.0775,0.2954,0.0
108,F_N+MED,5,3,Persistencia,A_tiempo,576,144,multi-step-direct,-0.1474,2.61529,1.617186,1.017292,22.948,0.2373,-0.5831,0.0
108,F_N+MED,5,5,Persistencia,A_tiempo,575,144,multi-step-direct,-0.4301,3.346364,1.829307,1.150664,23.5728,0.2942,-0.9187,0.0
108,F_N+PB+MED,5,1,Persistencia,A_tiempo,576,144,multi-step-direct,-1.1141,1.850523,1.360339,0.997023,15.3325,0.0583,-1.0389,0.0
108,F_N+PB+MED,5,3,Persistencia,A_tiempo,576,144,multi-step-direct,-1.0151,1.87519,1.369376,1.018474,16.2528,0.3128,-0.9593,0.0
108,F_N+PB+MED,5,5,Persistencia,A_tiempo,575,144,multi-step-direct,-1.0014,1.881161,1.371554,1.018487,16.4406,0.3288,-0.9534,0.0
109,F_SIN,5,1,Persistencia,A_tiempo,576,144,multi-step-direct,-0.9465,4.898953,2.213358,1.461075,21.9038,0.06,-0.8577,0.0
109,F_SIN,5,3,Persistencia,A_tiempo,576,144,multi-step-direct,-1.0019,4.98062,2.23173,1.497931,23.2036,0.1709,-0.8673,0.0
109,F_SIN,5,5,Persistencia,A_tiempo,575,144,multi-step-direct,-1.0222,4.996457,2.235276,1.503563,24.7914,0.3174,-0.8785,0.0
109,F_N,5,1,Persistencia,A_tiempo,576,144,multi-step-direct,-0.9445,4.894531,2.212359,1.459464,21.8852,0.0864,-0.8575,0.0
109,F_N,5,3,Persistencia,A_tiempo,576,144,multi-step-direct,-0.9999,4.976177,2.230735,1.496522,23.1508,0.1645,-0.8672,0.0
109,F_N,5,5,Persistencia,A_tiempo,575,144,multi-step-direct,-1.0198,4.991177,2.234094,1.502055,24.7182,0.2783,-0.8783,0.0
109,F_PB,5,1,Persistencia,A_tiempo,576,144,multi-step-direct,-1.0615,4.89205,2.211798,1.447456,20.9455,0.0749,-0.883,0.0
109,F_PB,5,3,Persistencia,A_tiempo,576,144,multi-step-direct,-1.048,4.879693,2.209003,1.46237,21.7251,0.1576,-0.8828,0.0
109,F_PB,5,5,Persistencia,A_tiempo,575,144,multi-step-direct,-1.0397,4.860691,2.204697,1.462586,23.4453,0.3921,-0.8915,0.0
109,F_MED,5,1,Persistencia,A_tiempo,576,144,multi-step-direct,-0.922,6.542636,2.557858,1.760079,26.8904,0.1036,-0.8767,0.0
109,F_MED,5,3,Persistencia,A_tiempo,576,144,multi-step-direct,-1.023,6.77924,2.603697,1.820321,28.1702,0.1502,-0.8948,0.0
109,F_MED,5,5,Persistencia,A_tiempo,575,144,multi-step-direct,-1.0562,6.828756,2.613189,1.830211,29.1175,0.3733,-0.9138,0.0
109,F_N+PB,5,1,Persistencia,A_tiempo,576,144,multi-step-direct,-1.0614,4.891985,2.211783,1.447429,20.945,0.0934,-0.883,0.0
109,F_N+PB,5,3,Persistencia,A_tiempo,576,144,multi-step-direct,-1.0479,4.879614,2.208985,1.46234,21.7244,0.163,-0.8828,0.0
109,F_N+PB,5,5,Persistencia,A_tiempo,575,144,multi-step-direct,-1.0396,4.860576,2.204671,1.462553,23.4436,0.2727,-0.8915,0.0
109,F_N+MED,5,1,Persistencia,A_tiempo,576,144,multi-step-direct,-0.9247,6.539771,2.557298,1.760006,26.9145,0.0942,-0.8762,0.0
109,F_N+MED,5,3,Persistencia,A_tiempo,576,144,multi-step-direct,-1.0257,6.777892,2.603439,1.82068,28.1698,0.1023,-0.895,0.0
109,F_N+MED,5,5,Persistencia,A_tiempo,575,144,multi-step-direct,-1.0584,6.825642,2.612593,1.830231,29.0974,0.2546,-0.914,0.0
109,F_N+PB+MED,5,1,Persistencia,A_tiempo,576,144,multi-step-direct,-1.1334,6.69365,2.587209,1.765267,26.0182,0.0744,-0.9257,0.0
109,F_N+PB+MED,5,3,Persistencia,A_tiempo,576,144,multi-step-direct,-1.109,6.687917,2.586101,1.791498,27.0796,0.1299,-0.9231,0.0
109,F_N+PB+MED,5,5,Persistencia,A_tiempo,575,144,multi-step-direct,-1.0881,6.637663,2.576366,1.79206,27.6416,0.2077,-0.9385,0.0
111,F_SIN,5,1,Persistencia,A_tiempo,576,144,multi-step-direct,-0.4992,0.983183,0.991556,0.723994,13.9594,0.0723,-0.2388,0.0
111,F_SIN,5,3,Persistencia,A_tiempo,576,144,multi-step-direct,-0.6331,1.038099,1.018872,0.76089,11.4428,0.1787,-0.6425,0.0
111,F_SIN,5,5,Persistencia,A_tiempo,575,144,multi-step-direct,-0.7463,1.112638,1.054816,0.789498,12.8733,0.327,-0.8401,0.0
111,F_N,5,1,Persistencia,A_tiempo,576,144,multi-step-direct,-0.4968,0.980978,0.990444,0.722691,13.8779,0.0825,-0.2367,0.0
111,F_N,5,3,Persistencia,A_tiempo,576,144,multi-step-direct,-0.6328,1.037145,1.018403,0.760249,11.4645,0.157,-0.6423,0.0
111,F_N,5,5,Persistencia,A_tiempo,575,144,multi-step-direct,-0.7477,1.112766,1.054877,0.789169,12.8708,0.3507,-0.8404,0.0
111,F_PB,5,1,Persistencia,A_tiempo,576,144,multi-step-direct,-1.0121,1.754905,1.324728,0.934357,14.095,0.0853,-1.0107,0.0
111,F_PB,5,3,Persistencia,A_tiempo,576,144,multi-step-direct,-1.0114,1.727825,1.314468,0.938187,13.0279,0.133,-1.0131,0.0
111,F_PB,5,5,Persistencia,A_tiempo,575,144,multi-step-direct,-1.0133,1.730294,1.315406,0.939221,13.5919,0.2134,-1.0144,0.0
111,F_MED,5,1,Persistencia,A_tiempo,576,144,multi-step-direct,-0.2575,0.721634,0.84949,0.640085,12.477,0.0569,0.0578,0.0
111,F_MED,5,3,Persistencia,A_tiempo,576,144,multi-step-direct,-0.5062,0.830671,0.911411,0.702344,11.1548,0.1622,-0.4917,0.0
111,F_MED,5,5,Persistencia,A_tiempo,575,144,multi-step-direct,-0.6563,0.914767,0.956434,0.739964,12.3993,0.2616,-0.7681,0.0
111,F_N+PB,5,1,Persistencia,A_tiempo,576,144,multi-step-direct,-1.0122,1.754946,1.324744,0.934366,14.0916,0.0632,-1.0107,0.0
111,F_N+PB,5,3,Persistencia,A_tiempo,576,144,multi-step-direct,-1.0114,1.727847,1.314476,0.938194,13.032,0.2421,-1.0131,0.0
111,F_N+PB,5,5,Persistencia,A_tiempo,575,144,multi-step-direct,-1.0134,1.73036,1.315432,0.939246,13.5937,0.3144,-1.0144,0.0
111,F_N+MED,5,1,Persistencia,A_tiempo,576,144,multi-step-direct,-0.2664,0.726827,0.852541,0.643721,12.4774,0.0943,0.0567,0.0
111,F_N+MED,5,3,Persistencia,A_tiempo,576,144,multi-step-direct,-0.5184,0.837763,0.915294,0.70589,11.2219,0.1173,-0.4925,0.0
111,F_N+MED,5,5,Persistencia,A_tiempo,575,144,multi-step-direct,-0.6659,0.920586,0.959472,0.743076,12.4548,0.205,-0.7689,0.0
111,F_N+PB+MED,5,1,Persistencia,A_tiempo,576,144,multi-step-direct,-1.0409,1.75243,1.323794,0.982443,12.9882,0.0833,-0.9865,0.0
111,F_N+PB+MED,5,3,Persistencia,A_tiempo,576,144,multi-step-direct,-1.0377,1.727387,1.314301,0.989376,12.7301,0.1541,-0.9913,0.0
111,F_N+PB+MED,5,5,Persistencia,A_tiempo,575,144,multi-step-direct,-1.0482,1.730471,1.315473,0.992161,13.107,0.1661,-0.9939,0.0
112,F_SIN,5,1,Persistencia,A_tiempo,576,144,multi-step-direct,-0.59,0.983899,0.991917,0.727858,12.222,0.0911,-0.3131,0.0
112,F_SIN,5,3,Persistencia,A_tiempo,576,144,multi-step-direct,-0.6895,1.039231,1.019427,0.756854,10.8627,0.2096,-0.541,0.0
112,F_SIN,5,5,Persistencia,A_tiempo,575,144,multi-step-direct,-0.7137,1.04935,1.024378,0.767603,12.9773,0.3245,-0.6842,0.0
112,F_N,5,1,Persistencia,A_tiempo,576,144,multi-step-direct,-0.5888,0.983019,0.991473,0.727684,12.2176,0.1048,-0.3134,0.0
112,F_N,5,3,Persistencia,A_tiempo,576,144,multi-step-direct,-0.6884,1.038453,1.019045,0.756781,10.8661,0.1872,-0.5414,0.0
112,F_N,5,5,Persistencia,A_tiempo,575,144,multi-step-direct,-0.7128,1.048668,1.024045,0.767603,12.9605,0.3809,-0.6845,0.0
112,F_PB,5,1,Persistencia,A_tiempo,576,144,multi-step-direct,-0.7093,1.518753,1.232377,0.899003,14.6485,0.119,-0.8973,0.0
112,F_PB,5,3,Persistencia,A_tiempo,576,144,multi-step-direct,-0.7409,1.54325,1.242276,0.912857,12.4955,0.0898,-0.8956,0.0
112,F_PB,5,5,Persistencia,A_tiempo,575,144,multi-step-direct,-0.766,1.563676,1.25047,0.928786,15.7539,0.2572,-0.9099,0.0
112,F_MED,5,1,Persistencia,A_tiempo,576,144,multi-step-direct,-0.6069,0.683717,0.826872,0.651675,8.6932,0.1123,0.0886,0.0
112,F_MED,5,3,Persistencia,A_tiempo,576,144,multi-step-direct,-0.7947,0.755962,0.869461,0.698744,8.8013,0.1701,-0.3082,0.0
112,F_MED,5,5,Persistencia,A_tiempo,575,144,multi-step-direct,-0.8584,0.778607,0.882387,0.716162,8.722,0.2566,-0.5356,0.0
112,F_N+PB,5,1,Persistencia,A_tiempo,576,144,multi-step-direct,-0.7093,1.518738,1.232371,0.899014,14.6482,0.0817,-0.8973,0.0
112,F_N+PB,5,3,Persistencia,A_tiempo,576,144,multi-step-direct,-0.7409,1.543235,1.24227,0.912866,12.496,0.0796,-0.8956,0.0
112,F_N+PB,5,5,Persistencia,A_tiempo,575,144,multi-step-direct,-0.766,1.563672,1.250469,0.928801,15.7535,0.262,-0.9099,0.0
112,F_N+MED,5,1,Persistencia,A_tiempo,576,144,multi-step-direct,-0.605,0.683199,0.826558,0.651474,8.6995,0.0634,0.0888,0.0
112,F_N+MED,5,3,Persistencia,A_tiempo,576,144,multi-step-direct,-0.7915,0.755021,0.86892,0.698459,8.8147,0.2158,-0.3084,0.0
112,F_N+MED,5,5,Persistencia,A_tiempo,575,144,multi-step-direct,-0.8554,0.777765,0.88191,0.7159,8.728,0.3597,-0.5355,0.0
112,F_N+PB+MED,5,1,Persistencia,A_tiempo,576,144,multi-step-direct,-0.903,1.635162,1.278734,1.004518,10.7168,0.0738,-0.932,0.0
112,F_N+PB+MED,5,3,Persistencia,A_tiempo,576,144,multi-step-direct,-0.9563,1.683296,1.297419,1.030464,10.8484,0.2017,-0.9548,0.0
112,F_N+PB+MED,5,5,Persistencia,A_tiempo,575,144,multi-step-direct,-1.0239,1.742041,1.319864,1.059016,11.3651,0.2635,-0.994,0.0
113,F_SIN,5,1,Persistencia,A_tiempo,576,144,multi-step-direct,-0.9322,1.842247,1.357294,0.818797,17.3854,0.0482,-0.9546,0.0
113,F_SIN,5,3,Persistencia,A_tiempo,576,144,multi-step-direct,-1.0082,1.879184,1.370833,0.838657,15.696,0.1029,-1.0812,0.0
113,F_SIN,5,5,Persistencia,A_tiempo,575,144,multi-step-direct,-1.0228,1.896419,1.377105,0.848464,13.4548,0.26,-1.1206,0.0
113,F_N,5,1,Persistencia,A_tiempo,576,144,multi-step-direct,-0.9428,1.852244,1.360972,0.820026,17.4881,0.0621,-0.9558,0.0
113,F_N,5,3,Persistencia,A_tiempo,576,144,multi-step-direct,-1.0195,1.889573,1.374618,0.840194,15.8455,0.166,-1.0826,0.0
113,F_N,5,5,Persistencia,A_tiempo,575,144,multi-step-direct,-1.0339,1.906661,1.380819,0.850551,13.5533,0.1989,-1.122,0.0
113,F_PB,5,1,Persistencia,A_tiempo,576,144,multi-step-direct,-1.09,2.176253,1.475213,0.88483,19.2534,0.0652,-1.2141,0.0
113,F_PB,5,3,Persistencia,A_tiempo,576,144,multi-step-direct,-1.109,2.175036,1.4748,0.886687,17.2522,0.1582,-1.1993,0.0
113,F_PB,5,5,Persistencia,A_tiempo,575,144,multi-step-direct,-1.1076,2.184439,1.477985,0.890718,13.6338,0.3846,-1.1945,0.0
113,F_MED,5,1,Persistencia,A_tiempo,576,144,multi-step-direct,-0.8147,1.547315,1.243911,0.817581,12.0686,0.1116,-0.6042,0.0
113,F_MED,5,3,Persistencia,A_tiempo,576,144,multi-step-direct,-0.9157,1.581303,1.257499,0.839455,12.499,0.2504,-0.8777,0.0
113,F_MED,5,5,Persistencia,A_tiempo,575,144,multi-step-direct,-0.9461,1.603887,1.266447,0.851255,12.3469,0.2746,-0.9659,0.0
113,F_N+PB,5,1,Persistencia,A_tiempo,576,144,multi-step-direct,-1.0902,2.176485,1.475292,0.884921,19.256,0.0791,-1.2141,0.0
113,F_N+PB,5,3,Persistencia,A_tiempo,576,144,multi-step-direct,-1.1092,2.175289,1.474886,0.886799,17.2542,0.123,-1.1993,0.0
113,F_N+PB,5,5,Persistencia,A_tiempo,575,144,multi-step-direct,-1.1078,2.184665,1.478061,0.890808,13.6368,0.2546,-1.1944,0.0
113,F_N+MED,5,1,Persistencia,A_tiempo,576,144,multi-step-direct,-0.8164,1.54896,1.244572,0.818298,12.094,0.0713,-0.6052,0.0
113,F_N+MED,5,3,Persistencia,A_tiempo,576,144,multi-step-direct,-0.9168,1.58258,1.258006,0.84031,12.4832,0.1632,-0.8783,0.0
113,F_N+MED,5,5,Persistencia,A_tiempo,575,144,multi-step-direct,-0.9479,1.605886,1.267236,0.852198,12.3825,0.1882,-0.9662,0.0
113,F_N+PB+MED,5,1,Persistencia,A_tiempo,576,144,multi-step-direct,-1.0615,2.072607,1.439655,0.930053,11.9825,0.0914,-1.0832,0.0
113,F_N+PB+MED,5,3,Persistencia,A_tiempo,576,144,multi-step-direct,-1.0788,2.064856,1.436961,0.933003,11.8044,0.1041,-1.0697,0.0
113,F_N+PB+MED,5,5,Persistencia,A_tiempo,575,144,multi-step-direct,-1.0809,2.072878,1.439749,0.93616,11.5594,0.2831,-1.0614,0.0
114,F_SIN,5,1,Persistencia,A_tiempo,576,144,multi-step-direct,0.0419,2.410573,1.552602,1.133411,25.0301,0.099,-0.4959,0.0
114,F_SIN,5,3,Persistencia,A_tiempo,576,144,multi-step-direct,-0.5836,3.907824,1.976822,1.411497,30.0738,0.2434,-0.6603,0.0
114,F_SIN,5,5,Persistencia,A_tiempo,575,144,multi-step-direct,-0.945,4.798754,2.190606,1.529013,29.942,0.2723,-0.7524,0.0
114,F_N,5,1,Persistencia,A_tiempo,576,144,multi-step-direct,0.0549,2.384419,1.544156,1.123742,24.8688,0.1027,-0.4855,0.0
114,F_N,5,3,Persistencia,A_tiempo,576,144,multi-step-direct,-0.5704,3.88549,1.971165,1.405167,30.0086,0.1924,-0.6515,0.0
114,F_N,5,5,Persistencia,A_tiempo,575,144,multi-step-direct,-0.9298,4.774122,2.184976,1.523287,29.9286,0.2925,-0.7442,0.0
114,F_PB,5,1,Persistencia,A_tiempo,576,144,multi-step-direct,-1.2088,2.191288,1.4803,1.033023,18.5315,0.0675,-1.0316,0.0
114,F_PB,5,3,Persistencia,A_tiempo,576,144,multi-step-direct,-1.3663,2.204214,1.484659,1.052423,18.9305,0.178,-1.016,0.0
114,F_PB,5,5,Persistencia,A_tiempo,575,144,multi-step-direct,-1.364,2.232557,1.494174,1.059599,18.0534,0.2057,-1.0195,0.0
114,F_MED,5,1,Persistencia,A_tiempo,576,144,multi-step-direct,0.3271,2.19048,1.480027,1.081967,25.3104,0.0648,-0.186,0.0
114,F_MED,5,3,Persistencia,A_tiempo,576,144,multi-step-direct,-0.3569,4.4056,2.098952,1.465975,33.9528,0.1816,-0.4196,0.0
114,F_MED,5,5,Persistencia,A_tiempo,575,144,multi-step-direct,-0.7655,5.714867,2.390579,1.618665,35.1575,0.3048,-0.5447,0.0
114,F_N+PB,5,1,Persistencia,A_tiempo,576,144,multi-step-direct,-1.2086,2.190933,1.48018,1.032941,18.5298,0.0846,-1.0313,0.0
114,F_N+PB,5,3,Persistencia,A_tiempo,576,144,multi-step-direct,-1.3662,2.203778,1.484513,1.052328,18.9288,0.224,-1.0157,0.0
114,F_N+PB,5,5,Persistencia,A_tiempo,575,144,multi-step-direct,-1.3637,2.232206,1.494057,1.059553,18.0505,0.279,-1.0192,0.0
114,F_N+MED,5,1,Persistencia,A_tiempo,576,144,multi-step-direct,0.3306,2.178118,1.475845,1.079712,25.3673,0.1329,-0.1874,0.0
114,F_N+MED,5,3,Persistencia,A_tiempo,576,144,multi-step-direct,-0.3524,4.385138,2.094072,1.463603,33.8434,0.1637,-0.419,0.0
114,F_N+MED,5,5,Persistencia,A_tiempo,575,144,multi-step-direct,-0.7605,5.690971,2.385576,1.61654,35.1183,0.2518,-0.5431,0.0
114,F_N+PB+MED,5,1,Persistencia,A_tiempo,576,144,multi-step-direct,-1.0398,1.732711,1.316325,0.983006,15.2315,0.1176,-0.9791,0.0
114,F_N+PB+MED,5,3,Persistencia,A_tiempo,576,144,multi-step-direct,-1.162,1.817759,1.348243,1.022763,14.3624,0.1897,-0.9468,0.0
114,F_N+PB+MED,5,5,Persistencia,A_tiempo,575,144,multi-step-direct,-1.1858,1.846322,1.358794,1.033733,15.6879,0.2193,-0.9487,0.0
115,F_SIN,5,1,Persistencia,A_tiempo,576,144,multi-step-direct,-1.2051,2.072886,1.439752,0.659781,15.0962,0.0937,-0.6517,0.0
115,F_SIN,5,3,Persistencia,A_tiempo,576,144,multi-step-direct,-1.1846,2.086461,1.444459,0.700605,14.3321,0.1222,-0.8728,0.0
115,F_SIN,5,5,Persistencia,A_tiempo,575,144,multi-step-direct,-1.1905,2.111482,1.453094,0.725498,16.8678,0.3109,-0.9878,0.0
115,F_N,5,1,Persistencia,A_tiempo,576,144,multi-step-direct,-1.2065,2.074248,1.440225,0.659947,15.0962,0.1049,-0.6507,0.0
115,F_N,5,3,Persistencia,A_tiempo,576,144,multi-step-direct,-1.1861,2.087938,1.44497,0.700858,14.3476,0.3142,-0.8719,0.0
115,F_N,5,5,Persistencia,A_tiempo,575,144,multi-step-direct,-1.1919,2.112816,1.453553,0.725718,16.87,0.2322,-0.9869,0.0
115,F_PB,5,1,Persistencia,A_tiempo,576,144,multi-step-direct,-1.8396,2.7433,1.656291,0.744267,18.2963,0.0492,-1.1586,0.0
115,F_PB,5,3,Persistencia,A_tiempo,576,144,multi-step-direct,-1.8188,2.713616,1.647306,0.744175,12.4717,0.1607,-1.1786,0.0
115,F_PB,5,5,Persistencia,A_tiempo,575,144,multi-step-direct,-1.7967,2.720926,1.649523,0.745517,19.9041,0.3515,-1.1913,0.0
115,F_MED,5,1,Persistencia,A_tiempo,576,144,multi-step-direct,0.6052,0.339297,0.582492,0.439783,10.6192,0.069,0.4511,0.0
115,F_MED,5,3,Persistencia,A_tiempo,576,144,multi-step-direct,0.3146,0.629365,0.793325,0.548786,12.8041,0.166,-0.2095,0.0
115,F_MED,5,5,Persistencia,A_tiempo,575,144,multi-step-direct,0.1514,0.782462,0.884569,0.604992,13.7874,0.2705,-0.5629,0.0
115,F_N+PB,5,1,Persistencia,A_tiempo,576,144,multi-step-direct,-1.8394,2.743083,1.656225,0.744276,18.2937,0.0823,-1.1587,0.0
115,F_N+PB,5,3,Persistencia,A_tiempo,576,144,multi-step-direct,-1.8186,2.713398,1.647239,0.744185,12.4702,0.2175,-1.1786,0.0
115,F_N+PB,5,5,Persistencia,A_tiempo,575,144,multi-step-direct,-1.7965,2.72071,1.649457,0.745527,19.9022,0.2555,-1.1914,0.0
115,F_N+MED,5,1,Persistencia,A_tiempo,576,144,multi-step-direct,0.6052,0.339296,0.582491,0.440004,10.6325,0.0984,0.451,0.0
115,F_N+MED,5,3,Persistencia,A_tiempo,576,144,multi-step-direct,0.3144,0.629564,0.793451,0.549028,12.7911,0.2945,-0.2096,0.0
115,F_N+MED,5,5,Persistencia,A_tiempo,575,144,multi-step-direct,0.1519,0.782026,0.884322,0.605114,13.7997,0.2833,-0.5629,0.0
115,F_N+PB+MED,5,1,Persistencia,A_tiempo,576,144,multi-step-direct,-0.7983,1.573398,1.254352,0.968096,13.1226,0.0626,-1.0291,0.0
115,F_N+PB+MED,5,3,Persistencia,A_tiempo,576,144,multi-step-direct,-0.8528,1.607127,1.267725,0.986375,13.439,0.2568,-1.0753,0.0
115,F_N+PB+MED,5,5,Persistencia,A_tiempo,575,144,multi-step-direct,-0.8707,1.599436,1.264688,0.983354,13.1217,0.2486,-1.0945,0.0
116,F_SIN,5,1,Persistencia,A_tiempo,576,144,multi-step-direct,-0.4507,0.43354,0.658437,0.356391,7.1806,0.0707,-0.3343,0.0
116,F_SIN,5,3,Persistencia,A_tiempo,576,144,multi-step-direct,-0.646,0.488898,0.699213,0.401331,7.7373,0.1594,-0.5051,0.0
116,F_SIN,5,5,Persistencia,A_tiempo,575,144,multi-step-direct,-0.6789,0.514671,0.717405,0.422383,9.1073,0.2652,-0.5729,0.0
116,F_N,5,1,Persistencia,A_tiempo,576,144,multi-step-direct,-0.4487,0.432924,0.657969,0.356317,7.1758,0.0949,-0.3336,0.0
116,F_N,5,3,Persistencia,A_tiempo,576,144,multi-step-direct,-0.6441,0.488276,0.698768,0.40125,7.7265,0.1485,-0.5046,0.0
116,F_N,5,5,Persistencia,A_tiempo,575,144,multi-step-direct,-0.6769,0.514041,0.716966,0.422325,9.1009,0.2684,-0.5724,0.0
116,F_PB,5,1,Persistencia,A_tiempo,576,144,multi-step-direct,-0.8285,0.592766,0.769913,0.389596,7.8469,0.1534,-0.6693,0.0
116,F_PB,5,3,Persistencia,A_tiempo,576,144,multi-step-direct,-0.8669,0.584665,0.764634,0.387555,7.9328,0.1705,-0.67,0.0
116,F_PB,5,5,Persistencia,A_tiempo,575,144,multi-step-direct,-0.8628,0.594631,0.771123,0.392611,9.2876,0.3332,-0.6676,0.0
116,F_MED,5,1,Persistencia,A_tiempo,576,144,multi-step-direct,0.2775,0.18883,0.434546,0.28432,5.6133,0.034,0.037,0.0
116,F_MED,5,3,Persistencia,A_tiempo,576,144,multi-step-direct,-0.0472,0.282262,0.531283,0.363819,6.642,0.1436,-0.3423,0.0
116,F_MED,5,5,Persistencia,A_tiempo,575,144,multi-step-direct,-0.2454,0.356306,0.596914,0.401613,8.9901,0.284,-0.4869,0.0
116,F_N+PB,5,1,Persistencia,A_tiempo,576,144,multi-step-direct,-0.8284,0.592693,0.769866,0.389583,7.8463,0.0767,-0.6693,0.0
116,F_N+PB,5,3,Persistencia,A_tiempo,576,144,multi-step-direct,-0.8668,0.584592,0.764586,0.387541,7.932,0.1861,-0.67,0.0
116,F_N+PB,5,5,Persistencia,A_tiempo,575,144,multi-step-direct,-0.8627,0.594559,0.771076,0.392597,9.2869,0.3223,-0.6676,0.0
116,F_N+MED,5,1,Persistencia,A_tiempo,576,144,multi-step-direct,0.2777,0.188787,0.434496,0.284464,5.6028,0.1075,0.0369,0.0
116,F_N+MED,5,3,Persistencia,A_tiempo,576,144,multi-step-direct,-0.0479,0.282459,0.531469,0.36397,6.6416,0.1549,-0.3421,0.0
116,F_N+MED,5,5,Persistencia,A_tiempo,575,144,multi-step-direct,-0.2462,0.356551,0.597119,0.401734,8.9881,0.2055,-0.4867,0.0
116,F_N+PB+MED,5,1,Persistencia,A_tiempo,576,144,multi-step-direct,-0.4911,0.410256,0.640512,0.422805,5.7754,0.1031,-0.74,0.0
116,F_N+PB+MED,5,3,Persistencia,A_tiempo,576,144,multi-step-direct,-0.4975,0.402229,0.634215,0.425487,6.4846,0.1748,-0.7273,0.0
116,F_N+PB+MED,5,5,Persistencia,A_tiempo,575,144,multi-step-direct,-0.5008,0.423903,0.651078,0.435654,11.7003,0.27,-0.7184,0.0
117,F_SIN,5,1,Persistencia,A_tiempo,576,144,multi-step-direct,-0.8106,1.418621,1.191059,0.832347,13.6491,0.0539,-0.4495,0.0
117,F_SIN,5,3,Persistencia,A_tiempo,576,144,multi-step-direct,-0.7907,1.411232,1.187953,0.845679,13.5535,0.183,-0.552,0.0
117,F_SIN,5,5,Persistencia,A_tiempo,575,144,multi-step-direct,-0.8251,1.434285,1.197616,0.854142,13.7863,0.3447,-0.6228,0.0
117,F_N,5,1,Persistencia,A_tiempo,576,144,multi-step-direct,-0.8103,1.418362,1.19095,0.832433,13.6541,0.0934,-0.4498,0.0
117,F_N,5,3,Persistencia,A_tiempo,576,144,multi-step-direct,-0.7904,1.410936,1.187828,0.845703,13.5357,0.1865,-0.5523,0.0
117,F_N,5,5,Persistencia,A_tiempo,575,144,multi-step-direct,-0.8245,1.433829,1.197426,0.854121,13.7771,0.2485,-0.623,0.0
117,F_PB,5,1,Persistencia,A_tiempo,576,144,multi-step-direct,-1.4165,2.027091,1.423759,0.97312,12.7849,0.0826,-1.0071,0.0
117,F_PB,5,3,Persistencia,A_tiempo,576,144,multi-step-direct,-1.298,1.945569,1.394837,0.936828,13.2148,0.1771,-0.9229,0.0
117,F_PB,5,5,Persistencia,A_tiempo,575,144,multi-step-direct,-1.267,1.920338,1.385763,0.92437,13.3215,0.4149,-0.898,0.0
117,F_MED,5,1,Persistencia,A_tiempo,576,144,multi-step-direct,-0.4652,1.124774,1.060554,0.725195,12.2154,0.0843,-0.2571,0.0
117,F_MED,5,3,Persistencia,A_tiempo,576,144,multi-step-direct,-0.4801,1.140314,1.067855,0.757037,12.6865,0.25,-0.3742,0.0
117,F_MED,5,5,Persistencia,A_tiempo,575,144,multi-step-direct,-0.509,1.154911,1.074668,0.76897,13.2341,0.2104,-0.4674,0.0
117,F_N+PB,5,1,Persistencia,A_tiempo,576,144,multi-step-direct,-1.4164,2.027019,1.423734,0.973124,12.7842,0.1399,-1.0071,0.0
117,F_N+PB,5,3,Persistencia,A_tiempo,576,144,multi-step-direct,-1.2979,1.945498,1.394811,0.936831,13.2141,0.1601,-0.9229,0.0
117,F_N+PB,5,5,Persistencia,A_tiempo,575,144,multi-step-direct,-1.2669,1.92025,1.385731,0.924368,13.3206,0.2659,-0.898,0.0
117,F_N+MED,5,1,Persistencia,A_tiempo,576,144,multi-step-direct,-0.4659,1.125148,1.06073,0.72544,12.2283,0.08,-0.2567,0.0
117,F_N+MED,5,3,Persistencia,A_tiempo,576,144,multi-step-direct,-0.4811,1.140971,1.068162,0.757224,12.6717,0.147,-0.3737,0.0
117,F_N+MED,5,5,Persistencia,A_tiempo,575,144,multi-step-direct,-0.5099,1.155455,1.074921,0.769073,13.2368,0.2826,-0.4669,0.0
117,F_N+PB+MED,5,1,Persistencia,A_tiempo,576,144,multi-step-direct,-1.234,1.892495,1.37568,0.908234,10.6596,0.0636,-1.0967,0.0
117,F_N+PB+MED,5,3,Persistencia,A_tiempo,576,144,multi-step-direct,-1.0387,1.749928,1.322848,0.857839,11.148,0.3047,-0.9428,0.0
117,F_N+PB+MED,5,5,Persistencia,A_tiempo,575,144,multi-step-direct,-0.9919,1.704415,1.305532,0.842546,11.668,0.4109,-0.9051,0.0
118,F_SIN,5,1,Persistencia,A_tiempo,576,144,multi-step-direct,-0.8082,1.9394,1.392623,0.887155,15.9839,0.0617,-1.0409,0.0
118,F_SIN,5,3,Persistencia,A_tiempo,576,144,multi-step-direct,-0.8656,1.975424,1.405498,0.913138,16.403,0.2164,-1.1,0.0
118,F_SIN,5,5,Persistencia,A_tiempo,575,144,multi-step-direct,-0.899,1.975383,1.405483,0.918612,15.3281,0.2845,-1.1434,0.0
118,F_N,5,1,Persistencia,A_tiempo,576,144,multi-step-direct,-0.8082,1.939297,1.392587,0.887415,15.9914,0.0868,-1.0409,0.0
118,F_N,5,3,Persistencia,A_tiempo,576,144,multi-step-direct,-0.8656,1.975254,1.405437,0.913357,16.4014,0.1862,-1.1,0.0
118,F_N,5,5,Persistencia,A_tiempo,575,144,multi-step-direct,-0.8989,1.975078,1.405375,0.91879,15.3253,0.2838,-1.1434,0.0
118,F_PB,5,1,Persistencia,A_tiempo,576,144,multi-step-direct,-0.9036,2.278698,1.509536,0.956172,16.6917,0.0614,-1.3704,0.0
118,F_PB,5,3,Persistencia,A_tiempo,576,144,multi-step-direct,-0.9184,2.272395,1.507447,0.964645,17.2433,0.1652,-1.3845,0.0
118,F_PB,5,5,Persistencia,A_tiempo,575,144,multi-step-direct,-0.9401,2.260836,1.503608,0.962599,15.863,0.3854,-1.381,0.0
118,F_MED,5,1,Persistencia,A_tiempo,576,144,multi-step-direct,-0.6858,1.593121,1.262189,0.807439,13.167,0.0594,-0.4985,0.0
118,F_MED,5,3,Persistencia,A_tiempo,576,144,multi-step-direct,-0.8006,1.666389,1.290887,0.851861,13.6865,0.2253,-0.6969,0.0
118,F_MED,5,5,Persistencia,A_tiempo,575,144,multi-step-direct,-0.8573,1.684556,1.297904,0.869066,13.2014,0.3394,-0.7877,0.0
118,F_N+PB,5,1,Persistencia,A_tiempo,576,144,multi-step-direct,-0.9035,2.278619,1.50951,0.956167,16.6914,0.1216,-1.3703,0.0
118,F_N+PB,5,3,Persistencia,A_tiempo,576,144,multi-step-direct,-0.9183,2.272317,1.507421,0.964643,17.2431,0.229,-1.3845,0.0
118,F_N+PB,5,5,Persistencia,A_tiempo,575,144,multi-step-direct,-0.94,2.260755,1.503581,0.962595,15.862,0.4148,-1.381,0.0
118,F_N+MED,5,1,Persistencia,A_tiempo,576,144,multi-step-direct,-0.6856,1.590384,1.261104,0.806953,13.1824,0.1319,-0.4988,0.0
118,F_N+MED,5,3,Persistencia,A_tiempo,576,144,multi-step-direct,-0.8005,1.664159,1.290023,0.851574,13.6915,0.2317,-0.6973,0.0
118,F_N+MED,5,5,Persistencia,A_tiempo,575,144,multi-step-direct,-0.8571,1.682275,1.297025,0.868857,13.1997,0.3,-0.7883,0.0
118,F_N+PB+MED,5,1,Persistencia,A_tiempo,576,144,multi-step-direct,-0.9406,2.321391,1.523611,0.977207,13.3687,0.1045,-1.1396,0.0
118,F_N+PB+MED,5,3,Persistencia,A_tiempo,576,144,multi-step-direct,-0.9824,2.335545,1.528249,0.993454,14.0577,0.1426,-1.2501,0.0
118,F_N+PB+MED,5,5,Persistencia,A_tiempo,575,144,multi-step-direct,-1.0079,2.3275,1.525615,0.995265,13.805,0.2845,-1.2419,0.0
119,F_SIN,5,1,Persistencia,A_tiempo,576,144,multi-step-direct,-0.7767,1.669335,1.292027,0.706623,14.1396,0.1569,-0.7806,0.0
119,F_SIN,5,3,Persistencia,A_tiempo,576,144,multi-step-direct,-0.8109,1.751588,1.323476,0.751607,15.9465,0.1834,-0.7796,0.0
119,F_SIN,5,5,Persistencia,A_tiempo,575,144,multi-step-direct,-0.8075,1.793997,1.339402,0.765165,16.2825,0.3067,-0.7946,0.0
119,F_N,5,1,Persistencia,A_tiempo,576,144,multi-step-direct,-0.7771,1.669698,1.292168,0.706719,14.135,0.0701,-0.7811,0.0
119,F_N,5,3,Persistencia,A_tiempo,576,144,multi-step-direct,-0.811,1.751688,1.323513,0.75152,15.9554,0.3181,-0.7801,0.0
119,F_N,5,5,Persistencia,A_tiempo,575,144,multi-step-direct,-0.8076,1.794046,1.33942,0.765042,16.2775,0.3235,-0.7951,0.0
119,F_PB,5,1,Persistencia,A_tiempo,576,144,multi-step-direct,-0.9106,1.751105,1.323293,0.71091,13.3295,0.1257,-0.8768,0.0
119,F_PB,5,3,Persistencia,A_tiempo,576,144,multi-step-direct,-0.9011,1.769677,1.330292,0.7211,14.1156,0.2745,-0.8343,0.0
119,F_PB,5,5,Persistencia,A_tiempo,575,144,multi-step-direct,-0.8745,1.782966,1.335278,0.725257,15.2591,0.1456,-0.8352,0.0
119,F_MED,5,1,Persistencia,A_tiempo,576,144,multi-step-direct,-0.7195,1.578412,1.256349,0.64138,12.8623,0.0487,-0.802,0.0
119,F_MED,5,3,Persistencia,A_tiempo,576,144,multi-step-direct,-0.7665,1.705127,1.305805,0.70804,17.0482,0.1619,-0.8004,0.0
119,F_MED,5,5,Persistencia,A_tiempo,575,144,multi-step-direct,-0.7876,1.787793,1.337084,0.729917,18.2771,0.2721,-0.8258,0.0
119,F_N+PB,5,1,Persistencia,A_tiempo,576,144,multi-step-direct,-0.9106,1.751098,1.323291,0.710911,13.3295,0.1165,-0.8769,0.0
119,F_N+PB,5,3,Persistencia,A_tiempo,576,144,multi-step-direct,-0.9011,1.769669,1.330289,0.721105,14.1169,0.2178,-0.8344,0.0
119,F_N+PB,5,5,Persistencia,A_tiempo,575,144,multi-step-direct,-0.8745,1.78296,1.335275,0.725261,15.2599,0.368,-0.8352,0.0
119,F_N+MED,5,1,Persistencia,A_tiempo,576,144,multi-step-direct,-0.7195,1.578565,1.25641,0.641108,12.853,0.1324,-0.8017,0.0
119,F_N+MED,5,3,Persistencia,A_tiempo,576,144,multi-step-direct,-0.7664,1.705136,1.305809,0.70787,17.0589,0.2913,-0.8002,0.0
119,F_N+MED,5,5,Persistencia,A_tiempo,575,144,multi-step-direct,-0.7874,1.787796,1.337085,0.729794,18.2866,0.2528,-0.8256,0.0
119,F_N+PB+MED,5,1,Persistencia,A_tiempo,576,144,multi-step-direct,-0.9188,1.676202,1.294682,0.648863,10.2987,0.0615,-0.9384,0.0
119,F_N+PB+MED,5,3,Persistencia,A_tiempo,576,144,multi-step-direct,-0.9095,1.722972,1.31262,0.672165,16.247,0.1962,-0.8791,0.0
119,F_N+PB+MED,5,5,Persistencia,A_tiempo,575,144,multi-step-direct,-0.8781,1.751768,1.323544,0.68078,18.7535,0.2788,-0.888,0.0
121,F_SIN,5,1,Persistencia,A_tiempo,576,144,multi-step-direct,0.6309,1.60709,1.267711,0.818212,22.7145,0.0794,-0.162,0.0
121,F_SIN,5,3,Persistencia,A_tiempo,576,144,multi-step-direct,0.1341,3.987324,1.996829,1.26432,33.614,0.1926,-0.4344,0.0
121,F_SIN,5,5,Persistencia,A_tiempo,575,144,multi-step-direct,-0.2301,5.682423,2.383783,1.526853,31.7893,0.381,-0.6377,0.0
121,F_N,5,1,Persistencia,A_tiempo,576,144,multi-step-direct,0.631,1.606773,1.267585,0.818284,22.7194,0.1011,-0.1625,0.0
121,F_N,5,3,Persistencia,A_tiempo,576,144,multi-step-direct,0.134,3.987658,1.996912,1.264539,33.6195,0.2022,-0.435,0.0
121,F_N,5,5,Persistencia,A_tiempo,575,144,multi-step-direct,-0.2303,5.683923,2.384098,1.527133,31.8007,0.4733,-0.6385,0.0
121,F_PB,5,1,Persistencia,A_tiempo,576,144,multi-step-direct,-0.6697,1.551352,1.245533,0.784451,14.0681,0.1299,-0.8923,0.0
121,F_PB,5,3,Persistencia,A_tiempo,576,144,multi-step-direct,-0.6766,1.643353,1.281933,0.814504,13.871,0.2887,-0.892,0.0
121,F_PB,5,5,Persistencia,A_tiempo,575,144,multi-step-direct,-0.6853,1.645147,1.282633,0.818402,13.1781,0.2559,-0.8971,0.0
121,F_MED,5,1,Persistencia,A_tiempo,576,144,multi-step-direct,0.7316,1.743163,1.320289,0.869178,24.9318,0.0565,0.2508,0.0
121,F_MED,5,3,Persistencia,A_tiempo,576,144,multi-step-direct,0.2104,5.432015,2.330668,1.447212,39.9843,0.1751,-0.2037,0.0
121,F_MED,5,5,Persistencia,A_tiempo,575,144,multi-step-direct,-0.179,8.142096,2.853436,1.79542,38.5351,0.3154,-0.5355,0.0
121,F_N+PB,5,1,Persistencia,A_tiempo,576,144,multi-step-direct,-0.6697,1.551343,1.245529,0.784447,14.0683,0.0541,-0.8924,0.0
121,F_N+PB,5,3,Persistencia,A_tiempo,576,144,multi-step-direct,-0.6766,1.643349,1.281932,0.814502,13.8703,0.1818,-0.892,0.0
121,F_N+PB,5,5,Persistencia,A_tiempo,575,144,multi-step-direct,-0.6853,1.645144,1.282632,0.818399,13.178,0.2805,-0.8971,0.0
121,F_N+MED,5,1,Persistencia,A_tiempo,576,144,multi-step-direct,0.7313,1.744613,1.320838,0.869843,24.9523,0.1262,0.2509,0.0
121,F_N+MED,5,3,Persistencia,A_tiempo,576,144,multi-step-direct,0.2103,5.432439,2.330759,1.447296,39.9791,0.1976,-0.2033,0.0
121,F_N+MED,5,5,Persistencia,A_tiempo,575,144,multi-step-direct,-0.1792,8.142235,2.85346,1.79536,38.5314,0.3937,-0.535,0.0
121,F_N+PB+MED,5,1,Persistencia,A_tiempo,576,144,multi-step-direct,-0.7519,1.882779,1.372144,0.991442,16.4819,0.0904,-0.8928,0.0
121,F_N+PB+MED,5,3,Persistencia,A_tiempo,576,144,multi-step-direct,-0.734,2.06535,1.437133,1.043348,16.4241,0.1887,-0.8915,0.0
121,F_N+PB+MED,5,5,Persistencia,A_tiempo,575,144,multi-step-direct,-0.7419,2.088406,1.445132,1.056343,15.6134,0.3071,-0.9005,0.0
122,F_SIN,5,1,Persistencia,A_tiempo,576,144,multi-step-direct,-1.4136,2.439218,1.5618,0.81505,12.4896,0.125,-0.9614,0.0
122,F_SIN,5,3,Persistencia,A_tiempo,576,144,multi-step-direct,-1.4139,2.49611,1.579908,0.848494,12.4767,0.2166,-1.024,0.0
122,F_SIN,5,5,Persistencia,A_tiempo,575,144,multi-step-direct,-1.412,2.488716,1.577566,0.848302,11.015,0.2842,-1.035,0.0
122,F_N,5,1,Persistencia,A_tiempo,576,144,multi-step-direct,-1.4113,2.437257,1.561172,0.814402,12.4847,0.1111,-0.9622,0.0
122,F_N,5,3,Persistencia,A_tiempo,576,144,multi-step-direct,-1.4116,2.49411,1.579275,0.847869,12.462,0.1874,-1.0248,0.0
122,F_N,5,5,Persistencia,A_tiempo,575,144,multi-step-direct,-1.4096,2.486747,1.576942,0.847626,11.0085,0.3652,-1.0357,0.0
122,F_PB,5,1,Persistencia,A_tiempo,576,144,multi-step-direct,-1.5254,2.600367,1.612565,0.82767,11.6276,0.0732,-1.0808,0.0
122,F_PB,5,3,Persistencia,A_tiempo,576,144,multi-step-direct,-1.4809,2.619434,1.618467,0.83479,11.3712,0.1727,-1.0989,0.0
122,F_PB,5,5,Persistencia,A_tiempo,575,144,multi-step-direct,-1.4809,2.615327,1.617197,0.834628,10.4453,0.335,-1.0976,0.0
122,F_MED,5,1,Persistencia,A_tiempo,576,144,multi-step-direct,-0.5752,1.36736,1.169342,0.858285,13.8447,0.1472,-0.3104,0.0
122,F_MED,5,3,Persistencia,A_tiempo,576,144,multi-step-direct,-0.8087,1.588415,1.260323,0.94687,14.7822,0.2865,-0.5783,0.0
122,F_MED,5,5,Persistencia,A_tiempo,575,144,multi-step-direct,-0.8052,1.587066,1.259788,0.948125,14.4311,0.2827,-0.6627,0.0
122,F_N+PB,5,1,Persistencia,A_tiempo,576,144,multi-step-direct,-1.5253,2.600299,1.612544,0.827654,11.6281,0.0457,-1.0808,0.0
122,F_N+PB,5,3,Persistencia,A_tiempo,576,144,multi-step-direct,-1.4809,2.61937,1.618447,0.834777,11.3713,0.2017,-1.0989,0.0
122,F_N+PB,5,5,Persistencia,A_tiempo,575,144,multi-step-direct,-1.4809,2.615265,1.617178,0.834617,10.4448,0.2925,-1.0976,0.0
122,F_N+MED,5,1,Persistencia,A_tiempo,576,144,multi-step-direct,-0.5803,1.372699,1.171622,0.859714,13.8116,0.0938,-0.3139,0.0
122,F_N+MED,5,3,Persistencia,A_tiempo,576,144,multi-step-direct,-0.8138,1.593625,1.262389,0.948275,14.736,0.1919,-0.5816,0.0
122,F_N+MED,5,5,Persistencia,A_tiempo,575,144,multi-step-direct,-0.8093,1.591667,1.261613,0.949273,14.4459,0.3013,-0.6658,0.0
122,F_N+PB+MED,5,1,Persistencia,A_tiempo,576,144,multi-step-direct,-1.1557,2.093664,1.44695,1.033054,13.3874,0.0625,-0.9979,0.0
122,F_N+PB+MED,5,3,Persistencia,A_tiempo,576,144,multi-step-direct,-1.1023,2.105642,1.451083,1.043057,14.1153,0.1891,-1.0234,0.0
122,F_N+PB+MED,5,5,Persistencia,A_tiempo,575,144,multi-step-direct,-1.1003,2.1096,1.452446,1.046024,14.6841,0.4478,-1.0247,0.0
123,F_SIN,5,1,Persistencia,A_tiempo,576,144,multi-step-direct,-0.9508,2.086627,1.444516,0.731409,17.6187,0.0992,-0.6272,0.0
123,F_SIN,5,3,Persistencia,A_tiempo,576,144,multi-step-direct,-0.9777,2.113522,1.453796,0.762874,15.6554,0.2827,-0.7359,0.0
123,F_SIN,5,5,Persistencia,A_tiempo,575,144,multi-step-direct,-0.9776,2.119924,1.455996,0.777969,16.9716,0.4849,-0.7839,0.0
123,F_N,5,1,Persistencia,A_tiempo,576,144,multi-step-direct,-0.954,2.090045,1.445699,0.731937,17.6296,0.1256,-0.6275,0.0
123,F_N,5,3,Persistencia,A_tiempo,576,144,multi-step-direct,-0.9811,2.11711,1.455029,0.763535,15.6724,0.1973,-0.7364,0.0
123,F_N,5,5,Persistencia,A_tiempo,575,144,multi-step-direct,-0.981,2.123536,1.457236,0.778587,16.9998,0.2677,-0.7843,0.0
123,F_PB,5,1,Persistencia,A_tiempo,576,144,multi-step-direct,-1.079,2.247269,1.49909,0.754751,17.756,0.0626,-0.8199,0.0
123,F_PB,5,3,Persistencia,A_tiempo,576,144,multi-step-direct,-1.074,2.239929,1.496639,0.747844,15.2748,0.2913,-0.8009,0.0
123,F_PB,5,5,Persistencia,A_tiempo,575,144,multi-step-direct,-1.0924,2.253624,1.501208,0.758059,17.3036,0.3527,-0.7964,0.0
123,F_MED,5,1,Persistencia,A_tiempo,576,144,multi-step-direct,-0.1724,1.100496,1.049045,0.754057,14.3714,0.0971,-0.2183,0.0
123,F_MED,5,3,Persistencia,A_tiempo,576,144,multi-step-direct,-0.3587,1.347365,1.16076,0.849364,14.6591,0.2183,-0.7425,0.0
123,F_MED,5,5,Persistencia,A_tiempo,575,144,multi-step-direct,-0.4835,1.538202,1.240243,0.902967,14.3959,0.3201,-0.9776,0.0
123,F_N+PB,5,1,Persistencia,A_tiempo,576,144,multi-step-direct,-1.0791,2.247351,1.499117,0.75479,17.7558,0.0932,-0.82,0.0
123,F_N+PB,5,3,Persistencia,A_tiempo,576,144,multi-step-direct,-1.0741,2.24001,1.496666,0.747882,15.2749,0.3038,-0.801,0.0
123,F_N+PB,5,5,Persistencia,A_tiempo,575,144,multi-step-direct,-1.0924,2.253712,1.501237,0.758099,17.3051,0.4936,-0.7965,0.0
123,F_N+MED,5,1,Persistencia,A_tiempo,576,144,multi-step-direct,-0.1723,1.100599,1.049094,0.754082,14.3766,0.1175,-0.2185,0.0
123,F_N+MED,5,3,Persistencia,A_tiempo,576,144,multi-step-direct,-0.359,1.347957,1.161015,0.849633,14.6914,0.1713,-0.7428,0.0
123,F_N+MED,5,5,Persistencia,A_tiempo,575,144,multi-step-direct,-0.4839,1.539049,1.240584,0.903299,14.4025,0.2393,-0.9778,0.0
123,F_N+PB+MED,5,1,Persistencia,A_tiempo,576,144,multi-step-direct,-0.9459,1.890037,1.374786,0.966292,12.8619,0.1636,-1.262,0.0
123,F_N+PB+MED,5,3,Persistencia,A_tiempo,576,144,multi-step-direct,-0.8103,1.874842,1.369249,0.953912,13.6155,0.1975,-1.1476,0.0
123,F_N+PB+MED,5,5,Persistencia,A_tiempo,575,144,multi-step-direct,-0.9176,2.013582,1.419008,0.986425,13.7028,0.2836,-1.1341,0.0
124,F_SIN,5,1,Persistencia,A_tiempo,576,144,multi-step-direct,-1.1425,1.388572,1.178377,0.626067,11.6955,0.0737,-0.3782,0.0
124,F_SIN,5,3,Persistencia,A_tiempo,576,144,multi-step-direct,-1.2185,1.444016,1.201672,0.65857,12.281,0.1804,-0.6255,0.0
124,F_SIN,5,5,Persistencia,A_tiempo,575,144,multi-step-direct,-1.2584,1.478971,1.216129,0.676616,9.9392,0.3965,-0.787,0.0
124,F_N,5,1,Persistencia,A_tiempo,576,144,multi-step-direct,-1.1418,1.388099,1.178176,0.625801,11.6906,0.1188,-0.3783,0.0
124,F_N,5,3,Persistencia,A_tiempo,576,144,multi-step-direct,-1.2178,1.443514,1.201463,0.658384,12.28,0.2367,-0.6255,0.0
124,F_N,5,5,Persistencia,A_tiempo,575,144,multi-step-direct,-1.2576,1.478428,1.215906,0.676422,9.9318,0.2895,-0.7871,0.0
124,F_PB,5,1,Persistencia,A_tiempo,576,144,multi-step-direct,-1.3386,2.173538,1.474292,0.76209,12.9093,0.0615,-1.0501,0.0
124,F_PB,5,3,Persistencia,A_tiempo,576,144,multi-step-direct,-1.314,2.153231,1.467389,0.753689,13.3171,0.1502,-1.0021,0.0
124,F_PB,5,5,Persistencia,A_tiempo,575,144,multi-step-direct,-1.3032,2.151854,1.46692,0.751344,10.5064,0.3151,-1.002,0.0
124,F_MED,5,1,Persistencia,A_tiempo,576,144,multi-step-direct,-0.5839,0.579585,0.761305,0.540784,8.9021,0.0589,0.2789,0.0
124,F_MED,5,3,Persistencia,A_tiempo,576,144,multi-step-direct,-0.8133,0.668176,0.81742,0.590087,9.5018,0.1677,-0.2189,0.0
124,F_MED,5,5,Persistencia,A_tiempo,575,144,multi-step-direct,-0.9347,0.718391,0.84758,0.615995,9.5001,0.1991,-0.517,0.0
124,F_N+PB,5,1,Persistencia,A_tiempo,576,144,multi-step-direct,-1.3386,2.173517,1.474285,0.76209,12.9089,0.0666,-1.0501,0.0
124,F_N+PB,5,3,Persistencia,A_tiempo,576,144,multi-step-direct,-1.314,2.15321,1.467382,0.753689,13.3168,0.0815,-1.0021,0.0
124,F_N+PB,5,5,Persistencia,A_tiempo,575,144,multi-step-direct,-1.3032,2.151832,1.466912,0.751342,10.5063,0.2939,-1.002,0.0
124,F_N+MED,5,1,Persistencia,A_tiempo,576,144,multi-step-direct,-0.5824,0.578382,0.760515,0.540457,8.8901,0.1968,0.2799,0.0
124,F_N+MED,5,3,Persistencia,A_tiempo,576,144,multi-step-direct,-0.8114,0.666777,0.816564,0.589723,9.4957,0.2636,-0.2179,0.0
124,F_N+MED,5,5,Persistencia,A_tiempo,575,144,multi-step-direct,-0.9328,0.716937,0.846721,0.61561,9.4913,0.3064,-0.5162,0.0
124,F_N+PB+MED,5,1,Persistencia,A_tiempo,576,144,multi-step-direct,-1.1441,1.867151,1.366437,0.967502,11.7345,0.0906,-0.9483,0.0
124,F_N+PB+MED,5,3,Persistencia,A_tiempo,576,144,multi-step-direct,-1.1114,1.826234,1.351382,0.952607,13.1922,0.2147,-0.9063,0.0
124,F_N+PB+MED,5,5,Persistencia,A_tiempo,575,144,multi-step-direct,-1.1003,1.815478,1.347397,0.947509,13.4871,0.2557,-0.8897,0.0
200,F_SIN,5,1,Persistencia,A_tiempo,576,144,multi-step-direct,-1.2517,1.979065,1.406793,0.858748,16.5681,0.0736,-0.9289,0.0
200,F_SIN,5,3,Persistencia,A_tiempo,576,144,multi-step-direct,-1.2652,1.919278,1.38538,0.867484,18.0059,0.1599,-0.9229,0.0
200,F_SIN,5,5,Persistencia,A_tiempo,575,144,multi-step-direct,-1.2854,1.901798,1.379057,0.868104,16.4376,0.2352,-0.9207,0.0
200,F_N,5,1,Persistencia,A_tiempo,576,144,multi-step-direct,-1.2538,1.98106,1.407501,0.85888,16.5707,0.0381,-0.9285,0.0
200,F_N,5,3,Persistencia,A_tiempo,576,144,multi-step-direct,-1.2675,1.921344,1.386126,0.867476,17.9713,0.1646,-0.9224,0.0
200,F_N,5,5,Persistencia,A_tiempo,575,144,multi-step-direct,-1.2871,1.903387,1.379633,0.868106,16.3939,0.2871,-0.9204,0.0
200,F_PB,5,1,Persistencia,A_tiempo,576,144,multi-step-direct,-1.3595,2.059936,1.435248,0.861292,16.3438,0.1561,-0.9802,0.0
200,F_PB,5,3,Persistencia,A_tiempo,576,144,multi-step-direct,-1.3448,1.994143,1.412141,0.853962,17.488,0.3725,-0.9665,0.0
200,F_PB,5,5,Persistencia,A_tiempo,575,144,multi-step-direct,-1.3015,1.936033,1.391414,0.840231,16.2191,0.2748,-0.9566,0.0
200,F_MED,5,1,Persistencia,A_tiempo,576,144,multi-step-direct,-1.1963,2.071562,1.439292,0.86516,16.8241,0.1159,-0.9507,0.0
200,F_MED,5,3,Persistencia,A_tiempo,576,144,multi-step-direct,-1.2893,2.043009,1.429339,0.893153,17.9447,0.2418,-0.9352,0.0
200,F_MED,5,5,Persistencia,A_tiempo,575,144,multi-step-direct,-1.4035,2.071396,1.439235,0.909731,16.5583,0.3028,-0.9518,0.0
200,F_N+PB,5,1,Persistencia,A_tiempo,576,144,multi-step-direct,-1.3595,2.059994,1.435268,0.861297,16.344,0.1094,-0.9802,0.0
200,F_N+PB,5,3,Persistencia,A_tiempo,576,144,multi-step-direct,-1.3448,1.994191,1.412158,0.853963,17.4869,0.1517,-0.9665,0.0
200,F_N+PB,5,5,Persistencia,A_tiempo,575,144,multi-step-direct,-1.3015,1.936064,1.391425,0.840233,16.2178,0.3243,-0.9566,0.0
200,F_N+MED,5,1,Persistencia,A_tiempo,576,144,multi-step-direct,-1.202,2.074307,1.440245,0.86551,16.8714,0.0651,-0.9481,0.0
200,F_N+MED,5,3,Persistencia,A_tiempo,576,144,multi-step-direct,-1.2929,2.044557,1.42988,0.892824,18.0149,0.1831,-0.9327,0.0
200,F_N+MED,5,5,Persistencia,A_tiempo,575,144,multi-step-direct,-1.407,2.072732,1.439699,0.909462,16.5967,0.2679,-0.9492,0.0
200,F_N+PB+MED,5,1,Persistencia,A_tiempo,576,144,multi-step-direct,-1.4122,2.255371,1.501789,0.880235,16.5552,0.1105,-1.0607,0.0
200,F_N+PB+MED,5,3,Persistencia,A_tiempo,576,144,multi-step-direct,-1.389,2.148614,1.465815,0.873096,17.9942,0.306,-1.0156,0.0
200,F_N+PB+MED,5,5,Persistencia,A_tiempo,575,144,multi-step-direct,-1.4355,2.138251,1.462276,0.877057,16.194,0.3643,-1.0079,0.0
201,F_SIN,5,1,Persistencia,A_tiempo,576,144,multi-step-direct,-0.8781,1.70813,1.306954,0.687143,13.6929,0.0912,-0.6166,0.0
201,F_SIN,5,3,Persistencia,A_tiempo,576,144,multi-step-direct,-0.8893,1.754153,1.324444,0.720552,13.514,0.1953,-0.8279,0.0
201,F_SIN,5,5,Persistencia,A_tiempo,575,144,multi-step-direct,-0.9165,1.785211,1.336118,0.733848,13.0054,0.3019,-0.9697,0.0
201,F_N,5,1,Persistencia,A_tiempo,576,144,multi-step-direct,-0.8678,1.698686,1.303336,0.682459,13.7518,0.105,-0.6171,0.0
201,F_N,5,3,Persistencia,A_tiempo,576,144,multi-step-direct,-0.8792,1.744719,1.320878,0.716126,13.5289,0.2253,-0.8287,0.0
201,F_N,5,5,Persistencia,A_tiempo,575,144,multi-step-direct,-0.9062,1.775531,1.33249,0.729654,12.9936,0.2983,-0.9712,0.0
201,F_PB,5,1,Persistencia,A_tiempo,576,144,multi-step-direct,-0.9467,2.01171,1.418347,0.708789,13.6004,0.0374,-0.955,0.0
201,F_PB,5,3,Persistencia,A_tiempo,576,144,multi-step-direct,-0.9313,2.036169,1.426944,0.724033,13.6885,0.1393,-0.9366,0.0
201,F_PB,5,5,Persistencia,A_tiempo,575,144,multi-step-direct,-0.9379,2.049118,1.431474,0.726737,13.0236,0.2285,-0.9382,0.0
201,F_MED,5,1,Persistencia,A_tiempo,576,144,multi-step-direct,-0.5923,0.708436,0.841686,0.572804,10.83,0.1555,-0.1607,0.0
201,F_MED,5,3,Persistencia,A_tiempo,576,144,multi-step-direct,-0.7443,0.781961,0.884285,0.621032,10.8428,0.2294,-0.6254,0.0
201,F_MED,5,5,Persistencia,A_tiempo,575,144,multi-step-direct,-0.8312,0.818914,0.904938,0.642727,10.6448,0.3784,-0.944,0.0
201,F_N+PB,5,1,Persistencia,A_tiempo,576,144,multi-step-direct,-0.9465,2.011516,1.418279,0.708764,13.6016,0.0605,-0.955,0.0
201,F_N+PB,5,3,Persistencia,A_tiempo,576,144,multi-step-direct,-0.9311,2.035985,1.42688,0.724015,13.6915,0.1749,-0.9366,0.0
201,F_N+PB,5,5,Persistencia,A_tiempo,575,144,multi-step-direct,-0.9377,2.048921,1.431405,0.726717,13.022,0.2629,-0.9382,0.0
201,F_N+MED,5,1,Persistencia,A_tiempo,576,144,multi-step-direct,-0.5784,0.701944,0.837821,0.570395,10.7917,0.0848,-0.1663,0.0
201,F_N+MED,5,3,Persistencia,A_tiempo,576,144,multi-step-direct,-0.7329,0.777527,0.881775,0.61952,10.8842,0.1741,-0.6299,0.0
201,F_N+MED,5,5,Persistencia,A_tiempo,575,144,multi-step-direct,-0.8176,0.813484,0.901933,0.64072,10.6478,0.295,-0.9467,0.0
201,F_N+PB+MED,5,1,Persistencia,A_tiempo,576,144,multi-step-direct,-0.8476,0.971782,0.98579,0.668294,10.4804,0.1054,-0.9634,0.0
201,F_N+PB+MED,5,3,Persistencia,A_tiempo,576,144,multi-step-direct,-0.8637,0.975525,0.987687,0.68812,10.8631,0.2411,-0.943,0.0
201,F_N+PB+MED,5,5,Persistencia,A_tiempo,575,144,multi-step-direct,-0.8838,0.975501,0.987675,0.691579,11.5114,0.2824,-0.9402,0.0
202,F_SIN,5,1,Persistencia,A_tiempo,576,144,multi-step-direct,-0.7738,2.166833,1.472017,0.735123,14.9149,0.1207,-0.8117,0.0
202,F_SIN,5,3,Persistencia,A_tiempo,576,144,multi-step-direct,-0.7994,2.189094,1.479559,0.759211,11.8053,0.3545,-0.9439,0.0
202,F_SIN,5,5,Persistencia,A_tiempo,575,144,multi-step-direct,-0.8178,2.198321,1.482674,0.765421,12.071,0.2111,-0.9642,0.0
202,F_N,5,1,Persistencia,A_tiempo,576,144,multi-step-direct,-0.774,2.167533,1.472254,0.733434,14.8874,0.1087,-0.8128,0.0
202,F_N,5,3,Persistencia,A_tiempo,576,144,multi-step-direct,-0.7999,2.190096,1.479897,0.757976,11.7264,0.1881,-0.9449,0.0
202,F_N,5,5,Persistencia,A_tiempo,575,144,multi-step-direct,-0.8184,2.199439,1.483051,0.764404,12.1117,0.3588,-0.9649,0.0
202,F_PB,5,1,Persistencia,A_tiempo,576,144,multi-step-direct,-0.8276,2.652392,1.628616,0.793549,15.7807,0.1194,-1.0689,0.0
202,F_PB,5,3,Persistencia,A_tiempo,576,144,multi-step-direct,-0.8305,2.641424,1.625246,0.797336,12.2069,0.2259,-1.0638,0.0
202,F_PB,5,5,Persistencia,A_tiempo,575,144,multi-step-direct,-0.8379,2.637054,1.623901,0.796036,12.0447,0.2986,-1.053,0.0
202,F_MED,5,1,Persistencia,A_tiempo,576,144,multi-step-direct,-0.5029,0.705938,0.840201,0.592348,10.4838,0.0858,-0.168,0.0
202,F_MED,5,3,Persistencia,A_tiempo,576,144,multi-step-direct,-0.6357,0.777865,0.881967,0.64297,10.1428,0.2164,-0.6643,0.0
202,F_MED,5,5,Persistencia,A_tiempo,575,144,multi-step-direct,-0.6936,0.805645,0.897577,0.657613,10.4285,0.2691,-0.7573,0.0
202,F_N+PB,5,1,Persistencia,A_tiempo,576,144,multi-step-direct,-0.8276,2.652401,1.628619,0.793583,15.7814,0.1569,-1.0689,0.0
202,F_N+PB,5,3,Persistencia,A_tiempo,576,144,multi-step-direct,-0.8305,2.64143,1.625248,0.797351,12.2065,0.2322,-1.0639,0.0
202,F_N+PB,5,5,Persistencia,A_tiempo,575,144,multi-step-direct,-0.8379,2.637077,1.623908,0.796066,12.0447,0.3575,-1.0531,0.0
202,F_N+MED,5,1,Persistencia,A_tiempo,576,144,multi-step-direct,-0.5163,0.713741,0.844832,0.596818,10.492,0.0718,-0.1653,0.0
202,F_N+MED,5,3,Persistencia,A_tiempo,576,144,multi-step-direct,-0.6508,0.784776,0.885876,0.646489,10.2319,0.1684,-0.6615,0.0
202,F_N+MED,5,5,Persistencia,A_tiempo,575,144,multi-step-direct,-0.7082,0.812248,0.901248,0.661123,10.4292,0.239,-0.7547,0.0
202,F_N+PB+MED,5,1,Persistencia,A_tiempo,576,144,multi-step-direct,-0.9415,1.590824,1.261279,0.861475,12.7318,0.1067,-0.9832,0.0
202,F_N+PB+MED,5,3,Persistencia,A_tiempo,576,144,multi-step-direct,-0.9538,1.600652,1.265169,0.877467,12.4454,0.1703,-0.9445,0.0
202,F_N+PB+MED,5,5,Persistencia,A_tiempo,575,144,multi-step-direct,-0.9526,1.603229,1.266187,0.878315,12.2684,0.2789,-0.9306,0.0
203,F_SIN,5,1,Persistencia,A_tiempo,576,144,multi-step-direct,-0.605,1.594011,1.262542,0.823251,15.0734,0.0809,-0.6427,0.0
203,F_SIN,5,3,Persistencia,A_tiempo,576,144,multi-step-direct,-0.9167,1.949448,1.396226,0.975108,16.6502,0.2065,-0.8576,0.0
203,F_SIN,5,5,Persistencia,A_tiempo,575,144,multi-step-direct,-1.0171,2.071636,1.439318,1.015438,17.9946,0.3464,-0.9454,0.0
203,F_N,5,1,Persistencia,A_tiempo,576,144,multi-step-direct,-0.6117,1.600908,1.26527,0.82433,15.0453,0.115,-0.6409,0.0
203,F_N,5,3,Persistencia,A_tiempo,576,144,multi-step-direct,-0.9221,1.955394,1.398354,0.976178,16.6154,0.2312,-0.8558,0.0
203,F_N,5,5,Persistencia,A_tiempo,575,144,multi-step-direct,-1.0224,2.077601,1.441389,1.016237,17.9936,0.2956,-0.9439,0.0
203,F_PB,5,1,Persistencia,A_tiempo,576,144,multi-step-direct,-1.2419,1.968929,1.403185,0.863554,14.3638,0.1185,-1.0011,0.0
203,F_PB,5,3,Persistencia,A_tiempo,576,144,multi-step-direct,-1.1326,1.947074,1.395376,0.890254,14.5696,0.1511,-1.0555,0.0
203,F_PB,5,5,Persistencia,A_tiempo,575,144,multi-step-direct,-1.1438,1.941228,1.393279,0.893115,15.7719,0.2499,-1.0619,0.0
203,F_MED,5,1,Persistencia,A_tiempo,576,144,multi-step-direct,-0.4172,1.606289,1.267394,0.850607,15.3727,0.0876,-0.4028,0.0
203,F_MED,5,3,Persistencia,A_tiempo,576,144,multi-step-direct,-0.8931,2.20158,1.483772,1.053272,18.2795,0.2198,-0.7422,0.0
203,F_MED,5,5,Persistencia,A_tiempo,575,144,multi-step-direct,-1.0327,2.397236,1.548301,1.103546,19.0963,0.3192,-0.8692,0.0
203,F_N+PB,5,1,Persistencia,A_tiempo,576,144,multi-step-direct,-1.2421,1.969142,1.403261,0.863575,14.3645,0.1399,-1.001,0.0
203,F_N+PB,5,3,Persistencia,A_tiempo,576,144,multi-step-direct,-1.1328,1.947264,1.395444,0.890272,14.5697,0.1902,-1.0555,0.0
203,F_N+PB,5,5,Persistencia,A_tiempo,575,144,multi-step-direct,-1.144,1.941417,1.393347,0.89314,15.7741,0.4057,-1.0619,0.0
203,F_N+MED,5,1,Persistencia,A_tiempo,576,144,multi-step-direct,-0.4249,1.613795,1.270352,0.851593,15.4013,0.0381,-0.3992,0.0
203,F_N+MED,5,3,Persistencia,A_tiempo,576,144,multi-step-direct,-0.9015,2.209495,1.486437,1.054624,18.301,0.1925,-0.7378,0.0
203,F_N+MED,5,5,Persistencia,A_tiempo,575,144,multi-step-direct,-1.042,2.406369,1.551248,1.105112,19.1109,0.3653,-0.8645,0.0
203,F_N+PB+MED,5,1,Persistencia,A_tiempo,576,144,multi-step-direct,-1.3801,2.34582,1.531607,0.958449,14.925,0.1639,-0.9197,0.0
203,F_N+PB+MED,5,3,Persistencia,A_tiempo,576,144,multi-step-direct,-1.2354,2.314511,1.521352,0.997754,17.9899,0.2053,-0.986,0.0
203,F_N+PB+MED,5,5,Persistencia,A_tiempo,575,144,multi-step-direct,-1.2481,2.300453,1.516724,1.000267,17.7855,0.2869,-0.9972,0.0
205,F_SIN,5,1,Persistencia,A_tiempo,576,144,multi-step-direct,-1.0219,2.101474,1.449646,0.686064,15.2273,0.1539,-0.5498,0.0
205,F_SIN,5,3,Persistencia,A_tiempo,576,144,multi-step-direct,-0.9916,2.217084,1.488988,0.721879,16.1626,0.1785,-0.6176,0.0
205,F_SIN,5,5,Persistencia,A_tiempo,575,144,multi-step-direct,-0.9818,2.220249,1.49005,0.734928,12.491,0.2713,-0.6497,0.0
205,F_N,5,1,Persistencia,A_tiempo,576,144,multi-step-direct,-1.0211,2.100722,1.449387,0.685949,15.2404,0.0611,-0.5496,0.0
205,F_N,5,3,Persistencia,A_tiempo,576,144,multi-step-direct,-0.991,2.216403,1.488759,0.721825,16.1688,0.2402,-0.6174,0.0
205,F_N,5,5,Persistencia,A_tiempo,575,144,multi-step-direct,-0.9812,2.219596,1.489831,0.734906,12.4884,0.3637,-0.6495,0.0
205,F_PB,5,1,Persistencia,A_tiempo,576,144,multi-step-direct,-1.1063,2.35722,1.535324,0.727077,15.7285,0.1173,-0.7295,0.0
205,F_PB,5,3,Persistencia,A_tiempo,576,144,multi-step-direct,-1.0238,2.439554,1.561907,0.748472,16.3945,0.1725,-0.7533,0.0
205,F_PB,5,5,Persistencia,A_tiempo,575,144,multi-step-direct,-1.0167,2.444303,1.563427,0.757702,12.5098,0.3352,-0.7552,0.0
205,F_MED,5,1,Persistencia,A_tiempo,576,144,multi-step-direct,-1.2725,3.142918,1.772828,0.775468,20.1046,0.0912,-0.1117,0.0
205,F_MED,5,3,Persistencia,A_tiempo,576,144,multi-step-direct,-1.1789,3.640491,1.908007,0.874114,24.2216,0.2678,-0.3608,0.0
205,F_MED,5,5,Persistencia,A_tiempo,575,144,multi-step-direct,-1.1835,3.721976,1.929242,0.907109,18.657,0.356,-0.5541,0.0
205,F_N+PB,5,1,Persistencia,A_tiempo,576,144,multi-step-direct,-1.1064,2.357374,1.535374,0.727116,15.7291,0.0903,-0.7296,0.0
205,F_N+PB,5,3,Persistencia,A_tiempo,576,144,multi-step-direct,-1.0239,2.439729,1.561963,0.748514,16.3951,0.1713,-0.7534,0.0
205,F_N+PB,5,5,Persistencia,A_tiempo,575,144,multi-step-direct,-1.0168,2.44448,1.563483,0.757747,12.5092,0.3,-0.7552,0.0
205,F_N+MED,5,1,Persistencia,A_tiempo,576,144,multi-step-direct,-1.2715,3.141665,1.772474,0.775599,20.098,0.1041,-0.111,0.0
205,F_N+MED,5,3,Persistencia,A_tiempo,576,144,multi-step-direct,-1.1781,3.639271,1.907687,0.874275,24.2313,0.1477,-0.3601,0.0
205,F_N+MED,5,5,Persistencia,A_tiempo,575,144,multi-step-direct,-1.1826,3.720524,1.928866,0.907096,18.6604,0.2483,-0.5535,0.0
205,F_N+PB+MED,5,1,Persistencia,A_tiempo,576,144,multi-step-direct,-1.5539,6.826612,2.612779,1.135288,28.0995,0.1115,-1.1783,0.0
205,F_N+PB+MED,5,3,Persistencia,A_tiempo,576,144,multi-step-direct,-1.2617,7.523004,2.74281,1.209185,34.6954,0.1818,-1.3234,0.0
205,F_N+PB+MED,5,5,Persistencia,A_tiempo,575,144,multi-step-direct,-1.234,7.569407,2.751256,1.237667,26.8807,0.2576,-1.3578,0.0
207,F_SIN,5,1,Persistencia,A_tiempo,576,144,multi-step-direct,-0.8235,1.385112,1.176908,0.819976,12.9903,0.0742,-0.6075,0.0
207,F_SIN,5,3,Persistencia,A_tiempo,576,144,multi-step-direct,-0.9493,1.486537,1.219236,0.866496,13.6024,0.2316,-0.8636,0.0
207,F_SIN,5,5,Persistencia,A_tiempo,575,144,multi-step-direct,-0.8826,1.42493,1.193704,0.858301,13.8189,0.3466,-0.9014,0.0
207,F_N,5,1,Persistencia,A_tiempo,576,144,multi-step-direct,-0.8202,1.382331,1.175726,0.818408,12.9583,0.1119,-0.6065,0.0
207,F_N,5,3,Persistencia,A_tiempo,576,144,multi-step-direct,-0.9476,1.48503,1.218618,0.865667,13.5813,0.2353,-0.8624,0.0
207,F_N,5,5,Persistencia,A_tiempo,575,144,multi-step-direct,-0.8829,1.424958,1.193716,0.857865,13.8157,0.3806,-0.9002,0.0
207,F_PB,5,1,Persistencia,A_tiempo,576,144,multi-step-direct,-1.0894,1.873509,1.368762,0.946816,14.0553,0.0806,-1.036,0.0
207,F_PB,5,3,Persistencia,A_tiempo,576,144,multi-step-direct,-1.0884,1.913336,1.383234,0.962725,14.6456,0.2002,-1.0924,0.0
207,F_PB,5,5,Persistencia,A_tiempo,575,144,multi-step-direct,-0.9963,1.821121,1.349489,0.944743,15.2825,0.3066,-1.0938,0.0
207,F_MED,5,1,Persistencia,A_tiempo,576,144,multi-step-direct,-0.5792,1.218881,1.10403,0.812037,12.6027,0.0662,-0.4155,0.0
207,F_MED,5,3,Persistencia,A_tiempo,576,144,multi-step-direct,-0.7543,1.352248,1.162862,0.869367,13.1765,0.2219,-0.7438,0.0
207,F_MED,5,5,Persistencia,A_tiempo,575,144,multi-step-direct,-0.7757,1.358642,1.165608,0.873287,12.3437,0.3582,-0.8051,0.0
207,F_N+PB,5,1,Persistencia,A_tiempo,576,144,multi-step-direct,-1.0892,1.873359,1.368707,0.946787,14.0542,0.1034,-1.036,0.0
207,F_N+PB,5,3,Persistencia,A_tiempo,576,144,multi-step-direct,-1.0882,1.913289,1.383217,0.962709,14.6459,0.2694,-1.0924,0.0
207,F_N+PB,5,5,Persistencia,A_tiempo,575,144,multi-step-direct,-0.9963,1.821132,1.349493,0.944742,15.2846,0.2803,-1.0938,0.0
207,F_N+MED,5,1,Persistencia,A_tiempo,576,144,multi-step-direct,-0.5797,1.218927,1.10405,0.811708,12.6223,0.0378,-0.4147,0.0
207,F_N+MED,5,3,Persistencia,A_tiempo,576,144,multi-step-direct,-0.7561,1.353815,1.163535,0.869856,13.1755,0.1991,-0.7422,0.0
207,F_N+MED,5,5,Persistencia,A_tiempo,575,144,multi-step-direct,-0.7786,1.360959,1.166602,0.873932,12.3283,0.3178,-0.8033,0.0
207,F_N+PB+MED,5,1,Persistencia,A_tiempo,576,144,multi-step-direct,-0.9276,1.937235,1.391846,1.015677,14.2903,0.0866,-0.9859,0.0
207,F_N+PB+MED,5,3,Persistencia,A_tiempo,576,144,multi-step-direct,-0.9301,1.986319,1.409368,1.036545,14.8067,0.1631,-1.0317,0.0
207,F_N+PB+MED,5,5,Persistencia,A_tiempo,575,144,multi-step-direct,-0.9206,1.971228,1.404004,1.031967,14.5148,0.2952,-1.0318,0.0
208,F_SIN,5,1,Persistencia,A_tiempo,576,144,multi-step-direct,-1.1231,1.738606,1.318562,0.805014,12.8607,0.0879,-0.8275,0.0
208,F_SIN,5,3,Persistencia,A_tiempo,576,144,multi-step-direct,-1.0925,1.713271,1.30892,0.835966,13.8817,0.2623,-1.0015,0.0
208,F_SIN,5,5,Persistencia,A_tiempo,575,144,multi-step-direct,-1.078,1.694219,1.301622,0.83993,15.3526,0.3856,-1.1155,0.0
208,F_N,5,1,Persistencia,A_tiempo,576,144,multi-step-direct,-1.1177,1.733914,1.316782,0.803473,12.8037,0.1453,-0.8239,0.0
208,F_N,5,3,Persistencia,A_tiempo,576,144,multi-step-direct,-1.0883,1.709435,1.307454,0.834399,13.8734,0.314,-0.998,0.0
208,F_N,5,5,Persistencia,A_tiempo,575,144,multi-step-direct,-1.0742,1.690805,1.30031,0.838381,15.346,0.2686,-1.1121,0.0
208,F_PB,5,1,Persistencia,A_tiempo,576,144,multi-step-direct,-1.1841,2.079351,1.441996,0.878836,12.8121,0.0988,-1.2024,0.0
208,F_PB,5,3,Persistencia,A_tiempo,576,144,multi-step-direct,-1.1482,2.061667,1.435851,0.893368,14.6522,0.227,-1.1985,0.0
208,F_PB,5,5,Persistencia,A_tiempo,575,144,multi-step-direct,-1.1172,2.022338,1.422089,0.88281,15.6784,0.3038,-1.1944,0.0
208,F_MED,5,1,Persistencia,A_tiempo,576,144,multi-step-direct,-0.9863,1.486841,1.219361,0.741857,12.755,0.0645,-0.4804,0.0
208,F_MED,5,3,Persistencia,A_tiempo,576,144,multi-step-direct,-0.9783,1.4785,1.215936,0.786471,14.429,0.2102,-0.7463,0.0
208,F_MED,5,5,Persistencia,A_tiempo,575,144,multi-step-direct,-0.9709,1.469098,1.212063,0.794644,13.4741,0.1486,-0.9228,0.0
208,F_N+PB,5,1,Persistencia,A_tiempo,576,144,multi-step-direct,-1.184,2.079222,1.441951,0.878845,12.8105,0.0657,-1.2022,0.0
208,F_N+PB,5,3,Persistencia,A_tiempo,576,144,multi-step-direct,-1.1481,2.061541,1.435807,0.893385,14.6534,0.1689,-1.1984,0.0
208,F_N+PB,5,5,Persistencia,A_tiempo,575,144,multi-step-direct,-1.1171,2.022213,1.422045,0.882823,15.6771,0.2605,-1.1943,0.0
208,F_N+MED,5,1,Persistencia,A_tiempo,576,144,multi-step-direct,-0.9845,1.485966,1.219002,0.742844,12.7673,0.1073,-0.4803,0.0
208,F_N+MED,5,3,Persistencia,A_tiempo,576,144,multi-step-direct,-0.9782,1.478235,1.215827,0.787083,14.3685,0.1737,-0.7462,0.0
208,F_N+MED,5,5,Persistencia,A_tiempo,575,144,multi-step-direct,-0.9708,1.468418,1.211783,0.794913,13.4749,0.3558,-0.9229,0.0
208,F_N+PB+MED,5,1,Persistencia,A_tiempo,576,144,multi-step-direct,-1.1527,2.002892,1.415236,0.855564,13.8858,0.0976,-0.9553,0.0
208,F_N+PB+MED,5,3,Persistencia,A_tiempo,576,144,multi-step-direct,-1.1261,2.012202,1.418521,0.880991,16.4588,0.2921,-0.967,0.0
208,F_N+PB+MED,5,5,Persistencia,A_tiempo,575,144,multi-step-direct,-1.0836,1.965377,1.401919,0.869869,14.8665,0.2875,-0.9676,0.0
209,F_SIN,5,1,Persistencia,A_tiempo,576,144,multi-step-direct,-0.4926,1.608849,1.268404,0.794703,15.4865,0.1145,-0.8669,0.0
209,F_SIN,5,3,Persistencia,A_tiempo,576,144,multi-step-direct,-0.7102,1.825606,1.35115,0.916009,14.9874,0.1725,-1.0243,0.0
209,F_SIN,5,5,Persistencia,A_tiempo,575,144,multi-step-direct,-0.763,1.881811,1.371791,0.946223,15.5086,0.3013,-1.0725,0.0
209,F_N,5,1,Persistencia,A_tiempo,576,144,multi-step-direct,-0.4937,1.610169,1.268924,0.793885,15.5615,0.076,-0.8615,0.0
209,F_N,5,3,Persistencia,A_tiempo,576,144,multi-step-direct,-0.7126,1.828276,1.352137,0.91576,15.0677,0.1906,-1.0189,0.0
209,F_N,5,5,Persistencia,A_tiempo,575,144,multi-step-direct,-0.7663,1.885415,1.373104,0.946553,15.5181,0.3619,-1.0671,0.0
209,F_PB,5,1,Persistencia,A_tiempo,576,144,multi-step-direct,-0.7996,1.894247,1.376317,0.837366,14.4455,0.0936,-1.1541,0.0
209,F_PB,5,3,Persistencia,A_tiempo,576,144,multi-step-direct,-0.8336,1.875887,1.36963,0.831976,13.0474,0.264,-1.1594,0.0
209,F_PB,5,5,Persistencia,A_tiempo,575,144,multi-step-direct,-0.8397,1.879253,1.370859,0.832895,13.8423,0.3111,-1.1525,0.0
209,F_MED,5,1,Persistencia,A_tiempo,576,144,multi-step-direct,0.0061,1.119494,1.058061,0.78408,14.7913,0.1994,-0.0459,0.0
209,F_MED,5,3,Persistencia,A_tiempo,576,144,multi-step-direct,-0.5953,1.86664,1.36625,1.054705,16.0287,0.2294,-0.5335,0.0
209,F_MED,5,5,Persistencia,A_tiempo,575,144,multi-step-direct,-0.7509,2.059793,1.435198,1.120678,16.1741,0.2792,-0.6471,0.0
209,F_N+PB,5,1,Persistencia,A_tiempo,576,144,multi-step-direct,-0.7997,1.894395,1.37637,0.837438,14.4458,0.1079,-1.154,0.0
209,F_N+PB,5,3,Persistencia,A_tiempo,576,144,multi-step-direct,-0.8337,1.876052,1.36969,0.832063,13.0495,0.2327,-1.1593,0.0
209,F_N+PB,5,5,Persistencia,A_tiempo,575,144,multi-step-direct,-0.8398,1.879407,1.370915,0.83298,13.844,0.3365,-1.1524,0.0
209,F_N+MED,5,1,Persistencia,A_tiempo,576,144,multi-step-direct,0.0014,1.123754,1.060072,0.785141,14.8635,0.0777,-0.0484,0.0
209,F_N+MED,5,3,Persistencia,A_tiempo,576,144,multi-step-direct,-0.5963,1.867267,1.36648,1.05445,16.1954,0.2227,-0.536,0.0
209,F_N+MED,5,5,Persistencia,A_tiempo,575,144,multi-step-direct,-0.7522,2.06077,1.435538,1.120414,16.1325,0.4599,-0.651,0.0
209,F_N+PB+MED,5,1,Persistencia,A_tiempo,576,144,multi-step-direct,-0.833,1.974338,1.405111,1.033871,13.4389,0.1081,-0.9319,0.0
209,F_N+PB+MED,5,3,Persistencia,A_tiempo,576,144,multi-step-direct,-0.8238,1.931776,1.389884,1.030514,13.9616,0.2063,-0.8661,0.0
209,F_N+PB+MED,5,5,Persistencia,A_tiempo,575,144,multi-step-direct,-0.837,1.938127,1.392166,1.034878,14.9106,0.2735,-0.8601,0.0
210,F_SIN,5,1,Persistencia,A_tiempo,576,144,multi-step-direct,-0.8402,1.667305,1.291242,0.747619,12.6233,0.0723,-0.8935,0.0
210,F_SIN,5,3,Persistencia,A_tiempo,576,144,multi-step-direct,-0.8675,1.745626,1.321221,0.776602,13.8648,0.2641,-0.9619,0.0
210,F_SIN,5,5,Persistencia,A_tiempo,575,144,multi-step-direct,-0.9042,1.782059,1.334938,0.789627,12.5654,0.3774,-0.9873,0.0
210,F_N,5,1,Persistencia,A_tiempo,576,144,multi-step-direct,-0.8428,1.669635,1.292144,0.745005,12.6476,0.0496,-0.8935,0.0
210,F_N,5,3,Persistencia,A_tiempo,576,144,multi-step-direct,-0.8695,1.747573,1.321958,0.774099,13.859,0.2099,-0.9622,0.0
210,F_N,5,5,Persistencia,A_tiempo,575,144,multi-step-direct,-0.9055,1.783458,1.335462,0.786879,12.4979,0.3274,-0.9876,0.0
210,F_PB,5,1,Persistencia,A_tiempo,576,144,multi-step-direct,-0.8798,1.959336,1.399763,0.778477,13.0001,0.1238,-1.105,0.0
210,F_PB,5,3,Persistencia,A_tiempo,576,144,multi-step-direct,-0.8566,1.99004,1.410688,0.788803,13.7549,0.1955,-1.092,0.0
210,F_PB,5,5,Persistencia,A_tiempo,575,144,multi-step-direct,-0.8618,1.990513,1.410855,0.788933,12.8188,0.4561,-1.0863,0.0
210,F_MED,5,1,Persistencia,A_tiempo,576,144,multi-step-direct,-0.5899,1.093262,1.045592,0.783865,13.1869,0.0982,-0.2181,0.0
210,F_MED,5,3,Persistencia,A_tiempo,576,144,multi-step-direct,-0.7369,1.200856,1.095836,0.829478,13.2015,0.1869,-0.5542,0.0
210,F_MED,5,5,Persistencia,A_tiempo,575,144,multi-step-direct,-0.8139,1.263662,1.124127,0.851622,11.909,0.3984,-0.6697,0.0
210,F_N+PB,5,1,Persistencia,A_tiempo,576,144,multi-step-direct,-0.8799,1.959488,1.399817,0.778501,13.0001,0.0683,-1.105,0.0
210,F_N+PB,5,3,Persistencia,A_tiempo,576,144,multi-step-direct,-0.8567,1.99019,1.410741,0.788825,13.7563,0.1977,-1.092,0.0
210,F_N+PB,5,5,Persistencia,A_tiempo,575,144,multi-step-direct,-0.862,1.990663,1.410909,0.788958,12.8175,0.4631,-1.0863,0.0
210,F_N+MED,5,1,Persistencia,A_tiempo,576,144,multi-step-direct,-0.5816,1.085761,1.041998,0.782446,13.1349,0.0983,-0.2265,0.0
210,F_N+MED,5,3,Persistencia,A_tiempo,576,144,multi-step-direct,-0.7273,1.192391,1.091967,0.827659,13.1672,0.2174,-0.5624,0.0
210,F_N+MED,5,5,Persistencia,A_tiempo,575,144,multi-step-direct,-0.8041,1.255021,1.120277,0.849858,11.8674,0.283,-0.6771,0.0
210,F_N+PB+MED,5,1,Persistencia,A_tiempo,576,144,multi-step-direct,-0.7843,1.996931,1.413128,1.038304,17.2798,0.0855,-0.9483,0.0
210,F_N+PB+MED,5,3,Persistencia,A_tiempo,576,144,multi-step-direct,-0.7988,1.965885,1.4021,1.045036,16.2926,0.3198,-0.9416,0.0
210,F_N+PB+MED,5,5,Persistencia,A_tiempo,575,144,multi-step-direct,-0.8215,1.971931,1.404255,1.045738,14.699,0.3425,-0.9258,0.0
212,F_SIN,5,1,Persistencia,A_tiempo,576,144,multi-step-direct,-0.421,1.524397,1.234665,0.793721,16.7608,0.0736,-0.7889,0.0
212,F_SIN,5,3,Persistencia,A_tiempo,576,144,multi-step-direct,-0.6715,1.765013,1.328538,0.86636,16.1339,0.2628,-0.9363,0.0
212,F_SIN,5,5,Persistencia,A_tiempo,575,144,multi-step-direct,-0.8679,1.942984,1.39391,0.91356,15.9217,0.2809,-1.0147,0.0
212,F_N,5,1,Persistencia,A_tiempo,576,144,multi-step-direct,-0.4199,1.523677,1.234373,0.793413,16.829,0.0576,-0.7876,0.0
212,F_N,5,3,Persistencia,A_tiempo,576,144,multi-step-direct,-0.6703,1.764247,1.32825,0.866398,16.1862,0.2173,-0.9345,0.0
212,F_N,5,5,Persistencia,A_tiempo,575,144,multi-step-direct,-0.8675,1.9432,1.393987,0.913699,15.8629,0.3351,-1.0127,0.0
212,F_PB,5,1,Persistencia,A_tiempo,576,144,multi-step-direct,-0.8979,1.744945,1.320963,0.824062,14.4963,0.0453,-1.0873,0.0
212,F_PB,5,3,Persistencia,A_tiempo,576,144,multi-step-direct,-0.885,1.756333,1.325267,0.823986,13.7478,0.2744,-1.0898,0.0
212,F_PB,5,5,Persistencia,A_tiempo,575,144,multi-step-direct,-0.879,1.752383,1.323776,0.823356,13.6766,0.3063,-1.092,0.0
212,F_MED,5,1,Persistencia,A_tiempo,576,144,multi-step-direct,0.0017,1.105586,1.051468,0.766516,14.9146,0.0729,-0.4444,0.0
212,F_MED,5,3,Persistencia,A_tiempo,576,144,multi-step-direct,-0.5683,1.657425,1.28741,0.905802,16.1857,0.0859,-0.6962,0.0
212,F_MED,5,5,Persistencia,A_tiempo,575,144,multi-step-direct,-0.9688,2.018158,1.420619,0.981541,16.0899,0.3177,-0.8254,0.0
212,F_N+PB,5,1,Persistencia,A_tiempo,576,144,multi-step-direct,-0.8979,1.744939,1.320961,0.824069,14.4961,0.1055,-1.0873,0.0
212,F_N+PB,5,3,Persistencia,A_tiempo,576,144,multi-step-direct,-0.885,1.756331,1.325266,0.824029,13.7492,0.2233,-1.0898,0.0
212,F_N+PB,5,5,Persistencia,A_tiempo,575,144,multi-step-direct,-0.879,1.752372,1.323772,0.823383,13.6788,0.3192,-1.092,0.0
212,F_N+MED,5,1,Persistencia,A_tiempo,576,144,multi-step-direct,0.004,1.105109,1.051242,0.766103,14.937,0.1282,-0.4455,0.0
212,F_N+MED,5,3,Persistencia,A_tiempo,576,144,multi-step-direct,-0.5644,1.655233,1.286559,0.90335,16.2786,0.1787,-0.6976,0.0
212,F_N+MED,5,5,Persistencia,A_tiempo,575,144,multi-step-direct,-0.9648,2.01595,1.419842,0.979211,16.1367,0.2721,-0.8263,0.0
212,F_N+PB+MED,5,1,Persistencia,A_tiempo,576,144,multi-step-direct,-0.9615,1.331979,1.154114,0.826281,12.1485,0.0548,-0.9854,0.0
212,F_N+PB+MED,5,3,Persistencia,A_tiempo,576,144,multi-step-direct,-0.9165,1.328862,1.152763,0.823792,12.3118,0.1775,-0.9917,0.0
212,F_N+PB+MED,5,5,Persistencia,A_tiempo,575,144,multi-step-direct,-0.9009,1.328379,1.152553,0.825911,13.107,0.2765,-0.9932,0.0
213,F_SIN,5,1,Persistencia,A_tiempo,576,144,multi-step-direct,-0.6777,1.706516,1.306337,0.919304,14.9089,0.064,-0.9979,0.0
213,F_SIN,5,3,Persistencia,A_tiempo,576,144,multi-step-direct,-0.7125,1.767659,1.329533,0.93594,14.9544,0.2919,-0.9676,0.0
213,F_SIN,5,5,Persistencia,A_tiempo,575,144,multi-step-direct,-0.7694,1.838291,1.355836,0.970111,16.1462,0.4174,-0.9791,0.0
213,F_N,5,1,Persistencia,A_tiempo,576,144,multi-step-direct,-0.6775,1.706294,1.306252,0.919247,14.9091,0.1187,-0.998,0.0
213,F_N,5,3,Persistencia,A_tiempo,576,144,multi-step-direct,-0.7123,1.767474,1.329464,0.935919,14.9544,0.2723,-0.9677,0.0
213,F_N,5,5,Persistencia,A_tiempo,575,144,multi-step-direct,-0.7692,1.838087,1.355761,0.970089,16.1447,0.2834,-0.9792,0.0
213,F_PB,5,1,Persistencia,A_tiempo,576,144,multi-step-direct,-0.9331,1.823142,1.350238,0.942899,14.0311,0.127,-1.2241,0.0
213,F_PB,5,3,Persistencia,A_tiempo,576,144,multi-step-direct,-0.8997,1.843716,1.357835,0.934923,13.4974,0.2688,-1.1633,0.0
213,F_PB,5,5,Persistencia,A_tiempo,575,144,multi-step-direct,-0.8971,1.857199,1.362791,0.945329,15.4216,0.3722,-1.1547,0.0
213,F_MED,5,1,Persistencia,A_tiempo,576,144,multi-step-direct,-0.3728,1.450791,1.204488,0.904392,14.769,0.1177,-0.949,0.0
213,F_MED,5,3,Persistencia,A_tiempo,576,144,multi-step-direct,-0.4261,1.54404,1.242594,0.92911,17.2242,0.1892,-0.8959,0.0
213,F_MED,5,5,Persistencia,A_tiempo,575,144,multi-step-direct,-0.5487,1.701728,1.304503,0.988881,17.5035,0.378,-0.9359,0.0
213,F_N+PB,5,1,Persistencia,A_tiempo,576,144,multi-step-direct,-0.9331,1.823126,1.350232,0.94291,14.0313,0.0681,-1.2241,0.0
213,F_N+PB,5,3,Persistencia,A_tiempo,576,144,multi-step-direct,-0.8997,1.843724,1.357838,0.934945,13.497,0.2523,-1.1633,0.0
213,F_N+PB,5,5,Persistencia,A_tiempo,575,144,multi-step-direct,-0.8971,1.857187,1.362786,0.94534,15.4217,0.365,-1.1547,0.0
213,F_N+MED,5,1,Persistencia,A_tiempo,576,144,multi-step-direct,-0.373,1.450928,1.204545,0.904451,14.772,0.0857,-0.9489,0.0
213,F_N+MED,5,3,Persistencia,A_tiempo,576,144,multi-step-direct,-0.4263,1.544257,1.242681,0.929208,17.2265,0.2041,-0.8959,0.0
213,F_N+MED,5,5,Persistencia,A_tiempo,575,144,multi-step-direct,-0.5489,1.701936,1.304583,0.988977,17.507,0.282,-0.9359,0.0
213,F_N+PB+MED,5,1,Persistencia,A_tiempo,576,144,multi-step-direct,-0.852,1.651112,1.284956,0.959423,12.9129,0.109,-1.4355,0.0
213,F_N+PB+MED,5,3,Persistencia,A_tiempo,576,144,multi-step-direct,-0.7415,1.648701,1.284018,0.94128,16.7853,0.1745,-1.2727,0.0
213,F_N+PB+MED,5,5,Persistencia,A_tiempo,575,144,multi-step-direct,-0.7528,1.700246,1.303935,0.962639,15.5338,0.3027,-1.2534,0.0
214,F_SIN,5,1,Persistencia,A_tiempo,576,144,multi-step-direct,-1.0686,1.817865,1.348282,0.763768,12.0673,0.1012,-0.9045,0.0
214,F_SIN,5,3,Persistencia,A_tiempo,576,144,multi-step-direct,-1.0462,1.950041,1.396439,0.806988,13.9669,0.2438,-0.9851,0.0
214,F_SIN,5,5,Persistencia,A_tiempo,575,144,multi-step-direct,-1.147,2.068868,1.438356,0.837142,14.2281,0.2953,-0.9645,0.0
214,F_N,5,1,Persistencia,A_tiempo,576,144,multi-step-direct,-1.0625,1.812512,1.346296,0.761752,12.0189,0.087,-0.906,0.0
214,F_N,5,3,Persistencia,A_tiempo,576,144,multi-step-direct,-1.0405,1.944672,1.394515,0.805607,13.9614,0.271,-0.9867,0.0
214,F_N,5,5,Persistencia,A_tiempo,575,144,multi-step-direct,-1.143,2.064973,1.437001,0.836124,14.2634,0.3743,-0.9657,0.0
214,F_PB,5,1,Persistencia,A_tiempo,576,144,multi-step-direct,-1.1208,1.896097,1.376988,0.774571,12.3664,0.1548,-0.9747,0.0
214,F_PB,5,3,Persistencia,A_tiempo,576,144,multi-step-direct,-1.0758,2.025177,1.423087,0.817737,14.3482,0.2181,-1.0482,0.0
214,F_PB,5,5,Persistencia,A_tiempo,575,144,multi-step-direct,-1.1956,2.162278,1.470469,0.847326,14.7917,0.2878,-1.0133,0.0
214,F_MED,5,1,Persistencia,A_tiempo,576,144,multi-step-direct,-1.1395,1.657201,1.287323,0.839515,15.1462,0.0563,-0.7646,0.0
214,F_MED,5,3,Persistencia,A_tiempo,576,144,multi-step-direct,-1.0939,1.833855,1.354199,0.899138,15.5358,0.2404,-0.8884,0.0
214,F_MED,5,5,Persistencia,A_tiempo,575,144,multi-step-direct,-1.0932,1.866113,1.366057,0.914286,16.6598,0.255,-0.9064,0.0
214,F_N+PB,5,1,Persistencia,A_tiempo,576,144,multi-step-direct,-1.1207,1.895975,1.376944,0.774557,12.3668,0.089,-0.9747,0.0
214,F_N+PB,5,3,Persistencia,A_tiempo,576,144,multi-step-direct,-1.0757,2.025049,1.423042,0.817711,14.3488,0.1817,-1.0482,0.0
214,F_N+PB,5,5,Persistencia,A_tiempo,575,144,multi-step-direct,-1.1955,2.162193,1.47044,0.847309,14.7932,0.2628,-1.0134,0.0
214,F_N+MED,5,1,Persistencia,A_tiempo,576,144,multi-step-direct,-1.133,1.654607,1.286315,0.838531,15.1373,0.1241,-0.766,0.0
214,F_N+MED,5,3,Persistencia,A_tiempo,576,144,multi-step-direct,-1.0881,1.830081,1.352805,0.898225,15.5203,0.2883,-0.8896,0.0
214,F_N+MED,5,5,Persistencia,A_tiempo,575,144,multi-step-direct,-1.0868,1.861569,1.364393,0.913285,16.583,0.389,-0.908,0.0
214,F_N+PB+MED,5,1,Persistencia,A_tiempo,576,144,multi-step-direct,-1.2426,1.810165,1.345424,0.876827,15.5946,0.0949,-0.9251,0.0
214,F_N+PB+MED,5,3,Persistencia,A_tiempo,576,144,multi-step-direct,-1.1379,1.982556,1.408033,0.934886,15.5909,0.2788,-1.0346,0.0
214,F_N+PB+MED,5,5,Persistencia,A_tiempo,575,144,multi-step-direct,-1.1484,2.021154,1.421673,0.948978,17.288,0.2875,-1.0334,0.0
215,F_SIN,5,1,Persistencia,A_tiempo,576,144,multi-step-direct,-0.7702,1.773604,1.331767,0.92581,15.8511,0.0696,-0.7889,0.0
215,F_SIN,5,3,Persistencia,A_tiempo,576,144,multi-step-direct,-0.7692,1.910238,1.382114,0.959833,17.2473,0.2865,-0.793,0.0
215,F_SIN,5,5,Persistencia,A_tiempo,575,144,multi-step-direct,-0.7654,1.941753,1.393468,0.966018,15.7486,0.4158,-0.7875,0.0
215,F_N,5,1,Persistencia,A_tiempo,576,144,multi-step-direct,-0.7716,1.775156,1.33235,0.926101,15.865,0.17,-0.788,0.0
215,F_N,5,3,Persistencia,A_tiempo,576,144,multi-step-direct,-0.7698,1.911284,1.382492,0.959783,17.3326,0.2483,-0.7921,0.0
215,F_N,5,5,Persistencia,A_tiempo,575,144,multi-step-direct,-0.7659,1.94287,1.393869,0.96633,15.7583,0.445,-0.7873,0.0
215,F_PB,5,1,Persistencia,A_tiempo,576,144,multi-step-direct,-0.8722,1.888899,1.374372,0.94644,15.7928,0.0673,-0.8905,0.0
215,F_PB,5,3,Persistencia,A_tiempo,576,144,multi-step-direct,-0.8114,1.977098,1.406093,0.959857,17.0149,0.306,-0.8642,0.0
215,F_PB,5,5,Persistencia,A_tiempo,575,144,multi-step-direct,-0.7876,1.989937,1.410651,0.957432,15.7304,0.4407,-0.8482,0.0
215,F_MED,5,1,Persistencia,A_tiempo,576,144,multi-step-direct,-0.6455,1.735452,1.317366,0.926062,16.6829,0.0764,-0.6552,0.0
215,F_MED,5,3,Persistencia,A_tiempo,576,144,multi-step-direct,-0.7455,1.912216,1.382829,0.979974,16.4691,0.1145,-0.6892,0.0
215,F_MED,5,5,Persistencia,A_tiempo,575,144,multi-step-direct,-0.7617,1.947043,1.395365,0.99983,15.949,0.5182,-0.7138,0.0
215,F_N+PB,5,1,Persistencia,A_tiempo,576,144,multi-step-direct,-0.8722,1.888916,1.374378,0.946466,15.7934,0.0743,-0.8905,0.0
215,F_N+PB,5,3,Persistencia,A_tiempo,576,144,multi-step-direct,-0.8114,1.977141,1.406108,0.959885,17.0164,0.1087,-0.8642,0.0
215,F_N+PB,5,5,Persistencia,A_tiempo,575,144,multi-step-direct,-0.7876,1.989982,1.410667,0.957467,15.732,0.3218,-0.8482,0.0
215,F_N+MED,5,1,Persistencia,A_tiempo,576,144,multi-step-direct,-0.6384,1.732953,1.316417,0.924068,16.6679,0.0694,-0.6587,0.0
215,F_N+MED,5,3,Persistencia,A_tiempo,576,144,multi-step-direct,-0.7374,1.905199,1.380289,0.977547,16.4115,0.152,-0.6906,0.0
215,F_N+MED,5,5,Persistencia,A_tiempo,575,144,multi-step-direct,-0.7537,1.939169,1.39254,0.997499,15.9257,0.2607,-0.7147,0.0
215,F_N+PB+MED,5,1,Persistencia,A_tiempo,576,144,multi-step-direct,-0.886,2.035507,1.426712,0.991764,15.3494,0.0834,-0.9299,0.0
215,F_N+PB+MED,5,3,Persistencia,A_tiempo,576,144,multi-step-direct,-0.8647,2.089425,1.445484,0.999365,14.6432,0.2286,-0.8816,0.0
215,F_N+PB+MED,5,5,Persistencia,A_tiempo,575,144,multi-step-direct,-0.8288,2.074341,1.440257,0.994524,14.5484,0.4102,-0.8679,0.0
217,F_SIN,5,1,Persistencia,A_tiempo,576,144,multi-step-direct,-0.9232,2.242487,1.497493,1.10201,15.9785,0.1214,-0.8813,0.0
217,F_SIN,5,3,Persistencia,A_tiempo,576,144,multi-step-direct,-1.0314,2.329958,1.52642,1.147459,16.5179,0.2016,-1.0433,0.0
217,F_SIN,5,5,Persistencia,A_tiempo,575,144,multi-step-direct,-1.012,2.323191,1.524202,1.143428,16.0615,0.2942,-1.0625,0.0
217,F_N,5,1,Persistencia,A_tiempo,576,144,multi-step-direct,-0.9241,2.24358,1.497858,1.102667,15.9825,0.0447,-0.8831,0.0
217,F_N,5,3,Persistencia,A_tiempo,576,144,multi-step-direct,-1.0324,2.331142,1.526808,1.148584,16.5573,0.1709,-1.0457,0.0
217,F_N,5,5,Persistencia,A_tiempo,575,144,multi-step-direct,-1.0133,2.324599,1.524664,1.144524,16.0838,0.3222,-1.0649,0.0
217,F_PB,5,1,Persistencia,A_tiempo,576,144,multi-step-direct,-0.9925,2.52374,1.588628,1.164596,17.1058,0.1261,-1.0326,0.0
217,F_PB,5,3,Persistencia,A_tiempo,576,144,multi-step-direct,-1.0988,2.601858,1.613028,1.209789,17.0416,0.2289,-1.1128,0.0
217,F_PB,5,5,Persistencia,A_tiempo,575,144,multi-step-direct,-1.0779,2.599283,1.612229,1.206072,16.8651,0.2403,-1.1063,0.0
217,F_MED,5,1,Persistencia,A_tiempo,576,144,multi-step-direct,-0.8954,2.216498,1.488791,1.113487,15.3188,0.081,-0.7674,0.0
217,F_MED,5,3,Persistencia,A_tiempo,576,144,multi-step-direct,-1.0571,2.350606,1.533169,1.172655,16.3919,0.2502,-0.9893,0.0
217,F_MED,5,5,Persistencia,A_tiempo,575,144,multi-step-direct,-1.0409,2.33367,1.527635,1.165659,16.3556,0.4595,-1.0273,0.0
217,F_N+PB,5,1,Persistencia,A_tiempo,576,144,multi-step-direct,-0.9926,2.52379,1.588644,1.164623,17.1065,0.0809,-1.0327,0.0
217,F_N+PB,5,3,Persistencia,A_tiempo,576,144,multi-step-direct,-1.0988,2.601899,1.61304,1.209821,17.0417,0.2671,-1.1129,0.0
217,F_N+PB,5,5,Persistencia,A_tiempo,575,144,multi-step-direct,-1.0779,2.59933,1.612244,1.206104,16.8659,0.3629,-1.1064,0.0
217,F_N+MED,5,1,Persistencia,A_tiempo,576,144,multi-step-direct,-0.8955,2.214201,1.488019,1.113328,15.293,0.1446,-0.7667,0.0
217,F_N+MED,5,3,Persistencia,A_tiempo,576,144,multi-step-direct,-1.0579,2.349255,1.532728,1.172947,16.359,0.1768,-0.9891,0.0
217,F_N+MED,5,5,Persistencia,A_tiempo,575,144,multi-step-direct,-1.042,2.332559,1.527272,1.166007,16.3553,0.1326,-1.0277,0.0
217,F_N+PB+MED,5,1,Persistencia,A_tiempo,576,144,multi-step-direct,-0.983,2.617531,1.617879,1.205936,16.8212,0.0731,-0.9524,0.0
217,F_N+PB+MED,5,3,Persistencia,A_tiempo,576,144,multi-step-direct,-1.1359,2.736555,1.654254,1.2652,17.4463,0.2125,-1.0726,0.0
217,F_N+PB+MED,5,5,Persistencia,A_tiempo,575,144,multi-step-direct,-1.1137,2.719739,1.649163,1.258377,17.3492,0.3018,-1.0757,0.0
219,F_SIN,5,1,Persistencia,A_tiempo,576,144,multi-step-direct,-0.4343,1.314641,1.146578,0.688519,14.3837,0.1041,-0.2099,0.0
219,F_SIN,5,3,Persistencia,A_tiempo,576,144,multi-step-direct,-0.7186,1.54964,1.244846,0.81914,14.6788,0.2829,-0.4984,0.0
219,F_SIN,5,5,Persistencia,A_tiempo,575,144,multi-step-direct,-0.8564,1.651509,1.28511,0.866568,14.0456,0.364,-0.691,0.0
219,F_N,5,1,Persistencia,A_tiempo,576,144,multi-step-direct,-0.4335,1.313922,1.146264,0.688499,14.384,0.0767,-0.2097,0.0
219,F_N,5,3,Persistencia,A_tiempo,576,144,multi-step-direct,-0.718,1.549057,1.244611,0.819073,14.6769,0.2931,-0.4983,0.0
219,F_N,5,5,Persistencia,A_tiempo,575,144,multi-step-direct,-0.8558,1.650902,1.284874,0.866442,14.038,0.4036,-0.6909,0.0
219,F_PB,5,1,Persistencia,A_tiempo,576,144,multi-step-direct,-0.8143,2.02979,1.424707,0.815861,13.1432,0.0919,-0.7746,0.0
219,F_PB,5,3,Persistencia,A_tiempo,576,144,multi-step-direct,-0.8207,2.030079,1.424809,0.830316,14.6955,0.2298,-0.8044,0.0
219,F_PB,5,5,Persistencia,A_tiempo,575,144,multi-step-direct,-0.8268,2.018461,1.420726,0.826127,13.186,0.4037,-0.8117,0.0
219,F_MED,5,1,Persistencia,A_tiempo,576,144,multi-step-direct,-0.0969,0.792098,0.889999,0.600925,14.049,0.1215,0.2981,0.0
219,F_MED,5,3,Persistencia,A_tiempo,576,144,multi-step-direct,-0.8332,1.301743,1.14094,0.816966,15.3093,0.3093,-0.2866,0.0
219,F_MED,5,5,Persistencia,A_tiempo,575,144,multi-step-direct,-1.1793,1.517007,1.231668,0.895362,15.2167,0.2896,-0.6766,0.0
219,F_N+PB,5,1,Persistencia,A_tiempo,576,144,multi-step-direct,-0.8142,2.029744,1.424691,0.815875,13.1429,0.0469,-0.7746,0.0
219,F_N+PB,5,3,Persistencia,A_tiempo,576,144,multi-step-direct,-0.8207,2.030041,1.424795,0.830332,14.6956,0.2696,-0.8044,0.0
219,F_N+PB,5,5,Persistencia,A_tiempo,575,144,multi-step-direct,-0.8267,2.018423,1.420712,0.826143,13.1857,0.3864,-0.8117,0.0
219,F_N+MED,5,1,Persistencia,A_tiempo,576,144,multi-step-direct,-0.0978,0.793023,0.890519,0.601449,14.0502,0.0611,0.298,0.0
219,F_N+MED,5,3,Persistencia,A_tiempo,576,144,multi-step-direct,-0.8327,1.301746,1.140941,0.817071,15.3133,0.1884,-0.2866,0.0
219,F_N+MED,5,5,Persistencia,A_tiempo,575,144,multi-step-direct,-1.1783,1.516677,1.231534,0.895361,15.2138,0.1749,-0.6767,0.0
219,F_N+PB+MED,5,1,Persistencia,A_tiempo,576,144,multi-step-direct,-1.5759,2.657805,1.630278,1.06371,20.5812,0.0609,-0.8487,0.0
219,F_N+PB+MED,5,3,Persistencia,A_tiempo,576,144,multi-step-direct,-1.5076,2.811921,1.676878,1.105673,20.9917,0.1613,-0.9452,0.0
219,F_N+PB+MED,5,5,Persistencia,A_tiempo,575,144,multi-step-direct,-1.5248,2.788901,1.67,1.101197,20.0027,0.2899,-0.9574,0.0
220,F_SIN,5,1,Persistencia,A_tiempo,576,144,multi-step-direct,-0.5827,1.760761,1.326937,0.729002,17.1963,0.0552,-0.8494,0.0
220,F_SIN,5,3,Persistencia,A_tiempo,576,144,multi-step-direct,-0.6355,1.81652,1.347783,0.754437,20.1303,0.2456,-0.8723,0.0
220,F_SIN,5,5,Persistencia,A_tiempo,575,144,multi-step-direct,-0.6594,1.854323,1.361735,0.771785,20.3283,0.1294,-0.8805,0.0
220,F_N,5,1,Persistencia,A_tiempo,576,144,multi-step-direct,-0.578,1.755644,1.325007,0.72777,17.1596,0.1151,-0.8501,0.0
220,F_N,5,3,Persistencia,A_tiempo,576,144,multi-step-direct,-0.6308,1.811329,1.345856,0.753235,20.1064,0.2746,-0.873,0.0
220,F_N,5,5,Persistencia,A_tiempo,575,144,multi-step-direct,-0.6544,1.848765,1.359693,0.770477,20.3168,0.3609,-0.8812,0.0
220,F_PB,5,1,Persistencia,A_tiempo,576,144,multi-step-direct,-0.546,1.713677,1.309075,0.729379,16.1908,0.0906,-0.88,0.0
220,F_PB,5,3,Persistencia,A_tiempo,576,144,multi-step-direct,-0.5758,1.743616,1.320461,0.744111,19.5539,0.1672,-0.8878,0.0
220,F_PB,5,5,Persistencia,A_tiempo,575,144,multi-step-direct,-0.5737,1.740907,1.319435,0.745934,19.4061,0.3167,-0.8958,0.0
220,F_MED,5,1,Persistencia,A_tiempo,576,144,multi-step-direct,-0.4997,2.573036,1.604069,1.155683,18.5241,0.1661,-0.3606,0.0
220,F_MED,5,3,Persistencia,A_tiempo,576,144,multi-step-direct,-0.6641,2.86146,1.691585,1.244492,19.3153,0.197,-0.5528,0.0
220,F_MED,5,5,Persistencia,A_tiempo,575,144,multi-step-direct,-0.774,3.193982,1.787171,1.314024,18.8661,0.3292,-0.5656,0.0
220,F_N+PB,5,1,Persistencia,A_tiempo,576,144,multi-step-direct,-0.5458,1.713515,1.309013,0.729375,16.1879,0.065,-0.88,0.0
220,F_N+PB,5,3,Persistencia,A_tiempo,576,144,multi-step-direct,-0.5756,1.743448,1.320397,0.744106,19.5518,0.2375,-0.8877,0.0
220,F_N+PB,5,5,Persistencia,A_tiempo,575,144,multi-step-direct,-0.5735,1.74074,1.319371,0.745931,19.4047,0.3145,-0.8958,0.0
220,F_N+MED,5,1,Persistencia,A_tiempo,576,144,multi-step-direct,-0.4987,2.573098,1.604088,1.155688,18.5166,0.061,-0.3609,0.0
220,F_N+MED,5,3,Persistencia,A_tiempo,576,144,multi-step-direct,-0.6613,2.858508,1.690712,1.243669,19.3051,0.2589,-0.5542,0.0
220,F_N+MED,5,5,Persistencia,A_tiempo,575,144,multi-step-direct,-0.7724,3.19315,1.786939,1.313218,18.856,0.4104,-0.5664,0.0
220,F_N+PB+MED,5,1,Persistencia,A_tiempo,576,144,multi-step-direct,-0.9934,3.728787,1.931007,1.379103,17.4358,0.0614,-0.921,0.0
220,F_N+PB+MED,5,3,Persistencia,A_tiempo,576,144,multi-step-direct,-1.0943,3.947463,1.986822,1.436761,17.0732,0.1684,-0.988,0.0
220,F_N+PB+MED,5,5,Persistencia,A_tiempo,575,144,multi-step-direct,-1.1193,3.993356,1.998338,1.449282,17.8424,0.2805,-1.014,0.0
221,F_SIN,5,1,Persistencia,A_tiempo,576,144,multi-step-direct,-1.4893,1.814227,1.346932,0.648664,12.234,0.1271,-0.8945,0.0
221,F_SIN,5,3,Persistencia,A_tiempo,576,144,multi-step-direct,-1.4466,1.809052,1.34501,0.668097,13.9466,0.1562,-0.9509,0.0
221,F_SIN,5,5,Persistencia,A_tiempo,575,144,multi-step-direct,-1.4619,1.804613,1.343359,0.677332,13.8521,0.3413,-0.9693,0.0
221,F_N,5,1,Persistencia,A_tiempo,576,144,multi-step-direct,-1.4896,1.81369,1.346733,0.644969,12.1424,0.1072,-0.8925,0.0
221,F_N,5,3,Persistencia,A_tiempo,576,144,multi-step-direct,-1.4472,1.808824,1.344925,0.665298,13.97,0.1244,-0.9494,0.0
221,F_N,5,5,Persistencia,A_tiempo,575,144,multi-step-direct,-1.4626,1.804509,1.34332,0.674441,13.8773,0.4513,-0.9684,0.0
221,F_PB,5,1,Persistencia,A_tiempo,576,144,multi-step-direct,-1.5687,1.856572,1.362561,0.651241,10.9915,0.0716,-0.9642,0.0
221,F_PB,5,3,Persistencia,A_tiempo,576,144,multi-step-direct,-1.5318,1.847094,1.359079,0.660101,13.5733,0.2016,-1.0073,0.0
221,F_PB,5,5,Persistencia,A_tiempo,575,144,multi-step-direct,-1.5415,1.835443,1.354785,0.660215,12.5169,0.5169,-1.0105,0.0
221,F_MED,5,1,Persistencia,A_tiempo,576,144,multi-step-direct,-1.0205,0.902824,0.95017,0.515336,13.6946,0.0596,-0.4999,0.0
221,F_MED,5,3,Persistencia,A_tiempo,576,144,multi-step-direct,-0.9001,0.925829,0.9622,0.560447,14.9317,0.2286,-0.6159,0.0
221,F_MED,5,5,Persistencia,A_tiempo,575,144,multi-step-direct,-0.9433,0.938156,0.968585,0.577559,12.8559,0.4041,-0.6377,0.0
221,F_N+PB,5,1,Persistencia,A_tiempo,576,144,multi-step-direct,-1.5686,1.856519,1.362541,0.65123,10.9911,0.0948,-0.9642,0.0
221,F_N+PB,5,3,Persistencia,A_tiempo,576,144,multi-step-direct,-1.5317,1.847049,1.359062,0.660114,13.5727,0.1897,-1.0073,0.0
221,F_N+PB,5,5,Persistencia,A_tiempo,575,144,multi-step-direct,-1.5415,1.835382,1.354763,0.660213,12.5169,0.2665,-1.0104,0.0
221,F_N+MED,5,1,Persistencia,A_tiempo,576,144,multi-step-direct,-1.0188,0.904527,0.951066,0.51342,13.7059,0.0689,-0.5049,0.0
221,F_N+MED,5,3,Persistencia,A_tiempo,576,144,multi-step-direct,-0.8952,0.925836,0.962204,0.558443,14.9054,0.1951,-0.6216,0.0
221,F_N+MED,5,5,Persistencia,A_tiempo,575,144,multi-step-direct,-0.94,0.938778,0.968905,0.575819,12.8731,0.3251,-0.6437,0.0
221,F_N+PB+MED,5,1,Persistencia,A_tiempo,576,144,multi-step-direct,-1.9095,1.023411,1.011638,0.545532,13.1475,0.1073,-0.6731,0.0
221,F_N+PB+MED,5,3,Persistencia,A_tiempo,576,144,multi-step-direct,-1.6459,1.054378,1.026829,0.567257,15.183,0.281,-0.7666,0.0
221,F_N+PB+MED,5,5,Persistencia,A_tiempo,575,144,multi-step-direct,-1.6605,1.039556,1.019586,0.568503,12.3394,0.2208,-0.7722,0.0
222,F_SIN,5,1,Persistencia,A_tiempo,576,144,multi-step-direct,-0.6726,1.748394,1.322268,0.92455,16.051,0.0589,-0.4372,0.0
222,F_SIN,5,3,Persistencia,A_tiempo,576,144,multi-step-direct,-1.0063,2.124498,1.457566,1.039146,18.7343,0.2552,-0.6653,0.0
222,F_SIN,5,5,Persistencia,A_tiempo,575,144,multi-step-direct,-1.0685,2.210287,1.486704,1.073822,16.2215,0.2827,-0.7653,0.0
222,F_N,5,1,Persistencia,A_tiempo,576,144,multi-step-direct,-0.6692,1.745013,1.320989,0.921545,16.1769,0.0685,-0.4351,0.0
222,F_N,5,3,Persistencia,A_tiempo,576,144,multi-step-direct,-1.0098,2.128304,1.458871,1.03831,18.6921,0.1929,-0.6647,0.0
222,F_N,5,5,Persistencia,A_tiempo,575,144,multi-step-direct,-1.0744,2.216761,1.488879,1.074267,16.3512,0.3404,-0.7658,0.0
222,F_PB,5,1,Persistencia,A_tiempo,576,144,multi-step-direct,-1.2023,2.601711,1.612982,1.049524,16.5639,0.1676,-0.7508,0.0
222,F_PB,5,3,Persistencia,A_tiempo,576,144,multi-step-direct,-1.1908,2.564562,1.601425,1.048205,17.993,0.1664,-0.7461,0.0
222,F_PB,5,5,Persistencia,A_tiempo,575,144,multi-step-direct,-1.1781,2.586298,1.608197,1.054232,18.2588,0.3002,-0.7437,0.0
222,F_MED,5,1,Persistencia,A_tiempo,576,144,multi-step-direct,-0.3739,1.302492,1.141268,0.854503,15.4549,0.0709,-0.2395,0.0
222,F_MED,5,3,Persistencia,A_tiempo,576,144,multi-step-direct,-0.7776,1.759307,1.326389,1.010326,16.4044,0.2748,-0.5959,0.0
222,F_MED,5,5,Persistencia,A_tiempo,575,144,multi-step-direct,-0.9642,1.945084,1.394663,1.069455,15.9014,0.4991,-0.7482,0.0
222,F_N+PB,5,1,Persistencia,A_tiempo,576,144,multi-step-direct,-1.2022,2.601668,1.612969,1.049496,16.5618,0.1396,-0.7508,0.0
222,F_N+PB,5,3,Persistencia,A_tiempo,576,144,multi-step-direct,-1.1909,2.564448,1.601389,1.048179,17.9904,0.3319,-0.7461,0.0
222,F_N+PB,5,5,Persistencia,A_tiempo,575,144,multi-step-direct,-1.1781,2.5863,1.608198,1.054241,18.261,0.2884,-0.7437,0.0
222,F_N+MED,5,1,Persistencia,A_tiempo,576,144,multi-step-direct,-0.3685,1.297629,1.139135,0.852781,15.422,0.103,-0.239,0.0
222,F_N+MED,5,3,Persistencia,A_tiempo,576,144,multi-step-direct,-0.7722,1.755283,1.324871,1.008739,16.3912,0.2518,-0.5947,0.0
222,F_N+MED,5,5,Persistencia,A_tiempo,575,144,multi-step-direct,-0.9594,1.941565,1.393401,1.068459,15.8678,0.3833,-0.7466,0.0
222,F_N+PB+MED,5,1,Persistencia,A_tiempo,576,144,multi-step-direct,-1.3422,2.498498,1.580664,1.227659,16.659,0.0807,-1.0115,0.0
222,F_N+PB+MED,5,3,Persistencia,A_tiempo,576,144,multi-step-direct,-1.1952,2.466792,1.570602,1.239372,17.0923,0.2524,-0.9272,0.0
222,F_N+PB+MED,5,5,Persistencia,A_tiempo,575,144,multi-step-direct,-1.2263,2.507596,1.583539,1.253491,17.7954,0.276,-0.9216,0.0
223,F_SIN,5,1,Persistencia,A_tiempo,576,144,multi-step-direct,-1.0498,2.387588,1.545182,0.854207,15.1719,0.0618,-1.0742,0.0
223,F_SIN,5,3,Persistencia,A_tiempo,576,144,multi-step-direct,-1.0346,2.361519,1.536723,0.862136,14.7647,0.1615,-1.1064,0.0
223,F_SIN,5,5,Persistencia,A_tiempo,575,144,multi-step-direct,-1.0467,2.368223,1.538903,0.872889,14.8485,0.4872,-1.1419,0.0
223,F_N,5,1,Persistencia,A_tiempo,576,144,multi-step-direct,-1.0498,2.387519,1.54516,0.854161,15.1722,0.1376,-1.0745,0.0
223,F_N,5,3,Persistencia,A_tiempo,576,144,multi-step-direct,-1.0346,2.361511,1.536721,0.862133,14.7564,0.2124,-1.1066,0.0
223,F_N,5,5,Persistencia,A_tiempo,575,144,multi-step-direct,-1.0468,2.368291,1.538925,0.872917,14.8524,0.3435,-1.1421,0.0
223,F_PB,5,1,Persistencia,A_tiempo,576,144,multi-step-direct,-1.1587,2.620598,1.618826,0.89272,15.3052,0.1016,-1.256,0.0
223,F_PB,5,3,Persistencia,A_tiempo,576,144,multi-step-direct,-1.1363,2.618336,1.618127,0.893614,15.4175,0.2833,-1.2325,0.0
223,F_PB,5,5,Persistencia,A_tiempo,575,144,multi-step-direct,-1.1482,2.628524,1.621272,0.903491,14.7223,0.3992,-1.2329,0.0
223,F_MED,5,1,Persistencia,A_tiempo,576,144,multi-step-direct,-0.5072,1.478045,1.215749,0.878154,15.0359,0.0465,-0.5296,0.0
223,F_MED,5,3,Persistencia,A_tiempo,576,144,multi-step-direct,-0.617,1.505634,1.227043,0.892513,15.2995,0.2796,-0.6217,0.0
223,F_MED,5,5,Persistencia,A_tiempo,575,144,multi-step-direct,-0.6932,1.557826,1.248129,0.909263,15.2465,0.4808,-0.7037,0.0
223,F_N+PB,5,1,Persistencia,A_tiempo,576,144,multi-step-direct,-1.1587,2.620541,1.618808,0.892729,15.3045,0.1249,-1.256,0.0
223,F_N+PB,5,3,Persistencia,A_tiempo,576,144,multi-step-direct,-1.1362,2.618284,1.618111,0.893624,15.417,0.2027,-1.2325,0.0
223,F_N+PB,5,5,Persistencia,A_tiempo,575,144,multi-step-direct,-1.1482,2.628467,1.621255,0.9035,14.7222,0.3923,-1.2329,0.0
223,F_N+MED,5,1,Persistencia,A_tiempo,576,144,multi-step-direct,-0.507,1.477958,1.215713,0.878144,15.0333,0.1108,-0.5295,0.0
223,F_N+MED,5,3,Persistencia,A_tiempo,576,144,multi-step-direct,-0.6171,1.505706,1.227072,0.892496,15.3009,0.3575,-0.6215,0.0
223,F_N+MED,5,5,Persistencia,A_tiempo,575,144,multi-step-direct,-0.6934,1.558011,1.248203,0.909286,15.2477,0.3183,-0.7035,0.0
223,F_N+PB+MED,5,1,Persistencia,A_tiempo,576,144,multi-step-direct,-0.9137,2.138242,1.462273,1.055584,16.5,0.0379,-1.0292,0.0
223,F_N+PB+MED,5,3,Persistencia,A_tiempo,576,144,multi-step-direct,-0.8946,2.109275,1.452334,1.055651,16.7923,0.2024,-0.952,0.0
223,F_N+PB+MED,5,5,Persistencia,A_tiempo,575,144,multi-step-direct,-0.9439,2.151007,1.466631,1.071885,15.2809,0.3611,-0.9498,0.0
228,F_SIN,5,1,Persistencia,A_tiempo,576,144,multi-step-direct,-0.3317,1.040168,1.019886,0.670037,17.4338,0.0864,-0.5499,0.0
228,F_SIN,5,3,Persistencia,A_tiempo,576,144,multi-step-direct,-0.4202,1.082698,1.040528,0.69682,15.1996,0.1846,-0.95,0.0
228,F_SIN,5,5,Persistencia,A_tiempo,575,144,multi-step-direct,-0.4634,1.102898,1.050189,0.715361,14.5871,0.4652,-1.0991,0.0
228,F_N,5,1,Persistencia,A_tiempo,576,144,multi-step-direct,-0.3318,1.039867,1.019739,0.669136,17.4816,0.0979,-0.5485,0.0
228,F_N,5,3,Persistencia,A_tiempo,576,144,multi-step-direct,-0.4193,1.081511,1.039957,0.696142,15.2239,0.2814,-0.9488,0.0
228,F_N,5,5,Persistencia,A_tiempo,575,144,multi-step-direct,-0.4625,1.101735,1.049635,0.7149,14.6029,0.3172,-1.0978,0.0
228,F_PB,5,1,Persistencia,A_tiempo,576,144,multi-step-direct,-0.4317,1.527682,1.235994,0.770813,20.4735,0.1027,-1.1858,0.0
228,F_PB,5,3,Persistencia,A_tiempo,576,144,multi-step-direct,-0.4456,1.499156,1.2244,0.779813,17.4075,0.1486,-1.1089,0.0
228,F_PB,5,5,Persistencia,A_tiempo,575,144,multi-step-direct,-0.4585,1.493062,1.221909,0.784531,17.1413,0.2722,-1.0955,0.0
228,F_MED,5,1,Persistencia,A_tiempo,576,144,multi-step-direct,-0.2181,0.774298,0.879942,0.599464,14.1674,0.0711,-0.3635,0.0
228,F_MED,5,3,Persistencia,A_tiempo,576,144,multi-step-direct,-0.3658,0.843095,0.918202,0.643567,13.2655,0.176,-0.8803,0.0
228,F_MED,5,5,Persistencia,A_tiempo,575,144,multi-step-direct,-0.4311,0.873798,0.934772,0.667629,12.4216,0.3185,-1.0719,0.0
228,F_N+PB,5,1,Persistencia,A_tiempo,576,144,multi-step-direct,-0.4317,1.527685,1.235996,0.770813,20.4769,0.059,-1.1857,0.0
228,F_N+PB,5,3,Persistencia,A_tiempo,576,144,multi-step-direct,-0.4456,1.499147,1.224396,0.779819,17.4084,0.1284,-1.1088,0.0
228,F_N+PB,5,5,Persistencia,A_tiempo,575,144,multi-step-direct,-0.4586,1.493056,1.221907,0.784541,17.142,0.2793,-1.0954,0.0
228,F_N+MED,5,1,Persistencia,A_tiempo,576,144,multi-step-direct,-0.217,0.773393,0.879428,0.599369,14.1409,0.1326,-0.3617,0.0
228,F_N+MED,5,3,Persistencia,A_tiempo,576,144,multi-step-direct,-0.3648,0.842477,0.917865,0.643164,13.246,0.1887,-0.8785,0.0
228,F_N+MED,5,5,Persistencia,A_tiempo,575,144,multi-step-direct,-0.4298,0.872803,0.934239,0.66727,12.3795,0.3481,-1.0698,0.0
228,F_N+PB+MED,5,1,Persistencia,A_tiempo,576,144,multi-step-direct,-0.3126,1.264929,1.12469,0.72896,19.3982,0.1202,-1.2211,0.0
228,F_N+PB+MED,5,3,Persistencia,A_tiempo,576,144,multi-step-direct,-0.3326,1.241467,1.114212,0.744548,16.5823,0.3242,-1.1372,0.0
228,F_N+PB+MED,5,5,Persistencia,A_tiempo,575,144,multi-step-direct,-0.3491,1.240183,1.113635,0.751548,16.1916,0.3265,-1.1183,0.0
230,F_SIN,5,1,Persistencia,A_tiempo,576,144,multi-step-direct,-0.7679,2.519295,1.587229,0.94363,15.9503,0.0383,-0.7291,0.0
230,F_SIN,5,3,Persistencia,A_tiempo,576,144,multi-step-direct,-0.8203,2.557927,1.599352,0.982272,18.1026,0.2177,-0.8067,0.0
230,F_SIN,5,5,Persistencia,A_tiempo,575,144,multi-step-direct,-0.8356,2.587058,1.608433,1.001074,17.3958,0.4533,-0.8572,0.0
230,F_N,5,1,Persistencia,A_tiempo,576,144,multi-step-direct,-0.7686,2.520284,1.58754,0.943767,15.9569,0.0592,-0.729,0.0
230,F_N,5,3,Persistencia,A_tiempo,576,144,multi-step-direct,-0.8209,2.558766,1.599614,0.982383,18.098,0.2395,-0.8067,0.0
230,F_N,5,5,Persistencia,A_tiempo,575,144,multi-step-direct,-0.836,2.587747,1.608648,1.001121,17.3996,0.4593,-0.8574,0.0
230,F_PB,5,1,Persistencia,A_tiempo,576,144,multi-step-direct,-0.8816,2.659981,1.630945,0.950691,16.2655,0.1085,-0.9235,0.0
230,F_PB,5,3,Persistencia,A_tiempo,576,144,multi-step-direct,-0.906,2.620803,1.618889,0.944757,17.6528,0.3322,-0.9354,0.0
230,F_PB,5,5,Persistencia,A_tiempo,575,144,multi-step-direct,-0.9165,2.637169,1.623936,0.950013,17.2125,0.4596,-0.9451,0.0
230,F_MED,5,1,Persistencia,A_tiempo,576,144,multi-step-direct,-0.4038,1.947391,1.39549,0.977461,17.8934,0.1227,-0.1496,0.0
230,F_MED,5,3,Persistencia,A_tiempo,576,144,multi-step-direct,-0.567,2.15776,1.468932,1.064041,17.2203,0.2779,-0.4459,0.0
230,F_MED,5,5,Persistencia,A_tiempo,575,144,multi-step-direct,-0.7265,2.392242,1.546688,1.120084,17.3288,0.2626,-0.6277,0.0
230,F_N+PB,5,1,Persistencia,A_tiempo,576,144,multi-step-direct,-0.8816,2.660094,1.630979,0.950718,16.2656,0.1309,-0.9235,0.0
230,F_N+PB,5,3,Persistencia,A_tiempo,576,144,multi-step-direct,-0.9061,2.620912,1.618923,0.944786,17.6528,0.2145,-0.9354,0.0
230,F_N+PB,5,5,Persistencia,A_tiempo,575,144,multi-step-direct,-0.9166,2.637276,1.623969,0.95004,17.213,0.3135,-0.9451,0.0
230,F_N+MED,5,1,Persistencia,A_tiempo,576,144,multi-step-direct,-0.4046,1.94757,1.395554,0.9782,17.9079,0.0761,-0.1485,0.0
230,F_N+MED,5,3,Persistencia,A_tiempo,576,144,multi-step-direct,-0.5686,2.159026,1.469363,1.064931,17.2407,0.2732,-0.445,0.0
230,F_N+MED,5,5,Persistencia,A_tiempo,575,144,multi-step-direct,-0.7286,2.394009,1.547259,1.120874,17.3437,0.3491,-0.627,0.0
230,F_N+PB+MED,5,1,Persistencia,A_tiempo,576,144,multi-step-direct,-0.9552,2.519466,1.587283,1.109558,16.9169,0.0892,-0.698,0.0
230,F_N+PB+MED,5,3,Persistencia,A_tiempo,576,144,multi-step-direct,-0.99,2.392101,1.546642,1.095862,15.3745,0.2496,-0.7582,0.0
230,F_N+PB+MED,5,5,Persistencia,A_tiempo,575,144,multi-step-direct,-1.0288,2.436913,1.561062,1.10818,15.6565,0.2103,-0.7559,0.0
231,F_SIN,5,1,Persistencia,A_tiempo,576,144,multi-step-direct,-0.8041,2.054628,1.433397,0.91007,15.5847,0.107,-0.859,0.0
231,F_SIN,5,3,Persistencia,A_tiempo,576,144,multi-step-direct,-0.784,2.064289,1.436763,0.921362,16.7834,0.1751,-0.8986,0.0
231,F_SIN,5,5,Persistencia,A_tiempo,575,144,multi-step-direct,-0.7847,2.062931,1.436291,0.924341,15.5921,0.3055,-0.9102,0.0
231,F_N,5,1,Persistencia,A_tiempo,576,144,multi-step-direct,-0.8063,2.057088,1.434255,0.910932,15.5888,0.0764,-0.859,0.0
231,F_N,5,3,Persistencia,A_tiempo,576,144,multi-step-direct,-0.7861,2.066702,1.437603,0.922249,16.8095,0.1862,-0.8986,0.0
231,F_N,5,5,Persistencia,A_tiempo,575,144,multi-step-direct,-0.7869,2.065502,1.437185,0.925303,15.5984,0.2761,-0.9103,0.0
231,F_PB,5,1,Persistencia,A_tiempo,576,144,multi-step-direct,-0.9688,2.337614,1.528926,0.978749,15.7719,0.0557,-1.0354,0.0
231,F_PB,5,3,Persistencia,A_tiempo,576,144,multi-step-direct,-0.9578,2.364339,1.537641,0.988132,17.1946,0.1714,-1.0627,0.0
231,F_PB,5,5,Persistencia,A_tiempo,575,144,multi-step-direct,-0.9588,2.365392,1.537983,0.988086,16.2766,0.2677,-1.0618,0.0
231,F_MED,5,1,Persistencia,A_tiempo,576,144,multi-step-direct,-0.5699,1.750573,1.323092,0.966555,15.2588,0.06,-0.5432,0.0
231,F_MED,5,3,Persistencia,A_tiempo,576,144,multi-step-direct,-0.5637,1.770289,1.330522,0.983993,16.1425,0.2826,-0.604,0.0
231,F_MED,5,5,Persistencia,A_tiempo,575,144,multi-step-direct,-0.566,1.767604,1.329513,0.989061,14.9744,0.2757,-0.6289,0.0
231,F_N+PB,5,1,Persistencia,A_tiempo,576,144,multi-step-direct,-0.9688,2.337634,1.528932,0.978811,15.7721,0.0697,-1.0354,0.0
231,F_N+PB,5,3,Persistencia,A_tiempo,576,144,multi-step-direct,-0.9579,2.364359,1.537647,0.988195,17.1952,0.2543,-1.0626,0.0
231,F_N+PB,5,5,Persistencia,A_tiempo,575,144,multi-step-direct,-0.9588,2.365409,1.537989,0.988148,16.2772,0.2963,-1.0618,0.0
231,F_N+MED,5,1,Persistencia,A_tiempo,576,144,multi-step-direct,-0.5705,1.752439,1.323797,0.966988,15.2611,0.0604,-0.5438,0.0
231,F_N+MED,5,3,Persistencia,A_tiempo,576,144,multi-step-direct,-0.5643,1.771702,1.331053,0.984436,16.1431,0.2164,-0.6045,0.0
231,F_N+MED,5,5,Persistencia,A_tiempo,575,144,multi-step-direct,-0.5666,1.769117,1.330081,0.989514,14.9916,0.2222,-0.6294,0.0
231,F_N+PB+MED,5,1,Persistencia,A_tiempo,576,144,multi-step-direct,-0.9134,2.40681,1.55139,1.123518,14.8514,0.0698,-0.9529,0.0
231,F_N+PB+MED,5,3,Persistencia,A_tiempo,576,144,multi-step-direct,-0.9067,2.433925,1.560104,1.136661,16.4725,0.2546,-1.0052,0.0
231,F_N+PB+MED,5,5,Persistencia,A_tiempo,575,144,multi-step-direct,-0.9121,2.435315,1.56055,1.135587,15.353,0.3108,-1.0033,0.0
232,F_SIN,5,1,Persistencia,A_tiempo,576,144,multi-step-direct,-0.5395,1.618965,1.272385,0.787555,15.6835,0.0963,-0.5198,0.0
232,F_SIN,5,3,Persistencia,A_tiempo,576,144,multi-step-direct,-0.5481,1.670612,1.292522,0.828025,16.0745,0.259,-0.5825,0.0
232,F_SIN,5,5,Persistencia,A_tiempo,575,144,multi-step-direct,-0.5572,1.68281,1.297232,0.848552,16.1761,0.4494,-0.6397,0.0
232,F_N,5,1,Persistencia,A_tiempo,576,144,multi-step-direct,-0.5369,1.616227,1.271309,0.787248,15.6824,0.0698,-0.52,0.0
232,F_N,5,3,Persistencia,A_tiempo,576,144,multi-step-direct,-0.5455,1.667831,1.291445,0.82777,16.0491,0.173,-0.5828,0.0
232,F_N,5,5,Persistencia,A_tiempo,575,144,multi-step-direct,-0.5546,1.680071,1.296176,0.848296,16.1781,0.2261,-0.64,0.0
232,F_PB,5,1,Persistencia,A_tiempo,576,144,multi-step-direct,-1.1101,2.234346,1.494773,0.91269,14.662,0.0736,-1.1519,0.0
232,F_PB,5,3,Persistencia,A_tiempo,576,144,multi-step-direct,-1.0422,2.228763,1.492904,0.929877,14.8645,0.2492,-1.1324,0.0
232,F_PB,5,5,Persistencia,A_tiempo,575,144,multi-step-direct,-1.0378,2.237404,1.495795,0.941231,16.1207,0.3146,-1.1368,0.0
232,F_MED,5,1,Persistencia,A_tiempo,576,144,multi-step-direct,0.0233,0.988326,0.994146,0.69167,14.9568,0.127,-0.0039,0.0
232,F_MED,5,3,Persistencia,A_tiempo,576,144,multi-step-direct,-0.0254,1.065377,1.032171,0.756803,15.6037,0.09,-0.1327,0.0
232,F_MED,5,5,Persistencia,A_tiempo,575,144,multi-step-direct,-0.0832,1.123947,1.060164,0.789383,15.422,0.1311,-0.2275,0.0
232,F_N+PB,5,1,Persistencia,A_tiempo,576,144,multi-step-direct,-1.11,2.234227,1.494733,0.912696,14.6619,0.0719,-1.1519,0.0
232,F_N+PB,5,3,Persistencia,A_tiempo,576,144,multi-step-direct,-1.0421,2.22864,1.492863,0.929886,14.8636,0.2467,-1.1324,0.0
232,F_N+PB,5,5,Persistencia,A_tiempo,575,144,multi-step-direct,-1.0377,2.23728,1.495754,0.941241,16.1206,0.3826,-1.1368,0.0
232,F_N+MED,5,1,Persistencia,A_tiempo,576,144,multi-step-direct,0.0247,0.986666,0.993311,0.691228,14.9485,0.0694,-0.0041,0.0
232,F_N+MED,5,3,Persistencia,A_tiempo,576,144,multi-step-direct,-0.0243,1.064046,1.031526,0.756299,15.5971,0.1794,-0.1331,0.0
232,F_N+MED,5,5,Persistencia,A_tiempo,575,144,multi-step-direct,-0.0821,1.122658,1.059556,0.788907,15.4137,0.2704,-0.2279,0.0
232,F_N+PB+MED,5,1,Persistencia,A_tiempo,576,144,multi-step-direct,-0.9555,1.930735,1.389509,0.947983,15.3413,0.0614,-0.975,0.0
232,F_N+PB+MED,5,3,Persistencia,A_tiempo,576,144,multi-step-direct,-0.9016,1.93914,1.39253,0.980359,15.3865,0.3163,-0.971,0.0
232,F_N+PB+MED,5,5,Persistencia,A_tiempo,575,144,multi-step-direct,-0.9094,1.957745,1.399194,0.999318,15.1816,0.2387,-0.9864,0.0
233,F_SIN,5,1,Persistencia,A_tiempo,576,144,multi-step-direct,-0.9187,1.879252,1.370858,0.956851,17.7287,0.056,-0.8702,0.0
233,F_SIN,5,3,Persistencia,A_tiempo,576,144,multi-step-direct,-0.9021,1.897209,1.377392,0.971654,16.2453,0.2987,-0.9036,0.0
233,F_SIN,5,5,Persistencia,A_tiempo,575,144,multi-step-direct,-0.9132,1.915036,1.383848,0.983778,15.9504,0.3489,-0.9681,0.0
233,F_N,5,1,Persistencia,A_tiempo,576,144,multi-step-direct,-0.9179,1.878528,1.370594,0.956632,17.7282,0.1283,-0.8702,0.0
233,F_N,5,3,Persistencia,A_tiempo,576,144,multi-step-direct,-0.9013,1.896376,1.37709,0.971424,16.2446,0.2629,-0.9034,0.0
233,F_N,5,5,Persistencia,A_tiempo,575,144,multi-step-direct,-0.9124,1.914208,1.383549,0.983561,15.9478,0.5452,-0.9679,0.0
233,F_PB,5,1,Persistencia,A_tiempo,576,144,multi-step-direct,-1.0821,2.110572,1.452781,1.011489,18.6125,0.108,-1.1215,0.0
233,F_PB,5,3,Persistencia,A_tiempo,576,144,multi-step-direct,-1.0451,2.09713,1.448147,1.00411,16.6287,0.1767,-1.0549,0.0
233,F_PB,5,5,Persistencia,A_tiempo,575,144,multi-step-direct,-1.039,2.094387,1.4472,1.003905,16.6277,0.3799,-1.0648,0.0
233,F_MED,5,1,Persistencia,A_tiempo,576,144,multi-step-direct,-0.8522,1.888617,1.374269,0.991194,17.6198,0.1131,-0.5508,0.0
233,F_MED,5,3,Persistencia,A_tiempo,576,144,multi-step-direct,-0.8526,1.937138,1.391811,1.020236,16.5038,0.1595,-0.6935,0.0
233,F_MED,5,5,Persistencia,A_tiempo,575,144,multi-step-direct,-0.8933,1.985105,1.408938,1.041047,16.124,0.2782,-0.8239,0.0
233,F_N+PB,5,1,Persistencia,A_tiempo,576,144,multi-step-direct,-1.0821,2.110582,1.452784,1.011493,18.6126,0.1173,-1.1215,0.0
233,F_N+PB,5,3,Persistencia,A_tiempo,576,144,multi-step-direct,-1.0451,2.097139,1.44815,1.004114,16.6287,0.1857,-1.0549,0.0
233,F_N+PB,5,5,Persistencia,A_tiempo,575,144,multi-step-direct,-1.039,2.094395,1.447202,1.003909,16.6275,0.3387,-1.0648,0.0
233,F_N+MED,5,1,Persistencia,A_tiempo,576,144,multi-step-direct,-0.8521,1.888326,1.374164,0.991119,17.6147,0.0596,-0.5511,0.0
233,F_N+MED,5,3,Persistencia,A_tiempo,576,144,multi-step-direct,-0.8525,1.936788,1.391685,1.02011,16.5037,0.2807,-0.6936,0.0
233,F_N+MED,5,5,Persistencia,A_tiempo,575,144,multi-step-direct,-0.893,1.984557,1.408743,1.040862,16.1228,0.4303,-0.8238,0.0
233,F_N+PB+MED,5,1,Persistencia,A_tiempo,576,144,multi-step-direct,-1.248,2.510995,1.584612,1.144935,19.1233,0.066,-1.0924,0.0
233,F_N+PB+MED,5,3,Persistencia,A_tiempo,576,144,multi-step-direct,-1.1816,2.466865,1.570626,1.133666,17.6797,0.1659,-0.9998,0.0
233,F_N+PB+MED,5,5,Persistencia,A_tiempo,575,144,multi-step-direct,-1.1731,2.449747,1.565167,1.132507,17.292,0.3247,-1.0079,0.0
234,F_SIN,5,1,Persistencia,A_tiempo,576,144,multi-step-direct,-0.5876,1.532339,1.237877,0.608526,13.8922,0.1173,-0.4271,0.0
234,F_SIN,5,3,Persistencia,A_tiempo,576,144,multi-step-direct,-0.6729,1.675272,1.294323,0.675764,12.5054,0.1687,-0.6552,0.0
234,F_SIN,5,5,Persistencia,A_tiempo,575,144,multi-step-direct,-0.7651,1.798379,1.341037,0.717694,13.0392,0.2687,-0.8015,0.0
234,F_N,5,1,Persistencia,A_tiempo,576,144,multi-step-direct,-0.5879,1.532577,1.237973,0.608438,13.894,0.12,-0.4271,0.0
234,F_N,5,3,Persistencia,A_tiempo,576,144,multi-step-direct,-0.6735,1.675778,1.294519,0.67584,12.4959,0.1991,-0.6551,0.0
234,F_N,5,5,Persistencia,A_tiempo,575,144,multi-step-direct,-0.7656,1.798834,1.341206,0.717783,13.0369,0.2841,-0.8013,0.0
234,F_PB,5,1,Persistencia,A_tiempo,576,144,multi-step-direct,-0.9133,2.11626,1.454737,0.694657,12.544,0.063,-0.9466,0.0
234,F_PB,5,3,Persistencia,A_tiempo,576,144,multi-step-direct,-0.9208,2.121836,1.456652,0.696107,10.8117,0.2567,-0.9431,0.0
234,F_PB,5,5,Persistencia,A_tiempo,575,144,multi-step-direct,-0.9182,2.128945,1.459091,0.697471,10.0942,0.3706,-0.9453,0.0
234,F_MED,5,1,Persistencia,A_tiempo,576,144,multi-step-direct,0.4315,0.375674,0.612923,0.440697,11.5,0.0872,0.5529,0.0
234,F_MED,5,3,Persistencia,A_tiempo,576,144,multi-step-direct,0.0535,0.727305,0.852822,0.570557,11.8341,0.1444,-0.0941,0.0
234,F_MED,5,5,Persistencia,A_tiempo,575,144,multi-step-direct,-0.2694,1.022707,1.01129,0.653871,16.3805,0.3177,-0.4898,0.0
234,F_N+PB,5,1,Persistencia,A_tiempo,576,144,multi-step-direct,-0.9133,2.116276,1.454743,0.694683,12.544,0.0758,-0.9466,0.0
234,F_N+PB,5,3,Persistencia,A_tiempo,576,144,multi-step-direct,-0.9208,2.121851,1.456657,0.696134,10.811,0.1859,-0.9431,0.0
234,F_N+PB,5,5,Persistencia,A_tiempo,575,144,multi-step-direct,-0.9182,2.128962,1.459096,0.697496,10.0939,0.354,-0.9453,0.0
234,F_N+MED,5,1,Persistencia,A_tiempo,576,144,multi-step-direct,0.4306,0.376456,0.61356,0.441429,11.5039,0.1851,0.5533,0.0
234,F_N+MED,5,3,Persistencia,A_tiempo,576,144,multi-step-direct,0.0526,0.728129,0.853305,0.57124,11.8443,0.1777,-0.0936,0.0
234,F_N+MED,5,5,Persistencia,A_tiempo,575,144,multi-step-direct,-0.2699,1.023292,1.011579,0.654355,16.3782,0.2885,-0.4891,0.0
234,F_N+PB+MED,5,1,LinReg,A_tiempo,576,144,multi-step-direct,0.2308,0.618819,0.786651,0.563424,12.8629,0.1087,1.0,0.537
234,F_N+PB+MED,5,1,DT,A_tiempo,576,144,multi-step-direct,0.5939,0.326661,0.571543,0.377734,9.6077,0.007,0.9427,10.048
234,F_N+PB+MED,5,1,RF,A_tiempo,576,144,multi-step-direct,0.7778,0.178775,0.422818,0.313882,8.146,0.1834,0.9206,4.839
234,F_N+PB+MED,5,1,SVR_rbf,A_tiempo,576,144,multi-step-direct,0.7764,0.179883,0.424126,0.304819,7.943,20.0064,0.8764,15.396
234,F_N+PB+MED,5,1,MLP,A_tiempo,576,144,multi-step-direct,0.6889,0.250293,0.500293,0.34366,9.1724,0.0077,0.8683,6.867
234,F_N+PB+MED,5,1,ARIMA,A_tiempo,576,144,multi-step-direct,-0.7587,2.694607,1.641526,1.261316,31.1455,2.0035,0.9906,0.721
234,F_N+PB+MED,5,1,Persistencia,A_tiempo,576,144,multi-step-direct,-1.2288,1.79301,1.339033,1.054897,14.0049,0.0335,-1.0783,0.0
234,F_N+PB+MED,5,3,LinReg,A_tiempo,576,144,multi-step-direct,-0.2273,1.017717,1.00882,0.731922,19.6218,0.1474,1.0,1.023
234,F_N+PB+MED,5,3,DT,A_tiempo,576,144,multi-step-direct,0.3635,0.52775,0.726464,0.475116,11.7783,0.0098,0.9016,25.675
234,F_N+PB+MED,5,3,RF,A_tiempo,576,144,multi-step-direct,0.6618,0.280415,0.529542,0.380134,9.6738,0.171,0.8857,8.901
234,F_N+PB+MED,5,3,SVR_rbf,A_tiempo,576,144,multi-step-direct,0.6662,0.276807,0.526124,0.365923,9.7737,73.9684,0.8144,34.47
234,F_N+PB+MED,5,3,MLP,A_tiempo,576,144,multi-step-direct,0.5955,0.335388,0.579127,0.396824,11.3119,0.0126,0.7994,2.65
234,F_N+PB+MED,5,3,ARIMA,A_tiempo,576,144,multi-step-direct,-0.838,1.76588,1.328864,1.043959,28.8447,0.5212,0.9906,0.563
234,F_N+PB+MED,5,3,Persistencia,A_tiempo,576,144,multi-step-direct,-1.2152,1.836822,1.355294,1.062295,14.7153,0.0729,-1.0532,0.0
234,F_N+PB+MED,5,5,LinReg,A_tiempo,575,144,multi-step-direct,-0.64,1.374706,1.172478,0.861448,22.6262,0.2408,1.0,1.508
234,F_N+PB+MED,5,5,DT,A_tiempo,575,144,multi-step-direct,0.1342,0.725709,0.851886,0.559325,13.7426,0.0085,0.8823,42.191
234,F_N+PB+MED,5,5,RF,A_tiempo,575,144,multi-step-direct,0.5623,0.366877,0.605704,0.439724,11.1168,0.2521,0.8634,15.44
234,F_N+PB+MED,5,5,SVR_rbf,A_tiempo,575,144,multi-step-direct,0.5639,0.365542,0.604601,0.425202,11.1308,111.6848,0.7627,55.116
234,F_N+PB+MED,5,5,MLP,A_tiempo,575,144,multi-step-direct,0.5282,0.395503,0.62889,0.458593,12.4679,0.0187,0.7206,2.601
234,F_N+PB+MED,5,5,ARIMA,A_tiempo,575,144,multi-step-direct,-0.9091,1.657611,1.287483,1.028545,29.2614,0.3407,0.9906,0.613
234,F_N+PB+MED,5,5,Persistencia,A_tiempo,575,144,multi-step-direct,-1.2015,1.845299,1.358418,1.064357,14.4355,0.1427,-1.0492,0.0
